,index,benchmark,question_id,ground_truth,pydough_code,pydough_sql,exec_time,pydough_exec_time,exec_plan,pydough_exec_plan,status
0,1,TPCH,Q1,"SELECT
    l_returnflag,
    l_linestatus,
    SUM(l_quantity) AS sum_qty,
    SUM(l_extendedprice) AS sum_base_price,
    SUM(l_extendedprice * (1 - l_discount)) AS sum_disc_price,
    SUM(l_extendedprice * (1 - l_discount) * (1 + l_tax)) AS sum_charge,
    AVG(l_quantity) AS avg_qty,
    AVG(l_extendedprice) AS avg_price,
    AVG(l_discount) AS avg_disc,
    COUNT(*) AS count_order
FROM
    tpch.lineitem
WHERE
    l_shipdate <= DATE '1998-12-01' - INTERVAL '90 days'
GROUP BY
    l_returnflag,
    l_linestatus
ORDER BY
    l_returnflag,
    l_linestatus;","result = (
        lines.WHERE(ship_date <= DATETIME('1998-12-1', '-90 days'))
        .PARTITION(name=""groups"", by=(return_flag, status))
        .CALCULATE(
            L_RETURNFLAG=return_flag,
            L_LINESTATUS=status,
            SUM_QTY=SUM(lines.quantity),
            SUM_BASE_PRICE=SUM(lines.extended_price),
            SUM_DISC_PRICE=SUM(lines.extended_price * (1 - lines.discount)),
            SUM_CHARGE=SUM(
                lines.extended_price * (1 - lines.discount) * (1 + lines.tax)
            ),
            AVG_QTY=AVG(lines.quantity),
            AVG_PRICE=AVG(lines.extended_price),
            AVG_DISC=AVG(lines.discount),
            COUNT_ORDER=COUNT(lines),
        )
        .ORDER_BY(L_RETURNFLAG.ASC(), L_LINESTATUS.ASC())
    )","SELECT
  l_returnflag AS L_RETURNFLAG,
  l_linestatus AS L_LINESTATUS,
  COALESCE(SUM(l_quantity), 0) AS SUM_QTY,
  COALESCE(SUM(l_extendedprice), 0) AS SUM_BASE_PRICE,
  COALESCE(SUM(l_extendedprice * (
    1 - l_discount
  )), 0) AS SUM_DISC_PRICE,
  COALESCE(SUM(l_extendedprice * (
    1 - l_discount
  ) * (
    1 + l_tax
  )), 0) AS SUM_CHARGE,
  AVG(CAST(l_quantity AS DECIMAL)) AS AVG_QTY,
  AVG(CAST(l_extendedprice AS DECIMAL)) AS AVG_PRICE,
  AVG(CAST(l_discount AS DECIMAL)) AS AVG_DISC,
  COUNT(*) AS COUNT_ORDER
FROM tpch.lineitem
WHERE
  l_shipdate <= CAST('1998-09-02' AS DATE)
GROUP BY
  1,
  2
ORDER BY
  1 NULLS FIRST,
  2 NULLS FIRST",28.77700323299996,29.97758873199996,"Finalize GroupAggregate  (cost=1685201.13..1698235.12 rows=40000 width=248) (actual time=28977.760..28982.967 rows=4 loops=1)
  Group Key: l_returnflag, l_linestatus
  ->  Gather Merge  (cost=1685201.13..1694535.12 rows=80000 width=248) (actual time=28977.717..28982.900 rows=12 loops=1)
        Workers Planned: 2
        Workers Launched: 2
        ->  Sort  (cost=1684201.11..1684301.11 rows=40000 width=248) (actual time=28957.726..28957.728 rows=4 loops=3)
              Sort Key: l_returnflag, l_linestatus
              Sort Method: quicksort  Memory: 27kB
              Worker 0:  Sort Method: quicksort  Memory: 27kB
              Worker 1:  Sort Method: quicksort  Memory: 27kB
              ->  Partial HashAggregate  (cost=1593260.22..1676492.06 rows=40000 width=248) (actual time=28957.637..28957.686 rows=4 loops=3)
                    Group Key: l_returnflag, l_linestatus
                    Planned Partitions: 8  Batches: 1  Memory Usage: 217kB
                    Worker 0:  Batches: 1  Memory Usage: 217kB
                    Worker 1:  Batches: 1  Memory Usage: 217kB
                    ->  Parallel Seq Scan on lineitem  (cost=0.00..1098328.25 rows=3010993 width=88) (actual time=241.581..4040.885 rows=19714203 loops=3)
                          Filter: (l_shipdate <= '1998-09-02 00:00:00'::timestamp without time zone)
                          Rows Removed by Filter: 281148
Planning Time: 0.170 ms
JIT:
  Functions: 27
  Options: Inlining true, Optimization true, Expressions true, Deforming true
  Timing: Generation 3.858 ms, Inlining 218.033 ms, Optimization 285.675 ms, Emission 221.021 ms, Total 728.587 ms
Execution Time: 28984.463 ms","Finalize GroupAggregate  (cost=1700456.10..1714290.08 rows=40000 width=248) (actual time=32397.476..32402.646 rows=4 loops=1)
  Group Key: l_returnflag, l_linestatus
  ->  Gather Merge  (cost=1700456.10..1709790.08 rows=80000 width=248) (actual time=32397.423..32402.560 rows=12 loops=1)
        Workers Planned: 2
        Workers Launched: 2
        ->  Sort  (cost=1699456.07..1699556.07 rows=40000 width=248) (actual time=32378.815..32378.817 rows=4 loops=3)
              Sort Key: l_returnflag NULLS FIRST, l_linestatus NULLS FIRST
              Sort Method: quicksort  Memory: 27kB
              Worker 0:  Sort Method: quicksort  Memory: 27kB
              Worker 1:  Sort Method: quicksort  Memory: 27kB
              ->  Partial HashAggregate  (cost=1608315.19..1691747.03 rows=40000 width=248) (actual time=32378.724..32378.770 rows=4 loops=3)
                    Group Key: l_returnflag, l_linestatus
                    Planned Partitions: 8  Batches: 1  Memory Usage: 225kB
                    Worker 0:  Batches: 1  Memory Usage: 225kB
                    Worker 1:  Batches: 1  Memory Usage: 225kB
                    ->  Parallel Seq Scan on lineitem  (cost=0.00..1098328.25 rows=3010993 width=88) (actual time=258.001..5040.310 rows=19714203 loops=3)
                          Filter: (l_shipdate <= '1998-09-02'::date)
                          Rows Removed by Filter: 281148
Planning Time: 0.195 ms
JIT:
  Functions: 27
  Options: Inlining true, Optimization true, Expressions true, Deforming true
  Timing: Generation 4.210 ms, Inlining 207.795 ms, Optimization 309.610 ms, Emission 256.374 ms, Total 777.990 ms
Execution Time: 32404.626 ms",SUCCESS
1,2,TPCH,Q2,"SELECT
    s.s_acctbal,
    s.s_name,
    n.n_name,
    p.p_partkey,
    p.p_mfgr,
    s.s_address,
    s.s_phone,
    s.s_comment
FROM
    tpch.part p
JOIN tpch.partsupp ps
    ON p.p_partkey = ps.ps_partkey
JOIN tpch.supplier s
    ON s.s_suppkey = ps.ps_suppkey
JOIN tpch.nation n
    ON s.s_nationkey = n.n_nationkey
JOIN tpch.region r
    ON n.n_regionkey = r.r_regionkey
WHERE
    p.p_size = 15
    AND p.p_type LIKE '%BRASS'
    AND r.r_name = 'EUROPE'
    AND ps.ps_supplycost = (
        SELECT
            MIN(ps2.ps_supplycost)
        FROM
            tpch.partsupp ps2
        JOIN tpch.supplier s2
            ON s2.s_suppkey = ps2.ps_suppkey
        JOIN tpch.nation n2
            ON s2.s_nationkey = n2.n_nationkey
        JOIN tpch.region r2
            ON n2.n_regionkey = r2.r_regionkey
        WHERE
            ps2.ps_partkey = p.p_partkey
            AND r2.r_name = 'EUROPE'
    )
ORDER BY
    s.s_acctbal DESC,
    n.n_name,
    s.s_name,
    p.p_partkey
LIMIT 10;","result = (
        parts.WHERE(ENDSWITH(part_type, ""BRASS"") & (size == 15))
        .CALCULATE(P_PARTKEY=key, P_MFGR=manufacturer)
        .supply_records.WHERE(supplier.nation.region.name == ""EUROPE"")
        .BEST(by=supply_cost.ASC(), per=""parts"", allow_ties=True)
        .CALCULATE(
            S_ACCTBAL=supplier.account_balance,
            S_NAME=supplier.name,
            N_NAME=supplier.nation.name,
            P_PARTKEY=P_PARTKEY,
            P_MFGR=P_MFGR,
            S_ADDRESS=supplier.address,
            S_PHONE=supplier.phone,
            S_COMMENT=supplier.comment,
        )
        .TOP_K(
            10,
            by=(S_ACCTBAL.DESC(), N_NAME.ASC(), S_NAME.ASC(), P_PARTKEY.ASC()),
        )
    )","WITH _t AS (
  SELECT
    nation.n_name,
    part.p_mfgr,
    part.p_partkey,
    supplier.s_acctbal,
    supplier.s_address,
    supplier.s_comment,
    supplier.s_name,
    supplier.s_phone,
    RANK() OVER (PARTITION BY partsupp.ps_partkey ORDER BY partsupp.ps_supplycost) AS _w
  FROM tpch.part AS part
  JOIN tpch.partsupp AS partsupp
    ON part.p_partkey = partsupp.ps_partkey
  JOIN tpch.supplier AS supplier
    ON partsupp.ps_suppkey = supplier.s_suppkey
  JOIN tpch.nation AS nation
    ON nation.n_nationkey = supplier.s_nationkey
  JOIN tpch.region AS region
    ON nation.n_regionkey = region.r_regionkey AND region.r_name = 'EUROPE'
  WHERE
    part.p_size = 15 AND part.p_type LIKE '%BRASS'
)
SELECT
  s_acctbal AS S_ACCTBAL,
  s_name AS S_NAME,
  n_name AS N_NAME,
  p_partkey AS P_PARTKEY,
  p_mfgr AS P_MFGR,
  s_address AS S_ADDRESS,
  s_phone AS S_PHONE,
  s_comment AS S_COMMENT
FROM _t
WHERE
  _w = 1
ORDER BY
  1 DESC NULLS LAST,
  3 NULLS FIRST,
  2 NULLS FIRST,
  4 NULLS FIRST
LIMIT 10",210.66310265599986,0.6146077099999729,"Limit  (cost=350021.63..350021.64 rows=1 width=216) (actual time=2807.761..2808.422 rows=10 loops=1)
  ->  Sort  (cost=350021.63..350021.64 rows=1 width=216) (actual time=2784.257..2784.917 rows=10 loops=1)
        Sort Key: s.s_acctbal DESC, n.n_name, s.s_name, p.p_partkey
        Sort Method: top-N heapsort  Memory: 29kB
        ->  Merge Join  (cost=237604.38..350021.62 rows=1 width=216) (actual time=2142.120..2782.844 rows=4667 loops=1)
              Merge Cond: (p.p_partkey = ps.ps_partkey)
              Join Filter: (ps.ps_supplycost = (SubPlan 1))
              Rows Removed by Join Filter: 1684
              ->  Gather Merge  (cost=1000.45..83459.02 rows=7085 width=19) (actual time=64.423..66.955 rows=7854 loops=1)
                    Workers Planned: 2
                    Workers Launched: 2
                    ->  Parallel Index Scan using part_pkey on part p  (cost=0.43..81641.21 rows=2952 width=19) (actual time=2.949..270.843 rows=2618 loops=3)
                          Filter: (((p_type)::text ~~ '%BRASS'::text) AND (p_size = 15))
                          Rows Removed by Filter: 664049
              ->  Materialize  (cost=236603.93..236814.47 rows=42109 width=207) (actual time=2076.204..2401.881 rows=1602443 loops=1)
                    ->  Sort  (cost=236603.93..236709.20 rows=42109 width=207) (actual time=2076.196..2267.122 rows=1602443 loops=1)
                          Sort Key: ps.ps_partkey
                          Sort Method: external merge  Disk: 253032kB
                          ->  Gather  (cost=3976.60..229194.07 rows=42109 width=207) (actual time=78.195..1067.372 rows=1602640 loops=1)
                                Workers Planned: 2
                                Workers Launched: 2
                                ->  Parallel Hash Join  (cost=2976.60..223983.17 rows=17545 width=207) (actual time=45.492..1166.052 rows=534213 loops=3)
                                      Hash Cond: (ps.ps_suppkey = s.s_suppkey)
                                      ->  Parallel Seq Scan on partsupp ps  (cost=0.00..208402.41 rows=3333641 width=14) (actual time=0.040..394.287 rows=2666667 loops=3)
                                      ->  Parallel Hash  (cost=2972.74..2972.74 rows=309 width=201) (actual time=44.101..44.112 rows=6678 loops=3)
                                            Buckets: 32768 (originally 1024)  Batches: 1 (originally 1)  Memory Usage: 4120kB
                                            ->  Hash Join  (cost=24.81..2972.74 rows=309 width=201) (actual time=12.896..24.198 rows=6678 loops=3)
                                                  Hash Cond: (s.s_nationkey = n.n_nationkey)
                                                  ->  Parallel Seq Scan on supplier s  (cost=0.00..2724.24 rows=58824 width=137) (actual time=0.014..3.547 rows=33333 loops=3)
                                                  ->  Hash  (cost=24.80..24.80 rows=1 width=72) (actual time=12.852..12.856 rows=5 loops=3)
                                                        Buckets: 1024  Batches: 1  Memory Usage: 9kB
                                                        ->  Hash Join  (cost=12.39..24.80 rows=1 width=72) (actual time=12.840..12.849 rows=5 loops=3)
                                                              Hash Cond: (n.n_regionkey = r.r_regionkey)
                                                              ->  Seq Scan on nation n  (cost=0.00..11.90 rows=190 width=76) (actual time=0.023..0.025 rows=25 loops=3)
                                                              ->  Hash  (cost=12.38..12.38 rows=1 width=4) (actual time=12.782..12.784 rows=1 loops=3)
                                                                    Buckets: 1024  Batches: 1  Memory Usage: 9kB
                                                                    ->  Seq Scan on region r  (cost=0.00..12.38 rows=1 width=4) (actual time=12.770..12.772 rows=1 loops=3)
                                                                          Filter: ((r_name)::text = 'EUROPE'::text)
                                                                          Rows Removed by Filter: 4
              SubPlan 1
                ->  Aggregate  (cost=198.80..198.81 rows=1 width=32) (actual time=0.032..0.032 rows=1 loops=6351)
                      ->  Nested Loop  (cost=1.01..198.80 rows=1 width=6) (actual time=0.022..0.032 rows=2 loops=6351)
                            ->  Nested Loop  (cost=0.87..191.01 rows=18 width=10) (actual time=0.015..0.028 rows=4 loops=6351)
                                  ->  Nested Loop  (cost=0.72..188.08 rows=18 width=10) (actual time=0.014..0.025 rows=4 loops=6351)
                                        ->  Index Scan using partsupp_pkey on partsupp ps2  (cost=0.43..38.50 rows=18 width=10) (actual time=0.010..0.011 rows=4 loops=6351)
                                              Index Cond: (ps_partkey = p.p_partkey)
                                        ->  Index Scan using supplier_pkey on supplier s2  (cost=0.29..8.31 rows=1 width=8) (actual time=0.003..0.003 rows=1 loops=25404)
                                              Index Cond: (s_suppkey = ps2.ps_suppkey)
                                  ->  Index Scan using nation_pkey on nation n2  (cost=0.14..0.16 rows=1 width=8) (actual time=0.001..0.001 rows=1 loops=25404)
                                        Index Cond: (n_nationkey = s2.s_nationkey)
                            ->  Index Scan using region_pkey on region r2  (cost=0.14..0.42 rows=1 width=4) (actual time=0.001..0.001 rows=0 loops=25404)
                                  Index Cond: (r_regionkey = n2.n_regionkey)
                                  Filter: ((r_name)::text = 'EUROPE'::text)
                                  Rows Removed by Filter: 1
Planning Time: 2.624 ms
JIT:
  Functions: 133
  Options: Inlining false, Optimization false, Expressions true, Deforming true
  Timing: Generation 8.783 ms, Inlining 0.000 ms, Optimization 5.437 ms, Emission 64.614 ms, Total 78.834 ms
Execution Time: 2836.915 ms","Limit  (cost=141325.24..141325.24 rows=1 width=216) (actual time=273.376..278.825 rows=10 loops=1)
  ->  Sort  (cost=141325.24..141325.24 rows=1 width=216) (actual time=256.716..262.163 rows=10 loops=1)
        Sort Key: _t.s_acctbal DESC NULLS LAST, _t.n_name NULLS FIRST, _t.s_name NULLS FIRST, _t.p_partkey NULLS FIRST
        Sort Method: top-N heapsort  Memory: 29kB
        ->  Subquery Scan on _t  (cost=141303.40..141325.23 rows=1 width=216) (actual time=250.539..260.582 rows=4667 loops=1)
              Filter: (_t._w = 1)
              ->  WindowAgg  (cost=141303.40..141323.36 rows=149 width=234) (actual time=250.531..260.155 rows=4667 loops=1)
                    Run Condition: (rank() OVER (?) <= 1)
                    ->  Gather Merge  (cost=141303.40..141320.76 rows=149 width=226) (actual time=250.477..257.029 rows=6351 loops=1)
                          Workers Planned: 2
                          Workers Launched: 2
                          ->  Sort  (cost=140303.38..140303.53 rows=62 width=226) (actual time=230.888..231.021 rows=2117 loops=3)
                                Sort Key: partsupp.ps_partkey, partsupp.ps_supplycost
                                Sort Method: quicksort  Memory: 405kB
                                Worker 0:  Sort Method: quicksort  Memory: 401kB
                                Worker 1:  Sort Method: quicksort  Memory: 633kB
                                ->  Parallel Hash Join  (cost=2977.03..140301.53 rows=62 width=226) (actual time=35.250..228.814 rows=2117 loops=3)
                                      Hash Cond: (partsupp.ps_suppkey = supplier.s_suppkey)
                                      ->  Nested Loop  (cost=0.43..137280.29 rows=11810 width=33) (actual time=0.192..188.262 rows=10472 loops=3)
                                            ->  Parallel Seq Scan on part  (cost=0.00..49694.77 rows=2952 width=19) (actual time=0.118..143.505 rows=2618 loops=3)
                                                  Filter: (((p_type)::text ~~ '%BRASS'::text) AND (p_size = 15))
                                                  Rows Removed by Filter: 664049
                                            ->  Index Scan using partsupp_pkey on partsupp  (cost=0.43..29.49 rows=18 width=14) (actual time=0.015..0.016 rows=4 loops=7854)
                                                  Index Cond: (ps_partkey = part.p_partkey)
                                      ->  Parallel Hash  (cost=2972.74..2972.74 rows=309 width=201) (actual time=34.613..34.619 rows=6678 loops=3)
                                            Buckets: 32768 (originally 1024)  Batches: 1 (originally 1)  Memory Usage: 4120kB
                                            ->  Hash Join  (cost=24.81..2972.74 rows=309 width=201) (actual time=11.466..22.770 rows=6678 loops=3)
                                                  Hash Cond: (supplier.s_nationkey = nation.n_nationkey)
                                                  ->  Parallel Seq Scan on supplier  (cost=0.00..2724.24 rows=58824 width=137) (actual time=0.011..3.591 rows=33333 loops=3)
                                                  ->  Hash  (cost=24.80..24.80 rows=1 width=72) (actual time=11.428..11.432 rows=5 loops=3)
                                                        Buckets: 1024  Batches: 1  Memory Usage: 9kB
                                                        ->  Hash Join  (cost=12.39..24.80 rows=1 width=72) (actual time=11.419..11.426 rows=5 loops=3)
                                                              Hash Cond: (nation.n_regionkey = region.r_regionkey)
                                                              ->  Seq Scan on nation  (cost=0.00..11.90 rows=190 width=76) (actual time=0.014..0.016 rows=25 loops=3)
                                                              ->  Hash  (cost=12.38..12.38 rows=1 width=4) (actual time=11.379..11.380 rows=1 loops=3)
                                                                    Buckets: 1024  Batches: 1  Memory Usage: 9kB
                                                                    ->  Seq Scan on region  (cost=0.00..12.38 rows=1 width=4) (actual time=11.366..11.367 rows=1 loops=3)
                                                                          Filter: ((r_name)::text = 'EUROPE'::text)
                                                                          Rows Removed by Filter: 4
Planning Time: 0.795 ms
JIT:
  Functions: 113
  Options: Inlining false, Optimization false, Expressions true, Deforming true
  Timing: Generation 6.192 ms, Inlining 0.000 ms, Optimization 3.236 ms, Emission 47.646 ms, Total 57.074 ms
Execution Time: 281.348 ms",SUCCESS
2,3,TPCH,Q3,"SELECT
    l.l_orderkey,
    SUM(l.l_extendedprice * (1 - l.l_discount)) AS revenue,
    o.o_orderdate,
    o.o_shippriority
FROM
    tpch.customer c
JOIN tpch.orders o
    ON c.c_custkey = o.o_custkey
JOIN tpch.lineitem l
    ON l.l_orderkey = o.o_orderkey
WHERE
    c.c_mktsegment = 'BUILDING'
    AND o.o_orderdate < DATE '1995-03-15'
    AND l.l_shipdate > DATE '1995-03-15'
GROUP BY
    l.l_orderkey,
    o.o_orderdate,
    o.o_shippriority
ORDER BY
    revenue DESC,
    o.o_orderdate
LIMIT 10;","result = (
        orders.CALCULATE(order_date, ship_priority)
        .WHERE(
            (customer.market_segment == ""BUILDING"")
            & (order_date < DATETIME('1995-3-15'))
        )
        .lines.WHERE(ship_date > DATETIME('1995-3-15'))
        .PARTITION(name=""groups"", by=(order_key, order_date, ship_priority))
        .CALCULATE(
            L_ORDERKEY=order_key,
            REVENUE=SUM(lines.extended_price * (1 - lines.discount)),
            O_ORDERDATE=order_date,
            O_SHIPPRIORITY=ship_priority,
        )
        .TOP_K(10, by=(REVENUE.DESC(), O_ORDERDATE.ASC(), L_ORDERKEY.ASC()))
    )","SELECT
  lineitem.l_orderkey AS L_ORDERKEY,
  COALESCE(SUM(lineitem.l_extendedprice * (
    1 - lineitem.l_discount
  )), 0) AS REVENUE,
  orders.o_orderdate AS O_ORDERDATE,
  orders.o_shippriority AS O_SHIPPRIORITY
FROM tpch.orders AS orders
JOIN tpch.customer AS customer
  ON customer.c_custkey = orders.o_custkey AND customer.c_mktsegment = 'BUILDING'
JOIN tpch.lineitem AS lineitem
  ON lineitem.l_orderkey = orders.o_orderkey
  AND lineitem.l_shipdate > CAST('1995-03-15' AS DATE)
WHERE
  orders.o_orderdate < CAST('1995-03-15' AS DATE)
GROUP BY
  1,
  3,
  4
ORDER BY
  2 DESC NULLS LAST,
  3 NULLS FIRST,
  1 NULLS FIRST
LIMIT 10",25.478189429000167,21.512056595999866,"Limit  (cost=1690955.53..1690955.55 rows=10 width=44) (actual time=21570.134..21743.286 rows=10 loops=1)
  ->  Sort  (cost=1690955.53..1692158.53 rows=481200 width=44) (actual time=21383.415..21556.566 rows=10 loops=1)
        Sort Key: (sum((l.l_extendedprice * ('1'::numeric - l.l_discount)))) DESC, o.o_orderdate
        Sort Method: top-N heapsort  Memory: 26kB
        ->  Finalize GroupAggregate  (cost=1591183.36..1680556.97 rows=481200 width=44) (actual time=21237.241..21531.715 rows=114003 loops=1)
              Group Key: l.l_orderkey, o.o_orderdate, o.o_shippriority
              ->  Gather Merge  (cost=1591183.36..1667251.55 rows=583234 width=44) (actual time=21237.218..21470.697 rows=114014 loops=1)
                    Workers Planned: 2
                    Workers Launched: 2
                    ->  Partial GroupAggregate  (cost=1590183.34..1598931.85 rows=291617 width=44) (actual time=21219.061..21291.432 rows=38005 loops=3)
                          Group Key: l.l_orderkey, o.o_orderdate, o.o_shippriority
                          ->  Sort  (cost=1590183.34..1590912.38 rows=291617 width=48) (actual time=21218.997..21230.263 rows=100705 loops=3)
                                Sort Key: l.l_orderkey, o.o_orderdate, o.o_shippriority
                                Sort Method: external merge  Disk: 2872kB
                                Worker 0:  Sort Method: external merge  Disk: 2928kB
                                Worker 1:  Sort Method: external merge  Disk: 4720kB
                                ->  Parallel Hash Join  (cost=393901.13..1554739.68 rows=291617 width=48) (actual time=19826.663..21177.692 rows=100705 loops=3)
                                      Hash Cond: (l.l_orderkey = o.o_orderkey)
                                      ->  Parallel Seq Scan on lineitem l  (cost=0.00..1098328.25 rows=3010993 width=40) (actual time=0.156..12275.584 rows=10778083 loops=3)
                                            Filter: (l_shipdate > '1995-03-15'::date)
                                            Rows Removed by Filter: 9217267
                                      ->  Parallel Hash  (cost=383379.03..383379.03 rows=605288 width=12) (actual time=5281.294..5281.300 rows=487308 loops=3)
                                            Buckets: 262144  Batches: 16  Memory Usage: 6400kB
                                            ->  Parallel Hash Join  (cost=45116.18..383379.03 rows=605288 width=12) (actual time=484.611..5168.121 rows=487308 loops=3)
                                                  Hash Cond: (o.o_custkey = c.c_custkey)
                                                  ->  Parallel Seq Scan on orders o  (cost=0.00..330305.17 rows=3031491 width=16) (actual time=0.267..3719.630 rows=2429814 loops=3)
                                                        Filter: (o_orderdate < '1995-03-15'::date)
                                                        Rows Removed by Filter: 2570186
                                                  ->  Parallel Hash  (cost=43556.31..43556.31 rows=124789 width=4) (actual time=483.097..483.099 rows=100092 loops=3)
                                                        Buckets: 524288  Batches: 1  Memory Usage: 15904kB
                                                        ->  Parallel Seq Scan on customer c  (cost=0.00..43556.31 rows=124789 width=4) (actual time=196.755..443.855 rows=100092 loops=3)
                                                              Filter: ((c_mktsegment)::text = 'BUILDING'::text)
                                                              Rows Removed by Filter: 399908
Planning Time: 1.947 ms
JIT:
  Functions: 91
  Options: Inlining true, Optimization true, Expressions true, Deforming true
  Timing: Generation 6.185 ms, Inlining 186.913 ms, Optimization 350.042 ms, Emission 239.784 ms, Total 782.925 ms
Execution Time: 21745.832 ms","Limit  (cost=1690955.53..1690955.55 rows=10 width=44) (actual time=20713.440..20880.909 rows=10 loops=1)
  ->  Sort  (cost=1690955.53..1692158.53 rows=481200 width=44) (actual time=20530.208..20697.675 rows=10 loops=1)
        Sort Key: (COALESCE(sum((lineitem.l_extendedprice * ('1'::numeric - lineitem.l_discount))), '0'::numeric)) DESC NULLS LAST, orders.o_orderdate NULLS FIRST, lineitem.l_orderkey NULLS FIRST
        Sort Method: top-N heapsort  Memory: 26kB
        ->  Finalize GroupAggregate  (cost=1591183.36..1680556.97 rows=481200 width=44) (actual time=20358.558..20673.372 rows=114003 loops=1)
              Group Key: lineitem.l_orderkey, orders.o_orderdate, orders.o_shippriority
              ->  Gather Merge  (cost=1591183.36..1667251.55 rows=583234 width=44) (actual time=20358.534..20612.759 rows=114014 loops=1)
                    Workers Planned: 2
                    Workers Launched: 2
                    ->  Partial GroupAggregate  (cost=1590183.34..1598931.85 rows=291617 width=44) (actual time=20341.184..20403.509 rows=38005 loops=3)
                          Group Key: lineitem.l_orderkey, orders.o_orderdate, orders.o_shippriority
                          ->  Sort  (cost=1590183.34..1590912.38 rows=291617 width=48) (actual time=20341.132..20350.749 rows=100705 loops=3)
                                Sort Key: lineitem.l_orderkey NULLS FIRST, orders.o_orderdate NULLS FIRST, orders.o_shippriority
                                Sort Method: external merge  Disk: 4640kB
                                Worker 0:  Sort Method: external merge  Disk: 2928kB
                                Worker 1:  Sort Method: external merge  Disk: 2960kB
                                ->  Parallel Hash Join  (cost=393901.13..1554739.68 rows=291617 width=48) (actual time=18918.343..20300.384 rows=100705 loops=3)
                                      Hash Cond: (lineitem.l_orderkey = orders.o_orderkey)
                                      ->  Parallel Seq Scan on lineitem  (cost=0.00..1098328.25 rows=3010993 width=40) (actual time=0.171..11697.992 rows=10778083 loops=3)
                                            Filter: (l_shipdate > '1995-03-15'::date)
                                            Rows Removed by Filter: 9217267
                                      ->  Parallel Hash  (cost=383379.03..383379.03 rows=605288 width=12) (actual time=4960.590..4960.597 rows=487308 loops=3)
                                            Buckets: 262144  Batches: 16  Memory Usage: 6432kB
                                            ->  Parallel Hash Join  (cost=45116.18..383379.03 rows=605288 width=12) (actual time=453.616..4849.336 rows=487308 loops=3)
                                                  Hash Cond: (orders.o_custkey = customer.c_custkey)
                                                  ->  Parallel Seq Scan on orders  (cost=0.00..330305.17 rows=3031491 width=16) (actual time=0.208..3474.893 rows=2429814 loops=3)
                                                        Filter: (o_orderdate < '1995-03-15'::date)
                                                        Rows Removed by Filter: 2570186
                                                  ->  Parallel Hash  (cost=43556.31..43556.31 rows=124789 width=4) (actual time=452.240..452.242 rows=100092 loops=3)
                                                        Buckets: 524288  Batches: 1  Memory Usage: 15904kB
                                                        ->  Parallel Seq Scan on customer  (cost=0.00..43556.31 rows=124789 width=4) (actual time=187.374..414.406 rows=100092 loops=3)
                                                              Filter: ((c_mktsegment)::text = 'BUILDING'::text)
                                                              Rows Removed by Filter: 399908
Planning Time: 0.389 ms
JIT:
  Functions: 91
  Options: Inlining true, Optimization true, Expressions true, Deforming true
  Timing: Generation 4.870 ms, Inlining 172.303 ms, Optimization 341.763 ms, Emission 231.000 ms, Total 749.936 ms
Execution Time: 20883.379 ms",SUCCESS
3,4,TPCH,Q4,"SELECT
    o.o_orderpriority,
    COUNT(*) AS order_count
FROM
    tpch.orders o
WHERE
    o.o_orderdate >= DATE '1993-07-01'
    AND o.o_orderdate < DATE '1993-07-01' + INTERVAL '3 months'
    AND EXISTS (
        SELECT
            1
        FROM
            tpch.lineitem l
        WHERE
            l.l_orderkey = o.o_orderkey
            AND l.l_commitdate < l.l_receiptdate
    )
GROUP BY
    o.o_orderpriority
ORDER BY
    o.o_orderpriority;","result = (
        orders.WHERE(
            (YEAR(order_date) == 1993)
            & (QUARTER(order_date) == 3)
            & HAS(lines.WHERE(commit_date < receipt_date))
        )
        .PARTITION(name=""priorities"", by=order_priority)
        .CALCULATE(
            O_ORDERPRIORITY=order_priority,
            ORDER_COUNT=COUNT(orders),
        )
        .ORDER_BY(O_ORDERPRIORITY.ASC())
    )","WITH _u_0 AS (
  SELECT
    l_orderkey AS _u_1
  FROM tpch.lineitem
  WHERE
    l_commitdate < l_receiptdate
  GROUP BY
    1
)
SELECT
  orders.o_orderpriority AS O_ORDERPRIORITY,
  COUNT(*) AS ORDER_COUNT
FROM tpch.orders AS orders
LEFT JOIN _u_0 AS _u_0
  ON _u_0._u_1 = orders.o_orderkey
WHERE
  EXTRACT(MONTH FROM CAST(orders.o_orderdate AS TIMESTAMP)) IN (7, 8, 9)
  AND EXTRACT(YEAR FROM CAST(orders.o_orderdate AS TIMESTAMP)) = 1993
  AND NOT _u_0._u_1 IS NULL
GROUP BY
  1
ORDER BY
  1 NULLS FIRST",162.50172287700002,27.816545801000075,"Finalize GroupAggregate  (cost=1339781.92..1339846.38 rows=5 width=17) (actual time=11639.242..11651.271 rows=5 loops=1)
  Group Key: o.o_orderpriority
  ->  Gather Merge  (cost=1339781.92..1339846.28 rows=10 width=17) (actual time=11634.896..11651.212 rows=15 loops=1)
        Workers Planned: 2
        Workers Launched: 2
        ->  Partial GroupAggregate  (cost=1338781.90..1338845.11 rows=5 width=17) (actual time=11590.633..11606.810 rows=5 loops=3)
              Group Key: o.o_orderpriority
              ->  Sort  (cost=1338781.90..1338802.95 rows=8421 width=9) (actual time=11583.318..11596.557 rows=175347 loops=3)
                    Sort Key: o.o_orderpriority
                    Sort Method: external merge  Disk: 2312kB
                    Worker 0:  Sort Method: external merge  Disk: 2264kB
                    Worker 1:  Sort Method: external merge  Disk: 2352kB
                    ->  Nested Loop Semi Join  (cost=0.56..1338232.86 rows=8421 width=9) (actual time=150.094..11531.313 rows=175347 loops=3)
                          ->  Parallel Seq Scan on orders o  (cost=0.00..345929.41 rows=238572 width=13) (actual time=149.793..728.103 rows=191224 loops=3)
                                Filter: ((o_orderdate >= '1993-07-01'::date) AND (o_orderdate < '1993-10-01 00:00:00'::timestamp without time zone))
                                Rows Removed by Filter: 4808776
                          ->  Index Scan using lineitem_pkey on lineitem l  (cost=0.56..132.65 rows=38 width=4) (actual time=0.056..0.056 rows=1 loops=573671)
                                Index Cond: (l_orderkey = o.o_orderkey)
                                Filter: (l_commitdate < l_receiptdate)
                                Rows Removed by Filter: 1
Planning Time: 1.381 ms
JIT:
  Functions: 42
  Options: Inlining true, Optimization true, Expressions true, Deforming true
  Timing: Generation 5.295 ms, Inlining 210.638 ms, Optimization 139.518 ms, Emission 99.320 ms, Total 454.771 ms
Execution Time: 11652.770 ms","GroupAggregate  (cost=2428933.57..2428933.92 rows=5 width=17) (actual time=29890.838..29944.567 rows=5 loops=1)
  Group Key: orders.o_orderpriority
  ->  Sort  (cost=2428933.57..2428933.67 rows=40 width=9) (actual time=29877.609..29918.699 rows=526040 loops=1)
        Sort Key: orders.o_orderpriority NULLS FIRST
        Sort Method: external merge  Disk: 6920kB
        ->  Hash Join  (cost=2010497.59..2428932.50 rows=40 width=9) (actual time=26589.937..29799.792 rows=526040 loops=1)
              Hash Cond: (orders.o_orderkey = lineitem.l_orderkey)
              ->  Gather  (cost=1000.00..417350.96 rows=1125 width=13) (actual time=147.302..1583.890 rows=573671 loops=1)
                    Workers Planned: 2
                    Workers Launched: 2
                    ->  Parallel Seq Scan on orders  (cost=0.00..416238.46 rows=469 width=13) (actual time=120.342..1590.667 rows=191224 loops=3)
                          Filter: ((EXTRACT(year FROM (o_orderdate)::timestamp without time zone) = '1993'::numeric) AND (EXTRACT(month FROM (o_orderdate)::timestamp without time zone) = ANY ('{7,8,9}'::numeric[])))
                          Rows Removed by Filter: 4808776
              ->  Hash  (cost=2000810.68..2000810.68 rows=529433 width=4) (actual time=26441.731..26441.769 rows=13753474 loops=1)
                    Buckets: 262144 (originally 262144)  Batches: 128 (originally 4)  Memory Usage: 6145kB
                    ->  Group  (cost=1874620.52..2000810.68 rows=529433 width=4) (actual time=21780.205..24669.060 rows=13753474 loops=1)
                          Group Key: lineitem.l_orderkey
                          ->  Gather Merge  (cost=1874620.52..1998163.51 rows=1058866 width=4) (actual time=21780.160..23577.005 rows=13759145 loops=1)
                                Workers Planned: 2
                                Workers Launched: 2
                                ->  Sort  (cost=1873620.50..1874944.08 rows=529433 width=4) (actual time=21057.513..21444.812 rows=4586382 loops=3)
                                      Sort Key: lineitem.l_orderkey
                                      Sort Method: external merge  Disk: 60568kB
                                      Worker 0:  Sort Method: external merge  Disk: 50864kB
                                      Worker 1:  Sort Method: external merge  Disk: 50432kB
                                      ->  Partial HashAggregate  (cost=1745661.70..1816045.57 rows=529433 width=4) (actual time=12052.541..19917.862 rows=4586382 loops=3)
                                            Group Key: lineitem.l_orderkey
                                            Planned Partitions: 8  Batches: 233  Memory Usage: 10321kB  Disk Usage: 441008kB
                                            Worker 0:  Batches: 237  Memory Usage: 10321kB  Disk Usage: 367648kB
                                            Worker 1:  Batches: 257  Memory Usage: 10577kB  Disk Usage: 366088kB
                                            ->  Parallel Seq Scan on lineitem  (cost=0.00..1297845.73 rows=8331460 width=4) (actual time=73.099..6640.377 rows=12643116 loops=3)
                                                  Filter: ((l_orderkey IS NOT NULL) AND (l_commitdate < l_receiptdate))
                                                  Rows Removed by Filter: 7352235
Planning Time: 0.201 ms
JIT:
  Functions: 50
  Options: Inlining true, Optimization true, Expressions true, Deforming true
  Timing: Generation 3.872 ms, Inlining 305.239 ms, Optimization 160.706 ms, Emission 130.473 ms, Total 600.291 ms
Execution Time: 29996.757 ms",SUCCESS
4,5,TPCH,Q5,"SELECT
    n.n_name,
    SUM(l.l_extendedprice * (1 - l.l_discount)) AS revenue
FROM
    tpch.customer c
JOIN tpch.orders o
    ON c.c_custkey = o.o_custkey
JOIN tpch.lineitem l
    ON l.l_orderkey = o.o_orderkey
JOIN tpch.supplier s
    ON l.l_suppkey = s.s_suppkey
    AND c.c_nationkey = s.s_nationkey
JOIN tpch.nation n
    ON s.s_nationkey = n.n_nationkey
JOIN tpch.region r
    ON n.n_regionkey = r.r_regionkey
WHERE
    r.r_name = 'ASIA'
    AND o.o_orderdate >= DATE '1994-01-01'
    AND o.o_orderdate < DATE '1994-01-01' + INTERVAL '1 year'
GROUP BY
    n.n_name
ORDER BY
    revenue DESC;","selected_lines = (
    customers.orders.WHERE(
        (order_date >= DATETIME('1994-1-1'))
        & (order_date < DATETIME('1995-1-1'))
    )
    .lines.WHERE(supplier.nation.name == nation_name)
    .CALCULATE(value=extended_price * (1 - discount))
)
result = (nations.CALCULATE(nation_name=name)
    .WHERE(region.name == ""ASIA"")
    .WHERE(HAS(selected_lines))
    .CALCULATE(N_NAME=name, REVENUE=SUM(selected_lines.value))
    .ORDER_BY(REVENUE.DESC())
)","WITH _s11 AS (
  SELECT
    nation.n_name,
    supplier.s_suppkey
  FROM tpch.supplier AS supplier
  JOIN tpch.nation AS nation
    ON nation.n_nationkey = supplier.s_nationkey
)
SELECT
  MAX(nation.n_name) AS N_NAME,
  COALESCE(SUM(lineitem.l_extendedprice * (
    1 - lineitem.l_discount
  )), 0) AS REVENUE
FROM tpch.nation AS nation
JOIN tpch.region AS region
  ON nation.n_regionkey = region.r_regionkey AND region.r_name = 'ASIA'
JOIN tpch.customer AS customer
  ON customer.c_nationkey = nation.n_nationkey
JOIN tpch.orders AS orders
  ON customer.c_custkey = orders.o_custkey
  AND orders.o_orderdate < CAST('1995-01-01' AS DATE)
  AND orders.o_orderdate >= CAST('1994-01-01' AS DATE)
JOIN tpch.lineitem AS lineitem
  ON lineitem.l_orderkey = orders.o_orderkey
JOIN _s11 AS _s11
  ON _s11.n_name = nation.n_name AND _s11.s_suppkey = lineitem.l_suppkey
GROUP BY
  nation.n_nationkey
ORDER BY
  2 DESC NULLS LAST",15.778427299999976,8.173969667999927,"Sort  (cost=1062792.02..1062792.49 rows=190 width=100) (actual time=6503.099..6569.541 rows=5 loops=1)
  Sort Key: (sum((l.l_extendedprice * ('1'::numeric - l.l_discount)))) DESC
  Sort Method: quicksort  Memory: 25kB
  ->  Finalize GroupAggregate  (cost=1062743.37..1062784.82 rows=190 width=100) (actual time=6496.822..6569.526 rows=5 loops=1)
        Group Key: n.n_name
        ->  Gather Merge  (cost=1062743.37..1062781.02 rows=190 width=100) (actual time=6494.403..6569.476 rows=10 loops=1)
              Workers Planned: 1
              Workers Launched: 1
              ->  Partial GroupAggregate  (cost=1061743.36..1061759.64 rows=190 width=100) (actual time=6468.387..6477.364 rows=5 loops=2)
                    Group Key: n.n_name
                    ->  Sort  (cost=1061743.36..1061746.14 rows=1112 width=80) (actual time=6466.128..6467.644 rows=36492 loops=2)
                          Sort Key: n.n_name
                          Sort Method: quicksort  Memory: 2957kB
                          Worker 0:  Sort Method: quicksort  Memory: 3193kB
                          ->  Parallel Hash Join  (cost=1058517.06..1061687.10 rows=1112 width=80) (actual time=6376.970..6458.751 rows=36492 loops=2)
                                Hash Cond: ((s.s_suppkey = l.l_suppkey) AND (s.s_nationkey = c.c_nationkey))
                                ->  Parallel Seq Scan on supplier s  (cost=0.00..2724.24 rows=58824 width=8) (actual time=0.021..6.131 rows=50000 loops=2)
                                ->  Parallel Hash  (cost=1058221.83..1058221.83 rows=19682 width=92) (actual time=6356.363..6356.374 rows=912928 loops=2)
                                      Buckets: 131072 (originally 65536)  Batches: 16 (originally 1)  Memory Usage: 8960kB
                                      ->  Nested Loop  (cost=44436.93..1058221.83 rows=19682 width=92) (actual time=1301.036..6028.057 rows=912928 loops=2)
                                            ->  Parallel Hash Join  (cost=44436.37..393892.67 rows=4921 width=80) (actual time=1300.962..1803.516 rows=228386 loops=2)
                                                  Hash Cond: (o.o_custkey = c.c_custkey)
                                                  ->  Parallel Seq Scan on orders o  (cost=0.00..345929.41 rows=935036 width=8) (actual time=0.055..612.349 rows=1137960 loops=2)
                                                        Filter: ((o_orderdate >= '1994-01-01'::date) AND (o_orderdate < '1995-01-01 00:00:00'::timestamp without time zone))
                                                        Rows Removed by Filter: 6362040
                                                  ->  Parallel Hash  (cost=44395.24..44395.24 rows=3290 width=80) (actual time=535.701..535.707 rows=150135 loops=2)
                                                        Buckets: 131072 (originally 8192)  Batches: 4 (originally 1)  Memory Usage: 5184kB
                                                        ->  Hash Join  (cost=24.81..44395.24 rows=3290 width=80) (actual time=341.318..470.815 rows=150135 loops=2)
                                                              Hash Cond: (c.c_nationkey = n.n_nationkey)
                                                              ->  Parallel Seq Scan on customer c  (cost=0.00..41993.85 rows=624985 width=8) (actual time=0.022..73.943 rows=750000 loops=2)
                                                              ->  Hash  (cost=24.80..24.80 rows=1 width=72) (actual time=341.278..341.282 rows=5 loops=2)
                                                                    Buckets: 1024  Batches: 1  Memory Usage: 9kB
                                                                    ->  Hash Join  (cost=12.39..24.80 rows=1 width=72) (actual time=341.271..341.277 rows=5 loops=2)
                                                                          Hash Cond: (n.n_regionkey = r.r_regionkey)
                                                                          ->  Seq Scan on nation n  (cost=0.00..11.90 rows=190 width=76) (actual time=0.010..0.013 rows=25 loops=2)
                                                                          ->  Hash  (cost=12.38..12.38 rows=1 width=4) (actual time=341.241..341.242 rows=1 loops=2)
                                                                                Buckets: 1024  Batches: 1  Memory Usage: 9kB
                                                                                ->  Seq Scan on region r  (cost=0.00..12.38 rows=1 width=4) (actual time=341.226..341.228 rows=1 loops=2)
                                                                                      Filter: ((r_name)::text = 'ASIA'::text)
                                                                                      Rows Removed by Filter: 4
                                            ->  Index Scan using lineitem_pkey on lineitem l  (cost=0.56..133.87 rows=113 width=20) (actual time=0.017..0.018 rows=4 loops=456771)
                                                  Index Cond: (l_orderkey = o.o_orderkey)
Planning Time: 1.283 ms
JIT:
  Functions: 109
  Options: Inlining true, Optimization true, Expressions true, Deforming true
  Timing: Generation 5.463 ms, Inlining 81.947 ms, Optimization 359.697 ms, Emission 241.107 ms, Total 688.214 ms
Execution Time: 6572.407 ms","Sort  (cost=1062863.86..1062864.34 rows=190 width=68) (actual time=8532.131..8598.934 rows=5 loops=1)
  Sort Key: (COALESCE(sum((lineitem.l_extendedprice * ('1'::numeric - lineitem.l_discount))), '0'::numeric)) DESC NULLS LAST
  Sort Method: quicksort  Memory: 25kB
  ->  Finalize GroupAggregate  (cost=1062832.40..1062856.67 rows=190 width=68) (actual time=8524.279..8598.918 rows=5 loops=1)
        Group Key: nation.n_nationkey
        ->  Gather Merge  (cost=1062832.40..1062852.84 rows=146 width=68) (actual time=8521.436..8598.852 rows=10 loops=1)
              Workers Planned: 1
              Workers Launched: 1
              ->  Partial GroupAggregate  (cost=1061832.39..1061836.40 rows=146 width=68) (actual time=8500.882..8510.882 rows=5 loops=2)
                    Group Key: nation.n_nationkey
                    ->  Sort  (cost=1061832.39..1061832.75 rows=146 width=84) (actual time=8498.148..8500.189 rows=36492 loops=2)
                          Sort Key: nation.n_nationkey
                          Sort Method: quicksort  Memory: 3170kB
                          Worker 0:  Sort Method: quicksort  Memory: 3078kB
                          ->  Hash Join  (cost=1058620.63..1061827.14 rows=146 width=84) (actual time=8190.708..8491.298 rows=36492 loops=2)
                                Hash Cond: ((supplier.s_nationkey = nation_1.n_nationkey) AND ((nation.n_name)::text = (nation_1.n_name)::text))
                                ->  Parallel Hash Join  (cost=1058605.88..1061666.49 rows=27788 width=88) (actual time=7808.309..8042.337 rows=912928 loops=2)
                                      Hash Cond: (supplier.s_suppkey = lineitem.l_suppkey)
                                      ->  Parallel Seq Scan on supplier  (cost=0.00..2724.24 rows=58824 width=8) (actual time=0.089..20.029 rows=50000 loops=2)
                                      ->  Parallel Hash  (cost=1058359.85..1058359.85 rows=19683 width=88) (actual time=7774.354..7774.365 rows=912928 loops=2)
                                            Buckets: 131072 (originally 65536)  Batches: 16 (originally 1)  Memory Usage: 8448kB
                                            ->  Nested Loop  (cost=44436.93..1058359.85 rows=19683 width=88) (actual time=993.658..7427.343 rows=912928 loops=2)
                                                  ->  Parallel Hash Join  (cost=44436.37..393892.67 rows=4922 width=76) (actual time=993.432..1471.832 rows=228386 loops=2)
                                                        Hash Cond: (orders.o_custkey = customer.c_custkey)
                                                        ->  Parallel Seq Scan on orders  (cost=0.00..345929.41 rows=935036 width=8) (actual time=0.062..630.768 rows=1137960 loops=2)
                                                              Filter: ((o_orderdate < '1995-01-01'::date) AND (o_orderdate >= '1994-01-01'::date))
                                                              Rows Removed by Filter: 6362040
                                                        ->  Parallel Hash  (cost=44395.24..44395.24 rows=3290 width=76) (actual time=200.478..200.483 rows=150135 loops=2)
                                                              Buckets: 262144 (originally 8192)  Batches: 4 (originally 1)  Memory Usage: 5728kB
                                                              ->  Hash Join  (cost=24.81..44395.24 rows=3290 width=76) (actual time=0.104..136.893 rows=150135 loops=2)
                                                                    Hash Cond: (customer.c_nationkey = nation.n_nationkey)
                                                                    ->  Parallel Seq Scan on customer  (cost=0.00..41993.85 rows=624985 width=8) (actual time=0.037..81.090 rows=750000 loops=2)
                                                                    ->  Hash  (cost=24.80..24.80 rows=1 width=72) (actual time=0.054..0.058 rows=5 loops=2)
                                                                          Buckets: 1024  Batches: 1  Memory Usage: 9kB
                                                                          ->  Hash Join  (cost=12.39..24.80 rows=1 width=72) (actual time=0.048..0.053 rows=5 loops=2)
                                                                                Hash Cond: (nation.n_regionkey = region.r_regionkey)
                                                                                ->  Seq Scan on nation  (cost=0.00..11.90 rows=190 width=76) (actual time=0.008..0.009 rows=25 loops=2)
                                                                                ->  Hash  (cost=12.38..12.38 rows=1 width=4) (actual time=0.027..0.028 rows=1 loops=2)
                                                                                      Buckets: 1024  Batches: 1  Memory Usage: 9kB
                                                                                      ->  Seq Scan on region  (cost=0.00..12.38 rows=1 width=4) (actual time=0.023..0.024 rows=1 loops=2)
                                                                                            Filter: ((r_name)::text = 'ASIA'::text)
                                                                                            Rows Removed by Filter: 4
                                                  ->  Index Scan using lineitem_pkey on lineitem  (cost=0.56..133.87 rows=113 width=20) (actual time=0.024..0.025 rows=4 loops=456771)
                                                        Index Cond: (l_orderkey = orders.o_orderkey)
                                ->  Hash  (cost=11.90..11.90 rows=190 width=72) (actual time=382.341..382.342 rows=25 loops=2)
                                      Buckets: 1024  Batches: 1  Memory Usage: 10kB
                                      ->  Seq Scan on nation nation_1  (cost=0.00..11.90 rows=190 width=72) (actual time=382.286..382.302 rows=25 loops=2)
Planning Time: 1.540 ms
JIT:
  Functions: 123
  Options: Inlining true, Optimization true, Expressions true, Deforming true
  Timing: Generation 4.743 ms, Inlining 76.191 ms, Optimization 377.046 ms, Emission 311.714 ms, Total 769.694 ms
Execution Time: 8601.983 ms",SUCCESS
5,6,TPCH,Q6,"SELECT
    SUM(l.l_extendedprice * l.l_discount) AS revenue
FROM
    tpch.lineitem l
WHERE
    l.l_shipdate >= DATE '1994-01-01'
    AND l.l_shipdate < DATE '1994-01-01' + INTERVAL '1 year'
    AND l.l_discount BETWEEN 0.06 - 0.01 AND 0.06 + 0.01
    AND l.l_quantity < 24;","selected_lines = lines.WHERE(
    (ship_date >= DATETIME('1994-1-1'))
    & (ship_date < DATETIME('1995-1-1'))
    & (0.05 <= discount)
    & (discount <= 0.07)
    & (quantity < 24)
).CALCULATE(amt=extended_price * discount)
result = TPCH.CALCULATE(REVENUE=SUM(selected_lines.amt))","SELECT
  COALESCE(SUM(l_extendedprice * l_discount), 0) AS REVENUE
FROM tpch.lineitem
WHERE
  l_discount <= 0.07
  AND l_discount >= 0.05
  AND l_quantity < 24
  AND l_shipdate < CAST('1995-01-01' AS DATE)
  AND l_shipdate >= CAST('1994-01-01' AS DATE)",6.5605106770001385,7.77520198000002,"Finalize Aggregate  (cost=1551160.51..1551160.52 rows=1 width=32) (actual time=5925.972..5932.871 rows=1 loops=1)
  ->  Gather  (cost=1551160.28..1551160.49 rows=2 width=32) (actual time=5925.778..5932.844 rows=3 loops=1)
        Workers Planned: 2
        Workers Launched: 2
        ->  Partial Aggregate  (cost=1550160.28..1550160.29 rows=1 width=32) (actual time=5910.082..5910.083 rows=1 loops=3)
              ->  Parallel Seq Scan on lineitem l  (cost=0.00..1547789.51 rows=474154 width=12) (actual time=123.890..5792.220 rows=379755 loops=3)
                    Filter: ((l_shipdate >= '1994-01-01'::date) AND (l_shipdate < '1995-01-01 00:00:00'::timestamp without time zone) AND (l_discount >= 0.05) AND (l_discount <= 0.07) AND (l_quantity < '24'::numeric))
                    Rows Removed by Filter: 19615596
Planning Time: 0.104 ms
JIT:
  Functions: 17
  Options: Inlining true, Optimization true, Expressions true, Deforming true
  Timing: Generation 2.095 ms, Inlining 165.425 ms, Optimization 119.555 ms, Emission 86.629 ms, Total 373.703 ms
Execution Time: 5933.776 ms","Finalize Aggregate  (cost=1551160.51..1551160.52 rows=1 width=32) (actual time=7129.627..7137.508 rows=1 loops=1)
  ->  Gather  (cost=1551160.28..1551160.49 rows=2 width=32) (actual time=7129.425..7137.492 rows=3 loops=1)
        Workers Planned: 2
        Workers Launched: 2
        ->  Partial Aggregate  (cost=1550160.28..1550160.29 rows=1 width=32) (actual time=7111.878..7111.879 rows=1 loops=3)
              ->  Parallel Seq Scan on lineitem  (cost=0.00..1547789.51 rows=474154 width=12) (actual time=123.147..6989.586 rows=379755 loops=3)
                    Filter: ((l_discount <= 0.07) AND (l_discount >= 0.05) AND (l_quantity < '24'::numeric) AND (l_shipdate < '1995-01-01'::date) AND (l_shipdate >= '1994-01-01'::date))
                    Rows Removed by Filter: 19615596
Planning Time: 0.126 ms
JIT:
  Functions: 17
  Options: Inlining true, Optimization true, Expressions true, Deforming true
  Timing: Generation 2.422 ms, Inlining 179.411 ms, Optimization 112.546 ms, Emission 77.347 ms, Total 371.726 ms
Execution Time: 7138.598 ms",SUCCESS
6,7,TPCH,Q7,"SELECT
    supp_nation,
    cust_nation,
    l_year,
    SUM(volume) AS revenue
FROM (
    SELECT
        n1.n_name AS supp_nation,
        n2.n_name AS cust_nation,
        EXTRACT(YEAR FROM l.l_shipdate) AS l_year,
        l.l_extendedprice * (1 - l.l_discount) AS volume
    FROM
        tpch.supplier s
    JOIN tpch.lineitem l
        ON s.s_suppkey = l.l_suppkey
    JOIN tpch.orders o
        ON o.o_orderkey = l.l_orderkey
    JOIN tpch.customer c
        ON c.c_custkey = o.o_custkey
    JOIN tpch.nation n1
        ON s.s_nationkey = n1.n_nationkey
    JOIN tpch.nation n2
        ON c.c_nationkey = n2.n_nationkey
    WHERE
        (
            (n1.n_name = 'FRANCE' AND n2.n_name = 'GERMANY')
            OR
            (n1.n_name = 'GERMANY' AND n2.n_name = 'FRANCE')
        )
        AND l.l_shipdate BETWEEN DATE '1995-01-01'
                            AND DATE '1996-12-31'
) AS shipping
GROUP BY
    supp_nation,
    cust_nation,
    l_year
ORDER BY
    supp_nation,
    cust_nation,
    l_year;","result = (
        lines.CALCULATE(
            supp_nation=supplier.nation.name,
            cust_nation=order.customer.nation.name,
            l_year=YEAR(ship_date),
            volume=extended_price * (1 - discount),
        )
        .WHERE(
            ISIN(YEAR(ship_date), (1995, 1996))
            & (
                ((supp_nation == ""FRANCE"") & (cust_nation == ""GERMANY""))
                | ((supp_nation == ""GERMANY"") & (cust_nation == ""FRANCE""))
            )
        )
        .PARTITION(name=""groups"", by=(supp_nation, cust_nation, l_year))
        .CALCULATE(
            SUPP_NATION=supp_nation,
            CUST_NATION=cust_nation,
            L_YEAR=l_year,
            REVENUE=SUM(lines.volume),
        )
        .ORDER_BY(SUPP_NATION.ASC(), CUST_NATION.ASC(), L_YEAR.ASC())
    )","WITH _s9 AS (
  SELECT
    nation.n_name,
    orders.o_orderkey
  FROM tpch.orders AS orders
  JOIN tpch.customer AS customer
    ON customer.c_custkey = orders.o_custkey
  JOIN tpch.nation AS nation
    ON customer.c_nationkey = nation.n_nationkey
    AND (
      nation.n_name = 'FRANCE' OR nation.n_name = 'GERMANY'
    )
)
SELECT
  nation.n_name AS SUPP_NATION,
  _s9.n_name AS CUST_NATION,
  EXTRACT(YEAR FROM CAST(lineitem.l_shipdate AS TIMESTAMP)) AS L_YEAR,
  COALESCE(SUM(lineitem.l_extendedprice * (
    1 - lineitem.l_discount
  )), 0) AS REVENUE
FROM tpch.lineitem AS lineitem
JOIN tpch.supplier AS supplier
  ON lineitem.l_suppkey = supplier.s_suppkey
JOIN tpch.nation AS nation
  ON nation.n_nationkey = supplier.s_nationkey
JOIN _s9 AS _s9
  ON (
    _s9.n_name = 'FRANCE' OR nation.n_name = 'FRANCE'
  )
  AND (
    _s9.n_name = 'GERMANY' OR nation.n_name = 'GERMANY'
  )
  AND _s9.o_orderkey = lineitem.l_orderkey
  AND (
    nation.n_name = 'FRANCE' OR nation.n_name = 'GERMANY'
  )
WHERE
  EXTRACT(YEAR FROM CAST(lineitem.l_shipdate AS TIMESTAMP)) IN (1995, 1996)
GROUP BY
  1,
  2,
  3
ORDER BY
  1 NULLS FIRST,
  2 NULLS FIRST,
  3 NULLS FIRST",18.57221153400019,29.813948975999892,"Finalize GroupAggregate  (cost=1776464.46..1776602.29 rows=1019 width=200) (actual time=19588.384..19722.154 rows=4 loops=1)
  Group Key: n1.n_name, n2.n_name, (EXTRACT(year FROM l.l_shipdate))
  ->  Gather Merge  (cost=1776464.46..1776576.38 rows=850 width=200) (actual time=19584.208..19722.032 rows=12 loops=1)
        Workers Planned: 2
        Workers Launched: 2
        ->  Partial GroupAggregate  (cost=1775464.43..1775478.24 rows=425 width=200) (actual time=19554.092..19561.583 rows=4 loops=3)
              Group Key: n1.n_name, n2.n_name, (EXTRACT(year FROM l.l_shipdate))
              ->  Sort  (cost=1775464.43..1775465.49 rows=425 width=180) (actual time=19550.845..19552.268 rows=19455 loops=3)
                    Sort Key: n1.n_name, n2.n_name, (EXTRACT(year FROM l.l_shipdate))
                    Sort Method: quicksort  Memory: 2009kB
                    Worker 0:  Sort Method: quicksort  Memory: 1900kB
                    Worker 1:  Sort Method: quicksort  Memory: 1931kB
                    ->  Parallel Hash Join  (cost=385882.58..1775445.88 rows=425 width=180) (actual time=15924.023..19534.725 rows=19455 loops=3)
                          Hash Cond: (l.l_suppkey = s.s_suppkey)
                          Join Filter: ((((n1.n_name)::text = 'FRANCE'::text) AND ((n2.n_name)::text = 'GERMANY'::text)) OR (((n1.n_name)::text = 'GERMANY'::text) AND ((n2.n_name)::text = 'FRANCE'::text)))
                          Rows Removed by Join Filter: 19550
                          ->  Parallel Hash Join  (cost=382979.87..1772231.27 rows=80240 width=88) (actual time=15385.240..18847.399 rows=487923 loops=3)
                                Hash Cond: (l.l_orderkey = o.o_orderkey)
                                ->  Parallel Seq Scan on lineitem l  (cost=0.00..1360331.68 rows=7622770 width=24) (actual time=0.198..11751.661 rows=6076775 loops=3)
                                      Filter: ((l_shipdate >= '1995-01-01'::date) AND (l_shipdate <= '1996-12-31'::date))
                                      Rows Removed by Filter: 13918576
                                ->  Parallel Hash  (cost=382157.55..382157.55 rows=65786 width=72) (actual time=2471.136..2471.144 rows=401936 loops=3)
                                      Buckets: 131072 (originally 262144)  Batches: 8 (originally 1)  Memory Usage: 8192kB
                                      ->  Parallel Hash Join  (cost=43766.14..382157.55 rows=65786 width=72) (actual time=575.148..2329.331 rows=401936 loops=3)
                                            Hash Cond: (o.o_custkey = c.c_custkey)
                                            ->  Parallel Seq Scan on orders o  (cost=0.00..314680.94 rows=6249694 width=8) (actual time=0.179..568.314 rows=5000000 loops=3)
                                            ->  Parallel Hash  (cost=43683.90..43683.90 rows=6579 width=72) (actual time=574.854..574.859 rows=40156 loops=3)
                                                  Buckets: 131072 (originally 16384)  Batches: 1 (originally 1)  Memory Usage: 7616kB
                                                  ->  Hash Join  (cost=12.88..43683.90 rows=6579 width=72) (actual time=0.389..548.329 rows=40156 loops=3)
                                                        Hash Cond: (c.c_nationkey = n2.n_nationkey)
                                                        ->  Parallel Seq Scan on customer c  (cost=0.00..41993.85 rows=624985 width=8) (actual time=0.322..507.024 rows=500000 loops=3)
                                                        ->  Hash  (cost=12.85..12.85 rows=2 width=72) (actual time=0.048..0.050 rows=2 loops=3)
                                                              Buckets: 1024  Batches: 1  Memory Usage: 9kB
                                                              ->  Seq Scan on nation n2  (cost=0.00..12.85 rows=2 width=72) (actual time=0.039..0.042 rows=2 loops=3)
                                                                    Filter: (((n_name)::text = 'GERMANY'::text) OR ((n_name)::text = 'FRANCE'::text))
                                                                    Rows Removed by Filter: 23
                          ->  Parallel Hash  (cost=2894.97..2894.97 rows=619 width=72) (actual time=538.312..538.315 rows=2670 loops=3)
                                Buckets: 8192 (originally 2048)  Batches: 1 (originally 1)  Memory Usage: 528kB
                                ->  Hash Join  (cost=12.88..2894.97 rows=619 width=72) (actual time=471.982..478.106 rows=2670 loops=3)
                                      Hash Cond: (s.s_nationkey = n1.n_nationkey)
                                      ->  Parallel Seq Scan on supplier s  (cost=0.00..2724.24 rows=58824 width=8) (actual time=0.013..2.976 rows=33333 loops=3)
                                      ->  Hash  (cost=12.85..12.85 rows=2 width=72) (actual time=471.943..471.944 rows=2 loops=3)
                                            Buckets: 1024  Batches: 1  Memory Usage: 9kB
                                            ->  Seq Scan on nation n1  (cost=0.00..12.85 rows=2 width=72) (actual time=471.924..471.928 rows=2 loops=3)
                                                  Filter: (((n_name)::text = 'FRANCE'::text) OR ((n_name)::text = 'GERMANY'::text))
                                                  Rows Removed by Filter: 23
Planning Time: 0.955 ms
JIT:
  Functions: 180
  Options: Inlining true, Optimization true, Expressions true, Deforming true
  Timing: Generation 11.199 ms, Inlining 222.578 ms, Optimization 758.682 ms, Emission 435.082 ms, Total 1427.541 ms
Execution Time: 19726.788 ms","GroupAggregate  (cost=1427729.57..1427739.51 rows=1 width=200) (actual time=16353.547..29898.177 rows=4 loops=1)
  Group Key: nation.n_name, nation_1.n_name, EXTRACT(year FROM (lineitem.l_shipdate)::timestamp without time zone)
  ->  Nested Loop  (cost=1427729.57..1427739.48 rows=1 width=180) (actual time=11612.482..29860.051 rows=58365 loops=1)
        Join Filter: (nation_1.n_nationkey = customer.c_nationkey)
        Rows Removed by Join Filter: 1401892
        ->  Nested Loop  (cost=1427729.14..1427734.29 rows=1 width=160) (actual time=11611.278..18902.966 rows=1460257 loops=1)
              ->  Gather Merge  (cost=1427728.71..1427728.83 rows=1 width=160) (actual time=11611.201..12306.483 rows=1460257 loops=1)
                    Workers Planned: 2
                    Workers Launched: 2
                    ->  Sort  (cost=1426728.69..1426728.69 rows=1 width=160) (actual time=11589.177..11831.076 rows=486752 loops=3)
                          Sort Key: nation.n_name NULLS FIRST, nation_1.n_name NULLS FIRST, (EXTRACT(year FROM (lineitem.l_shipdate)::timestamp without time zone)) NULLS FIRST
                          Sort Method: external merge  Disk: 26640kB
                          Worker 0:  Sort Method: external merge  Disk: 27776kB
                          Worker 1:  Sort Method: external merge  Disk: 28608kB
                          ->  Parallel Hash Join  (cost=2973.75..1426728.68 rows=1 width=160) (actual time=422.885..11139.501 rows=486752 loops=3)
                                Hash Cond: (lineitem.l_suppkey = supplier.s_suppkey)
                                ->  Parallel Seq Scan on lineitem  (cost=0.00..1422817.62 rows=249944 width=24) (actual time=0.127..9572.463 rows=6076775 loops=3)
                                      Filter: (EXTRACT(year FROM (l_shipdate)::timestamp without time zone) = ANY ('{1995,1996}'::numeric[]))
                                      Rows Removed by Filter: 13918576
                                ->  Parallel Hash  (cost=2973.73..2973.73 rows=1 width=144) (actual time=422.182..422.189 rows=2670 loops=3)
                                      Buckets: 8192 (originally 1024)  Batches: 1 (originally 1)  Memory Usage: 600kB
                                      ->  Hash Join  (cost=25.81..2973.73 rows=1 width=144) (actual time=357.043..380.359 rows=2670 loops=3)
                                            Hash Cond: (supplier.s_nationkey = nation.n_nationkey)
                                            ->  Parallel Seq Scan on supplier  (cost=0.00..2724.24 rows=58824 width=8) (actual time=0.132..20.589 rows=33333 loops=3)
                                            ->  Hash  (cost=25.79..25.79 rows=1 width=144) (actual time=356.886..356.889 rows=2 loops=3)
                                                  Buckets: 1024  Batches: 1  Memory Usage: 9kB
                                                  ->  Nested Loop  (cost=0.00..25.79 rows=1 width=144) (actual time=356.873..356.879 rows=2 loops=3)
                                                        Join Filter: ((((nation_1.n_name)::text = 'FRANCE'::text) OR ((nation.n_name)::text = 'FRANCE'::text)) AND (((nation_1.n_name)::text = 'GERMANY'::text) OR ((nation.n_name)::text = 'GERMANY'::text)))
                                                        Rows Removed by Join Filter: 2
                                                        ->  Seq Scan on nation  (cost=0.00..12.85 rows=2 width=72) (actual time=356.829..356.830 rows=2 loops=3)
                                                              Filter: (((n_name)::text = 'FRANCE'::text) OR ((n_name)::text = 'GERMANY'::text))
                                                              Rows Removed by Filter: 23
                                                        ->  Materialize  (cost=0.00..12.86 rows=2 width=72) (actual time=0.017..0.019 rows=2 loops=6)
                                                              ->  Seq Scan on nation nation_1  (cost=0.00..12.85 rows=2 width=72) (actual time=0.025..0.027 rows=2 loops=3)
                                                                    Filter: (((n_name)::text = 'FRANCE'::text) OR ((n_name)::text = 'GERMANY'::text))
                                                                    Rows Removed by Filter: 23
              ->  Index Scan using orders_pkey on orders  (cost=0.43..5.46 rows=1 width=8) (actual time=0.004..0.004 rows=1 loops=1460257)
                    Index Cond: (o_orderkey = lineitem.l_orderkey)
        ->  Index Scan using customer_pkey on customer  (cost=0.43..5.17 rows=1 width=8) (actual time=0.007..0.007 rows=1 loops=1460257)
              Index Cond: (c_custkey = orders.o_custkey)
Planning Time: 3.061 ms
JIT:
  Functions: 111
  Options: Inlining true, Optimization true, Expressions true, Deforming true
  Timing: Generation 7.365 ms, Inlining 191.010 ms, Optimization 568.940 ms, Emission 310.501 ms, Total 1077.816 ms
Execution Time: 29904.315 ms",SUCCESS
7,8,TPCH,Q8,"SELECT
    o_year,
    SUM(
        CASE
            WHEN nation = 'BRAZIL' THEN volume
            ELSE 0
        END
    ) / SUM(volume) AS mkt_share
FROM (
    SELECT
        EXTRACT(YEAR FROM o.o_orderdate) AS o_year,
        l.l_extendedprice * (1 - l.l_discount) AS volume,
        n2.n_name AS nation
    FROM
        tpch.part p
    JOIN tpch.lineitem l
        ON p.p_partkey = l.l_partkey
    JOIN tpch.supplier s
        ON s.s_suppkey = l.l_suppkey
    JOIN tpch.orders o
        ON o.o_orderkey = l.l_orderkey
    JOIN tpch.customer c
        ON c.c_custkey = o.o_custkey
    JOIN tpch.nation n1
        ON c.c_nationkey = n1.n_nationkey
    JOIN tpch.region r
        ON n1.n_regionkey = r.r_regionkey
    JOIN tpch.nation n2
        ON s.s_nationkey = n2.n_nationkey
    WHERE
        r.r_name = 'AMERICA'
        AND o.o_orderdate BETWEEN DATE '1995-01-01'
                              AND DATE '1996-12-31'
        AND p.p_type = 'ECONOMY ANODIZED STEEL'
) AS all_nations
GROUP BY
    o_year
ORDER BY
    o_year;","vol_metric = extended_price * (1 - discount)
is_brazilian = supplier.nation.name == ""BRAZIL""
result = (
    lines.WHERE(
        (part.part_type == ""ECONOMY ANODIZED STEEL"")
        & ISIN(YEAR(order.order_date), (1995, 1996))
        & (order.customer.nation.region.name == ""AMERICA"")
    )
    .CALCULATE(
        O_YEAR=YEAR(order.order_date),
        volume=vol_metric,
        brazil_volume=IFF(is_brazilian, vol_metric, 0),
    )
    .PARTITION(name=""years"", by=O_YEAR)
    .CALCULATE(
        O_YEAR,
        MKT_SHARE=SUM(lines.brazil_volume) / SUM(lines.volume),
    )
)","SELECT
  EXTRACT(YEAR FROM CAST(orders.o_orderdate AS TIMESTAMP)) AS O_YEAR,
  CAST(COALESCE(
    SUM(
      CASE
        WHEN nation_2.n_name = 'BRAZIL'
        THEN lineitem.l_extendedprice * (
          1 - lineitem.l_discount
        )
        ELSE 0
      END
    ),
    0
  ) AS DOUBLE PRECISION) / COALESCE(SUM(lineitem.l_extendedprice * (
    1 - lineitem.l_discount
  )), 0) AS MKT_SHARE
FROM tpch.lineitem AS lineitem
JOIN tpch.part AS part
  ON lineitem.l_partkey = part.p_partkey AND part.p_type = 'ECONOMY ANODIZED STEEL'
JOIN tpch.orders AS orders
  ON EXTRACT(YEAR FROM CAST(orders.o_orderdate AS TIMESTAMP)) IN (1995, 1996)
  AND lineitem.l_orderkey = orders.o_orderkey
JOIN tpch.customer AS customer
  ON customer.c_custkey = orders.o_custkey
JOIN tpch.nation AS nation
  ON customer.c_nationkey = nation.n_nationkey
JOIN tpch.region AS region
  ON nation.n_regionkey = region.r_regionkey AND region.r_name = 'AMERICA'
JOIN tpch.supplier AS supplier
  ON lineitem.l_suppkey = supplier.s_suppkey
JOIN tpch.nation AS nation_2
  ON nation_2.n_nationkey = supplier.s_nationkey
GROUP BY
  1",10.79227630299988,17.72501011700001,"Finalize GroupAggregate  (cost=1749404.34..1749496.82 rows=645 width=64) (actual time=11567.498..11581.028 rows=2 loops=1)
  Group Key: (EXTRACT(year FROM o.o_orderdate))
  ->  Gather Merge  (cost=1749404.34..1749477.20 rows=538 width=96) (actual time=11564.938..11580.962 rows=6 loops=1)
        Workers Planned: 2
        Workers Launched: 2
        ->  Partial GroupAggregate  (cost=1748404.31..1748415.07 rows=269 width=96) (actual time=11546.129..11548.264 rows=2 loops=3)
              Group Key: (EXTRACT(year FROM o.o_orderdate))
              ->  Sort  (cost=1748404.31..1748404.99 rows=269 width=112) (actual time=11543.719..11544.403 rows=8085 loops=3)
                    Sort Key: (EXTRACT(year FROM o.o_orderdate))
                    Sort Method: quicksort  Memory: 577kB
                    Worker 0:  Sort Method: quicksort  Memory: 562kB
                    Worker 1:  Sort Method: quicksort  Memory: 925kB
                    ->  Hash Join  (cost=445424.15..1748393.46 rows=269 width=112) (actual time=11458.469..11540.820 rows=8085 loops=3)
                          Hash Cond: (s.s_nationkey = n2.n_nationkey)
                          ->  Nested Loop  (cost=445409.88..1748377.79 rows=269 width=20) (actual time=10960.856..11040.267 rows=8085 loops=3)
                                ->  Parallel Hash Join  (cost=445409.58..1747004.83 rows=269 width=20) (actual time=10960.805..11017.087 rows=8085 loops=3)
                                      Hash Cond: (l.l_orderkey = o.o_orderkey)
                                      ->  Parallel Hash Join  (cost=47680.98..1348651.14 rows=166392 width=20) (actual time=99.263..9433.692 rows=134496 loops=3)
                                            Hash Cond: (l.l_partkey = p.p_partkey)
                                            ->  Parallel Seq Scan on lineitem l  (cost=0.00..1235359.78 rows=24994378 width=24) (actual time=0.150..6994.664 rows=19995351 loops=3)
                                            ->  Parallel Hash  (cost=47611.64..47611.64 rows=5547 width=4) (actual time=98.746..98.748 rows=4484 loops=3)
                                                  Buckets: 16384  Batches: 1  Memory Usage: 704kB
                                                  ->  Parallel Seq Scan on part p  (cost=0.00..47611.64 rows=5547 width=4) (actual time=0.091..97.337 rows=4484 loops=3)
                                                        Filter: ((p_type)::text = 'ECONOMY ANODIZED STEEL'::text)
                                                        Rows Removed by Filter: 662183
                                      ->  Parallel Hash  (cost=397602.38..397602.38 rows=10098 width=8) (actual time=1466.953..1466.961 rows=303453 loops=3)
                                            Buckets: 262144 (originally 32768)  Batches: 8 (originally 1)  Memory Usage: 6592kB
                                            ->  Parallel Hash Join  (cost=44436.37..397602.38 rows=10098 width=8) (actual time=139.064..1330.660 rows=303453 loops=3)
                                                  Hash Cond: (o.o_custkey = c.c_custkey)
                                                  ->  Parallel Seq Scan on orders o  (cost=0.00..345929.41 rows=1918540 width=12) (actual time=0.251..597.633 rows=1519171 loops=3)
                                                        Filter: ((o_orderdate >= '1995-01-01'::date) AND (o_orderdate <= '1996-12-31'::date))
                                                        Rows Removed by Filter: 3480829
                                                  ->  Parallel Hash  (cost=44395.24..44395.24 rows=3290 width=4) (actual time=138.736..138.742 rows=99812 loops=3)
                                                        Buckets: 524288 (originally 8192)  Batches: 1 (originally 1)  Memory Usage: 19904kB
                                                        ->  Hash Join  (cost=24.81..44395.24 rows=3290 width=4) (actual time=0.127..103.177 rows=99812 loops=3)
                                                              Hash Cond: (c.c_nationkey = n1.n_nationkey)
                                                              ->  Parallel Seq Scan on customer c  (cost=0.00..41993.85 rows=624985 width=8) (actual time=0.036..58.605 rows=500000 loops=3)
                                                              ->  Hash  (cost=24.80..24.80 rows=1 width=4) (actual time=0.065..0.068 rows=5 loops=3)
                                                                    Buckets: 1024  Batches: 1  Memory Usage: 9kB
                                                                    ->  Hash Join  (cost=12.39..24.80 rows=1 width=4) (actual time=0.056..0.063 rows=5 loops=3)
                                                                          Hash Cond: (n1.n_regionkey = r.r_regionkey)
                                                                          ->  Seq Scan on nation n1  (cost=0.00..11.90 rows=190 width=8) (actual time=0.009..0.011 rows=25 loops=3)
                                                                          ->  Hash  (cost=12.38..12.38 rows=1 width=4) (actual time=0.035..0.036 rows=1 loops=3)
                                                                                Buckets: 1024  Batches: 1  Memory Usage: 9kB
                                                                                ->  Seq Scan on region r  (cost=0.00..12.38 rows=1 width=4) (actual time=0.030..0.031 rows=1 loops=3)
                                                                                      Filter: ((r_name)::text = 'AMERICA'::text)
                                                                                      Rows Removed by Filter: 4
                                ->  Index Scan using supplier_pkey on supplier s  (cost=0.29..5.10 rows=1 width=8) (actual time=0.003..0.003 rows=1 loops=24254)
                                      Index Cond: (s_suppkey = l.l_suppkey)
                          ->  Hash  (cost=11.90..11.90 rows=190 width=72) (actual time=497.563..497.564 rows=25 loops=3)
                                Buckets: 1024  Batches: 1  Memory Usage: 10kB
                                ->  Seq Scan on nation n2  (cost=0.00..11.90 rows=190 width=72) (actual time=497.521..497.531 rows=25 loops=3)
Planning Time: 1.173 ms
JIT:
  Functions: 201
  Options: Inlining true, Optimization true, Expressions true, Deforming true
  Timing: Generation 8.928 ms, Inlining 202.790 ms, Optimization 738.387 ms, Emission 551.994 ms, Total 1502.099 ms
Execution Time: 11584.790 ms","Finalize GroupAggregate  (cost=459922.92..459926.18 rows=21 width=40) (actual time=17276.826..17282.183 rows=2 loops=1)
  Group Key: (EXTRACT(year FROM (orders.o_orderdate)::timestamp without time zone))
  ->  Gather Merge  (cost=459922.92..459925.38 rows=18 width=96) (actual time=17273.756..17282.119 rows=6 loops=1)
        Workers Planned: 2
        Workers Launched: 2
        ->  Partial GroupAggregate  (cost=458922.89..458923.27 rows=9 width=96) (actual time=17250.409..17252.742 rows=2 loops=3)
              Group Key: (EXTRACT(year FROM (orders.o_orderdate)::timestamp without time zone))
              ->  Sort  (cost=458922.89..458922.91 rows=9 width=112) (actual time=17247.664..17248.354 rows=8085 loops=3)
                    Sort Key: (EXTRACT(year FROM (orders.o_orderdate)::timestamp without time zone))
                    Sort Method: quicksort  Memory: 835kB
                    Worker 0:  Sort Method: quicksort  Memory: 825kB
                    Worker 1:  Sort Method: quicksort  Memory: 596kB
                    ->  Hash Join  (cost=44451.93..458922.75 rows=9 width=112) (actual time=196.540..17236.629 rows=8085 loops=3)
                          Hash Cond: (supplier.s_nationkey = nation_2.n_nationkey)
                          ->  Nested Loop  (cost=44437.65..458908.41 rows=9 width=20) (actual time=167.778..17194.345 rows=8085 loops=3)
                                ->  Nested Loop  (cost=44437.36..458862.47 rows=9 width=20) (actual time=167.665..17096.200 rows=8085 loops=3)
                                      ->  Nested Loop  (cost=44436.93..451937.95 rows=1315 width=24) (actual time=163.196..7795.724 rows=1212976 loops=3)
                                            ->  Parallel Hash Join  (cost=44436.37..406225.74 rows=329 width=8) (actual time=162.907..2810.819 rows=303453 loops=3)
                                                  Hash Cond: (orders.o_custkey = customer.c_custkey)
                                                  ->  Parallel Seq Scan on orders  (cost=0.00..361553.64 rows=62497 width=12) (actual time=0.398..1864.904 rows=1519171 loops=3)
                                                        Filter: (EXTRACT(year FROM (o_orderdate)::timestamp without time zone) = ANY ('{1995,1996}'::numeric[]))
                                                        Rows Removed by Filter: 3480829
                                                  ->  Parallel Hash  (cost=44395.24..44395.24 rows=3290 width=4) (actual time=162.335..162.340 rows=99812 loops=3)
                                                        Buckets: 524288 (originally 8192)  Batches: 1 (originally 1)  Memory Usage: 19872kB
                                                        ->  Hash Join  (cost=24.81..44395.24 rows=3290 width=4) (actual time=0.161..127.780 rows=99812 loops=3)
                                                              Hash Cond: (customer.c_nationkey = nation.n_nationkey)
                                                              ->  Parallel Seq Scan on customer  (cost=0.00..41993.85 rows=624985 width=8) (actual time=0.026..65.523 rows=500000 loops=3)
                                                              ->  Hash  (cost=24.80..24.80 rows=1 width=4) (actual time=0.121..0.124 rows=5 loops=3)
                                                                    Buckets: 1024  Batches: 1  Memory Usage: 9kB
                                                                    ->  Hash Join  (cost=12.39..24.80 rows=1 width=4) (actual time=0.111..0.119 rows=5 loops=3)
                                                                          Hash Cond: (nation.n_regionkey = region.r_regionkey)
                                                                          ->  Seq Scan on nation  (cost=0.00..11.90 rows=190 width=8) (actual time=0.007..0.009 rows=25 loops=3)
                                                                          ->  Hash  (cost=12.38..12.38 rows=1 width=4) (actual time=0.091..0.092 rows=1 loops=3)
                                                                                Buckets: 1024  Batches: 1  Memory Usage: 9kB
                                                                                ->  Seq Scan on region  (cost=0.00..12.38 rows=1 width=4) (actual time=0.086..0.087 rows=1 loops=3)
                                                                                      Filter: ((r_name)::text = 'AMERICA'::text)
                                                                                      Rows Removed by Filter: 4
                                            ->  Index Scan using lineitem_pkey on lineitem  (cost=0.56..137.81 rows=113 width=24) (actual time=0.014..0.015 rows=4 loops=910360)
                                                  Index Cond: (l_orderkey = orders.o_orderkey)
                                      ->  Index Scan using part_pkey on part  (cost=0.43..5.27 rows=1 width=4) (actual time=0.007..0.007 rows=0 loops=3638929)
                                            Index Cond: (p_partkey = lineitem.l_partkey)
                                            Filter: ((p_type)::text = 'ECONOMY ANODIZED STEEL'::text)
                                            Rows Removed by Filter: 1
                                ->  Index Scan using supplier_pkey on supplier  (cost=0.29..5.10 rows=1 width=8) (actual time=0.011..0.011 rows=1 loops=24254)
                                      Index Cond: (s_suppkey = lineitem.l_suppkey)
                          ->  Hash  (cost=11.90..11.90 rows=190 width=72) (actual time=28.597..28.598 rows=25 loops=3)
                                Buckets: 1024  Batches: 1  Memory Usage: 10kB
                                ->  Seq Scan on nation nation_2  (cost=0.00..11.90 rows=190 width=72) (actual time=28.558..28.565 rows=25 loops=3)
Planning Time: 3.665 ms
JIT:
  Functions: 180
  Options: Inlining false, Optimization false, Expressions true, Deforming true
  Timing: Generation 11.255 ms, Inlining 0.000 ms, Optimization 4.572 ms, Emission 81.297 ms, Total 97.124 ms
Execution Time: 17285.454 ms",SUCCESS
8,9,TPCH,Q9,"SELECT
    nation,
    o_year,
    SUM(amount) AS sum_profit
FROM (
    SELECT
        n.n_name AS nation,
        EXTRACT(YEAR FROM o.o_orderdate) AS o_year,
        l.l_extendedprice * (1 - l.l_discount)
            - ps.ps_supplycost * l.l_quantity AS amount
    FROM
        tpch.part p
    JOIN tpch.lineitem l
        ON p.p_partkey = l.l_partkey
    JOIN tpch.partsupp ps
        ON ps.ps_partkey = l.l_partkey
        AND ps.ps_suppkey = l.l_suppkey
    JOIN tpch.supplier s
        ON s.s_suppkey = l.l_suppkey
    JOIN tpch.orders o
        ON o.o_orderkey = l.l_orderkey
    JOIN tpch.nation n
        ON s.s_nationkey = n.n_nationkey
    WHERE
        p.p_name LIKE '%green%'
) AS profit
GROUP BY
    nation,
    o_year
ORDER BY
    nation,
    o_year DESC;","result = (
    lines.WHERE(CONTAINS(part.name, 'green'))
    .CALCULATE(
        nation_name=supplier.nation.name,
        o_year=YEAR(order.order_date),
        value=extended_price * (1 - discount)
        - part_and_supplier.supply_cost * quantity,
    ).PARTITION(name='groups', by=(nation_name, o_year))
    .CALCULATE(NATION=nation_name, O_YEAR=o_year, sum_profit=SUM(lines.value))
    .ORDER_BY(NATION.ASC(), O_YEAR.DESC())
)","SELECT
  nation.n_name AS NATION,
  EXTRACT(YEAR FROM CAST(orders.o_orderdate AS TIMESTAMP)) AS O_YEAR,
  COALESCE(
    SUM(
      lineitem.l_extendedprice * (
        1 - lineitem.l_discount
      ) - partsupp.ps_supplycost * lineitem.l_quantity
    ),
    0
  ) AS sum_profit
FROM tpch.lineitem AS lineitem
JOIN tpch.part AS part
  ON lineitem.l_partkey = part.p_partkey AND part.p_name LIKE '%green%'
JOIN tpch.supplier AS supplier
  ON lineitem.l_suppkey = supplier.s_suppkey
JOIN tpch.nation AS nation
  ON nation.n_nationkey = supplier.s_nationkey
JOIN tpch.orders AS orders
  ON lineitem.l_orderkey = orders.o_orderkey
JOIN tpch.partsupp AS partsupp
  ON lineitem.l_partkey = partsupp.ps_partkey
  AND lineitem.l_suppkey = partsupp.ps_suppkey
GROUP BY
  1,
  2
ORDER BY
  1 NULLS FIRST,
  2 DESC NULLS LAST",27.676674823999974,30.56307065399983,"Finalize GroupAggregate  (cost=1667993.11..1668009.22 rows=121 width=132) (actual time=30324.783..31414.740 rows=175 loops=1)
  Group Key: n.n_name, (EXTRACT(year FROM o.o_orderdate))
  ->  Gather Merge  (cost=1667993.11..1668006.40 rows=100 width=132) (actual time=30312.626..31414.175 rows=525 loops=1)
        Workers Planned: 2
        Workers Launched: 2
        ->  Partial GroupAggregate  (cost=1666993.08..1666994.83 rows=50 width=132) (actual time=29752.771..30512.654 rows=175 loops=3)
              Group Key: n.n_name, (EXTRACT(year FROM o.o_orderdate))
              ->  Sort  (cost=1666993.08..1666993.21 rows=50 width=123) (actual time=29750.248..29961.497 rows=1087204 loops=3)
                    Sort Key: n.n_name, (EXTRACT(year FROM o.o_orderdate)) DESC
                    Sort Method: external merge  Disk: 65056kB
                    Worker 0:  Sort Method: external merge  Disk: 44960kB
                    Worker 1:  Sort Method: external merge  Disk: 44984kB
                    ->  Hash Join  (cost=322837.70..1666991.67 rows=50 width=123) (actual time=12967.049..28291.464 rows=1087204 loops=3)
                          Hash Cond: (s.s_nationkey = n.n_nationkey)
                          ->  Nested Loop  (cost=322823.43..1666977.14 rows=50 width=31) (actual time=12557.069..27361.953 rows=1087204 loops=3)
                                ->  Nested Loop  (cost=322822.99..1666694.90 rows=50 width=31) (actual time=12556.946..17351.410 rows=1087204 loops=3)
                                      ->  Parallel Hash Join  (cost=322822.70..1666424.15 rows=50 width=35) (actual time=12556.746..13827.313 rows=1087204 loops=3)
                                            Hash Cond: ((p.p_partkey = ps.ps_partkey) AND (l.l_suppkey = ps.ps_suppkey))
                                            ->  Parallel Hash Join  (cost=48137.68..1349107.84 rows=1262340 width=33) (actual time=140.642..10329.535 rows=1087204 loops=3)
                                                  Hash Cond: (l.l_partkey = p.p_partkey)
                                                  ->  Parallel Seq Scan on lineitem l  (cost=0.00..1235359.78 rows=24994378 width=29) (actual time=0.142..5738.342 rows=19995351 loops=3)
                                                  ->  Parallel Hash  (cost=47611.64..47611.64 rows=42083 width=4) (actual time=140.163..140.165 rows=36261 loops=3)
                                                        Buckets: 131072  Batches: 1  Memory Usage: 5344kB
                                                        ->  Parallel Seq Scan on part p  (cost=0.00..47611.64 rows=42083 width=4) (actual time=0.103..124.094 rows=36261 loops=3)
                                                              Filter: ((p_name)::text ~~ '%green%'::text)
                                                              Rows Removed by Filter: 630406
                                            ->  Parallel Hash  (cost=208402.41..208402.41 rows=3333641 width=14) (actual time=1784.329..1784.331 rows=2666667 loops=3)
                                                  Buckets: 262144  Batches: 64  Memory Usage: 7968kB
                                                  ->  Parallel Seq Scan on partsupp ps  (cost=0.00..208402.41 rows=3333641 width=14) (actual time=0.233..1212.325 rows=2666667 loops=3)
                                      ->  Index Scan using supplier_pkey on supplier s  (cost=0.29..5.42 rows=1 width=8) (actual time=0.003..0.003 rows=1 loops=3261613)
                                            Index Cond: (s_suppkey = ps.ps_suppkey)
                                ->  Index Scan using orders_pkey on orders o  (cost=0.43..5.64 rows=1 width=8) (actual time=0.009..0.009 rows=1 loops=3261613)
                                      Index Cond: (o_orderkey = l.l_orderkey)
                          ->  Hash  (cost=11.90..11.90 rows=190 width=72) (actual time=409.933..409.934 rows=25 loops=3)
                                Buckets: 1024  Batches: 1  Memory Usage: 10kB
                                ->  Seq Scan on nation n  (cost=0.00..11.90 rows=190 width=72) (actual time=409.888..409.898 rows=25 loops=3)
Planning Time: 4.684 ms
JIT:
  Functions: 141
  Options: Inlining true, Optimization true, Expressions true, Deforming true
  Timing: Generation 9.473 ms, Inlining 218.494 ms, Optimization 570.669 ms, Emission 440.831 ms, Total 1239.467 ms
Execution Time: 31424.828 ms","Finalize GroupAggregate  (cost=1655398.91..1655418.39 rows=141 width=132) (actual time=31956.132..32814.840 rows=175 loops=1)
  Group Key: nation.n_name, (EXTRACT(year FROM (orders.o_orderdate)::timestamp without time zone))
  ->  Gather Merge  (cost=1655398.91..1655414.74 rows=118 width=132) (actual time=31946.128..32814.367 rows=525 loops=1)
        Workers Planned: 2
        Workers Launched: 2
        ->  Partial GroupAggregate  (cost=1654398.89..1654401.10 rows=59 width=132) (actual time=31309.187..32011.458 rows=175 loops=3)
              Group Key: nation.n_name, (EXTRACT(year FROM (orders.o_orderdate)::timestamp without time zone))
              ->  Sort  (cost=1654398.89..1654399.03 rows=59 width=123) (actual time=31304.966..31477.535 rows=1087204 loops=3)
                    Sort Key: nation.n_name NULLS FIRST, (EXTRACT(year FROM (orders.o_orderdate)::timestamp without time zone)) DESC NULLS LAST
                    Sort Method: external merge  Disk: 60792kB
                    Worker 0:  Sort Method: external merge  Disk: 48288kB
                    Worker 1:  Sort Method: external merge  Disk: 45960kB
                    ->  Nested Loop  (cost=1377920.94..1654397.15 rows=59 width=123) (actual time=13344.821..29909.724 rows=1087204 loops=3)
                          ->  Hash Join  (cost=1377920.50..1654063.81 rows=59 width=95) (actual time=13344.643..17757.745 rows=1087204 loops=3)
                                Hash Cond: (supplier.s_nationkey = nation.n_nationkey)
                                ->  Nested Loop  (cost=1377906.23..1654049.38 rows=59 width=31) (actual time=12957.169..17121.609 rows=1087204 loops=3)
                                      ->  Parallel Hash Join  (cost=1377905.94..1653729.89 rows=59 width=35) (actual time=12956.916..14689.597 rows=1087204 loops=3)
                                            Hash Cond: ((partsupp.ps_partkey = lineitem.l_partkey) AND (partsupp.ps_suppkey = lineitem.l_suppkey))
                                            ->  Parallel Seq Scan on partsupp  (cost=0.00..208402.41 rows=3333641 width=14) (actual time=0.210..1236.480 rows=2666667 loops=3)
                                            ->  Parallel Hash  (cost=1349107.84..1349107.84 rows=1262340 width=33) (actual time=11188.953..11188.960 rows=1087204 loops=3)
                                                  Buckets: 131072  Batches: 32  Memory Usage: 8352kB
                                                  ->  Parallel Hash Join  (cost=48137.68..1349107.84 rows=1262340 width=33) (actual time=117.117..10780.423 rows=1087204 loops=3)
                                                        Hash Cond: (lineitem.l_partkey = part.p_partkey)
                                                        ->  Parallel Seq Scan on lineitem  (cost=0.00..1235359.78 rows=24994378 width=29) (actual time=0.148..5825.021 rows=19995351 loops=3)
                                                        ->  Parallel Hash  (cost=47611.64..47611.64 rows=42083 width=4) (actual time=116.493..116.494 rows=36261 loops=3)
                                                              Buckets: 131072  Batches: 1  Memory Usage: 5312kB
                                                              ->  Parallel Seq Scan on part  (cost=0.00..47611.64 rows=42083 width=4) (actual time=0.053..106.188 rows=36261 loops=3)
                                                                    Filter: ((p_name)::text ~~ '%green%'::text)
                                                                    Rows Removed by Filter: 630406
                                      ->  Index Scan using supplier_pkey on supplier  (cost=0.29..5.42 rows=1 width=8) (actual time=0.002..0.002 rows=1 loops=3261613)
                                            Index Cond: (s_suppkey = lineitem.l_suppkey)
                                ->  Hash  (cost=11.90..11.90 rows=190 width=72) (actual time=387.435..387.436 rows=25 loops=3)
                                      Buckets: 1024  Batches: 1  Memory Usage: 10kB
                                      ->  Seq Scan on nation  (cost=0.00..11.90 rows=190 width=72) (actual time=387.390..387.401 rows=25 loops=3)
                          ->  Index Scan using orders_pkey on orders  (cost=0.43..5.64 rows=1 width=8) (actual time=0.011..0.011 rows=1 loops=3261613)
                                Index Cond: (o_orderkey = lineitem.l_orderkey)
Planning Time: 4.689 ms
JIT:
  Functions: 141
  Options: Inlining true, Optimization true, Expressions true, Deforming true
  Timing: Generation 8.884 ms, Inlining 202.319 ms, Optimization 550.330 ms, Emission 409.939 ms, Total 1171.472 ms
Execution Time: 32824.271 ms",SUCCESS
9,10,TPCH,Q10,"SELECT
    c.c_custkey,
    c.c_name,
    SUM(l.l_extendedprice * (1 - l.l_discount)) AS revenue,
    c.c_acctbal,
    n.n_name,
    c.c_address,
    c.c_phone,
    c.c_comment
FROM
    tpch.customer c
JOIN tpch.orders o
    ON c.c_custkey = o.o_custkey
JOIN tpch.lineitem l
    ON l.l_orderkey = o.o_orderkey
JOIN tpch.nation n
    ON c.c_nationkey = n.n_nationkey
WHERE
    o.o_orderdate >= DATE '1993-10-01'
    AND o.o_orderdate < DATE '1993-10-01' + INTERVAL '3 months'
    AND l.l_returnflag = 'R'
GROUP BY
    c.c_custkey,
    c.c_name,
    c.c_acctbal,
    c.c_phone,
    n.n_name,
    c.c_address,
    c.c_comment
ORDER BY
    revenue DESC
LIMIT 20;","selected_lines = orders.WHERE(
    (YEAR(order_date) == 1993) & (QUARTER(order_date) == 4)
).lines.WHERE(return_flag == ""R"")
result = customers.CALCULATE(
    C_CUSTKEY=key,
    C_NAME=name,
    REVENUE=SUM(selected_lines.extended_price * (1 - selected_lines.discount)),
    C_ACCTBAL=account_balance,
    N_NAME=nation.name,
    C_ADDRESS=address,
    C_PHONE=phone,
    C_COMMENT=comment,
).TOP_K(20, by=(REVENUE.DESC(), C_CUSTKEY.ASC()))","WITH _s3 AS (
  SELECT
    orders.o_custkey,
    SUM(lineitem.l_extendedprice * (
      1 - lineitem.l_discount
    )) AS sum_expr
  FROM tpch.orders AS orders
  JOIN tpch.lineitem AS lineitem
    ON lineitem.l_orderkey = orders.o_orderkey AND lineitem.l_returnflag = 'R'
  WHERE
    EXTRACT(MONTH FROM CAST(orders.o_orderdate AS TIMESTAMP)) IN (10, 11, 12)
    AND EXTRACT(YEAR FROM CAST(orders.o_orderdate AS TIMESTAMP)) = 1993
  GROUP BY
    1
)
SELECT
  customer.c_custkey AS C_CUSTKEY,
  customer.c_name AS C_NAME,
  COALESCE(_s3.sum_expr, 0) AS REVENUE,
  customer.c_acctbal AS C_ACCTBAL,
  nation.n_name AS N_NAME,
  customer.c_address AS C_ADDRESS,
  customer.c_phone AS C_PHONE,
  customer.c_comment AS C_COMMENT
FROM tpch.customer AS customer
LEFT JOIN _s3 AS _s3
  ON _s3.o_custkey = customer.c_custkey
JOIN tpch.nation AS nation
  ON customer.c_nationkey = nation.n_nationkey
ORDER BY
  3 DESC NULLS LAST,
  1 NULLS FIRST
LIMIT 20",13.912302471000203,10.970422925000094,"Limit  (cost=1930331.42..1930331.47 rows=20 width=244) (actual time=15009.458..15048.449 rows=20 loops=1)
  ->  Sort  (cost=1930331.42..1931646.88 rows=526184 width=244) (actual time=14786.125..14825.113 rows=20 loops=1)
        Sort Key: (sum((l.l_extendedprice * ('1'::numeric - l.l_discount)))) DESC
        Sort Method: top-N heapsort  Memory: 34kB
        ->  Finalize GroupAggregate  (cost=1848726.35..1916329.85 rows=526184 width=244) (actual time=13985.307..14658.930 rows=381105 loops=1)
              Group Key: c.c_custkey, n.n_name
              ->  Gather Merge  (cost=1848726.35..1905367.69 rows=438486 width=244) (actual time=13985.276..14349.668 rows=382609 loops=1)
                    Workers Planned: 2
                    Workers Launched: 2
                    ->  Partial GroupAggregate  (cost=1847726.32..1853755.51 rows=219243 width=244) (actual time=13964.373..14281.202 rows=127536 loops=3)
                          Group Key: c.c_custkey, n.n_name
                          ->  Sort  (cost=1847726.32..1848274.43 rows=219243 width=224) (actual time=13964.312..14026.417 rows=382361 loops=3)
                                Sort Key: c.c_custkey, n.n_name
                                Sort Method: external merge  Disk: 58296kB
                                Worker 0:  Sort Method: external merge  Disk: 58408kB
                                Worker 1:  Sort Method: external merge  Disk: 82064kB
                                ->  Hash Join  (cost=412805.34..1805044.09 rows=219243 width=224) (actual time=13240.775..13596.977 rows=382361 loops=3)
                                      Hash Cond: (c.c_nationkey = n.n_nationkey)
                                      ->  Parallel Hash Join  (cost=412791.07..1804441.46 rows=219243 width=160) (actual time=13022.476..13318.641 rows=382361 loops=3)
                                            Hash Cond: (o.o_custkey = c.c_custkey)
                                            ->  Parallel Hash Join  (cost=349556.91..1725061.79 rows=219243 width=16) (actual time=11594.418..12595.710 rows=382361 loops=3)
                                                  Hash Cond: (l.l_orderkey = o.o_orderkey)
                                                  ->  Parallel Seq Scan on lineitem l  (cost=0.00..1297845.73 rows=6197772 width=16) (actual time=0.188..9946.080 rows=4936061 loops=3)
                                                        Filter: (l_returnflag = 'R'::bpchar)
                                                        Rows Removed by Filter: 15059290
                                                  ->  Parallel Hash  (cost=345929.41..345929.41 rows=221080 width=8) (actual time=555.040..555.041 rows=191052 loops=3)
                                                        Buckets: 262144  Batches: 4  Memory Usage: 7712kB
                                                        ->  Parallel Seq Scan on orders o  (cost=0.00..345929.41 rows=221080 width=8) (actual time=0.079..506.085 rows=191052 loops=3)
                                                              Filter: ((o_orderdate >= '1993-10-01'::date) AND (o_orderdate < '1994-01-01 00:00:00'::timestamp without time zone))
                                                              Rows Removed by Filter: 4808948
                                            ->  Parallel Hash  (cost=41993.85..41993.85 rows=624985 width=148) (actual time=333.357..333.358 rows=500000 loops=3)
                                                  Buckets: 65536  Batches: 64  Memory Usage: 4832kB
                                                  ->  Parallel Seq Scan on customer c  (cost=0.00..41993.85 rows=624985 width=148) (actual time=0.049..108.560 rows=500000 loops=3)
                                      ->  Hash  (cost=11.90..11.90 rows=190 width=72) (actual time=218.270..218.272 rows=25 loops=3)
                                            Buckets: 1024  Batches: 1  Memory Usage: 10kB
                                            ->  Seq Scan on nation n  (cost=0.00..11.90 rows=190 width=72) (actual time=218.242..218.247 rows=25 loops=3)
Planning Time: 0.631 ms
JIT:
  Functions: 109
  Options: Inlining true, Optimization true, Expressions true, Deforming true
  Timing: Generation 6.094 ms, Inlining 184.863 ms, Optimization 404.287 ms, Emission 289.421 ms, Total 884.666 ms
Execution Time: 15058.169 ms","Limit  (cost=608619.01..608619.06 rows=20 width=244) (actual time=11494.099..11494.223 rows=20 loops=1)
  ->  Sort  (cost=608619.01..612368.92 rows=1499964 width=244) (actual time=11294.933..11295.055 rows=20 loops=1)
        Sort Key: (COALESCE(_s3.sum_expr, '0'::numeric)) DESC NULLS LAST, customer.c_custkey NULLS FIRST
        Sort Method: top-N heapsort  Memory: 30kB
        ->  Hash Join  (cost=509999.22..568705.51 rows=1499964 width=244) (actual time=9546.165..10817.520 rows=1500000 loops=1)
              Hash Cond: (customer.c_nationkey = nation.n_nationkey)
              ->  Hash Left Join  (cost=509984.94..564666.00 rows=1499964 width=180) (actual time=9545.793..10671.650 rows=1500000 loops=1)
                    Hash Cond: (customer.c_custkey = _s3.o_custkey)
                    ->  Seq Scan on customer  (cost=0.00..50743.64 rows=1499964 width=148) (actual time=0.012..160.480 rows=1500000 loops=1)
                    ->  Hash  (cost=509970.99..509970.99 rows=1116 width=36) (actual time=9545.661..9545.776 rows=381105 loops=1)
                          Buckets: 262144 (originally 2048)  Batches: 4 (originally 1)  Memory Usage: 6514kB
                          ->  Subquery Scan on _s3  (cost=509819.94..509970.99 rows=1116 width=36) (actual time=8847.656..9452.876 rows=381105 loops=1)
                                ->  Finalize GroupAggregate  (cost=509819.94..509959.83 rows=1116 width=36) (actual time=8847.653..9425.960 rows=381105 loops=1)
                                      Group Key: orders.o_custkey
                                      ->  Gather Merge  (cost=509819.94..509938.91 rows=930 width=36) (actual time=8847.637..9171.842 rows=450152 loops=1)
                                            Workers Planned: 2
                                            Workers Launched: 2
                                            ->  Partial GroupAggregate  (cost=508819.91..508831.54 rows=465 width=36) (actual time=8825.576..9105.188 rows=150051 loops=3)
                                                  Group Key: orders.o_custkey
                                                  ->  Sort  (cost=508819.91..508821.08 rows=465 width=16) (actual time=8825.517..8879.439 rows=382361 loops=3)
                                                        Sort Key: orders.o_custkey
                                                        Sort Method: external merge  Disk: 10216kB
                                                        Worker 0:  Sort Method: external merge  Disk: 9776kB
                                                        Worker 1:  Sort Method: external merge  Disk: 10952kB
                                                        ->  Nested Loop  (cost=0.56..508799.31 rows=465 width=16) (actual time=129.949..8656.626 rows=382361 loops=3)
                                                              ->  Parallel Seq Scan on orders  (cost=0.00..416238.46 rows=469 width=8) (actual time=129.692..1680.555 rows=191052 loops=3)
                                                                    Filter: ((EXTRACT(year FROM (o_orderdate)::timestamp without time zone) = '1993'::numeric) AND (EXTRACT(month FROM (o_orderdate)::timestamp without time zone) = ANY ('{10,11,12}'::numeric[])))
                                                                    Rows Removed by Filter: 4808948
                                                              ->  Index Scan using lineitem_pkey on lineitem  (cost=0.56..197.08 rows=28 width=16) (actual time=0.034..0.036 rows=2 loops=573157)
                                                                    Index Cond: (l_orderkey = orders.o_orderkey)
                                                                    Filter: (l_returnflag = 'R'::bpchar)
                                                                    Rows Removed by Filter: 2
              ->  Hash  (cost=11.90..11.90 rows=190 width=72) (actual time=0.351..0.352 rows=25 loops=1)
                    Buckets: 1024  Batches: 1  Memory Usage: 10kB
                    ->  Seq Scan on nation  (cost=0.00..11.90 rows=190 width=72) (actual time=0.340..0.342 rows=25 loops=1)
Planning Time: 1.418 ms
JIT:
  Functions: 67
  Options: Inlining true, Optimization true, Expressions true, Deforming true
  Timing: Generation 6.688 ms, Inlining 174.522 ms, Optimization 237.339 ms, Emission 176.396 ms, Total 594.945 ms
Execution Time: 11497.817 ms",SUCCESS
10,11,TPCH,Q11,"SELECT
    ps.ps_partkey,
    SUM(ps.ps_supplycost * ps.ps_availqty) AS value
FROM
    tpch.partsupp ps
JOIN tpch.supplier s
    ON ps.ps_suppkey = s.s_suppkey
JOIN tpch.nation n
    ON s.s_nationkey = n.n_nationkey
WHERE
    n.n_name = 'GERMANY'
GROUP BY
    ps.ps_partkey
HAVING
    SUM(ps.ps_supplycost * ps.ps_availqty) > (
        SELECT
            SUM(ps2.ps_supplycost * ps2.ps_availqty) * 0.0001
        FROM
            tpch.partsupp ps2
        JOIN tpch.supplier s2
            ON ps2.ps_suppkey = s2.s_suppkey
        JOIN tpch.nation n2
            ON s2.s_nationkey = n2.n_nationkey
        WHERE
            n2.n_name = 'GERMANY'
    )
ORDER BY
    value DESC;","is_german_supplier = supplier.nation.name == ""GERMANY""
selected_records = supply_records.WHERE(is_german_supplier).CALCULATE(
    metric=supply_cost * available_quantity
)
result = (
    TPCH.CALCULATE(min_market_share=SUM(selected_records.metric) * 0.0001)
    .supply_records.WHERE(is_german_supplier)
    .PARTITION(name=""parts"", by=part_key)
    .CALCULATE(
        PS_PARTKEY=part_key,
        VALUE=SUM(supply_records.supply_cost * supply_records.available_quantity),
    )
    .WHERE(VALUE > min_market_share)
    .TOP_K(10, by=VALUE.DESC())
)","WITH _s0 AS (
  SELECT
    s_nationkey,
    s_suppkey
  FROM tpch.supplier
), _t2 AS (
  SELECT
    n_name,
    n_nationkey
  FROM tpch.nation
  WHERE
    n_name = 'GERMANY'
), _s8 AS (
  SELECT
    SUM(partsupp.ps_supplycost * partsupp.ps_availqty) AS sum_metric
  FROM tpch.partsupp AS partsupp
  JOIN _s0 AS _s0
    ON _s0.s_suppkey = partsupp.ps_suppkey
  JOIN _t2 AS _t2
    ON _s0.s_nationkey = _t2.n_nationkey
), _s9 AS (
  SELECT
    partsupp.ps_partkey,
    SUM(partsupp.ps_supplycost * partsupp.ps_availqty) AS sum_expr
  FROM tpch.partsupp AS partsupp
  JOIN _s0 AS _s4
    ON _s4.s_suppkey = partsupp.ps_suppkey
  JOIN _t2 AS _t4
    ON _s4.s_nationkey = _t4.n_nationkey
  GROUP BY
    1
)
SELECT
  _s9.ps_partkey AS PS_PARTKEY,
  COALESCE(_s9.sum_expr, 0) AS VALUE
FROM _s8 AS _s8
JOIN _s9 AS _s9
  ON (
    COALESCE(_s8.sum_metric, 0) * 0.0001
  ) < COALESCE(_s9.sum_expr, 0)
ORDER BY
  2 DESC NULLS LAST
LIMIT 10",2.6649097580000216,4.987159426000062,"Sort  (cost=457529.05..457564.14 rows=14036 width=36) (actual time=1722.016..1727.988 rows=0 loops=1)
  Sort Key: (sum((ps.ps_supplycost * (ps.ps_availqty)::numeric))) DESC
  Sort Method: quicksort  Memory: 25kB
  InitPlan 1 (returns $1)
    ->  Finalize Aggregate  (cost=225036.73..225036.74 rows=1 width=32) (actual time=730.016..730.252 rows=1 loops=1)
          ->  Gather  (cost=225036.51..225036.72 rows=2 width=32) (actual time=729.800..730.226 rows=3 loops=1)
                Workers Planned: 2
                Workers Launched: 2
                ->  Partial Aggregate  (cost=224036.51..224036.52 rows=1 width=32) (actual time=712.579..712.585 rows=1 loops=3)
                      ->  Parallel Hash Join  (cost=2898.35..223904.92 rows=17545 width=10) (actual time=19.188..675.816 rows=107973 loops=3)
                            Hash Cond: (ps2.ps_suppkey = s2.s_suppkey)
                            ->  Parallel Seq Scan on partsupp ps2  (cost=0.00..208402.41 rows=3333641 width=14) (actual time=0.036..335.267 rows=2666667 loops=3)
                            ->  Parallel Hash  (cost=2894.48..2894.48 rows=309 width=4) (actual time=18.749..18.752 rows=1350 loops=3)
                                  Buckets: 4096 (originally 1024)  Batches: 1 (originally 1)  Memory Usage: 280kB
                                  ->  Hash Join  (cost=12.39..2894.48 rows=309 width=4) (actual time=5.534..14.298 rows=1350 loops=3)
                                        Hash Cond: (s2.s_nationkey = n2.n_nationkey)
                                        ->  Parallel Seq Scan on supplier s2  (cost=0.00..2724.24 rows=58824 width=8) (actual time=0.010..3.124 rows=33333 loops=3)
                                        ->  Hash  (cost=12.38..12.38 rows=1 width=4) (actual time=5.493..5.494 rows=1 loops=3)
                                              Buckets: 1024  Batches: 1  Memory Usage: 9kB
                                              ->  Seq Scan on nation n2  (cost=0.00..12.38 rows=1 width=4) (actual time=5.484..5.487 rows=1 loops=3)
                                                    Filter: ((n_name)::text = 'GERMANY'::text)
                                                    Rows Removed by Filter: 24
  ->  Finalize GroupAggregate  (cost=226141.76..231525.45 rows=14036 width=36) (actual time=1722.010..1727.744 rows=0 loops=1)
        Group Key: ps.ps_partkey
        Filter: (sum((ps.ps_supplycost * (ps.ps_availqty)::numeric)) > $1)
        Rows Removed by Filter: 304774
        ->  Gather Merge  (cost=226141.76..230630.64 rows=35090 width=36) (actual time=730.107..833.203 rows=304794 loops=1)
              Workers Planned: 2
              Workers Launched: 2
              ->  Partial GroupAggregate  (cost=225141.73..225580.36 rows=17545 width=36) (actual time=712.226..809.651 rows=101598 loops=3)
                    Group Key: ps.ps_partkey
                    ->  Sort  (cost=225141.73..225185.60 rows=17545 width=14) (actual time=712.170..723.316 rows=107973 loops=3)
                          Sort Key: ps.ps_partkey
                          Sort Method: external merge  Disk: 2296kB
                          Worker 0:  Sort Method: external merge  Disk: 2240kB
                          Worker 1:  Sort Method: external merge  Disk: 3736kB
                          ->  Parallel Hash Join  (cost=2898.35..223904.92 rows=17545 width=14) (actual time=28.940..679.806 rows=107973 loops=3)
                                Hash Cond: (ps.ps_suppkey = s.s_suppkey)
                                ->  Parallel Seq Scan on partsupp ps  (cost=0.00..208402.41 rows=3333641 width=18) (actual time=0.055..333.413 rows=2666667 loops=3)
                                ->  Parallel Hash  (cost=2894.48..2894.48 rows=309 width=4) (actual time=28.637..28.641 rows=1350 loops=3)
                                      Buckets: 4096 (originally 1024)  Batches: 1 (originally 1)  Memory Usage: 280kB
                                      ->  Hash Join  (cost=12.39..2894.48 rows=309 width=4) (actual time=16.776..25.009 rows=1350 loops=3)
                                            Hash Cond: (s.s_nationkey = n.n_nationkey)
                                            ->  Parallel Seq Scan on supplier s  (cost=0.00..2724.24 rows=58824 width=8) (actual time=0.008..3.072 rows=33333 loops=3)
                                            ->  Hash  (cost=12.38..12.38 rows=1 width=4) (actual time=16.738..16.739 rows=1 loops=3)
                                                  Buckets: 1024  Batches: 1  Memory Usage: 9kB
                                                  ->  Seq Scan on nation n  (cost=0.00..12.38 rows=1 width=4) (actual time=16.725..16.729 rows=1 loops=3)
                                                        Filter: ((n_name)::text = 'GERMANY'::text)
                                                        Rows Removed by Filter: 24
Planning Time: 0.409 ms
JIT:
  Functions: 147
  Options: Inlining false, Optimization false, Expressions true, Deforming true
  Timing: Generation 7.186 ms, Inlining 0.000 ms, Optimization 4.221 ms, Emission 62.572 ms, Total 73.979 ms
Execution Time: 1731.275 ms","Limit  (cost=896125.25..896125.28 rows=10 width=36) (actual time=5617.157..5617.166 rows=0 loops=1)
  CTE _s0
    ->  Seq Scan on supplier  (cost=0.00..3136.00 rows=100000 width=8) (actual time=0.025..17.202 rows=100000 loops=1)
  CTE _t2
    ->  Seq Scan on nation  (cost=0.00..12.38 rows=1 width=72) (actual time=0.014..0.016 rows=1 loops=1)
          Filter: ((n_name)::text = 'GERMANY'::text)
          Rows Removed by Filter: 24
  ->  Sort  (cost=892976.88..893010.22 rows=13336 width=36) (actual time=5414.030..5414.037 rows=0 loops=1)
        Sort Key: (COALESCE((sum((partsupp_1.ps_supplycost * (partsupp_1.ps_availqty)::numeric))), '0'::numeric)) DESC NULLS LAST
        Sort Method: quicksort  Memory: 25kB
        ->  Nested Loop  (cost=891088.32..892688.69 rows=13336 width=36) (actual time=5414.010..5414.018 rows=0 loops=1)
              Join Filter: ((COALESCE((sum((partsupp.ps_supplycost * (partsupp.ps_availqty)::numeric))), '0'::numeric) * 0.0001) < COALESCE((sum((partsupp_1.ps_supplycost * (partsupp_1.ps_availqty)::numeric))), '0'::numeric))
              Rows Removed by Join Filter: 304774
              ->  Aggregate  (cost=436352.05..436352.06 rows=1 width=32) (actual time=2709.619..2709.622 rows=1 loops=1)
                    ->  Hash Join  (cost=394149.64..436051.98 rows=40009 width=10) (actual time=1872.357..2653.612 rows=323920 loops=1)
                          Hash Cond: (_s0.s_suppkey = partsupp.ps_suppkey)
                          ->  Hash Join  (cost=0.03..2380.03 rows=500 width=4) (actual time=0.086..42.365 rows=4049 loops=1)
                                Hash Cond: (_s0.s_nationkey = _t2.n_nationkey)
                                ->  CTE Scan on _s0  (cost=0.00..2000.00 rows=100000 width=8) (actual time=0.030..36.880 rows=100000 loops=1)
                                ->  Hash  (cost=0.02..0.02 rows=1 width=4) (actual time=0.024..0.025 rows=1 loops=1)
                                      Buckets: 1024  Batches: 1  Memory Usage: 9kB
                                      ->  CTE Scan on _t2  (cost=0.00..0.02 rows=1 width=4) (actual time=0.017..0.020 rows=1 loops=1)
                          ->  Hash  (cost=255073.38..255073.38 rows=8000738 width=14) (actual time=1869.282..1869.283 rows=8000000 loops=1)
                                Buckets: 262144 (originally 262144)  Batches: 128 (originally 64)  Memory Usage: 8116kB
                                ->  Seq Scan on partsupp  (cost=0.00..255073.38 rows=8000738 width=14) (actual time=0.054..844.771 rows=8000000 loops=1)
              ->  GroupAggregate  (cost=454736.27..455736.50 rows=40009 width=36) (actual time=2470.565..2660.788 rows=304774 loops=1)
                    Group Key: partsupp_1.ps_partkey
                    ->  Sort  (cost=454736.27..454836.30 rows=40009 width=14) (actual time=2470.507..2494.075 rows=323920 loops=1)
                          Sort Key: partsupp_1.ps_partkey
                          Sort Method: external sort  Disk: 9544kB
                          ->  Hash Join  (cost=401962.64..451677.98 rows=40009 width=14) (actual time=1859.719..2353.106 rows=323920 loops=1)
                                Hash Cond: (_s4.s_suppkey = partsupp_1.ps_suppkey)
                                ->  Hash Join  (cost=0.03..2380.03 rows=500 width=4) (actual time=0.045..11.835 rows=4049 loops=1)
                                      Hash Cond: (_s4.s_nationkey = _t4.n_nationkey)
                                      ->  CTE Scan on _s0 _s4  (cost=0.00..2000.00 rows=100000 width=8) (actual time=0.015..6.456 rows=100000 loops=1)
                                      ->  Hash  (cost=0.02..0.02 rows=1 width=4) (actual time=0.011..0.011 rows=1 loops=1)
                                            Buckets: 1024  Batches: 1  Memory Usage: 9kB
                                            ->  CTE Scan on _t2 _t4  (cost=0.00..0.02 rows=1 width=4) (actual time=0.005..0.006 rows=1 loops=1)
                                ->  Hash  (cost=255073.38..255073.38 rows=8000738 width=18) (actual time=1858.636..1858.637 rows=8000000 loops=1)
                                      Buckets: 131072  Batches: 64  Memory Usage: 7403kB
                                      ->  Seq Scan on partsupp partsupp_1  (cost=0.00..255073.38 rows=8000738 width=18) (actual time=0.027..853.579 rows=8000000 loops=1)
Planning Time: 0.321 ms
JIT:
  Functions: 52
  Options: Inlining true, Optimization true, Expressions true, Deforming true
  Timing: Generation 2.504 ms, Inlining 13.486 ms, Optimization 108.540 ms, Emission 81.271 ms, Total 205.801 ms
Execution Time: 5622.222 ms",SUCCESS
11,12,TPCH,Q12,"SELECT
    l.l_shipmode,
    SUM(
        CASE
            WHEN o.o_orderpriority = '1-URGENT'
              OR o.o_orderpriority = '2-HIGH'
            THEN 1
            ELSE 0
        END
    ) AS high_line_count,
    SUM(
        CASE
            WHEN o.o_orderpriority <> '1-URGENT'
             AND o.o_orderpriority <> '2-HIGH'
            THEN 1
            ELSE 0
        END
    ) AS low_line_count
FROM
    tpch.orders o
JOIN tpch.lineitem l
    ON o.o_orderkey = l.l_orderkey
WHERE
    l.l_shipmode IN ('MAIL', 'SHIP')
    AND l.l_commitdate < l.l_receiptdate
    AND l.l_shipdate < l.l_commitdate
    AND l.l_receiptdate >= DATE '1994-01-01'
    AND l.l_receiptdate < DATE '1994-01-01' + INTERVAL '1 year'
GROUP BY
    l.l_shipmode
ORDER BY
    l.l_shipmode;","result = (
        lines.WHERE(
            ((ship_mode == ""MAIL"") | (ship_mode == ""SHIP""))
            & (ship_date < commit_date)
            & (commit_date < receipt_date)
            & (YEAR(receipt_date) == 1994)
        )
        .CALCULATE(
            is_high_priority=ISIN(order.order_priority, (""1-URGENT"", ""2-HIGH"")),
        )
        .PARTITION(""modes"", by=ship_mode)
        .CALCULATE(
            L_SHIPMODE=ship_mode,
            HIGH_LINE_COUNT=SUM(lines.is_high_priority),
            LOW_LINE_COUNT=SUM(~(lines.is_high_priority)),
        )
        .ORDER_BY(L_SHIPMODE.ASC())
    )","SELECT
  lineitem.l_shipmode AS L_SHIPMODE,
  COALESCE(
    SUM(CASE WHEN orders.o_orderpriority IN ('1-URGENT', '2-HIGH') THEN 1 ELSE 0 END),
    0
  ) AS HIGH_LINE_COUNT,
  COALESCE(
    SUM(CASE WHEN NOT orders.o_orderpriority IN ('1-URGENT', '2-HIGH') THEN 1 ELSE 0 END),
    0
  ) AS LOW_LINE_COUNT
FROM tpch.lineitem AS lineitem
JOIN tpch.orders AS orders
  ON lineitem.l_orderkey = orders.o_orderkey
WHERE
  EXTRACT(YEAR FROM CAST(lineitem.l_receiptdate AS TIMESTAMP)) = 1994
  AND lineitem.l_commitdate < lineitem.l_receiptdate
  AND lineitem.l_commitdate > lineitem.l_shipdate
  AND (
    lineitem.l_shipmode = 'MAIL' OR lineitem.l_shipmode = 'SHIP'
  )
GROUP BY
  1
ORDER BY
  1 NULLS FIRST",13.171244358999957,9.200927282000066,"Finalize GroupAggregate  (cost=2016477.24..2018910.09 rows=7 width=21) (actual time=13467.638..13488.140 rows=2 loops=1)
  Group Key: l.l_shipmode
  ->  Gather Merge  (cost=2016477.24..2018909.91 rows=14 width=21) (actual time=13454.278..13488.085 rows=6 loops=1)
        Workers Planned: 2
        Workers Launched: 2
        ->  Partial GroupAggregate  (cost=2015477.22..2017908.27 rows=7 width=21) (actual time=13427.161..13438.569 rows=2 loops=3)
              Group Key: l.l_shipmode
              ->  Sort  (cost=2015477.22..2015781.09 rows=121549 width=14) (actual time=13409.854..13420.565 rows=103601 loops=3)
                    Sort Key: l.l_shipmode
                    Sort Method: external merge  Disk: 2168kB
                    Worker 0:  Sort Method: external merge  Disk: 2296kB
                    Worker 1:  Sort Method: external merge  Disk: 2968kB
                    ->  Parallel Hash Join  (cost=423319.11..2003132.69 rows=121549 width=14) (actual time=12388.418..13386.500 rows=103601 loops=3)
                          Hash Cond: (l.l_orderkey = o.o_orderkey)
                          ->  Parallel Seq Scan on lineitem l  (cost=0.00..1547789.51 rows=121549 width=9) (actual time=0.341..10251.784 rows=103601 loops=3)
                                Filter: (((l_shipmode)::text = ANY ('{MAIL,SHIP}'::text[])) AND (l_commitdate < l_receiptdate) AND (l_shipdate < l_commitdate) AND (l_receiptdate >= '1994-01-01'::date) AND (l_receiptdate < '1995-01-01 00:00:00'::timestamp without time zone))
                                Rows Removed by Filter: 19891750
                          ->  Parallel Hash  (cost=314680.94..314680.94 rows=6249694 width=13) (actual time=2058.935..2058.936 rows=5000000 loops=3)
                                Buckets: 262144  Batches: 128  Memory Usage: 7808kB
                                ->  Parallel Seq Scan on orders o  (cost=0.00..314680.94 rows=6249694 width=13) (actual time=223.206..1095.771 rows=5000000 loops=3)
Planning Time: 0.316 ms
JIT:
  Functions: 54
  Options: Inlining true, Optimization true, Expressions true, Deforming true
  Timing: Generation 4.067 ms, Inlining 188.327 ms, Optimization 275.438 ms, Emission 206.155 ms, Total 673.987 ms
Execution Time: 13490.274 ms","Finalize GroupAggregate  (cost=1703824.99..1703882.88 rows=7 width=21) (actual time=9189.808..9189.891 rows=2 loops=1)
  Group Key: lineitem.l_shipmode
  ->  Gather Merge  (cost=1703824.99..1703882.70 rows=14 width=21) (actual time=9175.094..9189.803 rows=6 loops=1)
        Workers Planned: 2
        Workers Launched: 2
        ->  Partial GroupAggregate  (cost=1702824.97..1702881.06 rows=7 width=21) (actual time=9139.206..9151.558 rows=2 loops=3)
              Group Key: lineitem.l_shipmode
              ->  Sort  (cost=1702824.97..1702834.30 rows=3735 width=14) (actual time=9119.723..9130.250 rows=103601 loops=3)
                    Sort Key: lineitem.l_shipmode NULLS FIRST
                    Sort Method: external merge  Disk: 2352kB
                    Worker 0:  Sort Method: external merge  Disk: 2456kB
                    Worker 1:  Sort Method: external merge  Disk: 2632kB
                    ->  Nested Loop  (cost=0.43..1702603.35 rows=3735 width=14) (actual time=239.269..9079.178 rows=103601 loops=3)
                          ->  Parallel Seq Scan on lineitem  (cost=0.00..1672761.40 rows=3735 width=9) (actual time=239.069..8500.878 rows=103601 loops=3)
                                Filter: ((l_commitdate < l_receiptdate) AND (l_commitdate > l_shipdate) AND (((l_shipmode)::text = 'MAIL'::text) OR ((l_shipmode)::text = 'SHIP'::text)) AND (EXTRACT(year FROM (l_receiptdate)::timestamp without time zone) = '1994'::numeric))
                                Rows Removed by Filter: 19891750
                          ->  Index Scan using orders_pkey on orders  (cost=0.43..7.99 rows=1 width=13) (actual time=0.005..0.005 rows=1 loops=310803)
                                Index Cond: (o_orderkey = lineitem.l_orderkey)
Planning Time: 1.205 ms
JIT:
  Functions: 42
  Options: Inlining true, Optimization true, Expressions true, Deforming true
  Timing: Generation 5.910 ms, Inlining 203.510 ms, Optimization 283.015 ms, Emission 230.238 ms, Total 722.673 ms
Execution Time: 9191.996 ms",SUCCESS
12,13,TPCH,Q13,"SELECT
    c_count,
    COUNT(*) AS custdist
FROM (
    SELECT
        c.c_custkey,
        COUNT(o.o_orderkey) AS c_count
    FROM
        tpch.customer c
    LEFT JOIN tpch.orders o
        ON c.c_custkey = o.o_custkey
        AND o.o_comment NOT LIKE '%special%requests%'
    GROUP BY
        c.c_custkey
) AS c_orders
GROUP BY
    c_count
ORDER BY
    custdist DESC,
    c_count DESC
LIMIT 10;","selected_orders = orders.WHERE(~(LIKE(comment, ""%special%requests%"")))
result = (
    customers.CALCULATE(num_non_special_orders=COUNT(selected_orders))
    .PARTITION(name=""num_order_groups"", by=num_non_special_orders)
    .CALCULATE(C_COUNT=num_non_special_orders, CUSTDIST=COUNT(customers))
    .TOP_K(10, by=(CUSTDIST.DESC(), C_COUNT.DESC()))
)","WITH _s1 AS (
  SELECT
    o_custkey,
    COUNT(*) AS n_rows
  FROM tpch.orders
  WHERE
    NOT o_comment LIKE '%special%requests%'
  GROUP BY
    1
)
SELECT
  COALESCE(_s1.n_rows, 0) AS C_COUNT,
  COUNT(*) AS CUSTDIST
FROM tpch.customer AS customer
LEFT JOIN _s1 AS _s1
  ON _s1.o_custkey = customer.c_custkey
GROUP BY
  1
ORDER BY
  2 DESC NULLS LAST,
  1 DESC NULLS LAST
LIMIT 10",7.4418363709999085,5.745942471000035,"Limit  (cost=1409102.10..1409102.13 rows=10 width=16) (actual time=8369.806..8433.930 rows=10 loops=1)
  ->  Sort  (cost=1409102.10..1409102.60 rows=200 width=16) (actual time=8295.354..8359.476 rows=10 loops=1)
        Sort Key: (count(*)) DESC, (count(o.o_orderkey)) DESC
        Sort Method: top-N heapsort  Memory: 25kB
        ->  HashAggregate  (cost=1409095.78..1409097.78 rows=200 width=16) (actual time=8295.324..8359.450 rows=46 loops=1)
              Group Key: count(o.o_orderkey)
              Batches: 1  Memory Usage: 40kB
              ->  Finalize HashAggregate  (cost=1342300.51..1386596.32 rows=1499964 width=12) (actual time=7569.968..8243.586 rows=1500000 loops=1)
                    Group Key: c.c_custkey
                    Planned Partitions: 32  Batches: 161  Memory Usage: 11025kB  Disk Usage: 63264kB
                    ->  Gather  (cost=786792.64..1150117.62 rows=2999928 width=12) (actual time=6362.863..7138.877 rows=1674641 loops=1)
                          Workers Planned: 2
                          Workers Launched: 2
                          ->  Partial HashAggregate  (cost=785792.64..849124.82 rows=1499964 width=12) (actual time=6347.850..7117.955 rows=558214 loops=3)
                                Group Key: c.c_custkey
                                Planned Partitions: 32  Batches: 33  Memory Usage: 8209kB  Disk Usage: 128680kB
                                Worker 0:  Batches: 33  Memory Usage: 8209kB  Disk Usage: 96104kB
                                Worker 1:  Batches: 33  Memory Usage: 8209kB  Disk Usage: 131080kB
                                ->  Parallel Hash Right Join  (cost=40477.41..437798.36 rows=6186565 width=8) (actual time=2708.703..4794.441 rows=5112535 loops=3)
                                      Hash Cond: (o.o_custkey = c.c_custkey)
                                      ->  Parallel Seq Scan on orders o  (cost=0.00..330305.17 rows=6186565 width=8) (actual time=0.094..1652.251 rows=4945861 loops=3)
                                            Filter: ((o_comment)::text !~~ '%special%requests%'::text)
                                            Rows Removed by Filter: 54139
                                      ->  Parallel Hash  (cost=30223.10..30223.10 rows=624985 width=4) (actual time=207.741..207.743 rows=500000 loops=3)
                                            Buckets: 262144  Batches: 16  Memory Usage: 5760kB
                                            ->  Parallel Index Only Scan using customer_pkey on customer c  (cost=0.43..30223.10 rows=624985 width=4) (actual time=0.030..45.344 rows=500000 loops=3)
                                                  Heap Fetches: 0
Planning Time: 0.252 ms
JIT:
  Functions: 63
  Options: Inlining true, Optimization true, Expressions true, Deforming true
  Timing: Generation 4.806 ms, Inlining 213.780 ms, Optimization 161.077 ms, Emission 133.754 ms, Total 513.417 ms
Execution Time: 8457.930 ms","Limit  (cost=1153423.31..1153423.34 rows=10 width=16) (actual time=6752.734..6779.487 rows=10 loops=1)
  ->  Sort  (cost=1153423.31..1153423.81 rows=200 width=16) (actual time=6687.314..6714.065 rows=10 loops=1)
        Sort Key: (count(*)) DESC NULLS LAST, (COALESCE((count(*)), '0'::bigint)) DESC NULLS LAST
        Sort Method: top-N heapsort  Memory: 25kB
        ->  HashAggregate  (cost=1153416.99..1153418.99 rows=200 width=16) (actual time=6687.252..6714.009 rows=46 loops=1)
              Group Key: COALESCE((count(*)), '0'::bigint)
              Batches: 1  Memory Usage: 40kB
              ->  Merge Left Join  (cost=845554.83..1145917.17 rows=1499964 width=8) (actual time=5631.360..6586.818 rows=1500000 loops=1)
                    Merge Cond: (customer.c_custkey = orders.o_custkey)
                    ->  Index Only Scan using customer_pkey on customer  (cost=0.43..38972.89 rows=1499964 width=4) (actual time=0.034..123.747 rows=1500000 loops=1)
                          Heap Fetches: 0
                    ->  Finalize GroupAggregate  (cost=845554.41..1082179.66 rows=933987 width=12) (actual time=5631.307..6268.504 rows=999979 loops=1)
                          Group Key: orders.o_custkey
                          ->  Gather Merge  (cost=845554.41..1063499.92 rows=1867974 width=12) (actual time=5631.256..6031.240 rows=2914083 loops=1)
                                Workers Planned: 2
                                Workers Launched: 2
                                ->  Sort  (cost=844554.38..846889.35 rows=933987 width=12) (actual time=5556.434..5638.474 rows=971361 loops=3)
                                      Sort Key: orders.o_custkey
                                      Sort Method: external merge  Disk: 25376kB
                                      Worker 0:  Sort Method: external merge  Disk: 24448kB
                                      Worker 1:  Sort Method: external merge  Disk: 24448kB
                                      ->  Partial HashAggregate  (cost=678299.45..735971.86 rows=933987 width=12) (actual time=3532.282..5150.797 rows=971361 loops=3)
                                            Group Key: orders.o_custkey
                                            Planned Partitions: 16  Batches: 17  Memory Usage: 8337kB  Disk Usage: 211184kB
                                            Worker 0:  Batches: 17  Memory Usage: 8337kB  Disk Usage: 113288kB
                                            Worker 1:  Batches: 17  Memory Usage: 8337kB  Disk Usage: 113272kB
                                            ->  Parallel Seq Scan on orders  (cost=0.00..330305.17 rows=6186565 width=4) (actual time=95.148..1698.501 rows=4945861 loops=3)
                                                  Filter: ((o_comment)::text !~~ '%special%requests%'::text)
                                                  Rows Removed by Filter: 54139
Planning Time: 0.205 ms
JIT:
  Functions: 38
  Options: Inlining true, Optimization true, Expressions true, Deforming true
  Timing: Generation 3.199 ms, Inlining 196.212 ms, Optimization 106.958 ms, Emission 96.430 ms, Total 402.800 ms
Execution Time: 6809.082 ms",SUCCESS
13,14,TPCH,Q14,"SELECT
    100.00 * SUM(
        CASE
            WHEN p.p_type LIKE 'PROMO%'
            THEN l.l_extendedprice * (1 - l.l_discount)
            ELSE 0
        END
    ) / SUM(l.l_extendedprice * (1 - l.l_discount)) AS promo_revenue
FROM
    tpch.lineitem l
JOIN tpch.part p
    ON l.l_partkey = p.p_partkey
WHERE
    l.l_shipdate >= DATE '1995-09-01'
    AND l.l_shipdate < DATE '1995-09-01' + INTERVAL '1 month';","value_metric = extended_price * (1 - discount)
selected_lines = lines.WHERE(
    (YEAR(ship_date) == 1995) & (MONTH(ship_date) == 9)
).CALCULATE(
    value=value_metric,
    promo_value=IFF(STARTSWITH(part.part_type, ""PROMO""), value_metric, 0),
)
result = TPCH.CALCULATE(
    PROMO_REVENUE=100.0
    * SUM(selected_lines.promo_value)
    / SUM(selected_lines.value)
)","SELECT
  (
    100.0 * COALESCE(
      SUM(
        CASE
          WHEN part.p_type LIKE 'PROMO%'
          THEN lineitem.l_extendedprice * (
            1 - lineitem.l_discount
          )
          ELSE 0
        END
      ),
      0
    )
  ) / COALESCE(SUM(lineitem.l_extendedprice * (
    1 - lineitem.l_discount
  )), 0) AS PROMO_REVENUE
FROM tpch.lineitem AS lineitem
JOIN tpch.part AS part
  ON lineitem.l_partkey = part.p_partkey
WHERE
  EXTRACT(MONTH FROM CAST(lineitem.l_shipdate AS TIMESTAMP)) = 9
  AND EXTRACT(YEAR FROM CAST(lineitem.l_shipdate AS TIMESTAMP)) = 1995",9.024647790000245,11.167339894000179,"Finalize Aggregate  (cost=1437558.17..1437558.19 rows=1 width=32) (actual time=9075.952..9097.015 rows=1 loops=1)
  ->  Gather  (cost=1437557.94..1437558.15 rows=2 width=64) (actual time=9075.922..9096.990 rows=3 loops=1)
        Workers Planned: 2
        Workers Launched: 2
        ->  Partial Aggregate  (cost=1436557.94..1436557.95 rows=1 width=64) (actual time=9060.285..9060.290 rows=1 loops=3)
              ->  Parallel Hash Join  (cost=61641.15..1431354.36 rows=297347 width=33) (actual time=8817.701..8948.753 rows=249741 loops=3)
                    Hash Cond: (l.l_partkey = p.p_partkey)
                    ->  Parallel Seq Scan on lineitem l  (cost=0.00..1360331.68 rows=297347 width=16) (actual time=0.264..8319.558 rows=249741 loops=3)
                          Filter: ((l_shipdate >= '1995-09-01'::date) AND (l_shipdate < '1995-10-01 00:00:00'::timestamp without time zone))
                          Rows Removed by Filter: 19745610
                    ->  Parallel Hash  (cost=45528.51..45528.51 rows=833251 width=25) (actual time=405.083..405.084 rows=666667 loops=3)
                          Buckets: 131072  Batches: 32  Memory Usage: 4896kB
                          ->  Parallel Seq Scan on part p  (cost=0.00..45528.51 rows=833251 width=25) (actual time=165.438..265.810 rows=666667 loops=3)
Planning Time: 0.225 ms
JIT:
  Functions: 44
  Options: Inlining true, Optimization true, Expressions true, Deforming true
  Timing: Generation 3.080 ms, Inlining 181.434 ms, Optimization 174.077 ms, Emission 140.979 ms, Total 499.570 ms
Execution Time: 9098.410 ms","Finalize Aggregate  (cost=1616216.43..1616216.44 rows=1 width=32) (actual time=11172.897..11183.107 rows=1 loops=1)
  ->  Gather  (cost=1616216.19..1616216.40 rows=2 width=64) (actual time=11172.677..11183.075 rows=3 loops=1)
        Workers Planned: 2
        Workers Launched: 2
        ->  Partial Aggregate  (cost=1615216.19..1615216.20 rows=1 width=64) (actual time=11148.704..11148.706 rows=1 loops=3)
              ->  Nested Loop  (cost=0.43..1615205.25 rows=625 width=33) (actual time=189.849..10986.440 rows=249741 loops=3)
                    ->  Parallel Seq Scan on lineitem  (cost=0.00..1610275.46 rows=625 width=16) (actual time=189.647..9103.939 rows=249741 loops=3)
                          Filter: ((EXTRACT(month FROM (l_shipdate)::timestamp without time zone) = '9'::numeric) AND (EXTRACT(year FROM (l_shipdate)::timestamp without time zone) = '1995'::numeric))
                          Rows Removed by Filter: 19745610
                    ->  Index Scan using part_pkey on part  (cost=0.43..7.89 rows=1 width=25) (actual time=0.007..0.007 rows=1 loops=749223)
                          Index Cond: (p_partkey = lineitem.l_partkey)
Planning Time: 1.138 ms
JIT:
  Functions: 32
  Options: Inlining true, Optimization true, Expressions true, Deforming true
  Timing: Generation 7.342 ms, Inlining 229.024 ms, Optimization 191.145 ms, Emission 147.865 ms, Total 575.376 ms
Execution Time: 11184.540 ms",SUCCESS
14,15,TPCH,Q15,"WITH revenue AS (
    SELECT
        l.l_suppkey AS supplier_no,
        SUM(l.l_extendedprice * (1 - l.l_discount)) AS total_revenue
    FROM
        tpch.lineitem l
    WHERE
        l.l_shipdate >= DATE '1996-01-01'
        AND l.l_shipdate < DATE '1996-01-01' + INTERVAL '3 months'
    GROUP BY
        l.l_suppkey
)
SELECT
    s.s_suppkey,
    s.s_name,
    s.s_address,
    s.s_phone,
    r.total_revenue
FROM
    tpch.supplier s
JOIN revenue r
    ON s.s_suppkey = r.supplier_no
WHERE
    r.total_revenue = (
        SELECT
            MAX(total_revenue)
        FROM
            revenue
    )
ORDER BY
    s.s_suppkey;","selected_lines = lines.WHERE(
    (ship_date >= DATETIME('1996-1-1'))
    & (ship_date < DATETIME('1996-4-1'))
)
total = SUM(selected_lines.extended_price * (1 - selected_lines.discount))
result = (
    TPCH.CALCULATE(
        max_revenue=MAX(
            suppliers.WHERE(HAS(selected_lines))
            .CALCULATE(total_revenue=total)
            .total_revenue
        )
    )
    .suppliers.WHERE(HAS(selected_lines) & (total == max_revenue))
    .CALCULATE(
        S_SUPPKEY=key,
        S_NAME=name,
        S_ADDRESS=address,
        S_PHONE=phone,
        TOTAL_REVENUE=total,
    )
    .ORDER_BY(S_SUPPKEY.ASC())
)","WITH _t3 AS (
  SELECT
    l_discount,
    l_extendedprice,
    l_shipdate,
    l_suppkey
  FROM tpch.lineitem
  WHERE
    l_shipdate < CAST('1996-04-01' AS DATE)
    AND l_shipdate >= CAST('1996-01-01' AS DATE)
), _t1 AS (
  SELECT
    SUM(l_extendedprice * (
      1 - l_discount
    )) AS sum_expr
  FROM _t3
  GROUP BY
    l_suppkey
), _s0 AS (
  SELECT
    MAX(COALESCE(sum_expr, 0)) AS max_total_revenue
  FROM _t1
), _s3 AS (
  SELECT
    l_suppkey,
    SUM(l_extendedprice * (
      1 - l_discount
    )) AS sum_expr
  FROM _t3
  GROUP BY
    1
)
SELECT
  supplier.s_suppkey AS S_SUPPKEY,
  supplier.s_name AS S_NAME,
  supplier.s_address AS S_ADDRESS,
  supplier.s_phone AS S_PHONE,
  COALESCE(_s3.sum_expr, 0) AS TOTAL_REVENUE
FROM _s0 AS _s0
CROSS JOIN tpch.supplier AS supplier
JOIN _s3 AS _s3
  ON _s0.max_total_revenue = COALESCE(_s3.sum_expr, 0)
  AND _s3.l_suppkey = supplier.s_suppkey
ORDER BY
  1 NULLS FIRST",9.7335651530002,12.218739995000305,"Sort  (cost=1480961.23..1480962.45 rows=487 width=96) (actual time=9962.987..9963.095 rows=1 loops=1)
  Sort Key: s.s_suppkey
  Sort Method: quicksort  Memory: 25kB
  CTE revenue
    ->  Finalize GroupAggregate  (cost=1448219.94..1473618.86 rows=97370 width=36) (actual time=9765.917..9915.509 rows=100000 loops=1)
          Group Key: l.l_suppkey
          ->  Gather Merge  (cost=1448219.94..1470941.19 rows=194740 width=36) (actual time=9765.853..9812.189 rows=299841 loops=1)
                Workers Planned: 2
                Workers Launched: 2
                ->  Sort  (cost=1447219.91..1447463.34 rows=97370 width=36) (actual time=9701.155..9716.241 rows=99947 loops=3)
                      Sort Key: l.l_suppkey
                      Sort Method: external merge  Disk: 7936kB
                      Worker 0:  Sort Method: external merge  Disk: 7936kB
                      Worker 1:  Sort Method: external merge  Disk: 7936kB
                      ->  Partial HashAggregate  (cost=1425987.67..1436488.73 rows=97370 width=36) (actual time=8957.064..9650.986 rows=99947 loops=3)
                            Group Key: l.l_suppkey
                            Planned Partitions: 4  Batches: 21  Memory Usage: 8249kB  Disk Usage: 27720kB
                            Worker 0:  Batches: 21  Memory Usage: 8249kB  Disk Usage: 27936kB
                            Worker 1:  Batches: 21  Memory Usage: 8249kB  Disk Usage: 27832kB
                            ->  Parallel Seq Scan on lineitem l  (cost=0.00..1360331.68 rows=950675 width=16) (actual time=202.435..8149.424 rows=755238 loops=3)
                                  Filter: ((l_shipdate >= '1996-01-01'::date) AND (l_shipdate < '1996-04-01 00:00:00'::timestamp without time zone))
                                  Rows Removed by Filter: 19240113
  InitPlan 2 (returns $2)
    ->  Aggregate  (cost=2190.83..2190.84 rows=1 width=32) (actual time=180.269..180.271 rows=1 loops=1)
          ->  CTE Scan on revenue  (cost=0.00..1947.40 rows=97370 width=32) (actual time=0.001..168.869 rows=100000 loops=1)
  ->  Nested Loop  (cost=0.29..5129.80 rows=487 width=96) (actual time=9957.963..9962.979 rows=1 loops=1)
        ->  CTE Scan on revenue r  (cost=0.00..2190.82 rows=487 width=36) (actual time=9957.875..9962.888 rows=1 loops=1)
              Filter: (total_revenue = $2)
              Rows Removed by Filter: 99999
        ->  Index Scan using supplier_pkey on supplier s  (cost=0.29..6.03 rows=1 width=64) (actual time=0.041..0.041 rows=1 loops=1)
              Index Cond: (s_suppkey = r.supplier_no)
Planning Time: 0.214 ms
JIT:
  Functions: 50
  Options: Inlining true, Optimization true, Expressions true, Deforming true
  Timing: Generation 6.677 ms, Inlining 247.113 ms, Optimization 399.829 ms, Emission 287.189 ms, Total 940.809 ms
Execution Time: 9970.854 ms","Sort  (cost=1726408.19..1726408.20 rows=1 width=96) (actual time=12085.388..12085.509 rows=1 loops=1)
  Sort Key: supplier.s_suppkey NULLS FIRST
  Sort Method: quicksort  Memory: 25kB
  CTE _t3
    ->  Gather  (cost=1000.00..1589493.78 rows=2281621 width=20) (actual time=229.279..6961.667 rows=2265714 loops=1)
          Workers Planned: 2
          Workers Launched: 2
          ->  Parallel Seq Scan on lineitem  (cost=0.00..1360331.68 rows=950675 width=20) (actual time=148.787..8056.657 rows=755238 loops=3)
                Filter: ((l_shipdate < '1996-04-01'::date) AND (l_shipdate >= '1996-01-01'::date))
                Rows Removed by Filter: 19240113
  ->  Nested Loop  (cost=136902.58..136914.41 rows=1 width=96) (actual time=11871.473..12085.383 rows=1 loops=1)
        ->  Hash Join  (cost=136902.28..136907.32 rows=1 width=36) (actual time=11871.432..12085.340 rows=1 loops=1)
              Hash Cond: (COALESCE((sum((_t3.l_extendedprice * ('1'::numeric - _t3.l_discount)))), '0'::numeric) = (max(COALESCE((sum((_t3_1.l_extendedprice * ('1'::numeric - _t3_1.l_discount)))), '0'::numeric))))
              ->  HashAggregate  (cost=68448.63..68451.13 rows=200 width=36) (actual time=9048.270..9906.634 rows=100000 loops=1)
                    Group Key: _t3.l_suppkey
                    Batches: 21  Memory Usage: 8265kB  Disk Usage: 69480kB
                    ->  CTE Scan on _t3  (cost=0.00..45632.42 rows=2281621 width=40) (actual time=229.286..7457.625 rows=2265714 loops=1)
              ->  Hash  (cost=68453.64..68453.64 rows=1 width=32) (actual time=2172.947..2172.949 rows=1 loops=1)
                    Buckets: 1024  Batches: 1  Memory Usage: 9kB
                    ->  Aggregate  (cost=68453.63..68453.64 rows=1 width=32) (actual time=2172.937..2172.938 rows=1 loops=1)
                          ->  HashAggregate  (cost=68448.63..68451.13 rows=200 width=36) (actual time=1330.922..2168.251 rows=100000 loops=1)
                                Group Key: _t3_1.l_suppkey
                                Batches: 21  Memory Usage: 8265kB  Disk Usage: 69480kB
                                ->  CTE Scan on _t3 _t3_1  (cost=0.00..45632.42 rows=2281621 width=40) (actual time=0.016..176.684 rows=2265714 loops=1)
        ->  Index Scan using supplier_pkey on supplier  (cost=0.29..7.09 rows=1 width=64) (actual time=0.030..0.030 rows=1 loops=1)
              Index Cond: (s_suppkey = _t3.l_suppkey)
Planning Time: 0.290 ms
JIT:
  Functions: 44
  Options: Inlining true, Optimization true, Expressions true, Deforming true
  Timing: Generation 4.149 ms, Inlining 204.296 ms, Optimization 230.796 ms, Emission 134.828 ms, Total 574.069 ms
Execution Time: 12111.496 ms",SUCCESS
15,16,TPCH,Q16,"SELECT
    p.p_brand,
    p.p_type,
    p.p_size,
    COUNT(DISTINCT ps.ps_suppkey) AS supplier_count
FROM
    tpch.part p
JOIN tpch.partsupp ps
    ON p.p_partkey = ps.ps_partkey
WHERE
    p.p_brand <> 'Brand#45'
    AND p.p_type NOT LIKE 'MEDIUM POLISHED%'
    AND p.p_size IN (49, 14, 23, 45, 19, 3, 36, 9)
    AND ps.ps_suppkey NOT IN (
        SELECT
            s.s_suppkey
        FROM
            tpch.supplier s
        WHERE
            s.s_comment LIKE '%Customer%Complaints%'
    )
GROUP BY
    p.p_brand,
    p.p_type,
    p.p_size
ORDER BY
    supplier_count DESC,
    p.p_brand,
    p.p_type,
    p.p_size
LIMIT 10;","valid_part = part.WHERE(
    (brand != ""BRAND#45"")
    & ~STARTSWITH(part_type, ""MEDIUM POLISHED%"")
    & ISIN(size, [49, 14, 23, 45, 19, 3, 36, 9])
)
result = (
    supply_records.WHERE(
        ~LIKE(supplier.comment, ""%Customer%Complaints%"") & HAS(valid_part)
    )
    .CALCULATE(
        P_BRAND=valid_part.brand,
        P_TYPE=valid_part.part_type,
        P_SIZE=valid_part.size,
    )
    .PARTITION(name=""groups"", by=(P_BRAND, P_TYPE, P_SIZE))
    .CALCULATE(
        P_BRAND,
        P_TYPE,
        P_SIZE,
        SUPPLIER_COUNT=NDISTINCT(supply_records.supplier_key),
    )
    .TOP_K(
        10, by=(SUPPLIER_COUNT.DESC(), P_BRAND.ASC(), P_TYPE.ASC(), P_SIZE.ASC())
    )
)","SELECT
  part.p_brand AS P_BRAND,
  part.p_type AS P_TYPE,
  part.p_size AS P_SIZE,
  COUNT(DISTINCT partsupp.ps_suppkey) AS SUPPLIER_COUNT
FROM tpch.partsupp AS partsupp
JOIN tpch.supplier AS supplier
  ON NOT supplier.s_comment LIKE '%Customer%Complaints%'
  AND partsupp.ps_suppkey = supplier.s_suppkey
JOIN tpch.part AS part
  ON NOT part.p_type LIKE 'MEDIUM POLISHED%%'
  AND part.p_brand <> 'BRAND#45'
  AND part.p_partkey = partsupp.ps_partkey
  AND part.p_size IN (49, 14, 23, 45, 19, 3, 36, 9)
GROUP BY
  1,
  2,
  3
ORDER BY
  4 DESC NULLS LAST,
  1 NULLS FIRST,
  2 NULLS FIRST,
  3 NULLS FIRST
LIMIT 10",3.5647657260001324,2.4786476900003436,"Limit  (cost=358615.56..358615.58 rows=10 width=42) (actual time=3544.180..3582.335 rows=10 loops=1)
  ->  Sort  (cost=358615.56..358994.72 rows=151664 width=42) (actual time=3534.682..3572.835 rows=10 loops=1)
        Sort Key: (count(DISTINCT ps.ps_suppkey)) DESC, p.p_brand, p.p_type, p.p_size
        Sort Method: top-N heapsort  Memory: 26kB
        ->  GroupAggregate  (cost=281113.40..355338.15 rows=151664 width=42) (actual time=2968.277..3567.544 rows=27840 loops=1)
              Group Key: p.p_brand, p.p_type, p.p_size
              ->  Gather Merge  (cost=281113.40..348072.31 rows=574920 width=38) (actual time=2968.207..3441.537 rows=1186602 loops=1)
                    Workers Planned: 2
                    Workers Launched: 2
                    ->  Sort  (cost=280113.38..280712.26 rows=239550 width=38) (actual time=2931.088..3229.186 rows=395534 loops=3)
                          Sort Key: p.p_brand, p.p_type, p.p_size, ps.ps_suppkey
                          Sort Method: external merge  Disk: 15608kB
                          Worker 0:  Sort Method: external merge  Disk: 15608kB
                          Worker 1:  Sort Method: external merge  Disk: 27104kB
                          ->  Parallel Hash Join  (cost=63846.64..252157.63 rows=239550 width=38) (actual time=1360.144..1782.742 rows=395534 loops=3)
                                Hash Cond: (ps.ps_partkey = p.p_partkey)
                                ->  Parallel Index Only Scan using partsupp_pkey on partsupp ps  (cost=3386.46..173362.03 rows=1666820 width=8) (actual time=24.947..696.467 rows=2665173 loops=3)
                                      Filter: (NOT (hashed SubPlan 1))
                                      Rows Removed by Filter: 1493
                                      Heap Fetches: 0
                                      SubPlan 1
                                        ->  Seq Scan on supplier s  (cost=0.00..3386.00 rows=10 width=4) (actual time=0.334..24.395 rows=56 loops=3)
                                              Filter: ((s_comment)::text ~~ '%Customer%Complaints%'::text)
                                              Rows Removed by Filter: 99944
                                ->  Parallel Hash  (cost=58027.28..58027.28 rows=119752 width=38) (actual time=212.546..212.548 rows=98941 loops=3)
                                      Buckets: 131072  Batches: 4  Memory Usage: 6432kB
                                      ->  Parallel Seq Scan on part p  (cost=0.00..58027.28 rows=119752 width=38) (actual time=6.476..177.952 rows=98941 loops=3)
                                            Filter: (((p_brand)::text <> 'Brand#45'::text) AND ((p_type)::text !~~ 'MEDIUM POLISHED%'::text) AND (p_size = ANY ('{49,14,23,45,19,3,36,9}'::integer[])))
                                            Rows Removed by Filter: 567725
Planning Time: 0.419 ms
JIT:
  Functions: 79
  Options: Inlining false, Optimization false, Expressions true, Deforming true
  Timing: Generation 4.552 ms, Inlining 0.000 ms, Optimization 2.148 ms, Emission 27.564 ms, Total 34.264 ms
Execution Time: 3585.921 ms","Limit  (cost=434002.34..434002.36 rows=10 width=42) (actual time=2669.275..2677.055 rows=10 loops=1)
  ->  Sort  (cost=434002.34..434388.12 rows=154311 width=42) (actual time=2662.117..2669.896 rows=10 loops=1)
        Sort Key: (count(DISTINCT partsupp.ps_suppkey)) DESC NULLS LAST, part.p_brand NULLS FIRST, part.p_type NULLS FIRST, part.p_size NULLS FIRST
        Sort Method: top-N heapsort  Memory: 26kB
        ->  GroupAggregate  (cost=277511.93..430667.73 rows=154311 width=42) (actual time=1891.673..2664.608 rows=29000 loops=1)
              Group Key: part.p_brand, part.p_type, part.p_size
              ->  Gather Merge  (cost=277511.93..417136.25 rows=1198837 width=38) (actual time=1891.588..2537.736 rows=1235619 loops=1)
                    Workers Planned: 2
                    Workers Launched: 2
                    ->  Sort  (cost=276511.91..277760.69 rows=499515 width=38) (actual time=1859.745..2106.558 rows=411873 loops=3)
                          Sort Key: part.p_brand NULLS FIRST, part.p_type NULLS FIRST, part.p_size NULLS FIRST, partsupp.ps_suppkey
                          Sort Method: external merge  Disk: 29496kB
                          Worker 0:  Sort Method: external merge  Disk: 15608kB
                          Worker 1:  Sort Method: external merge  Disk: 15624kB
                          ->  Parallel Hash Join  (cost=3606.95..215571.89 rows=499515 width=38) (actual time=22.653..653.367 rows=411873 loops=3)
                                Hash Cond: (partsupp.ps_suppkey = supplier.s_suppkey)
                                ->  Nested Loop  (cost=0.43..210653.96 rows=499565 width=38) (actual time=0.112..465.604 rows=412112 loops=3)
                                      ->  Parallel Seq Scan on part  (cost=0.00..58027.28 rows=124868 width=38) (actual time=0.046..177.456 rows=103028 loops=3)
                                            Filter: (((p_type)::text !~~ 'MEDIUM POLISHED%%'::text) AND ((p_brand)::text <> 'BRAND#45'::text) AND (p_size = ANY ('{49,14,23,45,19,3,36,9}'::integer[])))
                                            Rows Removed by Filter: 563639
                                      ->  Index Only Scan using partsupp_pkey on partsupp  (cost=0.43..1.04 rows=18 width=8) (actual time=0.002..0.002 rows=4 loops=309084)
                                            Index Cond: (ps_partkey = part.p_partkey)
                                            Heap Fetches: 0
                                ->  Parallel Hash  (cost=2871.29..2871.29 rows=58818 width=4) (actual time=21.474..21.475 rows=33315 loops=3)
                                      Buckets: 131072  Batches: 1  Memory Usage: 4960kB
                                      ->  Parallel Seq Scan on supplier  (cost=0.00..2871.29 rows=58818 width=4) (actual time=6.060..15.102 rows=33315 loops=3)
                                            Filter: ((s_comment)::text !~~ '%Customer%Complaints%'::text)
                                            Rows Removed by Filter: 19
Planning Time: 0.493 ms
JIT:
  Functions: 49
  Options: Inlining false, Optimization false, Expressions true, Deforming true
  Timing: Generation 5.131 ms, Inlining 0.000 ms, Optimization 1.504 ms, Emission 23.843 ms, Total 30.478 ms
Execution Time: 2681.346 ms",SUCCESS
16,17,TPCH,Q17,"WITH avg_qty AS (
  SELECT
    l_partkey,
    0.2 * AVG(l_quantity) AS avg_q
  FROM tpch.lineitem
  GROUP BY l_partkey
)
SELECT
  SUM(l.l_extendedprice) / 7.0 AS avg_yearly
FROM tpch.lineitem l
JOIN tpch.part p
  ON p.p_partkey = l.l_partkey
JOIN avg_qty a
  ON a.l_partkey = l.l_partkey
WHERE p.p_brand = 'Brand#23'
  AND p.p_container = 'MED BOX'
  AND l.l_quantity < a.avg_q;","selected_lines = parts.WHERE(
    (brand == ""Brand#23"") & (container == ""MED BOX"")
).lines.WHERE(quantity < 0.2 * RELAVG(quantity, per=""parts""))
result = TPCH.CALCULATE(AVG_YEARLY=SUM(selected_lines.extended_price) / 7.0)","WITH _t AS (
  SELECT
    lineitem.l_extendedprice,
    lineitem.l_quantity,
    AVG(CAST(lineitem.l_quantity AS DOUBLE PRECISION)) OVER (PARTITION BY lineitem.l_partkey) AS _w
  FROM tpch.part AS part
  JOIN tpch.lineitem AS lineitem
    ON lineitem.l_partkey = part.p_partkey
  WHERE
    part.p_brand = 'Brand#23' AND part.p_container = 'MED BOX'
)
SELECT
  CAST(COALESCE(SUM(l_extendedprice), 0) AS DOUBLE PRECISION) / 7.0 AS AVG_YEARLY
FROM _t
WHERE
  l_quantity < (
    0.2 * _w
  )",40.59606586200016,3.599627332000182,"Aggregate  (cost=5235068.66..5235068.67 rows=1 width=32) (actual time=41587.109..41588.469 rows=1 loops=1)
  ->  Hash Join  (cost=3914126.53..5235027.97 rows=16274 width=8) (actual time=32870.578..41587.630 rows=5526 loops=1)
        Hash Cond: (p.p_partkey = lineitem.l_partkey)
        Join Filter: (l.l_quantity < ((0.2 * avg(lineitem.l_quantity))))
        Rows Removed by Join Filter: 55859
        ->  Gather  (cost=50704.62..1357350.08 rows=56753 width=21) (actual time=279.012..8833.948 rows=61385 loops=1)
              Workers Planned: 2
              Workers Launched: 2
              ->  Parallel Hash Join  (cost=49704.62..1350674.78 rows=23647 width=21) (actual time=258.414..9269.288 rows=20462 loops=3)
                    Hash Cond: (l.l_partkey = p.p_partkey)
                    ->  Parallel Seq Scan on lineitem l  (cost=0.00..1235359.78 rows=24994378 width=17) (actual time=0.160..7007.905 rows=19995351 loops=3)
                    ->  Parallel Hash  (cost=49694.77..49694.77 rows=788 width=4) (actual time=257.121..257.202 rows=681 loops=3)
                          Buckets: 2048  Batches: 1  Memory Usage: 144kB
                          ->  Parallel Seq Scan on part p  (cost=0.00..49694.77 rows=788 width=4) (actual time=177.094..256.834 rows=681 loops=3)
                                Filter: (((p_brand)::text = 'Brand#23'::text) AND ((p_container)::text = 'MED BOX'::text))
                                Rows Removed by Filter: 665985
        ->  Hash  (cost=3828476.39..3828476.39 rows=1720362 width=36) (actual time=32589.991..32590.402 rows=2000000 loops=1)
              Buckets: 131072  Batches: 32  Memory Usage: 4029kB
              ->  Finalize GroupAggregate  (cost=3375419.70..3828476.39 rows=1720362 width=36) (actual time=27768.835..31391.894 rows=2000000 loops=1)
                    Group Key: lineitem.l_partkey
                    ->  Gather Merge  (cost=3375419.70..3776865.53 rows=3440724 width=36) (actual time=27766.626..28753.726 rows=5999593 loops=1)
                          Workers Planned: 2
                          Workers Launched: 2
                          ->  Sort  (cost=3374419.68..3378720.58 rows=1720362 width=36) (actual time=27481.140..27750.424 rows=1999864 loops=3)
                                Sort Key: lineitem.l_partkey
                                Sort Method: external merge  Disk: 150736kB
                                Worker 0:  Sort Method: external merge  Disk: 150744kB
                                Worker 1:  Sort Method: external merge  Disk: 150720kB
                                ->  Partial HashAggregate  (cost=2836562.12..3102152.37 rows=1720362 width=36) (actual time=17145.614..26414.973 rows=1999864 loops=3)
                                      Group Key: lineitem.l_partkey
                                      Planned Partitions: 128  Batches: 129  Memory Usage: 8209kB  Disk Usage: 777648kB
                                      Worker 0:  Batches: 129  Memory Usage: 8209kB  Disk Usage: 908360kB
                                      Worker 1:  Batches: 129  Memory Usage: 8209kB  Disk Usage: 646936kB
                                      ->  Parallel Seq Scan on lineitem  (cost=0.00..1235359.78 rows=24994378 width=9) (actual time=0.076..7208.738 rows=19995351 loops=3)
Planning Time: 0.293 ms
JIT:
  Functions: 81
  Options: Inlining true, Optimization true, Expressions true, Deforming true
  Timing: Generation 6.240 ms, Inlining 440.313 ms, Optimization 366.893 ms, Emission 268.836 ms, Total 1082.282 ms
Execution Time: 41652.837 ms","Aggregate  (cost=1362036.16..1362036.17 rows=1 width=8) (actual time=4334.714..4336.800 rows=1 loops=1)
  ->  Subquery Scan on _t  (cost=1353392.68..1361988.86 rows=18918 width=8) (actual time=4291.478..4336.276 rows=5526 loops=1)
        Filter: ((_t.l_quantity)::double precision < ('0.2'::double precision * _t._w))
        Rows Removed by Filter: 55859
        ->  WindowAgg  (cost=1353392.68..1360995.68 rows=56753 width=25) (actual time=4291.471..4327.270 rows=61385 loops=1)
              ->  Gather Merge  (cost=1353392.68..1360002.50 rows=56753 width=17) (actual time=4291.371..4303.926 rows=61385 loops=1)
                    Workers Planned: 2
                    Workers Launched: 2
                    ->  Sort  (cost=1352392.66..1352451.78 rows=23647 width=17) (actual time=4276.586..4279.881 rows=20462 loops=3)
                          Sort Key: lineitem.l_partkey
                          Sort Method: quicksort  Memory: 1538kB
                          Worker 0:  Sort Method: quicksort  Memory: 1537kB
                          Worker 1:  Sort Method: quicksort  Memory: 2023kB
                          ->  Parallel Hash Join  (cost=49704.62..1350674.78 rows=23647 width=17) (actual time=238.477..4267.893 rows=20462 loops=3)
                                Hash Cond: (lineitem.l_partkey = part.p_partkey)
                                ->  Parallel Seq Scan on lineitem  (cost=0.00..1235359.78 rows=24994378 width=17) (actual time=0.024..2126.450 rows=19995351 loops=3)
                                ->  Parallel Hash  (cost=49694.77..49694.77 rows=788 width=4) (actual time=237.926..237.928 rows=681 loops=3)
                                      Buckets: 2048  Batches: 1  Memory Usage: 144kB
                                      ->  Parallel Seq Scan on part  (cost=0.00..49694.77 rows=788 width=4) (actual time=165.113..237.602 rows=681 loops=3)
                                            Filter: (((p_brand)::text = 'Brand#23'::text) AND ((p_container)::text = 'MED BOX'::text))
                                            Rows Removed by Filter: 665985
Planning Time: 0.266 ms
JIT:
  Functions: 44
  Options: Inlining true, Optimization true, Expressions true, Deforming true
  Timing: Generation 3.527 ms, Inlining 166.738 ms, Optimization 186.899 ms, Emission 140.943 ms, Total 498.107 ms
Execution Time: 4339.243 ms",SUCCESS
17,18,TPCH,Q18,"SELECT
    c.c_name,
    c.c_custkey,
    o.o_orderkey,
    o.o_orderdate,
    o.o_totalprice,
    SUM(l.l_quantity) AS total_quantity
FROM
    tpch.customer c
JOIN tpch.orders o
    ON c.c_custkey = o.o_custkey
JOIN tpch.lineitem l
    ON o.o_orderkey = l.l_orderkey
WHERE
    o.o_orderkey IN (
        SELECT
            l2.l_orderkey
        FROM
            tpch.lineitem l2
        GROUP BY
            l2.l_orderkey
        HAVING
            SUM(l2.l_quantity) > 300
    )
GROUP BY
    c.c_name,
    c.c_custkey,
    o.o_orderkey,
    o.o_orderdate,
    o.o_totalprice
ORDER BY
    o.o_totalprice DESC,
    o.o_orderdate
LIMIT 10;","result = (
        orders.CALCULATE(
            C_NAME=customer.name,
            C_CUSTKEY=customer.key,
            O_ORDERKEY=key,
            O_ORDERDATE=order_date,
            O_TOTALPRICE=total_price,
            TOTAL_QUANTITY=SUM(lines.quantity),
        )
        .WHERE(TOTAL_QUANTITY > 300)
        .TOP_K(
            10,
            by=(O_TOTALPRICE.DESC(), O_ORDERDATE.ASC()),
        )
    )","WITH _t1 AS (
  SELECT
    l_orderkey,
    SUM(l_quantity) AS sum_l_quantity
  FROM tpch.lineitem
  GROUP BY
    1
)
SELECT
  customer.c_name AS C_NAME,
  customer.c_custkey AS C_CUSTKEY,
  orders.o_orderkey AS O_ORDERKEY,
  orders.o_orderdate AS O_ORDERDATE,
  orders.o_totalprice AS O_TOTALPRICE,
  _t1.sum_l_quantity AS TOTAL_QUANTITY
FROM tpch.orders AS orders
JOIN tpch.customer AS customer
  ON customer.c_custkey = orders.o_custkey
JOIN _t1 AS _t1
  ON NOT _t1.sum_l_quantity IS NULL
  AND _t1.l_orderkey = orders.o_orderkey
  AND _t1.sum_l_quantity > 300
ORDER BY
  5 DESC NULLS LAST,
  4 NULLS FIRST
LIMIT 10",54.61429684599989,42.03587735300016,"Limit  (cost=6558278.08..6558278.11 rows=10 width=71) (actual time=65136.071..65136.187 rows=10 loops=1)
  ->  Sort  (cost=6558278.08..6560042.55 rows=705788 width=71) (actual time=64951.250..64951.365 rows=10 loops=1)
        Sort Key: o.o_totalprice DESC, o.o_orderdate
        Sort Method: top-N heapsort  Memory: 26kB
        ->  GroupAggregate  (cost=6406236.50..6543026.26 rows=705788 width=71) (actual time=64620.720..64951.095 rows=624 loops=1)
              Group Key: c.c_custkey, o.o_orderkey
              ->  Incremental Sort  (cost=6406236.50..6528910.50 rows=705788 width=44) (actual time=64620.691..64950.221 rows=4368 loops=1)
                    Sort Key: c.c_custkey, o.o_orderkey
                    Presorted Key: c.c_custkey
                    Full-sort Groups: 125  Sort Method: quicksort  Average Memory: 27kB  Peak Memory: 27kB
                    ->  Merge Join  (cost=6406236.36..6497150.04 rows=705788 width=44) (actual time=64618.139..64949.096 rows=4368 loops=1)
                          Merge Cond: (c.c_custkey = o.o_custkey)
                          ->  Index Scan using customer_pkey on customer c  (cost=0.43..74813.79 rows=1499964 width=23) (actual time=0.041..270.840 rows=1499744 loops=1)
                          ->  Materialize  (cost=6406235.58..6409764.52 rows=705788 width=25) (actual time=64617.121..64618.180 rows=4368 loops=1)
                                ->  Sort  (cost=6406235.58..6408000.05 rows=705788 width=25) (actual time=64617.113..64617.775 rows=4368 loops=1)
                                      Sort Key: o.o_custkey
                                      Sort Method: quicksort  Memory: 431kB
                                      ->  Hash Join  (cost=3916655.38..6320784.74 rows=705788 width=25) (actual time=48475.978..64615.332 rows=4368 loops=1)
                                            Hash Cond: (l.l_orderkey = o.o_orderkey)
                                            ->  Seq Scan on lineitem l  (cost=0.00..1585281.08 rows=59986508 width=9) (actual time=0.381..8254.817 rows=59986052 loops=1)
                                            ->  Hash  (cost=3913414.40..3913414.40 rows=176478 width=24) (actual time=48473.889..48473.999 rows=624 loops=1)
                                                  Buckets: 131072  Batches: 2  Memory Usage: 1042kB
                                                  ->  Hash Join  (cost=3295400.67..3913414.40 rows=176478 width=24) (actual time=43447.319..48473.182 rows=624 loops=1)
                                                        Hash Cond: (o.o_orderkey = l2.l_orderkey)
                                                        ->  Seq Scan on orders o  (cost=0.00..402176.65 rows=14999265 width=20) (actual time=0.017..1525.546 rows=15000000 loops=1)
                                                        ->  Hash  (cost=3292504.69..3292504.69 rows=176478 width=4) (actual time=43444.635..43444.743 rows=624 loops=1)
                                                              Buckets: 262144  Batches: 2  Memory Usage: 2060kB
                                                              ->  Finalize GroupAggregate  (cost=3153078.71..3292504.69 rows=176478 width=4) (actual time=34257.625..43443.462 rows=624 loops=1)
                                                                    Group Key: l2.l_orderkey
                                                                    Filter: (sum(l2.l_quantity) > '300'::numeric)
                                                                    Rows Removed by Filter: 14999376
                                                                    ->  Gather Merge  (cost=3153078.71..3276621.70 rows=1058866 width=36) (actual time=34256.205..36433.229 rows=15008158 loops=1)
                                                                          Workers Planned: 2
                                                                          Workers Launched: 2
                                                                          ->  Sort  (cost=3152078.69..3153402.27 rows=529433 width=36) (actual time=27119.623..27797.919 rows=5002719 loops=3)
                                                                                Sort Key: l2.l_orderkey
                                                                                Sort Method: external merge  Disk: 292616kB
                                                                                Worker 0:  Sort Method: external merge  Disk: 293800kB
                                                                                Worker 1:  Sort Method: external merge  Disk: 544536kB
                                                                                ->  Partial HashAggregate  (cost=2836562.12..3087265.76 rows=529433 width=36) (actual time=11829.779..24432.384 rows=5002719 loops=3)
                                                                                      Group Key: l2.l_orderkey
                                                                                      Planned Partitions: 32  Batches: 433  Memory Usage: 8345kB  Disk Usage: 586776kB
                                                                                      Worker 0:  Batches: 473  Memory Usage: 8345kB  Disk Usage: 586856kB
                                                                                      Worker 1:  Batches: 689  Memory Usage: 8345kB  Disk Usage: 1056200kB
                                                                                      ->  Parallel Seq Scan on lineitem l2  (cost=0.00..1235359.78 rows=24994378 width=9) (actual time=0.014..2871.678 rows=19995351 loops=3)
Planning Time: 2.996 ms
JIT:
  Functions: 63
  Options: Inlining true, Optimization true, Expressions true, Deforming true
  Timing: Generation 6.865 ms, Inlining 198.354 ms, Optimization 251.697 ms, Emission 178.180 ms, Total 635.096 ms
Execution Time: 65179.503 ms","Limit  (cost=4000324.14..4000324.16 rows=10 width=71) (actual time=49699.801..49699.905 rows=10 loops=1)
  ->  Sort  (cost=4000324.14..4000763.12 rows=175595 width=71) (actual time=49596.601..49596.703 rows=10 loops=1)
        Sort Key: orders.o_totalprice DESC NULLS LAST, orders.o_orderdate NULLS FIRST
        Sort Method: top-N heapsort  Memory: 26kB
        ->  Nested Loop  (cost=3297828.01..3996529.59 rows=175595 width=71) (actual time=45224.486..49595.710 rows=624 loops=1)
              ->  Hash Join  (cost=3297827.58..3916523.31 rows=175595 width=52) (actual time=45224.440..49589.016 rows=624 loops=1)
                    Hash Cond: (orders.o_orderkey = _t1.l_orderkey)
                    ->  Seq Scan on orders  (cost=0.00..402176.65 rows=14999265 width=20) (actual time=0.042..1507.823 rows=15000000 loops=1)
                    ->  Hash  (cost=3294260.64..3294260.64 rows=175595 width=36) (actual time=45223.538..45223.636 rows=624 loops=1)
                          Buckets: 131072  Batches: 2  Memory Usage: 1037kB
                          ->  Subquery Scan on _t1  (cost=3153078.71..3294260.64 rows=175595 width=36) (actual time=35847.661..45222.084 rows=624 loops=1)
                                ->  Finalize GroupAggregate  (cost=3153078.71..3292504.69 rows=175595 width=36) (actual time=35847.658..45221.523 rows=624 loops=1)
                                      Group Key: lineitem.l_orderkey
                                      Filter: ((sum(lineitem.l_quantity) IS NOT NULL) AND (sum(lineitem.l_quantity) > '300'::numeric))
                                      Rows Removed by Filter: 14999376
                                      ->  Gather Merge  (cost=3153078.71..3276621.70 rows=1058866 width=36) (actual time=35846.238..38160.798 rows=15008008 loops=1)
                                            Workers Planned: 2
                                            Workers Launched: 2
                                            ->  Sort  (cost=3152078.69..3153402.27 rows=529433 width=36) (actual time=32076.703..32777.354 rows=5002669 loops=3)
                                                  Sort Key: lineitem.l_orderkey
                                                  Sort Method: external merge  Disk: 365008kB
                                                  Worker 0:  Sort Method: external merge  Disk: 421000kB
                                                  Worker 1:  Sort Method: external merge  Disk: 345000kB
                                                  ->  Partial HashAggregate  (cost=2836562.12..3087265.76 rows=529433 width=36) (actual time=13770.932..29707.789 rows=5002669 loops=3)
                                                        Group Key: lineitem.l_orderkey
                                                        Planned Partitions: 32  Batches: 537  Memory Usage: 8345kB  Disk Usage: 718048kB
                                                        Worker 0:  Batches: 561  Memory Usage: 8345kB  Disk Usage: 818248kB
                                                        Worker 1:  Batches: 505  Memory Usage: 8345kB  Disk Usage: 685112kB
                                                        ->  Parallel Seq Scan on lineitem  (cost=0.00..1235359.78 rows=24994378 width=9) (actual time=0.118..4835.439 rows=19995351 loops=3)
              ->  Index Scan using customer_pkey on customer  (cost=0.43..0.46 rows=1 width=23) (actual time=0.009..0.009 rows=1 loops=624)
                    Index Cond: (c_custkey = orders.o_custkey)
Planning Time: 0.306 ms
JIT:
  Functions: 49
  Options: Inlining true, Optimization true, Expressions true, Deforming true
  Timing: Generation 4.326 ms, Inlining 243.546 ms, Optimization 208.728 ms, Emission 148.604 ms, Total 605.204 ms
Execution Time: 49772.728 ms",SUCCESS
18,19,TPCH,Q19,"SELECT
    SUM(l.l_extendedprice * (1 - l.l_discount)) AS revenue
FROM
    tpch.lineitem l
JOIN tpch.part p
    ON p.p_partkey = l.l_partkey
WHERE
    (
        p.p_brand = 'Brand#12'
        AND p.p_container IN (
            'SM CASE', 'SM BOX', 'SM PACK', 'SM PKG'
        )
        AND l.l_quantity BETWEEN 1 AND 11
        AND p.p_size BETWEEN 1 AND 5
        AND l.l_shipmode IN ('AIR', 'AIR REG')
        AND l.l_shipinstruct = 'DELIVER IN PERSON'
    )
    OR (
        p.p_brand = 'Brand#23'
        AND p.p_container IN (
            'MED BAG', 'MED BOX', 'MED PKG', 'MED PACK'
        )
        AND l.l_quantity BETWEEN 10 AND 20
        AND p.p_size BETWEEN 1 AND 10
        AND l.l_shipmode IN ('AIR', 'AIR REG')
        AND l.l_shipinstruct = 'DELIVER IN PERSON'
    )
    OR (
        p.p_brand = 'Brand#34'
        AND p.p_container IN (
            'LG CASE', 'LG BOX', 'LG PACK', 'LG PKG'
        )
        AND l.l_quantity BETWEEN 20 AND 30
        AND p.p_size BETWEEN 1 AND 15
        AND l.l_shipmode IN ('AIR', 'AIR REG')
        AND l.l_shipinstruct = 'DELIVER IN PERSON'
    );","selected_lines = lines.WHERE(
    (ISIN(ship_mode, (""AIR"", ""AIR REG"")))
    & (ship_instruct == ""DELIVER IN PERSON"")
    & (
        (
            MONOTONIC(1, part.size, 5)
            & MONOTONIC(1, quantity, 11)
            & ISIN(
                part.container,
                (""SM CASE"", ""SM BOX"", ""SM PACK"", ""SM PKG""),
            )
            & (part.brand == ""Brand#12"")
        )
        | (
            MONOTONIC(1, part.size, 10)
            & MONOTONIC(10, quantity, 20)
            & ISIN(
                part.container,
                (""MED BAG"", ""MED BOX"", ""MED PACK"", ""MED PKG""),
            )
            & (part.brand == ""Brand#23"")
        )
        | (
            MONOTONIC(1, part.size, 15)
            & MONOTONIC(20, quantity, 30)
            & ISIN(
                part.container,
                (""LG CASE"", ""LG BOX"", ""LG PACK"", ""LG PKG""),
            )
            & (part.brand == ""Brand#34"")
        )
    )
)
result = TPCH.CALCULATE(
    REVENUE=SUM(selected_lines.extended_price * (1 - selected_lines.discount))
)","SELECT
  COALESCE(SUM(lineitem.l_extendedprice * (
    1 - lineitem.l_discount
  )), 0) AS REVENUE
FROM tpch.lineitem AS lineitem
JOIN tpch.part AS part
  ON (
    (
      lineitem.l_quantity <= 11
      AND lineitem.l_quantity >= 1
      AND part.p_brand = 'Brand#12'
      AND part.p_container IN ('SM CASE', 'SM BOX', 'SM PACK', 'SM PKG')
      AND part.p_size <= 5
      AND part.p_size >= 1
    )
    OR (
      lineitem.l_quantity <= 20
      AND lineitem.l_quantity >= 10
      AND part.p_brand = 'Brand#23'
      AND part.p_container IN ('MED BAG', 'MED BOX', 'MED PACK', 'MED PKG')
      AND part.p_size <= 10
      AND part.p_size >= 1
    )
    OR (
      lineitem.l_quantity <= 30
      AND lineitem.l_quantity >= 20
      AND part.p_brand = 'Brand#34'
      AND part.p_container IN ('LG CASE', 'LG BOX', 'LG PACK', 'LG PKG')
      AND part.p_size <= 15
      AND part.p_size >= 1
    )
  )
  AND lineitem.l_partkey = part.p_partkey
WHERE
  lineitem.l_shipinstruct = 'DELIVER IN PERSON'
  AND lineitem.l_shipmode IN ('AIR', 'AIR REG')",6.889340419000291,4.202809110000089,"Finalize Aggregate  (cost=1810071.53..1810071.54 rows=1 width=32) (actual time=4160.099..4166.524 rows=1 loops=1)
  ->  Gather  (cost=1810071.31..1810071.52 rows=2 width=32) (actual time=4159.878..4166.508 rows=3 loops=1)
        Workers Planned: 2
        Workers Launched: 2
        ->  Partial Aggregate  (cost=1809071.31..1809071.32 rows=1 width=32) (actual time=4139.618..4139.621 rows=1 loops=3)
              ->  Parallel Hash Join  (cost=72634.48..1809067.86 rows=459 width=12) (actual time=412.156..4138.725 rows=378 loops=3)
                    Hash Cond: (l.l_partkey = p.p_partkey)
                    Join Filter: ((((p.p_brand)::text = 'Brand#12'::text) AND ((p.p_container)::text = ANY ('{""SM CASE"",""SM BOX"",""SM PACK"",""SM PKG""}'::text[])) AND (l.l_quantity >= '1'::numeric) AND (l.l_quantity <= '11'::numeric) AND (p.p_size <= 5)) OR (((p.p_brand)::text = 'Brand#23'::text) AND ((p.p_container)::text = ANY ('{""MED BAG"",""MED BOX"",""MED PKG"",""MED PACK""}'::text[])) AND (l.l_quantity >= '10'::numeric) AND (l.l_quantity <= '20'::numeric) AND (p.p_size <= 10)) OR (((p.p_brand)::text = 'Brand#34'::text) AND ((p.p_container)::text = ANY ('{""LG CASE"",""LG BOX"",""LG PACK"",""LG PKG""}'::text[])) AND (l.l_quantity >= '20'::numeric) AND (l.l_quantity <= '30'::numeric) AND (p.p_size <= 15)))
                    Rows Removed by Join Filter: 639
                    ->  Parallel Seq Scan on lineitem l  (cost=0.00..1735247.35 rows=451822 width=21) (actual time=0.100..3649.575 rows=428115 loops=3)
                          Filter: (((l_shipmode)::text = ANY ('{AIR,""AIR REG""}'::text[])) AND ((l_shipinstruct)::text = 'DELIVER IN PERSON'::text) AND (((l_quantity >= '1'::numeric) AND (l_quantity <= '11'::numeric)) OR ((l_quantity >= '10'::numeric) AND (l_quantity <= '20'::numeric)) OR ((l_quantity >= '20'::numeric) AND (l_quantity <= '30'::numeric))))
                          Rows Removed by Filter: 19567236
                    ->  Parallel Hash  (cost=72609.18..72609.18 rows=2024 width=25) (actual time=397.918..397.918 rows=1585 loops=3)
                          Buckets: 8192  Batches: 1  Memory Usage: 384kB
                          ->  Parallel Seq Scan on part p  (cost=0.00..72609.18 rows=2024 width=25) (actual time=305.448..397.116 rows=1585 loops=3)
                                Filter: ((p_size >= 1) AND ((((p_brand)::text = 'Brand#12'::text) AND ((p_container)::text = ANY ('{""SM CASE"",""SM BOX"",""SM PACK"",""SM PKG""}'::text[])) AND (p_size <= 5)) OR (((p_brand)::text = 'Brand#23'::text) AND ((p_container)::text = ANY ('{""MED BAG"",""MED BOX"",""MED PKG"",""MED PACK""}'::text[])) AND (p_size <= 10)) OR (((p_brand)::text = 'Brand#34'::text) AND ((p_container)::text = ANY ('{""LG CASE"",""LG BOX"",""LG PACK"",""LG PKG""}'::text[])) AND (p_size <= 15))))
                                Rows Removed by Filter: 665082
Planning Time: 0.337 ms
JIT:
  Functions: 59
  Options: Inlining true, Optimization true, Expressions true, Deforming true
  Timing: Generation 6.738 ms, Inlining 213.539 ms, Optimization 396.711 ms, Emission 305.766 ms, Total 922.754 ms
Execution Time: 4168.918 ms","Finalize Aggregate  (cost=1810071.53..1810071.54 rows=1 width=32) (actual time=4157.582..4162.844 rows=1 loops=1)
  ->  Gather  (cost=1810071.31..1810071.52 rows=2 width=32) (actual time=4157.317..4162.818 rows=3 loops=1)
        Workers Planned: 2
        Workers Launched: 2
        ->  Partial Aggregate  (cost=1809071.31..1809071.32 rows=1 width=32) (actual time=4141.924..4141.928 rows=1 loops=3)
              ->  Parallel Hash Join  (cost=72634.48..1809067.86 rows=459 width=12) (actual time=434.668..4140.931 rows=378 loops=3)
                    Hash Cond: (lineitem.l_partkey = part.p_partkey)
                    Join Filter: (((lineitem.l_quantity <= '11'::numeric) AND (lineitem.l_quantity >= '1'::numeric) AND ((part.p_brand)::text = 'Brand#12'::text) AND ((part.p_container)::text = ANY ('{""SM CASE"",""SM BOX"",""SM PACK"",""SM PKG""}'::text[])) AND (part.p_size <= 5)) OR ((lineitem.l_quantity <= '20'::numeric) AND (lineitem.l_quantity >= '10'::numeric) AND ((part.p_brand)::text = 'Brand#23'::text) AND ((part.p_container)::text = ANY ('{""MED BAG"",""MED BOX"",""MED PACK"",""MED PKG""}'::text[])) AND (part.p_size <= 10)) OR ((lineitem.l_quantity <= '30'::numeric) AND (lineitem.l_quantity >= '20'::numeric) AND ((part.p_brand)::text = 'Brand#34'::text) AND ((part.p_container)::text = ANY ('{""LG CASE"",""LG BOX"",""LG PACK"",""LG PKG""}'::text[])) AND (part.p_size <= 15)))
                    Rows Removed by Join Filter: 639
                    ->  Parallel Seq Scan on lineitem  (cost=0.00..1735247.35 rows=451822 width=21) (actual time=0.094..3633.969 rows=428115 loops=3)
                          Filter: (((l_shipmode)::text = ANY ('{AIR,""AIR REG""}'::text[])) AND ((l_shipinstruct)::text = 'DELIVER IN PERSON'::text) AND (((l_quantity <= '11'::numeric) AND (l_quantity >= '1'::numeric)) OR ((l_quantity <= '20'::numeric) AND (l_quantity >= '10'::numeric)) OR ((l_quantity <= '30'::numeric) AND (l_quantity >= '20'::numeric))))
                          Rows Removed by Filter: 19567236
                    ->  Parallel Hash  (cost=72609.18..72609.18 rows=2024 width=25) (actual time=413.242..413.243 rows=1585 loops=3)
                          Buckets: 8192  Batches: 1  Memory Usage: 416kB
                          ->  Parallel Seq Scan on part  (cost=0.00..72609.18 rows=2024 width=25) (actual time=308.864..412.405 rows=1585 loops=3)
                                Filter: ((p_size >= 1) AND ((((p_brand)::text = 'Brand#12'::text) AND ((p_container)::text = ANY ('{""SM CASE"",""SM BOX"",""SM PACK"",""SM PKG""}'::text[])) AND (p_size <= 5)) OR (((p_brand)::text = 'Brand#23'::text) AND ((p_container)::text = ANY ('{""MED BAG"",""MED BOX"",""MED PACK"",""MED PKG""}'::text[])) AND (p_size <= 10)) OR (((p_brand)::text = 'Brand#34'::text) AND ((p_container)::text = ANY ('{""LG CASE"",""LG BOX"",""LG PACK"",""LG PKG""}'::text[])) AND (p_size <= 15))))
                                Rows Removed by Filter: 665082
Planning Time: 0.353 ms
JIT:
  Functions: 59
  Options: Inlining true, Optimization true, Expressions true, Deforming true
  Timing: Generation 5.962 ms, Inlining 173.576 ms, Optimization 422.413 ms, Emission 330.400 ms, Total 932.352 ms
Execution Time: 4165.308 ms",SUCCESS
19,20,TPCH,Q20,"WITH forest_parts AS (
    SELECT p_partkey
    FROM tpch.part
    WHERE p_name LIKE 'forest%'
),
lineitem_agg AS (
    SELECT
        l_partkey,
        l_suppkey,
        0.5 * SUM(l_quantity) AS half_qty
    FROM tpch.lineitem
    WHERE
        l_shipdate >= DATE '1994-01-01'
        AND l_shipdate < DATE '1994-01-01' + INTERVAL '1' YEAR
    GROUP BY l_partkey, l_suppkey
),
qualified_suppliers AS (
    SELECT DISTINCT ps.ps_suppkey
    FROM tpch.partsupp ps
    JOIN forest_parts fp
        ON ps.ps_partkey = fp.p_partkey
    JOIN lineitem_agg la
        ON la.l_partkey = ps.ps_partkey
        AND la.l_suppkey = ps.ps_suppkey
    WHERE ps.ps_availqty > la.half_qty
)
SELECT
    s.s_name,
    s.s_address
FROM tpch.supplier s
JOIN tpch.nation n
    ON s.s_nationkey = n.n_nationkey
JOIN qualified_suppliers qs
    ON s.s_suppkey = qs.ps_suppkey
WHERE
    n.n_name = 'CANADA'
ORDER BY
    s.s_name
LIMIT 10;","selected_lines = lines.WHERE(YEAR(ship_date) == 1994)
selected_parts_supplied = supply_records.WHERE(
    HAS(part.WHERE(STARTSWITH(name, 'forest')))
    & (available_quantity > 0.5 * SUM(selected_lines.quantity))
    & HAS(selected_lines)
)
result = (
    suppliers.CALCULATE(S_NAME=name, S_ADDRESS=address)
    .WHERE(
        (nation.name == 'CANADA')
        & HAS(selected_parts_supplied)
    )
    .TOP_K(10, by=S_NAME.ASC())
)","WITH _s5 AS (
  SELECT
    l_partkey,
    l_suppkey,
    SUM(l_quantity) AS sum_l_quantity
  FROM tpch.lineitem
  WHERE
    EXTRACT(YEAR FROM CAST(l_shipdate AS TIMESTAMP)) = 1994
  GROUP BY
    1,
    2
), _u_0 AS (
  SELECT
    partsupp.ps_suppkey AS _u_1
  FROM tpch.partsupp AS partsupp
  JOIN tpch.part AS part
    ON part.p_name LIKE 'forest%' AND part.p_partkey = partsupp.ps_partkey
  JOIN _s5 AS _s5
    ON _s5.l_partkey = partsupp.ps_partkey
    AND _s5.l_suppkey = partsupp.ps_suppkey
    AND partsupp.ps_availqty > (
      0.5 * COALESCE(_s5.sum_l_quantity, 0)
    )
  GROUP BY
    1
)
SELECT
  supplier.s_name AS S_NAME,
  supplier.s_address AS S_ADDRESS
FROM tpch.supplier AS supplier
JOIN tpch.nation AS nation
  ON nation.n_name = 'CANADA' AND nation.n_nationkey = supplier.s_nationkey
LEFT JOIN _u_0 AS _u_0
  ON _u_0._u_1 = supplier.s_suppkey
WHERE
  NOT _u_0._u_1 IS NULL
ORDER BY
  1 NULLS FIRST
LIMIT 10",18.442962666999847,13.020575717000156,"Limit  (cost=2740052.18..2740135.82 rows=1 width=44) (actual time=15547.274..15593.660 rows=10 loops=1)
  ->  Nested Loop  (cost=2740052.18..2740135.82 rows=1 width=44) (actual time=15351.469..15397.852 rows=10 loops=1)
        Join Filter: (s.s_suppkey = ps.ps_suppkey)
        Rows Removed by Join Filter: 803023
        ->  Gather Merge  (cost=3907.27..3967.22 rows=526 width=48) (actual time=25.820..25.955 rows=28 loops=1)
              Workers Planned: 1
              Workers Launched: 1
              ->  Sort  (cost=2907.26..2908.04 rows=309 width=48) (actual time=11.201..11.208 rows=14 loops=2)
                    Sort Key: s.s_name
                    Sort Method: quicksort  Memory: 399kB
                    Worker 0:  Sort Method: quicksort  Memory: 25kB
                    ->  Hash Join  (cost=12.39..2894.48 rows=309 width=48) (actual time=0.042..8.897 rows=2027 loops=2)
                          Hash Cond: (s.s_nationkey = n.n_nationkey)
                          ->  Parallel Seq Scan on supplier s  (cost=0.00..2724.24 rows=58824 width=52) (actual time=0.012..5.819 rows=50000 loops=2)
                          ->  Hash  (cost=12.38..12.38 rows=1 width=4) (actual time=0.038..0.040 rows=1 loops=1)
                                Buckets: 1024  Batches: 1  Memory Usage: 9kB
                                ->  Seq Scan on nation n  (cost=0.00..12.38 rows=1 width=4) (actual time=0.029..0.032 rows=1 loops=1)
                                      Filter: ((n_name)::text = 'CANADA'::text)
                                      Rows Removed by Filter: 24
        ->  Materialize  (cost=2736144.91..2736144.94 rows=3 width=4) (actual time=546.910..548.091 rows=28680 loops=28)
              ->  Unique  (cost=2736144.91..2736144.92 rows=3 width=4) (actual time=15313.464..15320.409 rows=44482 loops=1)
                    ->  Sort  (cost=2736144.91..2736144.92 rows=3 width=4) (actual time=15313.461..15315.512 rows=58655 loops=1)
                          Sort Key: ps.ps_suppkey
                          Sort Method: quicksort  Memory: 1537kB
                          ->  Nested Loop  (cost=2532985.56..2736144.88 rows=3 width=4) (actual time=8835.482..15303.601 rows=58655 loops=1)
                                Join Filter: (ps.ps_partkey = part.p_partkey)
                                ->  Hash Join  (cost=2532985.13..2705342.62 rows=48591 width=44) (actual time=8835.430..14775.828 rows=58782 loops=1)
                                      Hash Cond: (lineitem.l_partkey = part.p_partkey)
                                      ->  HashAggregate  (cost=2482100.99..2641830.76 rows=4810551 width=40) (actual time=8686.995..13702.207 rows=5441669 loops=1)
                                            Group Key: lineitem.l_partkey, lineitem.l_suppkey
                                            Planned Partitions: 256  Batches: 1281  Memory Usage: 8249kB  Disk Usage: 507312kB
                                            ->  Seq Scan on lineitem  (cost=0.00..1885213.62 rows=8967322 width=13) (actual time=0.050..5709.120 rows=9099165 loops=1)
                                                  Filter: ((l_shipdate >= '1994-01-01'::date) AND (l_shipdate < '1995-01-01 00:00:00'::timestamp without time zone))
                                                  Rows Removed by Filter: 50886887
                                      ->  Hash  (cost=50631.64..50631.64 rows=20200 width=4) (actual time=148.212..148.249 rows=21551 loops=1)
                                            Buckets: 32768  Batches: 1  Memory Usage: 1014kB
                                            ->  Gather  (cost=1000.00..50631.64 rows=20200 width=4) (actual time=0.257..142.304 rows=21551 loops=1)
                                                  Workers Planned: 2
                                                  Workers Launched: 2
                                                  ->  Parallel Seq Scan on part  (cost=0.00..47611.64 rows=8417 width=4) (actual time=55.159..129.607 rows=7184 loops=3)
                                                        Filter: ((p_name)::text ~~ 'forest%'::text)
                                                        Rows Removed by Filter: 659483
                                ->  Index Scan using partsupp_pkey on partsupp ps  (cost=0.43..0.62 rows=1 width=12) (actual time=0.009..0.009 rows=1 loops=58782)
                                      Index Cond: ((ps_partkey = lineitem.l_partkey) AND (ps_suppkey = lineitem.l_suppkey))
                                      Filter: ((ps_availqty)::numeric > ((0.5 * sum(lineitem.l_quantity))))
                                      Rows Removed by Filter: 0
Planning Time: 0.606 ms
JIT:
  Functions: 69
  Options: Inlining true, Optimization true, Expressions true, Deforming true
  Timing: Generation 4.244 ms, Inlining 169.481 ms, Optimization 142.806 ms, Emission 105.794 ms, Total 422.325 ms
Execution Time: 15643.079 ms","Limit  (cost=1539955.58..1540023.43 rows=1 width=44) (actual time=14660.406..14706.361 rows=10 loops=1)
  ->  Nested Loop  (cost=1539955.58..1540023.43 rows=1 width=44) (actual time=14443.090..14489.042 rows=10 loops=1)
        Join Filter: (supplier.s_suppkey = partsupp.ps_suppkey)
        Rows Removed by Join Filter: 803023
        ->  Gather Merge  (cost=3907.27..3967.22 rows=526 width=48) (actual time=21.707..21.843 rows=28 loops=1)
              Workers Planned: 1
              Workers Launched: 1
              ->  Sort  (cost=2907.26..2908.04 rows=309 width=48) (actual time=10.795..10.800 rows=14 loops=2)
                    Sort Key: supplier.s_name NULLS FIRST
                    Sort Method: quicksort  Memory: 399kB
                    Worker 0:  Sort Method: quicksort  Memory: 25kB
                    ->  Hash Join  (cost=12.39..2894.48 rows=309 width=48) (actual time=0.042..8.985 rows=2027 loops=2)
                          Hash Cond: (supplier.s_nationkey = nation.n_nationkey)
                          ->  Parallel Seq Scan on supplier  (cost=0.00..2724.24 rows=58824 width=52) (actual time=0.012..5.911 rows=50000 loops=2)
                          ->  Hash  (cost=12.38..12.38 rows=1 width=4) (actual time=0.037..0.039 rows=1 loops=1)
                                Buckets: 1024  Batches: 1  Memory Usage: 9kB
                                ->  Seq Scan on nation  (cost=0.00..12.38 rows=1 width=4) (actual time=0.028..0.031 rows=1 loops=1)
                                      Filter: ((n_name)::text = 'CANADA'::text)
                                      Rows Removed by Filter: 24
        ->  Materialize  (cost=1536048.31..1536048.32 rows=1 width=4) (actual time=514.554..515.799 rows=28680 loops=28)
              ->  Group  (cost=1536048.31..1536048.31 rows=1 width=4) (actual time=14407.496..14414.734 rows=44482 loops=1)
                    Group Key: partsupp.ps_suppkey
                    ->  Sort  (cost=1536048.31..1536048.31 rows=1 width=4) (actual time=14407.454..14409.650 rows=58655 loops=1)
                          Sort Key: partsupp.ps_suppkey
                          Sort Method: quicksort  Memory: 1537kB
                          ->  Nested Loop  (cost=1488612.38..1536048.30 rows=1 width=4) (actual time=7061.168..14399.415 rows=58655 loops=1)
                                Join Filter: (partsupp.ps_partkey = part.p_partkey)
                                ->  Merge Join  (cost=1488611.95..1527302.73 rows=2962 width=44) (actual time=7061.089..14146.084 rows=58782 loops=1)
                                      Merge Cond: (lineitem.l_partkey = part.p_partkey)
                                      ->  Finalize GroupAggregate  (cost=1436535.80..1474362.78 rows=293274 width=40) (actual time=6909.603..13754.814 rows=5441655 loops=1)
                                            Group Key: lineitem.l_partkey, lineitem.l_suppkey
                                            ->  Gather Merge  (cost=1436535.80..1468197.41 rows=249944 width=40) (actual time=6909.568..10256.419 rows=7499431 loops=1)
                                                  Workers Planned: 2
                                                  Workers Launched: 2
                                                  ->  Partial GroupAggregate  (cost=1435535.78..1438347.65 rows=124972 width=40) (actual time=6872.696..8742.661 rows=2499815 loops=3)
                                                        Group Key: lineitem.l_partkey, lineitem.l_suppkey
                                                        ->  Sort  (cost=1435535.78..1435848.21 rows=124972 width=13) (actual time=6872.642..7258.215 rows=3033053 loops=3)
                                                              Sort Key: lineitem.l_partkey, lineitem.l_suppkey
                                                              Sort Method: external merge  Disk: 93288kB
                                                              Worker 0:  Sort Method: external merge  Disk: 58048kB
                                                              Worker 1:  Sort Method: external merge  Disk: 53632kB
                                                              ->  Parallel Seq Scan on lineitem  (cost=0.00..1422817.62 rows=124972 width=13) (actual time=106.658..5466.072 rows=3033055 loops=3)
                                                                    Filter: (EXTRACT(year FROM (l_shipdate)::timestamp without time zone) = '1994'::numeric)
                                                                    Rows Removed by Filter: 16962296
                                      ->  Sort  (cost=52076.15..52126.65 rows=20200 width=4) (actual time=151.378..153.545 rows=21551 loops=1)
                                            Sort Key: part.p_partkey
                                            Sort Method: quicksort  Memory: 769kB
                                            ->  Gather  (cost=1000.00..50631.64 rows=20200 width=4) (actual time=0.359..148.486 rows=21551 loops=1)
                                                  Workers Planned: 2
                                                  Workers Launched: 2
                                                  ->  Parallel Seq Scan on part  (cost=0.00..47611.64 rows=8417 width=4) (actual time=58.252..132.911 rows=7184 loops=3)
                                                        Filter: ((p_name)::text ~~ 'forest%'::text)
                                                        Rows Removed by Filter: 659483
                                ->  Index Scan using partsupp_pkey on partsupp  (cost=0.43..2.94 rows=1 width=12) (actual time=0.004..0.004 rows=1 loops=58782)
                                      Index Cond: ((ps_partkey = lineitem.l_partkey) AND (ps_suppkey = lineitem.l_suppkey) AND (ps_suppkey IS NOT NULL))
                                      Filter: ((ps_availqty)::numeric > (0.5 * COALESCE((sum(lineitem.l_quantity)), '0'::numeric)))
                                      Rows Removed by Filter: 0
Planning Time: 0.625 ms
JIT:
  Functions: 88
  Options: Inlining true, Optimization true, Expressions true, Deforming true
  Timing: Generation 5.261 ms, Inlining 333.650 ms, Optimization 209.126 ms, Emission 169.193 ms, Total 717.230 ms
Execution Time: 14718.132 ms",SUCCESS
20,21,TPCH,Q21,"SELECT
    s.s_name,
    COUNT(*) AS numwait
FROM tpch.supplier s
JOIN tpch.lineitem l1
    ON s.s_suppkey = l1.l_suppkey
JOIN tpch.orders o
    ON o.o_orderkey = l1.l_orderkey
JOIN tpch.nation n
    ON s.s_nationkey = n.n_nationkey
WHERE o.o_orderstatus = 'F'
  AND l1.l_receiptdate > l1.l_commitdate
  AND EXISTS (
      SELECT 1
      FROM tpch.lineitem l2
      WHERE l2.l_orderkey = l1.l_orderkey
        AND l2.l_suppkey <> l1.l_suppkey
  )
  AND NOT EXISTS (
      SELECT 1
      FROM tpch.lineitem l3
      WHERE l3.l_orderkey = l1.l_orderkey
        AND l3.l_suppkey <> l1.l_suppkey
        AND l3.l_receiptdate > l3.l_commitdate
  )
  AND n.n_name = 'SAUDI ARABIA'
GROUP BY s.s_name
ORDER BY numwait DESC, s.s_name
LIMIT 10;","date_check = receipt_date > commit_date
waiting_entries = (
    lines.CALCULATE(original_key=supplier_key)
    .WHERE(date_check)
    .order.WHERE(
        (order_status == ""F"")
        & HAS(lines.WHERE(supplier_key != original_key))
        & HASNOT(lines.WHERE((supplier_key != original_key) & date_check))
    )
)
result = (
    suppliers.WHERE(nation.name == ""SAUDI ARABIA"")
    .CALCULATE(
        S_NAME=name,
        NUMWAIT=COUNT(waiting_entries),
    )
    .TOP_K(
        10,
        by=(NUMWAIT.DESC(), S_NAME.ASC()),
    )
)","WITH _t5 AS (
  SELECT
    l_commitdate,
    l_linenumber,
    l_orderkey,
    l_receiptdate,
    l_suppkey
  FROM tpch.lineitem
  WHERE
    l_commitdate < l_receiptdate
), _t3 AS (
  SELECT
    _t5.l_linenumber,
    _t5.l_orderkey,
    orders.o_orderkey,
    MAX(_t5.l_suppkey) AS anything_l_suppkey,
    MAX(orders.o_orderstatus) AS anything_o_orderstatus
  FROM _t5 AS _t5
  JOIN tpch.orders AS orders
    ON _t5.l_orderkey = orders.o_orderkey
  JOIN tpch.lineitem AS lineitem
    ON _t5.l_suppkey <> lineitem.l_suppkey AND lineitem.l_orderkey = orders.o_orderkey
  GROUP BY
    1,
    2,
    3
), _u_0 AS (
  SELECT
    _t6.l_linenumber AS _u_1,
    _t6.l_orderkey AS _u_2
  FROM _t5 AS _t6
  JOIN tpch.lineitem AS lineitem
    ON _t6.l_orderkey = lineitem.l_orderkey
    AND _t6.l_suppkey <> lineitem.l_suppkey
    AND lineitem.l_commitdate < lineitem.l_receiptdate
  GROUP BY
    1,
    2
), _s11 AS (
  SELECT
    _t3.anything_l_suppkey
  FROM _t3 AS _t3
  LEFT JOIN _u_0 AS _u_0
    ON _t3.l_linenumber = _u_0._u_1
    AND _t3.l_orderkey = _u_0._u_2
    AND _t3.o_orderkey = _u_0._u_2
  WHERE
    _t3.anything_o_orderstatus = 'F' AND _u_0._u_1 IS NULL
)
SELECT
  MAX(supplier.s_name) AS S_NAME,
  COUNT(_s11.anything_l_suppkey) AS NUMWAIT
FROM tpch.supplier AS supplier
JOIN tpch.nation AS nation
  ON nation.n_name = 'SAUDI ARABIA' AND nation.n_nationkey = supplier.s_nationkey
LEFT JOIN _s11 AS _s11
  ON _s11.anything_l_suppkey = supplier.s_suppkey
GROUP BY
  supplier.s_suppkey
ORDER BY
  2 DESC NULLS LAST,
  1 NULLS FIRST
LIMIT 10",7.068639959999928,300.48175907600034,"Limit  (cost=1759092.90..1759092.90 rows=1 width=27) (actual time=7265.717..7265.959 rows=10 loops=1)
  ->  Sort  (cost=1759092.90..1759092.90 rows=1 width=27) (actual time=7066.100..7066.341 rows=10 loops=1)
        Sort Key: (count(*)) DESC, s.s_name
        Sort Method: top-N heapsort  Memory: 26kB
        ->  GroupAggregate  (cost=1759092.87..1759092.89 rows=1 width=27) (actual time=7061.172..7065.866 rows=4009 loops=1)
              Group Key: s.s_name
              ->  Sort  (cost=1759092.87..1759092.87 rows=1 width=19) (actual time=7061.116..7062.633 rows=39448 loops=1)
                    Sort Key: s.s_name
                    Sort Method: quicksort  Memory: 2769kB
                    ->  Nested Loop  (cost=3899.91..1759092.86 rows=1 width=19) (actual time=24.106..6965.069 rows=39448 loops=1)
                          ->  Nested Loop Semi Join  (cost=3899.48..1759085.69 rows=1 width=27) (actual time=24.081..6320.031 rows=81045 loops=1)
                                ->  Gather  (cost=3898.91..1758908.63 rows=1 width=27) (actual time=24.070..5648.475 rows=135716 loops=1)
                                      Workers Planned: 2
                                      Workers Launched: 2
                                      ->  Nested Loop Anti Join  (cost=2898.91..1757908.53 rows=1 width=27) (actual time=222.105..6486.898 rows=45239 loops=3)
                                            ->  Parallel Hash Join  (cost=2898.35..1332244.49 rows=43850 width=27) (actual time=221.922..4758.539 rows=507455 loops=3)
                                                  Hash Cond: (l1.l_suppkey = s.s_suppkey)
                                                  ->  Parallel Seq Scan on lineitem l1  (cost=0.00..1297845.73 rows=8331460 width=8) (actual time=213.905..3321.589 rows=12643116 loops=3)
                                                        Filter: (l_receiptdate > l_commitdate)
                                                        Rows Removed by Filter: 7352235
                                                  ->  Parallel Hash  (cost=2894.48..2894.48 rows=309 width=23) (actual time=7.631..7.634 rows=1337 loops=3)
                                                        Buckets: 4096 (originally 1024)  Batches: 1 (originally 1)  Memory Usage: 280kB
                                                        ->  Hash Join  (cost=12.39..2894.48 rows=309 width=23) (actual time=0.156..21.828 rows=4010 loops=1)
                                                              Hash Cond: (s.s_nationkey = n.n_nationkey)
                                                              ->  Parallel Seq Scan on supplier s  (cost=0.00..2724.24 rows=58824 width=27) (actual time=0.027..15.249 rows=100000 loops=1)
                                                              ->  Hash  (cost=12.38..12.38 rows=1 width=4) (actual time=0.071..0.073 rows=1 loops=1)
                                                                    Buckets: 1024  Batches: 1  Memory Usage: 9kB
                                                                    ->  Seq Scan on nation n  (cost=0.00..12.38 rows=1 width=4) (actual time=0.059..0.061 rows=1 loops=1)
                                                                          Filter: ((n_name)::text = 'SAUDI ARABIA'::text)
                                                                          Rows Removed by Filter: 24
                                            ->  Index Scan using lineitem_pkey on lineitem l3  (cost=0.56..177.32 rows=38 width=8) (actual time=0.003..0.003 rows=1 loops=1522366)
                                                  Index Cond: (l_orderkey = l1.l_orderkey)
                                                  Filter: ((l_receiptdate > l_commitdate) AND (l_suppkey <> l1.l_suppkey))
                                                  Rows Removed by Filter: 1
                                ->  Index Scan using lineitem_pkey on lineitem l2  (cost=0.56..177.04 rows=113 width=8) (actual time=0.005..0.005 rows=1 loops=135716)
                                      Index Cond: (l_orderkey = l1.l_orderkey)
                                      Filter: (l_suppkey <> l1.l_suppkey)
                                      Rows Removed by Filter: 1
                          ->  Index Scan using orders_pkey on orders o  (cost=0.43..7.17 rows=1 width=4) (actual time=0.008..0.008 rows=0 loops=81045)
                                Index Cond: (o_orderkey = l1.l_orderkey)
                                Filter: (o_orderstatus = 'F'::bpchar)
                                Rows Removed by Filter: 1
Planning Time: 1.815 ms
JIT:
  Functions: 105
  Options: Inlining true, Optimization true, Expressions true, Deforming true
  Timing: Generation 6.639 ms, Inlining 219.292 ms, Optimization 362.679 ms, Emission 259.411 ms, Total 848.021 ms
Execution Time: 7268.632 ms","Limit  (cost=50623475.62..50623475.64 rows=10 width=44) (actual time=342916.007..342916.020 rows=10 loops=1)
  CTE _t5
    ->  Seq Scan on lineitem lineitem_2  (cost=0.00..1735247.35 rows=19995503 width=20) (actual time=0.027..8764.766 rows=37929348 loops=1)
          Filter: (l_commitdate < l_receiptdate)
          Rows Removed by Filter: 22056704
  ->  Sort  (cost=48888228.27..48888229.58 rows=526 width=44) (actual time=342580.759..342580.770 rows=10 loops=1)
        Sort Key: (count(_t3.anything_l_suppkey)) DESC NULLS LAST, (max((supplier.s_name)::text)) NULLS FIRST
        Sort Method: top-N heapsort  Memory: 26kB
        ->  GroupAggregate  (cost=48881941.36..48888216.90 rows=526 width=44) (actual time=342458.763..342580.151 rows=4010 loops=1)
              Group Key: supplier.s_suppkey
              ->  Merge Left Join  (cost=48881941.36..48888207.70 rows=526 width=27) (actual time=342458.677..342576.425 rows=39449 loops=1)
                    Merge Cond: (supplier.s_suppkey = _t3.anything_l_suppkey)
                    ->  Nested Loop  (cost=0.29..6264.43 rows=526 width=23) (actual time=0.087..29.119 rows=4010 loops=1)
                          Join Filter: (nation.n_nationkey = supplier.s_nationkey)
                          Rows Removed by Join Filter: 95990
                          ->  Index Scan using supplier_pkey on supplier  (cost=0.29..4752.05 rows=100000 width=27) (actual time=0.029..12.940 rows=100000 loops=1)
                          ->  Materialize  (cost=0.00..12.38 rows=1 width=4) (actual time=0.000..0.000 rows=1 loops=100000)
                                ->  Seq Scan on nation  (cost=0.00..12.38 rows=1 width=4) (actual time=0.022..0.023 rows=1 loops=1)
                                      Filter: ((n_name)::text = 'SAUDI ARABIA'::text)
                                      Rows Removed by Filter: 24
                    ->  Sort  (cost=48881941.07..48881941.51 rows=175 width=4) (actual time=342458.470..342510.949 rows=990375 loops=1)
                          Sort Key: _t3.anything_l_suppkey
                          Sort Method: external sort  Disk: 15552kB
                          ->  Hash Right Anti Join  (cost=48880796.43..48881934.55 rows=175 width=4) (actual time=333343.900..342235.329 rows=990572 loops=1)
                                Hash Cond: ((_t6.l_linenumber = _t3.l_linenumber) AND (_t6.l_orderkey = _t3.l_orderkey) AND (_t6.l_orderkey = _t3.o_orderkey))
                                ->  HashAggregate  (cost=18826648.73..18827048.73 rows=40000 width=8) (actual time=68120.052..115533.772 rows=34557064 loops=1)
                                      Group Key: _t6.l_linenumber, _t6.l_orderkey
                                      Batches: 1925  Memory Usage: 10033kB  Disk Usage: 2747312kB
                                      ->  Hash Join  (cost=2063299.14..15050759.87 rows=755177773 width=8) (actual time=11968.560..47592.661 rows=95916266 loops=1)
                                            Hash Cond: (_t6.l_orderkey = lineitem.l_orderkey)
                                            Join Filter: (_t6.l_suppkey <> lineitem.l_suppkey)
                                            Rows Removed by Join Filter: 37930326
                                            ->  CTE Scan on _t5 _t6  (cost=0.00..399910.06 rows=19995503 width=12) (actual time=0.713..6584.747 rows=37929348 loops=1)
                                            ->  Hash  (cost=1735247.35..1735247.35 rows=19995503 width=8) (actual time=11962.450..11962.452 rows=37929348 loops=1)
                                                  Buckets: 262144 (originally 262144)  Batches: 256 (originally 128)  Memory Usage: 7825kB
                                                  ->  Seq Scan on lineitem  (cost=0.00..1735247.35 rows=19995503 width=8) (actual time=0.088..7359.894 rows=37929348 loops=1)
                                                        Filter: (l_commitdate < l_receiptdate)
                                                        Rows Removed by Filter: 22056704
                                ->  Hash  (cost=30054144.20..30054144.20 rows=200 width=16) (actual time=212732.228..212732.234 rows=17654363 loops=1)
                                      Buckets: 262144 (originally 1024)  Batches: 256 (originally 1)  Memory Usage: 6145kB
                                      ->  Subquery Scan on _t3  (cost=30053642.20..30054144.20 rows=200 width=16) (actual time=122839.072..209626.684 rows=17654363 loops=1)
                                            ->  HashAggregate  (cost=30053642.20..30054142.20 rows=200 width=48) (actual time=122839.068..208414.498 rows=17654363 loops=1)
                                                  Group Key: _t5.l_linenumber, _t5.l_orderkey
                                                  Filter: (max(orders.o_orderstatus) = 'F'::bpchar)
                                                  Batches: 1029  Memory Usage: 8241kB  Disk Usage: 5880584kB
                                                  Rows Removed by Filter: 18919625
                                                  ->  Hash Join  (cost=3960975.52..7398309.38 rows=2265533282 width=18) (actual time=34660.406..89834.385 rows=151691143 loops=1)
                                                        Hash Cond: (_t5.l_orderkey = orders.o_orderkey)
                                                        Join Filter: (_t5.l_suppkey <> lineitem_1.l_suppkey)
                                                        Rows Removed by Join Filter: 37930892
                                                        ->  CTE Scan on _t5  (cost=0.00..399910.06 rows=19995503 width=12) (actual time=0.030..17346.612 rows=37929348 loops=1)
                                                        ->  Hash  (cost=2918241.17..2918241.17 rows=59986508 width=14) (actual time=34653.399..34653.401 rows=59986052 loops=1)
                                                              Buckets: 262144  Batches: 512  Memory Usage: 7555kB
                                                              ->  Hash Join  (cost=648258.46..2918241.17 rows=59986508 width=14) (actual time=2994.990..26609.063 rows=59986052 loops=1)
                                                                    Hash Cond: (lineitem_1.l_orderkey = orders.o_orderkey)
                                                                    ->  Seq Scan on lineitem lineitem_1  (cost=0.00..1585281.08 rows=59986508 width=8) (actual time=0.010..5518.590 rows=59986052 loops=1)
                                                                    ->  Hash  (cost=402176.65..402176.65 rows=14999265 width=6) (actual time=2993.151..2993.152 rows=15000000 loops=1)
                                                                          Buckets: 262144  Batches: 128  Memory Usage: 6391kB
                                                                          ->  Seq Scan on orders  (cost=0.00..402176.65 rows=14999265 width=6) (actual time=0.071..1443.107 rows=15000000 loops=1)
Planning Time: 2.618 ms
JIT:
  Functions: 80
  Options: Inlining true, Optimization true, Expressions true, Deforming true
  Timing: Generation 7.940 ms, Inlining 43.393 ms, Optimization 220.486 ms, Emission 165.033 ms, Total 436.852 ms
Execution Time: 343202.637 ms",SUCCESS
21,22,TPCH,Q22,"SELECT
    cntrycode,
    COUNT(*) AS numcust,
    SUM(c_acctbal) AS totacctbal
FROM (
    SELECT
        SUBSTRING(c.c_phone FROM 1 FOR 2) AS cntrycode,
        c.c_acctbal
    FROM tpch.customer c
    WHERE SUBSTRING(c.c_phone FROM 1 FOR 2) IN
          ('13', '31', '23', '29', '30', '18', '17')
      AND c.c_acctbal > (
          SELECT AVG(c2.c_acctbal)
          FROM tpch.customer c2
          WHERE c2.c_acctbal > 0.00
            AND SUBSTRING(c2.c_phone FROM 1 FOR 2) IN
                ('13', '31', '23', '29', '30', '18', '17')
      )
      AND NOT EXISTS (
          SELECT 1
          FROM tpch.orders o
          WHERE o.o_custkey = c.c_custkey
      )
) AS custsale
GROUP BY cntrycode
ORDER BY cntrycode;","is_selected_code = ISIN(cntry_code, (""13"", ""31"", ""23"", ""29"", ""30"", ""18"", ""17""))
selected_customers = customers.CALCULATE(cntry_code=phone[:2]).WHERE(
    is_selected_code
)
result = (
    TPCH.CALCULATE(
        global_avg_balance=AVG(
            selected_customers.WHERE(account_balance > 0.0).account_balance
        )
    )
    .customers.CALCULATE(cntry_code=phone[:2])
    .WHERE(
        is_selected_code & (account_balance > global_avg_balance) & HASNOT(orders)
    )
    .PARTITION(
        name=""countries"",
        by=cntry_code,
    )
    .CALCULATE(
        CNTRYCODE=cntry_code,
        NUMCUST=COUNT(customers),
        TOTACCTBAL=SUM(customers.account_balance),
    )
    .ORDER_BY(CNTRYCODE.ASC())
)","WITH _s0 AS (
  SELECT
    AVG(CAST(c_acctbal AS DECIMAL)) AS avg_c_acctbal
  FROM tpch.customer
  WHERE
    SUBSTRING(c_phone FROM 1 FOR 2) IN ('13', '31', '23', '29', '30', '18', '17')
    AND c_acctbal > 0.0
), _u_0 AS (
  SELECT
    o_custkey AS _u_1
  FROM tpch.orders
  GROUP BY
    1
)
SELECT
  SUBSTRING(customer.c_phone FROM 1 FOR 2) AS CNTRYCODE,
  COUNT(*) AS NUMCUST,
  COALESCE(SUM(customer.c_acctbal), 0) AS TOTACCTBAL
FROM _s0 AS _s0
JOIN tpch.customer AS customer
  ON SUBSTRING(customer.c_phone FROM 1 FOR 2) IN ('13', '31', '23', '29', '30', '18', '17')
  AND _s0.avg_c_acctbal < customer.c_acctbal
LEFT JOIN _u_0 AS _u_0
  ON _u_0._u_1 = customer.c_custkey
WHERE
  _u_0._u_1 IS NULL
GROUP BY
  1
ORDER BY
  1 NULLS FIRST",2.493304452999837,6.704970186000082,"Finalize GroupAggregate  (cost=477859.38..478717.29 rows=6603 width=72) (actual time=2567.116..2572.627 rows=7 loops=1)
  Group Key: (SUBSTRING(c.c_phone FROM 1 FOR 2))
  InitPlan 1 (returns $1)
    ->  Finalize Aggregate  (cost=51637.27..51637.28 rows=1 width=32) (actual time=254.182..254.333 rows=1 loops=1)
          ->  Gather  (cost=51637.05..51637.26 rows=2 width=32) (actual time=254.012..254.309 rows=3 loops=1)
                Workers Planned: 2
                Workers Launched: 2
                ->  Partial Aggregate  (cost=50637.05..50637.06 rows=1 width=32) (actual time=238.679..238.680 rows=1 loops=3)
                      ->  Parallel Seq Scan on customer c2  (cost=0.00..50587.39 rows=19862 width=6) (actual time=9.709..223.894 rows=127259 loops=3)
                            Filter: ((c_acctbal > 0.00) AND (SUBSTRING(c_phone FROM 1 FOR 2) = ANY ('{13,31,23,29,30,18,17}'::text[])))
                            Rows Removed by Filter: 372741
  ->  Gather Merge  (cost=426222.09..426925.94 rows=5502 width=72) (actual time=2567.062..2572.417 rows=7 loops=1)
        Workers Planned: 2
        Params Evaluated: $1
        Workers Launched: 2
        ->  Partial GroupAggregate  (cost=425222.07..425290.85 rows=2751 width=72) (actual time=2257.680..2260.636 rows=2 loops=3)
              Group Key: (SUBSTRING(c.c_phone FROM 1 FOR 2))
              ->  Sort  (cost=425222.07..425228.95 rows=2751 width=38) (actual time=2257.193..2258.188 rows=21305 loops=3)
                    Sort Key: (SUBSTRING(c.c_phone FROM 1 FOR 2))
                    Sort Method: quicksort  Memory: 25kB
                    Worker 0:  Sort Method: quicksort  Memory: 25kB
                    Worker 1:  Sort Method: quicksort  Memory: 4028kB
                    ->  Parallel Hash Right Anti Join  (cost=50678.54..425064.91 rows=2751 width=38) (actual time=2244.744..2252.989 rows=21305 loops=3)
                          Hash Cond: (o.o_custkey = c.c_custkey)
                          ->  Parallel Seq Scan on orders o  (cost=0.00..314680.94 rows=6249694 width=4) (actual time=0.036..554.213 rows=5000000 loops=3)
                          ->  Parallel Hash  (cost=50587.39..50587.39 rows=7292 width=26) (actual time=233.981..233.982 rows=63564 loops=3)
                                Buckets: 262144 (originally 32768)  Batches: 1 (originally 1)  Memory Usage: 15840kB
                                ->  Parallel Seq Scan on customer c  (cost=0.00..50587.39 rows=7292 width=26) (actual time=8.000..200.656 rows=63564 loops=3)
                                      Filter: ((c_acctbal > $1) AND (SUBSTRING(c_phone FROM 1 FOR 2) = ANY ('{13,31,23,29,30,18,17}'::text[])))
                                      Rows Removed by Filter: 436436
Planning Time: 0.294 ms
JIT:
  Functions: 71
  Options: Inlining false, Optimization false, Expressions true, Deforming true
  Timing: Generation 5.302 ms, Inlining 0.000 ms, Optimization 2.772 ms, Emission 50.331 ms, Total 58.405 ms
Execution Time: 2574.733 ms","GroupAggregate  (cost=1132895.32..1133114.07 rows=8750 width=72) (actual time=7334.662..7342.643 rows=7 loops=1)
  Group Key: (SUBSTRING(customer.c_phone FROM 1 FOR 2))
  ->  Sort  (cost=1132895.32..1132917.20 rows=8750 width=38) (actual time=7333.322..7336.145 rows=63914 loops=1)
        Sort Key: (SUBSTRING(customer.c_phone FROM 1 FOR 2)) NULLS FIRST
        Sort Method: quicksort  Memory: 4028kB
        ->  Hash Right Anti Join  (cost=1104755.70..1132322.41 rows=8750 width=38) (actual time=7189.385..7323.124 rows=63914 loops=1)
              Hash Cond: (orders.o_custkey = customer.c_custkey)
              ->  Finalize HashAggregate  (cost=996968.60..1020902.01 rows=933987 width=4) (actual time=5560.293..6226.198 rows=999982 loops=1)
                    Group Key: orders.o_custkey
                    Planned Partitions: 16  Batches: 81  Memory Usage: 9617kB  Disk Usage: 64432kB
                    ->  Gather  (cost=651601.99..896564.99 rows=1867974 width=4) (actual time=3006.170..4738.555 rows=2933018 loops=1)
                          Workers Planned: 2
                          Workers Launched: 2
                          ->  Partial HashAggregate  (cost=650601.99..708767.59 rows=933987 width=4) (actual time=2988.728..4646.477 rows=977673 loops=3)
                                Group Key: orders.o_custkey
                                Planned Partitions: 16  Batches: 81  Memory Usage: 10385kB  Disk Usage: 129344kB
                                Worker 0:  Batches: 81  Memory Usage: 10385kB  Disk Usage: 115720kB
                                Worker 1:  Batches: 81  Memory Usage: 10385kB  Disk Usage: 178776kB
                                ->  Parallel Seq Scan on orders  (cost=0.00..314680.94 rows=6249694 width=4) (actual time=0.030..587.157 rows=5000000 loops=3)
              ->  Hash  (cost=107568.35..107568.35 rows=17500 width=26) (actual time=743.974..744.038 rows=190691 loops=1)
                    Buckets: 131072 (originally 32768)  Batches: 2 (originally 1)  Memory Usage: 7169kB
                    ->  Nested Loop  (cost=52637.27..107568.35 rows=17500 width=26) (actual time=390.561..684.618 rows=190691 loops=1)
                          Join Filter: ((avg((customer_1.c_acctbal)::numeric)) < customer.c_acctbal)
                          Rows Removed by Join Filter: 229283
                          ->  Finalize Aggregate  (cost=51637.27..51637.28 rows=1 width=32) (actual time=390.252..390.286 rows=1 loops=1)
                                ->  Gather  (cost=51637.05..51637.26 rows=2 width=32) (actual time=390.055..390.250 rows=3 loops=1)
                                      Workers Planned: 2
                                      Workers Launched: 2
                                      ->  Partial Aggregate  (cost=50637.05..50637.06 rows=1 width=32) (actual time=369.772..369.773 rows=1 loops=3)
                                            ->  Parallel Seq Scan on customer customer_1  (cost=0.00..50587.39 rows=19862 width=6) (actual time=164.056..355.638 rows=127259 loops=3)
                                                  Filter: ((c_acctbal > 0.0) AND (SUBSTRING(c_phone FROM 1 FOR 2) = ANY ('{13,31,23,29,30,18,17}'::text[])))
                                                  Rows Removed by Filter: 372741
                          ->  Gather  (cost=1000.00..55274.83 rows=52499 width=26) (actual time=0.299..228.687 rows=419974 loops=1)
                                Workers Planned: 2
                                Workers Launched: 2
                                ->  Parallel Seq Scan on customer  (cost=0.00..49024.93 rows=21875 width=26) (actual time=68.870..257.766 rows=139991 loops=3)
                                      Filter: (SUBSTRING(c_phone FROM 1 FOR 2) = ANY ('{13,31,23,29,30,18,17}'::text[]))
                                      Rows Removed by Filter: 360009
Planning Time: 0.257 ms
JIT:
  Functions: 69
  Options: Inlining true, Optimization true, Expressions true, Deforming true
  Timing: Generation 5.447 ms, Inlining 492.350 ms, Optimization 233.285 ms, Emission 194.590 ms, Total 925.672 ms
Execution Time: 7366.902 ms",SUCCESS
22,23,TPCDS,Q1,"WITH customer_total_return AS (
    SELECT
        sr_customer_sk  AS ctr_customer_sk,
        sr_store_sk     AS ctr_store_sk,
        SUM(sr_return_amt) AS ctr_total_return
    FROM tpcds.store_returns
    JOIN tpcds.date_dim ON sr_returned_date_sk = d_date_sk AND d_year = 2000
    GROUP BY sr_customer_sk, sr_store_sk
),
store_avg AS (
    SELECT
        ctr_store_sk,
        AVG(ctr_total_return) * 1.2 AS avg_return_threshold
    FROM customer_total_return
    GROUP BY ctr_store_sk
)
SELECT c_customer_id
FROM customer_total_return ctr1
JOIN tpcds.store     ON s_store_sk = ctr1.ctr_store_sk AND s_state = 'TN'
JOIN tpcds.customer  ON ctr1.ctr_customer_sk = c_customer_sk
JOIN store_avg       ON ctr1.ctr_store_sk = store_avg.ctr_store_sk
WHERE ctr1.ctr_total_return > store_avg.avg_return_threshold
ORDER BY c_customer_id
LIMIT 10;","result = (store_returns.WHERE(
    (store.state == ""TN"") & (returned_date.year == 2000)
).PARTITION(
    name=""store_customer_groups"",
    by=(customer_key, store_key)
).CALCULATE(
    customer_total=SUM(store_returns.amount)
).PARTITION(
    name=""store_groups"", by=store_key
).CALCULATE(
    store_avg=1.2 * AVG(store_customer_groups.customer_total)
).store_customer_groups.WHERE(
    customer_total > store_avg
).store_returns.customer.CALCULATE(
    c_customer_id=_id
).TOP_K(10, by=c_customer_id))","WITH _s0 AS (
  SELECT
    sr_customer_sk,
    sr_return_amt,
    sr_returned_date_sk,
    sr_store_sk
  FROM tpcds.store_returns
), _t3 AS (
  SELECT
    s_state,
    s_store_sk
  FROM tpcds.store
  WHERE
    s_state = 'TN'
), _t4 AS (
  SELECT
    d_date_sk,
    d_year
  FROM tpcds.date_dim
  WHERE
    d_year = 2000
), _t1 AS (
  SELECT
    _s0.sr_store_sk,
    SUM(_s0.sr_return_amt) AS sum_sr_return_amt
  FROM _s0 AS _s0
  JOIN _t3 AS _t3
    ON _s0.sr_store_sk = _t3.s_store_sk
  JOIN _t4 AS _t4
    ON _s0.sr_returned_date_sk = _t4.d_date_sk
  GROUP BY
    _s0.sr_customer_sk,
    1
), _s8 AS (
  SELECT
    sr_store_sk,
    AVG(CAST(COALESCE(sum_sr_return_amt, 0) AS DECIMAL)) AS avg_customer_total
  FROM _t1
  GROUP BY
    1
), _s9 AS (
  SELECT
    _s4.sr_customer_sk,
    _s4.sr_store_sk,
    SUM(_s4.sr_return_amt) AS sum_sr_return_amt
  FROM _s0 AS _s4
  JOIN _t3 AS _t6
    ON _s4.sr_store_sk = _t6.s_store_sk
  JOIN _t4 AS _t7
    ON _s4.sr_returned_date_sk = _t7.d_date_sk
  GROUP BY
    1,
    2
)
SELECT
  customer.c_customer_id
FROM _s8 AS _s8
JOIN _s9 AS _s9
  ON (
    1.2 * _s8.avg_customer_total
  ) < COALESCE(_s9.sum_sr_return_amt, 0)
  AND _s8.sr_store_sk = _s9.sr_store_sk
JOIN tpcds.store_returns AS store_returns
  ON _s9.sr_customer_sk = store_returns.sr_customer_sk
  AND _s9.sr_store_sk = store_returns.sr_store_sk
JOIN _t3 AS _t8
  ON _t8.s_store_sk = store_returns.sr_store_sk
JOIN _t4 AS _t9
  ON _t9.d_date_sk = store_returns.sr_returned_date_sk
JOIN tpcds.customer AS customer
  ON customer.c_customer_sk = store_returns.sr_customer_sk
ORDER BY
  1 NULLS FIRST
LIMIT 10",1.990824504000102,4.899753310000051,"Limit  (cost=115442.54..115442.56 rows=10 width=17) (actual time=1550.342..1550.535 rows=10 loops=1)
  CTE customer_total_return
    ->  Finalize GroupAggregate  (cost=83004.73..84756.28 rows=13858 width=48) (actual time=365.873..931.400 rows=539331 loops=1)
          Group Key: store_returns.sr_customer_sk, store_returns.sr_store_sk
          ->  Gather Merge  (cost=83004.73..84467.57 rows=11548 width=48) (actual time=365.859..624.111 rows=543037 loops=1)
                Workers Planned: 2
                Workers Launched: 2
                ->  Partial GroupAggregate  (cost=82004.71..82134.62 rows=5774 width=48) (actual time=343.729..486.304 rows=181012 loops=3)
                      Group Key: store_returns.sr_customer_sk, store_returns.sr_store_sk
                      ->  Sort  (cost=82004.71..82019.14 rows=5774 width=22) (actual time=343.677..367.762 rows=185902 loops=3)
                            Sort Key: store_returns.sr_customer_sk, store_returns.sr_store_sk
                            Sort Method: external merge  Disk: 8592kB
                            Worker 0:  Sort Method: external merge  Disk: 4600kB
                            Worker 1:  Sort Method: external merge  Disk: 4568kB
                            ->  Parallel Hash Join  (cost=2571.81..81643.97 rows=5774 width=22) (actual time=10.454..266.738 rows=185902 loops=3)
                                  Hash Cond: (store_returns.sr_returned_date_sk = date_dim.d_date_sk)
                                  ->  Parallel Seq Scan on store_returns  (cost=0.00..74541.93 rows=1198992 width=30) (actual time=0.029..125.004 rows=959177 loops=3)
                                  ->  Parallel Hash  (cost=2569.12..2569.12 rows=215 width=8) (actual time=2.480..2.482 rows=122 loops=3)
                                        Buckets: 1024  Batches: 1  Memory Usage: 40kB
                                        ->  Parallel Seq Scan on date_dim  (cost=0.00..2569.12 rows=215 width=8) (actual time=3.816..7.304 rows=366 loops=1)
                                              Filter: (d_year = 2000)
                                              Rows Removed by Filter: 72683
  ->  Sort  (cost=30686.26..30688.05 rows=716 width=17) (actual time=1529.603..1529.611 rows=10 loops=1)
        Sort Key: customer.c_customer_id
        Sort Method: top-N heapsort  Memory: 25kB
        ->  Hash Join  (cost=26898.61..30670.79 rows=716 width=17) (actual time=1311.992..1521.183 rows=45702 loops=1)
              Hash Cond: (ctr1.ctr_customer_sk = customer.c_customer_sk)
              ->  Hash Join  (cost=358.61..696.94 rows=716 width=8) (actual time=1180.347..1337.348 rows=45719 loops=1)
                    Hash Cond: (ctr1.ctr_store_sk = store.s_store_sk)
                    ->  Hash Join  (cost=351.95..665.80 rows=4619 width=24) (actual time=1180.213..1326.875 rows=137685 loops=1)
                          Hash Cond: (ctr1.ctr_store_sk = customer_total_return.ctr_store_sk)
                          Join Filter: (ctr1.ctr_total_return > ((avg(customer_total_return.ctr_total_return) * 1.2)))
                          Rows Removed by Join Filter: 396509
                          ->  CTE Scan on customer_total_return ctr1  (cost=0.00..277.16 rows=13858 width=48) (actual time=365.877..404.224 rows=539331 loops=1)
                          ->  Hash  (cost=349.45..349.45 rows=200 width=40) (actual time=814.280..814.282 rows=51 loops=1)
                                Buckets: 1024  Batches: 1  Memory Usage: 11kB
                                ->  HashAggregate  (cost=346.45..349.45 rows=200 width=40) (actual time=814.218..814.262 rows=52 loops=1)
                                      Group Key: customer_total_return.ctr_store_sk
                                      Batches: 1  Memory Usage: 64kB
                                      ->  CTE Scan on customer_total_return  (cost=0.00..277.16 rows=13858 width=40) (actual time=0.001..697.252 rows=539331 loops=1)
                    ->  Hash  (cost=6.28..6.28 rows=31 width=8) (actual time=0.114..0.115 rows=31 loops=1)
                          Buckets: 1024  Batches: 1  Memory Usage: 10kB
                          ->  Seq Scan on store  (cost=0.00..6.28 rows=31 width=8) (actual time=0.055..0.103 rows=31 loops=1)
                                Filter: ((s_state)::text = 'TN'::text)
                                Rows Removed by Filter: 71
              ->  Hash  (cost=16872.00..16872.00 rows=500000 width=25) (actual time=131.251..131.252 rows=500000 loops=1)
                    Buckets: 131072  Batches: 8  Memory Usage: 4929kB
                    ->  Seq Scan on customer  (cost=0.00..16872.00 rows=500000 width=25) (actual time=0.031..57.726 rows=500000 loops=1)
Planning Time: 0.326 ms
JIT:
  Functions: 90
  Options: Inlining false, Optimization false, Expressions true, Deforming true
  Timing: Generation 6.036 ms, Inlining 0.000 ms, Optimization 2.562 ms, Emission 41.645 ms, Total 50.244 ms
Execution Time: 1557.413 ms","Limit  (cost=583041.12..583041.15 rows=10 width=17) (actual time=5952.112..5952.138 rows=10 loops=1)
  CTE _s0
    ->  Seq Scan on store_returns store_returns_1  (cost=0.00..91327.82 rows=2877582 width=30) (actual time=0.018..361.194 rows=2877532 loops=1)
  CTE _t3
    ->  Seq Scan on store  (cost=0.00..6.28 rows=31 width=11) (actual time=0.017..0.044 rows=31 loops=1)
          Filter: ((s_state)::text = 'TN'::text)
          Rows Removed by Filter: 71
  CTE _t4
    ->  Seq Scan on date_dim  (cost=0.00..2945.11 rows=365 width=16) (actual time=2.832..5.522 rows=366 loops=1)
          Filter: (d_year = 2000)
          Rows Removed by Filter: 72683
  ->  Sort  (cost=488761.92..488761.95 rows=13 width=17) (actual time=5339.323..5339.346 rows=10 loops=1)
        Sort Key: customer.c_customer_id NULLS FIRST
        Sort Method: top-N heapsort  Memory: 25kB
        ->  Hash Join  (cost=470014.55..488761.68 rows=13 width=17) (actual time=5192.297..5329.977 rows=47280 loops=1)
              Hash Cond: (customer.c_customer_sk = _s9.sr_customer_sk)
              ->  Seq Scan on customer  (cost=0.00..16872.00 rows=500000 width=25) (actual time=0.030..48.368 rows=500000 loops=1)
              ->  Hash  (cost=470014.38..470014.38 rows=13 width=16) (actual time=5192.212..5192.233 rows=47280 loops=1)
                    Buckets: 65536 (originally 1024)  Batches: 1 (originally 1)  Memory Usage: 2729kB
                    ->  Nested Loop  (cost=362948.98..470014.38 rows=13 width=16) (actual time=3962.495..5185.681 rows=47280 loops=1)
                          Join Filter: (store_returns.sr_returned_date_sk = _t9.d_date_sk)
                          Rows Removed by Join Filter: 18745356
                          ->  CTE Scan on _t4 _t9  (cost=0.00..7.30 rows=365 width=8) (actual time=2.838..2.974 rows=366 loops=1)
                          ->  Materialize  (cost=362948.98..469607.59 rows=73 width=24) (actual time=10.818..12.566 rows=51346 loops=366)
                                ->  Nested Loop  (cost=362948.98..469607.23 rows=73 width=24) (actual time=3959.449..4053.618 rows=51346 loops=1)
                                      Join Filter: (_s8.sr_store_sk = _t8.s_store_sk)
                                      Rows Removed by Join Filter: 1540380
                                      ->  CTE Scan on _t3 _t8  (cost=0.00..0.62 rows=31 width=8) (actual time=0.018..0.033 rows=31 loops=1)
                                      ->  Materialize  (cost=362948.98..469390.16 rows=468 width=48) (actual time=72.855..129.108 rows=51346 loops=31)
                                            ->  Hash Join  (cost=362948.98..469387.82 rows=468 width=48) (actual time=2258.498..3937.164 rows=51346 loops=1)
                                                  Hash Cond: (_s9.sr_store_sk = _s8.sr_store_sk)
                                                  Join Filter: ((1.2 * _s8.avg_customer_total) < COALESCE(_s9.sum_sr_return_amt, '0'::numeric))
                                                  Rows Removed by Join Filter: 144646
                                                  ->  Hash Join  (cost=181670.99..288106.11 rows=1403 width=72) (actual time=734.902..2356.488 rows=195992 loops=1)
                                                        Hash Cond: ((store_returns.sr_store_sk = _s9.sr_store_sk) AND (store_returns.sr_customer_sk = _s9.sr_customer_sk))
                                                        ->  Seq Scan on store_returns  (cost=0.00..91327.82 rows=2877582 width=24) (actual time=0.026..274.139 rows=2877532 loops=1)
                                                        ->  Hash  (cost=181070.99..181070.99 rows=40000 width=48) (actual time=734.695..734.703 rows=177510 loops=1)
                                                              Buckets: 262144 (originally 65536)  Batches: 2 (originally 1)  Memory Usage: 7165kB
                                                              ->  Subquery Scan on _s9  (cost=169042.14..181070.99 rows=40000 width=48) (actual time=536.525..693.644 rows=177527 loops=1)
                                                                    ->  HashAggregate  (cost=169042.14..180670.99 rows=40000 width=48) (actual time=536.519..683.683 rows=177527 loops=1)
                                                                          Group Key: _s4.sr_customer_sk, _s4.sr_store_sk
                                                                          Planned Partitions: 4  Batches: 21  Memory Usage: 8249kB  Disk Usage: 7624kB
                                                                          ->  Hash Join  (cost=12.87..102141.84 rows=813996 width=30) (actual time=0.124..483.803 rows=181937 loops=1)
                                                                                Hash Cond: (_s4.sr_returned_date_sk = _t7.d_date_sk)
                                                                                ->  Hash Join  (cost=1.01..72803.83 rows=446025 width=38) (actual time=0.057..421.879 rows=924363 loops=1)
                                                                                      Hash Cond: (_s4.sr_store_sk = _t6.s_store_sk)
                                                                                      ->  CTE Scan on _s0 _s4  (cost=0.00..57551.64 rows=2877582 width=38) (actual time=0.029..205.142 rows=2877532 loops=1)
                                                                                      ->  Hash  (cost=0.62..0.62 rows=31 width=8) (actual time=0.014..0.016 rows=31 loops=1)
                                                                                            Buckets: 1024  Batches: 1  Memory Usage: 10kB
                                                                                            ->  CTE Scan on _t3 _t6  (cost=0.00..0.62 rows=31 width=8) (actual time=0.006..0.008 rows=31 loops=1)
                                                                                ->  Hash  (cost=7.30..7.30 rows=365 width=8) (actual time=0.058..0.059 rows=366 loops=1)
                                                                                      Buckets: 1024  Batches: 1  Memory Usage: 23kB
                                                                                      ->  CTE Scan on _t4 _t7  (cost=0.00..7.30 rows=365 width=8) (actual time=0.004..0.027 rows=366 loops=1)
                                                  ->  Hash  (cost=181275.49..181275.49 rows=200 width=40) (actual time=1523.572..1523.579 rows=17 loops=1)
                                                        Buckets: 1024  Batches: 1  Memory Usage: 9kB
                                                        ->  Subquery Scan on _s8  (cost=181270.99..181275.49 rows=200 width=40) (actual time=1523.553..1523.568 rows=17 loops=1)
                                                              ->  HashAggregate  (cost=181270.99..181273.49 rows=200 width=40) (actual time=1523.549..1523.561 rows=17 loops=1)
                                                                    Group Key: _s0.sr_store_sk
                                                                    Batches: 1  Memory Usage: 40kB
                                                                    ->  HashAggregate  (cost=169042.14..180670.99 rows=40000 width=48) (actual time=1357.897..1506.276 rows=177527 loops=1)
                                                                          Group Key: _s0.sr_customer_sk, _s0.sr_store_sk
                                                                          Planned Partitions: 4  Batches: 21  Memory Usage: 8249kB  Disk Usage: 7624kB
                                                                          ->  Hash Join  (cost=12.87..102141.84 rows=813996 width=30) (actual time=2.879..1285.697 rows=181937 loops=1)
                                                                                Hash Cond: (_s0.sr_returned_date_sk = _t4.d_date_sk)
                                                                                ->  Hash Join  (cost=1.01..72803.83 rows=446025 width=38) (actual time=0.075..1217.673 rows=924363 loops=1)
                                                                                      Hash Cond: (_s0.sr_store_sk = _t3.s_store_sk)
                                                                                      ->  CTE Scan on _s0  (cost=0.00..57551.64 rows=2877582 width=38) (actual time=0.019..990.168 rows=2877532 loops=1)
                                                                                      ->  Hash  (cost=0.62..0.62 rows=31 width=8) (actual time=0.044..0.045 rows=31 loops=1)
                                                                                            Buckets: 1024  Batches: 1  Memory Usage: 10kB
                                                                                            ->  CTE Scan on _t3  (cost=0.00..0.62 rows=31 width=8) (actual time=0.003..0.036 rows=31 loops=1)
                                                                                ->  Hash  (cost=7.30..7.30 rows=365 width=8) (actual time=2.786..2.787 rows=366 loops=1)
                                                                                      Buckets: 1024  Batches: 1  Memory Usage: 23kB
                                                                                      ->  CTE Scan on _t4  (cost=0.00..7.30 rows=365 width=8) (actual time=0.002..2.753 rows=366 loops=1)
Planning Time: 1.214 ms
JIT:
  Functions: 103
  Options: Inlining true, Optimization true, Expressions true, Deforming true
  Timing: Generation 5.407 ms, Inlining 33.232 ms, Optimization 378.151 ms, Emission 270.381 ms, Total 687.171 ms
Execution Time: 5973.639 ms",SUCCESS
23,24,TPCDS,Q2,"WITH wscs AS (
    SELECT sold_date_sk, sales_price
    FROM (
        SELECT ws_sold_date_sk AS sold_date_sk, ws_ext_sales_price AS sales_price
        FROM tpcds.web_sales
        UNION ALL
        SELECT cs_sold_date_sk AS sold_date_sk, cs_ext_sales_price AS sales_price
        FROM tpcds.catalog_sales
    ) x
),
wswscs AS (
    SELECT
        d_week_seq,
        SUM(CASE WHEN d_day_name = 'Sunday'    THEN sales_price END) AS sun_sales,
        SUM(CASE WHEN d_day_name = 'Monday'    THEN sales_price END) AS mon_sales,
        SUM(CASE WHEN d_day_name = 'Tuesday'   THEN sales_price END) AS tue_sales,
        SUM(CASE WHEN d_day_name = 'Wednesday' THEN sales_price END) AS wed_sales,
        SUM(CASE WHEN d_day_name = 'Thursday'  THEN sales_price END) AS thu_sales,
        SUM(CASE WHEN d_day_name = 'Friday'    THEN sales_price END) AS fri_sales,
        SUM(CASE WHEN d_day_name = 'Saturday'  THEN sales_price END) AS sat_sales
    FROM wscs
    JOIN tpcds.date_dim ON d_date_sk = sold_date_sk
    GROUP BY d_week_seq
)
SELECT
    d_week_seq1,
    ROUND(sun_sales1 / NULLIF(sun_sales2, 0), 2) AS sunday_ratio,
    ROUND(mon_sales1 / NULLIF(mon_sales2, 0), 2) AS monday_ratio,
    ROUND(tue_sales1 / NULLIF(tue_sales2, 0), 2) AS tuesday_ratio,
    ROUND(wed_sales1 / NULLIF(wed_sales2, 0), 2) AS wednesday_ratio,
    ROUND(thu_sales1 / NULLIF(thu_sales2, 0), 2) AS thursday_ratio,
    ROUND(fri_sales1 / NULLIF(fri_sales2, 0), 2) AS friday_ratio,
    ROUND(sat_sales1 / NULLIF(sat_sales2, 0), 2) AS saturday_ratio
FROM (
    SELECT
        wswscs.d_week_seq AS d_week_seq1,
        sun_sales AS sun_sales1, mon_sales AS mon_sales1,
        tue_sales AS tue_sales1, wed_sales AS wed_sales1,
        thu_sales AS thu_sales1, fri_sales AS fri_sales1,
        sat_sales AS sat_sales1,
		ROW_NUMBER() OVER (PARTITION BY wswscs.d_week_seq ORDER BY sun_sales DESC) AS rn1
    FROM wswscs
    JOIN tpcds.date_dim ON date_dim.d_week_seq = wswscs.d_week_seq
    WHERE d_year = 2001
) y
JOIN (
    SELECT
        wswscs.d_week_seq AS d_week_seq2,
        sun_sales AS sun_sales2, mon_sales AS mon_sales2,
        tue_sales AS tue_sales2, wed_sales AS wed_sales2,
        thu_sales AS thu_sales2, fri_sales AS fri_sales2,
        sat_sales AS sat_sales2,
		ROW_NUMBER() OVER (PARTITION BY wswscs.d_week_seq ORDER BY sun_sales DESC) AS rn2
    FROM wswscs
    JOIN tpcds.date_dim ON date_dim.d_week_seq = wswscs.d_week_seq
    WHERE d_year = 2001 + 1 
) z ON d_week_seq1 = d_week_seq2 - 53 WHERE rn1 = 1 and rn2 = 1
ORDER BY d_week_seq1 LIMIT 10;","ct_sales = dates.CALCULATE(day_name).catalog_sales_by_sold_date
wb_sales = dates.CALCULATE(day_name).web_sales_by_sold_date

week_breakdown = dates.WHERE(MONOTONIC(2000, year, 2003)).PARTITION(
    name='week', by=(week_seq)
).CALCULATE(
    sunday_amount=SUM(KEEP_IF(ct_sales.ext_sales_price, ct_sales.day_name == 'Sunday')) + SUM(KEEP_IF(wb_sales.ext_sales_price, wb_sales.day_name == 'Sunday')),
    monday_amount=SUM(KEEP_IF(ct_sales.ext_sales_price, ct_sales.day_name == 'Monday')) + SUM(KEEP_IF(wb_sales.ext_sales_price, wb_sales.day_name == 'Monday')),
    tuesday_amount=SUM(KEEP_IF(ct_sales.ext_sales_price, ct_sales.day_name == 'Tuesday')) + SUM(KEEP_IF(wb_sales.ext_sales_price, wb_sales.day_name == 'Tuesday')),
    wednesday_amount=SUM(KEEP_IF(ct_sales.ext_sales_price, ct_sales.day_name == 'Wednesday')) + SUM(KEEP_IF(wb_sales.ext_sales_price, wb_sales.day_name == 'Wednesday')),
    thursday_amount=SUM(KEEP_IF(ct_sales.ext_sales_price, ct_sales.day_name == 'Thursday')) + SUM(KEEP_IF(wb_sales.ext_sales_price, wb_sales.day_name == 'Thursday')),
    friday_amount=SUM(KEEP_IF(ct_sales.ext_sales_price, ct_sales.day_name == 'Friday')) + SUM(KEEP_IF(wb_sales.ext_sales_price, wb_sales.day_name == 'Friday')),
    saturday_amount=SUM(KEEP_IF(ct_sales.ext_sales_price, ct_sales.day_name == 'Saturday')) + SUM(KEEP_IF(wb_sales.ext_sales_price, wb_sales.day_name == 'Saturday'))
)

week_breakdown_2001 = week_breakdown.WHERE(HAS(dates.WHERE(year == 2001))).CALCULATE(
    week_seq_2001=week_seq,
    sunday_amount_2001=sunday_amount,
    monday_amount_2001=monday_amount,
    tuesday_amount_2001=tuesday_amount,
    wednesday_amount_2001=wednesday_amount,
    thursday_amount_2001=thursday_amount,
    friday_amount_2001=friday_amount,
    saturday_amount_2001=saturday_amount
)

week_breakdown_2002 = week_breakdown.WHERE(HAS(dates.WHERE(year == 2002))).CALCULATE(
    week_seq_2002=week_seq,
    sunday_amount_2002=sunday_amount,
    monday_amount_2002=monday_amount,
    tuesday_amount_2002=tuesday_amount,
    wednesday_amount_2002=wednesday_amount,
    thursday_amount_2002=thursday_amount,
    friday_amount_2002=friday_amount,
    saturday_amount_2002=saturday_amount
)

result = week_breakdown_2001.CROSS(week_breakdown_2002).WHERE(week_seq_2002 == (week_seq_2001 + 53)).CALCULATE(
    d_week_seq1=week_seq_2001,
    sunday_ratio=ROUND(sunday_amount_2001 / KEEP_IF(sunday_amount_2002, sunday_amount_2002 != 0), 2),
    monday_ratio=ROUND(monday_amount_2001 / KEEP_IF(monday_amount_2002, monday_amount_2002 != 0), 2),
    tuesday_ratio=ROUND(tuesday_amount_2001 / KEEP_IF(tuesday_amount_2002, tuesday_amount_2002 != 0), 2),
    wednesday_ratio=ROUND(wednesday_amount_2001 / KEEP_IF(wednesday_amount_2002, wednesday_amount_2002 != 0), 2),
    thursday_ratio=ROUND(thursday_amount_2001 / KEEP_IF(thursday_amount_2002, thursday_amount_2002 != 0), 2),
    friday_ratio=ROUND(friday_amount_2001 / KEEP_IF(friday_amount_2002, friday_amount_2002 != 0), 2),
    saturday_ratio=ROUND(saturday_amount_2001 / KEEP_IF(saturday_amount_2002, saturday_amount_2002 != 0), 2)
).TOP_K(10, by=d_week_seq1)","WITH _t1 AS (
  SELECT
    d_week_seq,
    d_year
  FROM tpcds.date_dim
  WHERE
    d_year <= 2003 AND d_year >= 2000
), _s2 AS (
  SELECT DISTINCT
    d_week_seq
  FROM _t1
), _t3 AS (
  SELECT
    d_date_sk,
    d_day_name,
    d_week_seq,
    d_year
  FROM tpcds.date_dim
  WHERE
    d_year <= 2003 AND d_year >= 2000
), _s1 AS (
  SELECT
    cs_ext_sales_price,
    cs_sold_date_sk
  FROM tpcds.catalog_sales
), _s3 AS (
  SELECT
    _t3.d_week_seq,
    SUM(CASE WHEN _t3.d_day_name = 'Friday' THEN _s1.cs_ext_sales_price ELSE NULL END) AS sum_expr,
    SUM(CASE WHEN _t3.d_day_name = 'Tuesday' THEN _s1.cs_ext_sales_price ELSE NULL END) AS sum_expr_29,
    SUM(CASE WHEN _t3.d_day_name = 'Wednesday' THEN _s1.cs_ext_sales_price ELSE NULL END) AS sum_expr_30,
    SUM(CASE WHEN _t3.d_day_name = 'Monday' THEN _s1.cs_ext_sales_price ELSE NULL END) AS sum_expr_31,
    SUM(CASE WHEN _t3.d_day_name = 'Saturday' THEN _s1.cs_ext_sales_price ELSE NULL END) AS sum_expr_32,
    SUM(CASE WHEN _t3.d_day_name = 'Sunday' THEN _s1.cs_ext_sales_price ELSE NULL END) AS sum_expr_33,
    SUM(CASE WHEN _t3.d_day_name = 'Thursday' THEN _s1.cs_ext_sales_price ELSE NULL END) AS sum_expr_34
  FROM _t3 AS _t3
  JOIN _s1 AS _s1
    ON _s1.cs_sold_date_sk = _t3.d_date_sk
  GROUP BY
    1
), _s5 AS (
  SELECT
    ws_ext_sales_price,
    ws_sold_date_sk
  FROM tpcds.web_sales
), _s7 AS (
  SELECT
    _t5.d_week_seq,
    SUM(CASE WHEN _t5.d_day_name = 'Friday' THEN _s5.ws_ext_sales_price ELSE NULL END) AS sum_expr,
    SUM(CASE WHEN _t5.d_day_name = 'Tuesday' THEN _s5.ws_ext_sales_price ELSE NULL END) AS sum_expr_36,
    SUM(CASE WHEN _t5.d_day_name = 'Wednesday' THEN _s5.ws_ext_sales_price ELSE NULL END) AS sum_expr_37,
    SUM(CASE WHEN _t5.d_day_name = 'Monday' THEN _s5.ws_ext_sales_price ELSE NULL END) AS sum_expr_38,
    SUM(CASE WHEN _t5.d_day_name = 'Saturday' THEN _s5.ws_ext_sales_price ELSE NULL END) AS sum_expr_39,
    SUM(CASE WHEN _t5.d_day_name = 'Sunday' THEN _s5.ws_ext_sales_price ELSE NULL END) AS sum_expr_40,
    SUM(CASE WHEN _t5.d_day_name = 'Thursday' THEN _s5.ws_ext_sales_price ELSE NULL END) AS sum_expr_41
  FROM _t3 AS _t5
  JOIN _s5 AS _s5
    ON _s5.ws_sold_date_sk = _t5.d_date_sk
  GROUP BY
    1
), _u_0 AS (
  SELECT
    d_week_seq AS _u_1
  FROM tpcds.date_dim
  WHERE
    d_year = 2001
  GROUP BY
    1
), _s11 AS (
  SELECT DISTINCT
    d_week_seq
  FROM _t1
), _s15 AS (
  SELECT
    _t9.d_week_seq,
    SUM(CASE WHEN _t9.d_day_name = 'Friday' THEN _s13.cs_ext_sales_price ELSE NULL END) AS sum_expr,
    SUM(CASE WHEN _t9.d_day_name = 'Monday' THEN _s13.cs_ext_sales_price ELSE NULL END) AS sum_expr_43,
    SUM(CASE WHEN _t9.d_day_name = 'Saturday' THEN _s13.cs_ext_sales_price ELSE NULL END) AS sum_expr_44,
    SUM(CASE WHEN _t9.d_day_name = 'Sunday' THEN _s13.cs_ext_sales_price ELSE NULL END) AS sum_expr_45,
    SUM(CASE WHEN _t9.d_day_name = 'Thursday' THEN _s13.cs_ext_sales_price ELSE NULL END) AS sum_expr_46,
    SUM(CASE WHEN _t9.d_day_name = 'Tuesday' THEN _s13.cs_ext_sales_price ELSE NULL END) AS sum_expr_47,
    SUM(
      CASE WHEN _t9.d_day_name = 'Wednesday' THEN _s13.cs_ext_sales_price ELSE NULL END
    ) AS sum_expr_48
  FROM _t3 AS _t9
  JOIN _s1 AS _s13
    ON _s13.cs_sold_date_sk = _t9.d_date_sk
  GROUP BY
    1
), _s19 AS (
  SELECT
    _t11.d_week_seq,
    SUM(CASE WHEN _t11.d_day_name = 'Friday' THEN _s17.ws_ext_sales_price ELSE NULL END) AS sum_expr,
    SUM(CASE WHEN _t11.d_day_name = 'Monday' THEN _s17.ws_ext_sales_price ELSE NULL END) AS sum_expr_50,
    SUM(
      CASE WHEN _t11.d_day_name = 'Saturday' THEN _s17.ws_ext_sales_price ELSE NULL END
    ) AS sum_expr_51,
    SUM(CASE WHEN _t11.d_day_name = 'Sunday' THEN _s17.ws_ext_sales_price ELSE NULL END) AS sum_expr_52,
    SUM(
      CASE WHEN _t11.d_day_name = 'Thursday' THEN _s17.ws_ext_sales_price ELSE NULL END
    ) AS sum_expr_53,
    SUM(CASE WHEN _t11.d_day_name = 'Tuesday' THEN _s17.ws_ext_sales_price ELSE NULL END) AS sum_expr_54,
    SUM(
      CASE WHEN _t11.d_day_name = 'Wednesday' THEN _s17.ws_ext_sales_price ELSE NULL END
    ) AS sum_expr_55
  FROM _t3 AS _t11
  JOIN _s5 AS _s17
    ON _s17.ws_sold_date_sk = _t11.d_date_sk
  GROUP BY
    1
), _u_2 AS (
  SELECT
    d_week_seq AS _u_3
  FROM tpcds.date_dim
  WHERE
    d_year = 2002
  GROUP BY
    1
)
SELECT
  _s2.d_week_seq AS d_week_seq1,
  ROUND(
    CAST(CAST((
      COALESCE(_s3.sum_expr_33, 0) + COALESCE(_s7.sum_expr_40, 0)
    ) AS DOUBLE PRECISION) / CASE
      WHEN (
        COALESCE(_s15.sum_expr_45, 0) + COALESCE(_s19.sum_expr_52, 0)
      ) <> 0
      THEN COALESCE(_s15.sum_expr_45, 0) + COALESCE(_s19.sum_expr_52, 0)
      ELSE NULL
    END AS DECIMAL),
    2
  ) AS sunday_ratio,
  ROUND(
    CAST(CAST((
      COALESCE(_s3.sum_expr_31, 0) + COALESCE(_s7.sum_expr_38, 0)
    ) AS DOUBLE PRECISION) / CASE
      WHEN (
        COALESCE(_s15.sum_expr_43, 0) + COALESCE(_s19.sum_expr_50, 0)
      ) <> 0
      THEN COALESCE(_s15.sum_expr_43, 0) + COALESCE(_s19.sum_expr_50, 0)
      ELSE NULL
    END AS DECIMAL),
    2
  ) AS monday_ratio,
  ROUND(
    CAST(CAST((
      COALESCE(_s3.sum_expr_29, 0) + COALESCE(_s7.sum_expr_36, 0)
    ) AS DOUBLE PRECISION) / CASE
      WHEN (
        COALESCE(_s15.sum_expr_47, 0) + COALESCE(_s19.sum_expr_54, 0)
      ) <> 0
      THEN COALESCE(_s15.sum_expr_47, 0) + COALESCE(_s19.sum_expr_54, 0)
      ELSE NULL
    END AS DECIMAL),
    2
  ) AS tuesday_ratio,
  ROUND(
    CAST(CAST((
      COALESCE(_s3.sum_expr_30, 0) + COALESCE(_s7.sum_expr_37, 0)
    ) AS DOUBLE PRECISION) / CASE
      WHEN (
        COALESCE(_s15.sum_expr_48, 0) + COALESCE(_s19.sum_expr_55, 0)
      ) <> 0
      THEN COALESCE(_s15.sum_expr_48, 0) + COALESCE(_s19.sum_expr_55, 0)
      ELSE NULL
    END AS DECIMAL),
    2
  ) AS wednesday_ratio,
  ROUND(
    CAST(CAST((
      COALESCE(_s3.sum_expr_34, 0) + COALESCE(_s7.sum_expr_41, 0)
    ) AS DOUBLE PRECISION) / CASE
      WHEN (
        COALESCE(_s15.sum_expr_46, 0) + COALESCE(_s19.sum_expr_53, 0)
      ) <> 0
      THEN COALESCE(_s15.sum_expr_46, 0) + COALESCE(_s19.sum_expr_53, 0)
      ELSE NULL
    END AS DECIMAL),
    2
  ) AS thursday_ratio,
  ROUND(
    CAST(CAST((
      COALESCE(_s3.sum_expr, 0) + COALESCE(_s7.sum_expr, 0)
    ) AS DOUBLE PRECISION) / CASE
      WHEN (
        COALESCE(_s15.sum_expr, 0) + COALESCE(_s19.sum_expr, 0)
      ) <> 0
      THEN COALESCE(_s15.sum_expr, 0) + COALESCE(_s19.sum_expr, 0)
      ELSE NULL
    END AS DECIMAL),
    2
  ) AS friday_ratio,
  ROUND(
    CAST(CAST((
      COALESCE(_s3.sum_expr_32, 0) + COALESCE(_s7.sum_expr_39, 0)
    ) AS DOUBLE PRECISION) / CASE
      WHEN (
        COALESCE(_s15.sum_expr_44, 0) + COALESCE(_s19.sum_expr_51, 0)
      ) <> 0
      THEN COALESCE(_s15.sum_expr_44, 0) + COALESCE(_s19.sum_expr_51, 0)
      ELSE NULL
    END AS DECIMAL),
    2
  ) AS saturday_ratio
FROM _s2 AS _s2
LEFT JOIN _s3 AS _s3
  ON _s2.d_week_seq = _s3.d_week_seq
LEFT JOIN _s7 AS _s7
  ON _s2.d_week_seq = _s7.d_week_seq
LEFT JOIN _u_0 AS _u_0
  ON _s2.d_week_seq = _u_0._u_1
JOIN _s11 AS _s11
  ON _s11.d_week_seq = (
    _s2.d_week_seq + 53
  )
LEFT JOIN _s15 AS _s15
  ON _s11.d_week_seq = _s15.d_week_seq
LEFT JOIN _s19 AS _s19
  ON _s11.d_week_seq = _s19.d_week_seq
LEFT JOIN _u_2 AS _u_2
  ON _s11.d_week_seq = _u_2._u_3
WHERE
  NOT _u_0._u_1 IS NULL AND NOT _u_2._u_3 IS NULL
ORDER BY
  1 NULLS FIRST
LIMIT 10",15.83153352599993,22.871029825000278,"Limit  (cost=2050301.36..2050313.31 rows=1 width=232) (actual time=15595.584..15596.637 rows=10 loops=1)
  CTE wswscs
    ->  Finalize GroupAggregate  (cost=2040194.19..2043699.46 rows=10437 width=232) (actual time=14993.650..14996.447 rows=263 loops=1)
          Group Key: date_dim_2.d_week_seq
          ->  Gather Merge  (cost=2040194.19..2042629.66 rows=20874 width=232) (actual time=14993.605..14994.839 rows=789 loops=1)
                Workers Planned: 2
                Workers Launched: 2
                ->  Sort  (cost=2039194.17..2039220.26 rows=10437 width=232) (actual time=14968.222..14968.256 rows=263 loops=3)
                      Sort Key: date_dim_2.d_week_seq
                      Sort Method: quicksort  Memory: 154kB
                      Worker 0:  Sort Method: quicksort  Memory: 151kB
                      Worker 1:  Sort Method: quicksort  Memory: 154kB
                      ->  Partial HashAggregate  (cost=1932750.69..2038497.53 rows=10437 width=232) (actual time=14967.549..14968.092 rows=263 loops=3)
                            Group Key: date_dim_2.d_week_seq
                            Planned Partitions: 4  Batches: 1  Memory Usage: 977kB
                            Worker 0:  Batches: 1  Memory Usage: 977kB
                            Worker 1:  Batches: 1  Memory Usage: 977kB
                            ->  Parallel Hash Join  (cost=2998.82..993455.23 rows=8999238 width=22) (actual time=321.589..11891.682 rows=7175008 loops=3)
                                  Hash Cond: (catalog_sales.cs_sold_date_sk = date_dim_2.d_date_sk)
                                  ->  Parallel Append  (cost=0.00..903772.57 rows=8999238 width=14) (actual time=310.471..10432.789 rows=7199609 loops=3)
                                        ->  Parallel Seq Scan on catalog_sales  (cost=0.00..571755.28 rows=6000328 width=14) (actual time=144.440..6324.098 rows=4800420 loops=3)
                                        ->  Parallel Seq Scan on web_sales  (cost=0.00..287021.10 rows=2998910 width=14) (actual time=249.316..5416.140 rows=3598783 loops=2)
                                  ->  Parallel Hash  (cost=2461.70..2461.70 rows=42970 width=24) (actual time=10.197..10.198 rows=24350 loops=3)
                                        Buckets: 131072  Batches: 1  Memory Usage: 5280kB
                                        ->  Parallel Seq Scan on date_dim date_dim_2  (cost=0.00..2461.70 rows=42970 width=24) (actual time=0.038..8.445 rows=73049 loops=1)
  ->  Merge Join  (cost=6601.90..6613.85 rows=1 width=232) (actual time=15007.499..15007.549 rows=10 loops=1)
        Merge Cond: (y.d_week_seq1 = ((z.d_week_seq2 - 53)))
        ->  Subquery Scan on y  (cost=3295.02..3306.88 rows=2 width=232) (actual time=15001.378..15001.399 rows=10 loops=1)
              Filter: (y.rn1 = 1)
              ->  WindowAgg  (cost=3295.02..3302.32 rows=365 width=240) (actual time=15001.374..15001.393 rows=10 loops=1)
                    Run Condition: (row_number() OVER (?) <= 1)
                    ->  Sort  (cost=3295.02..3295.93 rows=365 width=232) (actual time=15001.356..15001.363 rows=58 loops=1)
                          Sort Key: wswscs.d_week_seq, wswscs.sun_sales DESC
                          Sort Method: quicksort  Memory: 59kB
                          ->  Hash Join  (cost=2949.68..3279.48 rows=365 width=232) (actual time=15000.428..15001.192 rows=365 loops=1)
                                Hash Cond: (wswscs.d_week_seq = date_dim.d_week_seq)
                                ->  CTE Scan on wswscs  (cost=0.00..208.74 rows=10437 width=232) (actual time=14993.656..14995.552 rows=263 loops=1)
                                ->  Hash  (cost=2945.11..2945.11 rows=365 width=8) (actual time=5.522..5.524 rows=365 loops=1)
                                      Buckets: 1024  Batches: 1  Memory Usage: 23kB
                                      ->  Seq Scan on date_dim  (cost=0.00..2945.11 rows=365 width=8) (actual time=2.828..5.480 rows=365 loops=1)
                                            Filter: (d_year = 2001)
                                            Rows Removed by Filter: 72684
        ->  Sort  (cost=3306.89..3306.89 rows=2 width=232) (actual time=6.099..6.103 rows=10 loops=1)
              Sort Key: ((z.d_week_seq2 - 53))
              Sort Method: quicksort  Memory: 30kB
              ->  Subquery Scan on z  (cost=3295.02..3306.88 rows=2 width=232) (actual time=6.007..6.068 rows=53 loops=1)
                    Filter: (z.rn2 = 1)
                    ->  WindowAgg  (cost=3295.02..3302.32 rows=365 width=240) (actual time=6.002..6.059 rows=53 loops=1)
                          Run Condition: (row_number() OVER (?) <= 1)
                          ->  Sort  (cost=3295.02..3295.93 rows=365 width=232) (actual time=5.991..6.005 rows=365 loops=1)
                                Sort Key: wswscs_1.d_week_seq, wswscs_1.sun_sales DESC
                                Sort Method: quicksort  Memory: 59kB
                                ->  Hash Join  (cost=2949.68..3279.48 rows=365 width=232) (actual time=5.820..5.854 rows=365 loops=1)
                                      Hash Cond: (wswscs_1.d_week_seq = date_dim_1.d_week_seq)
                                      ->  CTE Scan on wswscs wswscs_1  (cost=0.00..208.74 rows=10437 width=232) (actual time=0.000..0.019 rows=263 loops=1)
                                      ->  Hash  (cost=2945.11..2945.11 rows=365 width=8) (actual time=5.753..5.754 rows=365 loops=1)
                                            Buckets: 1024  Batches: 1  Memory Usage: 23kB
                                            ->  Seq Scan on date_dim date_dim_1  (cost=0.00..2945.11 rows=365 width=8) (actual time=3.037..5.696 rows=365 loops=1)
                                                  Filter: (d_year = 2002)
                                                  Rows Removed by Filter: 72684
Planning Time: 0.466 ms
JIT:
  Functions: 94
  Options: Inlining true, Optimization true, Expressions true, Deforming true
  Timing: Generation 9.621 ms, Inlining 240.056 ms, Optimization 730.294 ms, Emission 548.190 ms, Total 1528.161 ms
Execution Time: 15602.208 ms","Limit  (cost=24715285.43..24715333.35 rows=10 width=232) (actual time=24137.517..24137.935 rows=10 loops=1)
  CTE _t1
    ->  Seq Scan on date_dim date_dim_2  (cost=0.00..3127.73 rows=1454 width=16) (actual time=3.007..5.849 rows=1461 loops=1)
          Filter: ((d_year <= 2003) AND (d_year >= 2000))
          Rows Removed by Filter: 71588
  CTE _t3
    ->  Seq Scan on date_dim date_dim_3  (cost=0.00..3127.73 rows=1454 width=32) (actual time=2.919..5.681 rows=1461 loops=1)
          Filter: ((d_year <= 2003) AND (d_year >= 2000))
          Rows Removed by Filter: 71588
  CTE _s1
    ->  Seq Scan on catalog_sales  (cost=0.00..655759.87 rows=14400787 width=14) (actual time=0.385..4232.523 rows=14401261 loops=1)
  CTE _s5
    ->  Seq Scan on web_sales  (cost=0.00..329005.84 rows=7197384 width=14) (actual time=0.272..1747.742 rows=7197566 loops=1)
  ->  Merge Join  (cost=23724264.25..23727369.44 rows=648 width=232) (actual time=23049.353..23049.766 rows=10 loops=1)
        Merge Cond: (_t1.d_week_seq = date_dim_1.d_week_seq)
        ->  Nested Loop  (cost=23721286.50..23724280.44 rows=360 width=904) (actual time=23040.772..23041.102 rows=10 loops=1)
              Join Filter: (_t1_1.d_week_seq = date_dim.d_week_seq)
              Rows Removed by Join Filter: 2801
              ->  Nested Loop Left Join  (cost=23718325.85..23720242.44 rows=200 width=912) (actual time=23030.213..23032.305 rows=62 loops=1)
                    Join Filter: (_t1_1.d_week_seq = _s19.d_week_seq)
                    Rows Removed by Join Filter: 5138
                    ->  Nested Loop Left Join  (cost=19766374.96..19767686.52 rows=200 width=688) (actual time=20770.433..20771.789 rows=62 loops=1)
                          Join Filter: (_t1_1.d_week_seq = _s15.d_week_seq)
                          Rows Removed by Join Filter: 5169
                          ->  Nested Loop  (cost=11859215.61..11859922.14 rows=200 width=464) (actual time=16187.497..16188.080 rows=62 loops=1)
                                Join Filter: ((_t1.d_week_seq + 53) = _t1_1.d_week_seq)
                                Rows Removed by Join Filter: 7116
                                ->  Merge Left Join  (cost=11859182.89..11859190.39 rows=200 width=456) (actual time=16187.227..16187.319 rows=62 loops=1)
                                      Merge Cond: (_t1.d_week_seq = _s7.d_week_seq)
                                      ->  Merge Left Join  (cost=7907216.86..7907220.86 rows=200 width=232) (actual time=10691.582..10691.630 rows=62 loops=1)
                                            Merge Cond: (_t1.d_week_seq = _s3.d_week_seq)
                                            ->  Sort  (cost=42.36..42.86 rows=200 width=8) (actual time=6.343..6.348 rows=62 loops=1)
                                                  Sort Key: _t1.d_week_seq NULLS FIRST
                                                  Sort Method: quicksort  Memory: 25kB
                                                  ->  HashAggregate  (cost=32.72..34.72 rows=200 width=8) (actual time=6.282..6.305 rows=210 loops=1)
                                                        Group Key: _t1.d_week_seq
                                                        Batches: 1  Memory Usage: 48kB
                                                        ->  CTE Scan on _t1  (cost=0.00..29.08 rows=1454 width=8) (actual time=3.014..6.083 rows=1461 loops=1)
                                            ->  Sort  (cost=7907174.50..7907175.00 rows=200 width=232) (actual time=10685.219..10685.235 rows=62 loops=1)
                                                  Sort Key: _s3.d_week_seq NULLS FIRST
                                                  Sort Method: quicksort  Memory: 39kB
                                                  ->  Subquery Scan on _s3  (cost=7907159.35..7907166.85 rows=200 width=232) (actual time=10684.958..10685.172 rows=159 loops=1)
                                                        ->  HashAggregate  (cost=7907159.35..7907164.85 rows=200 width=232) (actual time=10684.952..10685.156 rows=159 loops=1)
                                                              Group Key: _t3.d_week_seq
                                                              Batches: 1  Memory Usage: 544kB
                                                              ->  Hash Join  (cost=47.26..3981144.82 rows=104693721 width=60) (actual time=6.727..8432.414 rows=8627065 loops=1)
                                                                    Hash Cond: (_s1.cs_sold_date_sk = _t3.d_date_sk)
                                                                    ->  CTE Scan on _s1  (cost=0.00..288015.74 rows=14400787 width=22) (actual time=0.389..7083.780 rows=14401261 loops=1)
                                                                    ->  Hash  (cost=29.08..29.08 rows=1454 width=54) (actual time=6.212..6.213 rows=1461 loops=1)
                                                                          Buckets: 2048  Batches: 1  Memory Usage: 101kB
                                                                          ->  CTE Scan on _t3  (cost=0.00..29.08 rows=1454 width=54) (actual time=2.926..6.023 rows=1461 loops=1)
                                      ->  Sort  (cost=3951966.03..3951966.53 rows=200 width=232) (actual time=5495.630..5495.645 rows=62 loops=1)
                                            Sort Key: _s7.d_week_seq NULLS FIRST
                                            Sort Method: quicksort  Memory: 39kB
                                            ->  Subquery Scan on _s7  (cost=3951950.89..3951958.39 rows=200 width=232) (actual time=5495.409..5495.577 rows=158 loops=1)
                                                  ->  HashAggregate  (cost=3951950.89..3951956.39 rows=200 width=232) (actual time=5495.405..5495.563 rows=158 loops=1)
                                                        Group Key: _t5.d_week_seq
                                                        Batches: 1  Memory Usage: 544kB
                                                        ->  Hash Join  (cost=47.26..1989764.06 rows=52324982 width=60) (actual time=0.612..4050.280 rows=4334472 loops=1)
                                                              Hash Cond: (_s5.ws_sold_date_sk = _t5.d_date_sk)
                                                              ->  CTE Scan on _s5  (cost=0.00..143947.68 rows=7197384 width=22) (actual time=0.275..3244.959 rows=7197566 loops=1)
                                                              ->  Hash  (cost=29.08..29.08 rows=1454 width=54) (actual time=0.312..0.313 rows=1461 loops=1)
                                                                    Buckets: 2048  Batches: 1  Memory Usage: 101kB
                                                                    ->  CTE Scan on _t3 _t5  (cost=0.00..29.08 rows=1454 width=54) (actual time=0.004..0.144 rows=1461 loops=1)
                                ->  Materialize  (cost=32.72..35.72 rows=200 width=8) (actual time=0.004..0.009 rows=116 loops=62)
                                      ->  HashAggregate  (cost=32.72..34.72 rows=200 width=8) (actual time=0.254..0.284 rows=209 loops=1)
                                            Group Key: _t1_1.d_week_seq
                                            Batches: 1  Memory Usage: 48kB
                                            ->  CTE Scan on _t1 _t1_1  (cost=0.00..29.08 rows=1454 width=8) (actual time=0.002..0.093 rows=1461 loops=1)
                          ->  Materialize  (cost=7907159.35..7907167.85 rows=200 width=232) (actual time=73.918..73.925 rows=84 loops=62)
                                ->  Subquery Scan on _s15  (cost=7907159.35..7907166.85 rows=200 width=232) (actual time=4582.918..4583.179 rows=157 loops=1)
                                      ->  HashAggregate  (cost=7907159.35..7907164.85 rows=200 width=232) (actual time=4582.913..4583.163 rows=157 loops=1)
                                            Group Key: _t9.d_week_seq
                                            Batches: 1  Memory Usage: 544kB
                                            ->  Hash Join  (cost=47.26..3981144.82 rows=104693721 width=60) (actual time=0.378..2395.121 rows=8627065 loops=1)
                                                  Hash Cond: (_s13.cs_sold_date_sk = _t9.d_date_sk)
                                                  ->  CTE Scan on _s1 _s13  (cost=0.00..288015.74 rows=14400787 width=22) (actual time=0.028..1105.705 rows=14401261 loops=1)
                                                  ->  Hash  (cost=29.08..29.08 rows=1454 width=54) (actual time=0.316..0.316 rows=1461 loops=1)
                                                        Buckets: 2048  Batches: 1  Memory Usage: 101kB
                                                        ->  CTE Scan on _t3 _t9  (cost=0.00..29.08 rows=1454 width=54) (actual time=0.004..0.145 rows=1461 loops=1)
                    ->  Materialize  (cost=3951950.89..3951959.39 rows=200 width=232) (actual time=36.448..36.455 rows=84 loops=62)
                          ->  Subquery Scan on _s19  (cost=3951950.89..3951958.39 rows=200 width=232) (actual time=2259.759..2259.982 rows=156 loops=1)
                                ->  HashAggregate  (cost=3951950.89..3951956.39 rows=200 width=232) (actual time=2259.755..2259.967 rows=156 loops=1)
                                      Group Key: _t11.d_week_seq
                                      Batches: 1  Memory Usage: 544kB
                                      ->  Hash Join  (cost=47.26..1989764.06 rows=52324982 width=60) (actual time=0.530..1177.837 rows=4334472 loops=1)
                                            Hash Cond: (_s17.ws_sold_date_sk = _t11.d_date_sk)
                                            ->  CTE Scan on _s5 _s17  (cost=0.00..143947.68 rows=7197384 width=22) (actual time=0.054..511.126 rows=7197566 loops=1)
                                            ->  Hash  (cost=29.08..29.08 rows=1454 width=54) (actual time=0.447..0.448 rows=1461 loops=1)
                                                  Buckets: 2048  Batches: 1  Memory Usage: 101kB
                                                  ->  CTE Scan on _t3 _t11  (cost=0.00..29.08 rows=1454 width=54) (actual time=0.004..0.275 rows=1461 loops=1)
              ->  Materialize  (cost=2960.65..2964.27 rows=360 width=8) (actual time=0.138..0.140 rows=45 loops=62)
                    ->  Group  (cost=2960.65..2962.47 rows=360 width=8) (actual time=8.546..8.579 rows=53 loops=1)
                          Group Key: date_dim.d_week_seq
                          ->  Sort  (cost=2960.65..2961.56 rows=365 width=8) (actual time=8.521..8.534 rows=365 loops=1)
                                Sort Key: date_dim.d_week_seq
                                Sort Method: quicksort  Memory: 25kB
                                ->  Seq Scan on date_dim  (cost=0.00..2945.11 rows=365 width=8) (actual time=4.393..8.489 rows=365 loops=1)
                                      Filter: ((d_week_seq IS NOT NULL) AND (d_year = 2002))
                                      Rows Removed by Filter: 72684
        ->  Sort  (cost=2977.76..2978.66 rows=360 width=8) (actual time=8.529..8.530 rows=10 loops=1)
              Sort Key: date_dim_1.d_week_seq NULLS FIRST
              Sort Method: quicksort  Memory: 25kB
              ->  Group  (cost=2960.65..2962.47 rows=360 width=8) (actual time=8.481..8.516 rows=53 loops=1)
                    Group Key: date_dim_1.d_week_seq
                    ->  Sort  (cost=2960.65..2961.56 rows=365 width=8) (actual time=8.465..8.480 rows=365 loops=1)
                          Sort Key: date_dim_1.d_week_seq
                          Sort Method: quicksort  Memory: 25kB
                          ->  Seq Scan on date_dim date_dim_1  (cost=0.00..2945.11 rows=365 width=8) (actual time=4.278..8.438 rows=365 loops=1)
                                Filter: ((d_week_seq IS NOT NULL) AND (d_year = 2001))
                                Rows Removed by Filter: 72684
Planning Time: 2.044 ms
JIT:
  Functions: 132
  Options: Inlining true, Optimization true, Expressions true, Deforming true
  Timing: Generation 8.298 ms, Inlining 15.628 ms, Optimization 583.667 ms, Emission 489.286 ms, Total 1096.879 ms
Execution Time: 24213.997 ms",SUCCESS
24,25,TPCDS,Q3,"SELECT
    dt.d_year,
    item.i_brand_id  AS brand_id,
    item.i_brand     AS brand,
    SUM(ss_ext_sales_price) AS sum_agg
FROM tpcds.date_dim dt
JOIN tpcds.store_sales ON dt.d_date_sk = store_sales.ss_sold_date_sk
JOIN tpcds.item        ON store_sales.ss_item_sk = item.i_item_sk
WHERE item.i_manufact_id = 128 
  AND dt.d_moy = 11
GROUP BY
    dt.d_year,
    item.i_brand,
    item.i_brand_id
ORDER BY
    dt.d_year,
    sum_agg DESC,
    brand_id
LIMIT 100;","result = items.WHERE(
    (manufacturer_id == 128)
).CALCULATE(brand_id, brand).store_sales.WHERE(sold_date.month_of_year == 11).CALCULATE(
    sold_year=sold_date.year,
    brand_id=brand_id,
    brand=brand,
    extended_price=ext_sales_price
).PARTITION(
    name=""year"", by=(sold_year, brand_id, brand)
).CALCULATE(
    d_year=sold_year,
    brand_id=brand_id,
    brand=brand,
    sum_agg=SUM(store_sales.extended_price)
).TOP_K(100, by=(sold_year, sum_agg.DESC(), brand_id))","SELECT
  date_dim.d_year,
  item.i_brand_id AS brand_id,
  item.i_brand AS brand,
  COALESCE(SUM(store_sales.ss_ext_sales_price), 0) AS sum_agg
FROM tpcds.item AS item
JOIN tpcds.store_sales AS store_sales
  ON item.i_item_sk = store_sales.ss_item_sk
JOIN tpcds.date_dim AS date_dim
  ON date_dim.d_date_sk = store_sales.ss_sold_date_sk AND date_dim.d_moy = 11
WHERE
  item.i_manufact_id = 128
GROUP BY
  1,
  2,
  3
ORDER BY
  1 NULLS FIRST,
  4 DESC NULLS LAST,
  2 NULLS FIRST
LIMIT 100",18.08282144800023,19.520214360999944,"Limit  (cost=41637.23..196509.44 rows=100 width=65) (actual time=24388.400..24502.222 rows=100 loops=1)
  ->  Incremental Sort  (cost=41637.23..3199481.53 rows=2039 width=65) (actual time=24373.481..24487.297 rows=100 loops=1)
        Sort Key: dt.d_year, (sum(store_sales.ss_ext_sales_price)) DESC, item.i_brand_id
        Presorted Key: dt.d_year
        Full-sort Groups: 2  Sort Methods: top-N heapsort, quicksort  Average Memory: 29kB  Peak Memory: 29kB
        Pre-sorted Groups: 2  Sort Method: quicksort  Average Memory: 29kB  Peak Memory: 29kB
        ->  GroupAggregate  (cost=25768.82..3199417.89 rows=2039 width=65) (actual time=24260.496..24487.049 rows=141 loops=1)
              Group Key: dt.d_year, item.i_brand, item.i_brand_id
              ->  Incremental Sort  (cost=25768.82..3199372.02 rows=2039 width=39) (actual time=24260.439..24486.477 rows=3387 loops=1)
                    Sort Key: dt.d_year, item.i_brand, item.i_brand_id
                    Presorted Key: dt.d_year
                    Full-sort Groups: 3  Sort Method: quicksort  Average Memory: 29kB  Peak Memory: 29kB
                    Pre-sorted Groups: 3  Sort Method: quicksort  Average Memory: 160kB  Peak Memory: 161kB
                    ->  Nested Loop  (cost=9821.21..3199308.38 rows=2039 width=39) (actual time=24148.360..24483.342 rows=4885 loops=1)
                          Join Filter: (dt.d_date_sk = store_sales.ss_sold_date_sk)
                          Rows Removed by Join Filter: 156946175
                          ->  Gather Merge  (cost=3785.50..4493.94 rows=6216 width=16) (actual time=21.079..22.739 rows=3031 loops=1)
                                Workers Planned: 1
                                Workers Launched: 1
                                ->  Sort  (cost=2785.49..2794.63 rows=3656 width=16) (actual time=4.276..4.759 rows=1516 loops=2)
                                      Sort Key: dt.d_year
                                      Sort Method: quicksort  Memory: 427kB
                                      Worker 0:  Sort Method: quicksort  Memory: 25kB
                                      ->  Parallel Seq Scan on date_dim dt  (cost=0.00..2569.12 rows=3656 width=16) (actual time=0.037..3.937 rows=3000 loops=2)
                                            Filter: (d_moy = 11)
                                            Rows Removed by Filter: 33524
                          ->  Materialize  (cost=6035.71..851289.88 rows=25135 width=39) (actual time=0.024..5.894 rows=51782 loops=3031)
                                ->  Gather  (cost=6035.71..851164.20 rows=25135 width=39) (actual time=71.840..13250.423 rows=51799 loops=1)
                                      Workers Planned: 2
                                      Workers Launched: 2
                                      ->  Parallel Hash Join  (cost=5035.71..847650.70 rows=10473 width=39) (actual time=57.056..13240.872 rows=17266 loops=3)
                                            Hash Cond: (store_sales.ss_item_sk = item.i_item_sk)
                                            ->  Parallel Seq Scan on store_sales  (cost=0.00..797561.78 rows=12002578 width=22) (actual time=0.170..12194.308 rows=9600330 loops=3)
                                            ->  Parallel Hash  (cost=5035.25..5035.25 rows=37 width=33) (actual time=55.816..55.818 rows=60 loops=3)
                                                  Buckets: 1024  Batches: 1  Memory Usage: 104kB
                                                  ->  Parallel Seq Scan on item  (cost=0.00..5035.25 rows=37 width=33) (actual time=10.177..55.678 rows=60 loops=3)
                                                        Filter: (i_manufact_id = 128)
                                                        Rows Removed by Filter: 33940
Planning Time: 0.219 ms
JIT:
  Functions: 57
  Options: Inlining false, Optimization false, Expressions true, Deforming true
  Timing: Generation 4.941 ms, Inlining 0.000 ms, Optimization 2.586 ms, Emission 32.458 ms, Total 39.985 ms
Execution Time: 24505.119 ms","Limit  (cost=41637.23..196509.44 rows=100 width=65) (actual time=26475.553..26609.549 rows=100 loops=1)
  ->  Incremental Sort  (cost=41637.23..3199481.53 rows=2039 width=65) (actual time=26459.342..26593.331 rows=100 loops=1)
        Sort Key: date_dim.d_year NULLS FIRST, (COALESCE(sum(store_sales.ss_ext_sales_price), '0'::numeric)) DESC NULLS LAST, item.i_brand_id NULLS FIRST
        Presorted Key: date_dim.d_year
        Full-sort Groups: 2  Sort Methods: top-N heapsort, quicksort  Average Memory: 29kB  Peak Memory: 29kB
        Pre-sorted Groups: 2  Sort Method: quicksort  Average Memory: 29kB  Peak Memory: 29kB
        ->  GroupAggregate  (cost=25768.82..3199417.89 rows=2039 width=65) (actual time=26325.766..26593.051 rows=141 loops=1)
              Group Key: date_dim.d_year, item.i_brand_id, item.i_brand
              ->  Incremental Sort  (cost=25768.82..3199372.02 rows=2039 width=39) (actual time=26325.712..26592.483 rows=3380 loops=1)
                    Sort Key: date_dim.d_year NULLS FIRST, item.i_brand_id NULLS FIRST, item.i_brand
                    Presorted Key: date_dim.d_year
                    Full-sort Groups: 3  Sort Method: quicksort  Average Memory: 29kB  Peak Memory: 29kB
                    Pre-sorted Groups: 3  Sort Method: quicksort  Average Memory: 160kB  Peak Memory: 161kB
                    ->  Nested Loop  (cost=9821.21..3199308.38 rows=2039 width=39) (actual time=26192.798..26591.013 rows=4885 loops=1)
                          Join Filter: (store_sales.ss_sold_date_sk = date_dim.d_date_sk)
                          Rows Removed by Join Filter: 156946184
                          ->  Gather Merge  (cost=3785.50..4493.94 rows=6216 width=16) (actual time=20.724..22.631 rows=3031 loops=1)
                                Workers Planned: 1
                                Workers Launched: 1
                                ->  Sort  (cost=2785.49..2794.63 rows=3656 width=16) (actual time=4.290..4.898 rows=1516 loops=2)
                                      Sort Key: date_dim.d_year NULLS FIRST
                                      Sort Method: quicksort  Memory: 427kB
                                      Worker 0:  Sort Method: quicksort  Memory: 25kB
                                      ->  Parallel Seq Scan on date_dim  (cost=0.00..2569.12 rows=3656 width=16) (actual time=0.031..3.947 rows=3000 loops=2)
                                            Filter: (d_moy = 11)
                                            Rows Removed by Filter: 33524
                          ->  Materialize  (cost=6035.71..851289.88 rows=25135 width=39) (actual time=0.037..5.974 rows=51782 loops=3031)
                                ->  Gather  (cost=6035.71..851164.20 rows=25135 width=39) (actual time=113.378..13228.581 rows=51799 loops=1)
                                      Workers Planned: 2
                                      Workers Launched: 2
                                      ->  Parallel Hash Join  (cost=5035.71..847650.70 rows=10473 width=39) (actual time=97.516..13219.455 rows=17266 loops=3)
                                            Hash Cond: (store_sales.ss_item_sk = item.i_item_sk)
                                            ->  Parallel Seq Scan on store_sales  (cost=0.00..797561.78 rows=12002578 width=22) (actual time=0.208..12123.995 rows=9600330 loops=3)
                                            ->  Parallel Hash  (cost=5035.25..5035.25 rows=37 width=33) (actual time=95.971..95.972 rows=60 loops=3)
                                                  Buckets: 1024  Batches: 1  Memory Usage: 104kB
                                                  ->  Parallel Seq Scan on item  (cost=0.00..5035.25 rows=37 width=33) (actual time=7.273..95.858 rows=60 loops=3)
                                                        Filter: (i_manufact_id = 128)
                                                        Rows Removed by Filter: 33940
Planning Time: 0.253 ms
JIT:
  Functions: 57
  Options: Inlining false, Optimization false, Expressions true, Deforming true
  Timing: Generation 4.977 ms, Inlining 0.000 ms, Optimization 2.673 ms, Emission 33.240 ms, Total 40.891 ms
Execution Time: 26612.695 ms",SUCCESS
25,26,TPCDS,Q6,"WITH month_seq AS (
    SELECT d_month_seq
    FROM tpcds.date_dim
    WHERE d_year = 2001
      AND d_moy = 1
    LIMIT 1
),
category_avg AS (
    SELECT i_category,
           AVG(i_current_price) AS avg_price
    FROM tpcds.item
    GROUP BY i_category
)
SELECT
    a.ca_state AS state,
    COUNT(*) AS cnt
FROM tpcds.customer_address a
JOIN tpcds.customer c         ON a.ca_address_sk = c.c_current_addr_sk
JOIN tpcds.store_sales s      ON c.c_customer_sk = s.ss_customer_sk
JOIN tpcds.date_dim d         ON s.ss_sold_date_sk = d.d_date_sk
JOIN tpcds.item i             ON s.ss_item_sk = i.i_item_sk
JOIN category_avg ca    ON i.i_category = ca.i_category
WHERE d.d_month_seq = (SELECT d_month_seq FROM month_seq)
  AND i.i_current_price > 1.2 * ca.avg_price
GROUP BY a.ca_state
HAVING COUNT(*) >= 10
ORDER BY cnt, a.ca_state
LIMIT 10;","selected_month_sold = sold_date.WHERE((month_of_year == 1) & (year == 2001))
result = items.PARTITION(
    name=""item_category"",
    by=category
).CALCULATE(
    category_avg=AVG(items.current_price)
).items.store_sales.WHERE(
    (HAS(selected_month_sold))
    & (item.current_price > 1.2*category_avg)
).customer.CALCULATE(
    state=current_address.state
).PARTITION(
    name=""state"", by=state
).CALCULATE(
    state,
    cnt=COUNT(customer)
).WHERE(cnt >= 10).TOP_K(10, by=(cnt, state))","WITH _s0 AS (
  SELECT
    i_category,
    AVG(CAST(i_current_price AS DECIMAL)) AS avg_i_current_price
  FROM tpcds.item
  GROUP BY
    1
), _t1 AS (
  SELECT
    customer_address.ca_state,
    COUNT(*) AS n_rows
  FROM _s0 AS _s0
  JOIN tpcds.item AS item
    ON _s0.i_category = item.i_category
  JOIN tpcds.store_sales AS store_sales
    ON item.i_item_sk = store_sales.ss_item_sk
  JOIN tpcds.date_dim AS date_dim
    ON date_dim.d_date_sk = store_sales.ss_sold_date_sk
    AND date_dim.d_moy = 1
    AND date_dim.d_year = 2001
  JOIN tpcds.item AS item_2
    ON item_2.i_current_price > (
      1.2 * _s0.avg_i_current_price
    )
    AND item_2.i_item_sk = store_sales.ss_item_sk
  JOIN tpcds.customer AS customer
    ON customer.c_customer_sk = store_sales.ss_customer_sk
  LEFT JOIN tpcds.customer_address AS customer_address
    ON customer.c_current_addr_sk = customer_address.ca_address_sk
  GROUP BY
    1
)
SELECT
  ca_state AS state,
  n_rows AS cnt
FROM _t1
WHERE
  n_rows >= 10
ORDER BY
  2 NULLS FIRST,
  1 NULLS FIRST
LIMIT 10",14.069048328999997,14.256423901999824,"Limit  (cost=878300.04..878300.07 rows=10 width=11) (actual time=14009.623..14015.033 rows=10 loops=1)
  InitPlan 1 (returns $0)
    ->  Limit  (cost=0.00..104.26 rows=1 width=8) (actual time=2.703..2.704 rows=1 loops=1)
          ->  Seq Scan on date_dim  (cost=0.00..3127.73 rows=30 width=8) (actual time=2.694..2.694 rows=1 loops=1)
                Filter: ((d_year = 2001) AND (d_moy = 1))
                Rows Removed by Filter: 36889
  ->  Sort  (cost=878195.79..878195.83 rows=17 width=11) (actual time=13636.051..13641.458 rows=10 loops=1)
        Sort Key: (count(*)), a.ca_state
        Sort Method: top-N heapsort  Memory: 25kB
        ->  Finalize GroupAggregate  (cost=878170.83..878195.44 rows=17 width=11) (actual time=13634.689..13641.412 rows=51 loops=1)
              Group Key: a.ca_state
              Filter: (count(*) >= 10)
              Rows Removed by Filter: 1
              ->  Gather Merge  (cost=878170.83..878194.29 rows=102 width=11) (actual time=13634.630..13641.321 rows=156 loops=1)
                    Workers Planned: 2
                    Params Evaluated: $0
                    Workers Launched: 2
                    ->  Partial GroupAggregate  (cost=877170.81..877182.50 rows=51 width=11) (actual time=13613.218..13614.170 rows=52 loops=3)
                          Group Key: a.ca_state
                          ->  Sort  (cost=877170.81..877174.54 rows=1490 width=3) (actual time=13613.164..13613.531 rows=9110 loops=3)
                                Sort Key: a.ca_state
                                Sort Method: quicksort  Memory: 509kB
                                Worker 0:  Sort Method: quicksort  Memory: 546kB
                                Worker 1:  Sort Method: quicksort  Memory: 513kB
                                ->  Parallel Hash Join  (cost=871165.78..877092.28 rows=1490 width=3) (actual time=13521.749..13609.887 rows=9110 loops=3)
                                      Hash Cond: (a.ca_address_sk = c.c_current_addr_sk)
                                      ->  Parallel Seq Scan on customer_address a  (cost=0.00..5529.67 rows=104167 width=11) (actual time=0.169..70.727 rows=83333 loops=3)
                                      ->  Parallel Hash  (cost=871147.15..871147.15 rows=1490 width=8) (actual time=13521.322..13521.335 rows=9110 loops=3)
                                            Buckets: 32768 (originally 4096)  Batches: 1 (originally 1)  Memory Usage: 1600kB
                                            ->  Parallel Hash Join  (cost=856404.36..871147.15 rows=1490 width=8) (actual time=13360.566..13507.884 rows=9110 loops=3)
                                                  Hash Cond: (c.c_customer_sk = s.ss_customer_sk)
                                                  ->  Parallel Seq Scan on customer c  (cost=0.00..13955.33 rows=208333 width=16) (actual time=0.258..115.445 rows=166667 loops=3)
                                                  ->  Parallel Hash  (cost=856384.81..856384.81 rows=1564 width=8) (actual time=13360.225..13360.235 rows=9322 loops=3)
                                                        Buckets: 32768 (originally 4096)  Batches: 1 (originally 1)  Memory Usage: 1632kB
                                                        ->  Hash Join  (cost=851262.00..856384.81 rows=1564 width=8) (actual time=13228.078..13349.244 rows=9322 loops=3)
                                                              Hash Cond: ((i.i_category)::text = (item.i_category)::text)
                                                              Join Filter: (i.i_current_price > (1.2 * (avg(item.i_current_price))))
                                                              Rows Removed by Join Filter: 86795
                                                              ->  Parallel Hash Join  (cost=845227.75..850335.71 rows=4700 width=20) (actual time=12858.623..12940.147 rows=96339 loops=3)
                                                                    Hash Cond: (i.i_item_sk = s.ss_item_sk)
                                                                    ->  Parallel Seq Scan on item i  (cost=0.00..4929.00 rows=42500 width=20) (actual time=0.003..41.810 rows=34000 loops=3)
                                                                    ->  Parallel Hash  (cost=845169.00..845169.00 rows=4700 width=16) (actual time=12858.508..12858.513 rows=96339 loops=3)
                                                                          Buckets: 524288 (originally 16384)  Batches: 1 (originally 1)  Memory Usage: 21632kB
                                                                          ->  Parallel Hash Join  (cost=2569.35..845169.00 rows=4700 width=16) (actual time=9.993..12688.226 rows=96339 loops=3)
                                                                                Hash Cond: (s.ss_sold_date_sk = d.d_date_sk)
                                                                                ->  Parallel Seq Scan on store_sales s  (cost=0.00..797561.78 rows=12002578 width=24) (actual time=6.619..11940.537 rows=9600330 loops=3)
                                                                                ->  Parallel Hash  (cost=2569.12..2569.12 rows=18 width=8) (actual time=2.479..2.480 rows=10 loops=3)
                                                                                      Buckets: 1024  Batches: 1  Memory Usage: 40kB
                                                                                      ->  Parallel Seq Scan on date_dim d  (cost=0.00..2569.12 rows=18 width=8) (actual time=3.772..7.406 rows=31 loops=1)
                                                                                            Filter: (d_month_seq = $0)
                                                                                            Rows Removed by Filter: 73018
                                                              ->  Hash  (cost=6034.12..6034.12 rows=10 width=38) (actual time=369.339..369.341 rows=10 loops=3)
                                                                    Buckets: 1024  Batches: 1  Memory Usage: 9kB
                                                                    ->  HashAggregate  (cost=6034.00..6034.12 rows=10 width=38) (actual time=369.321..369.329 rows=11 loops=3)
                                                                          Group Key: item.i_category
                                                                          Batches: 1  Memory Usage: 24kB
                                                                          Worker 0:  Batches: 1  Memory Usage: 24kB
                                                                          Worker 1:  Batches: 1  Memory Usage: 24kB
                                                                          ->  Seq Scan on item  (cost=0.00..5524.00 rows=102000 width=12) (actual time=0.015..17.893 rows=102000 loops=3)
Planning Time: 0.569 ms
JIT:
  Functions: 182
  Options: Inlining true, Optimization true, Expressions true, Deforming true
  Timing: Generation 6.943 ms, Inlining 195.407 ms, Optimization 688.054 ms, Emission 452.600 ms, Total 1343.003 ms
Execution Time: 14252.048 ms","Limit  (cost=883469.92..883469.94 rows=10 width=11) (actual time=14019.159..14026.911 rows=10 loops=1)
  ->  Sort  (cost=883469.92..883469.96 rows=17 width=11) (actual time=13647.260..13655.009 rows=10 loops=1)
        Sort Key: (count(*)) NULLS FIRST, customer_address.ca_state NULLS FIRST
        Sort Method: top-N heapsort  Memory: 25kB
        ->  Finalize GroupAggregate  (cost=883444.96..883469.57 rows=17 width=11) (actual time=13645.799..13654.972 rows=51 loops=1)
              Group Key: customer_address.ca_state
              Filter: (count(*) >= 10)
              Rows Removed by Filter: 1
              ->  Gather Merge  (cost=883444.96..883468.42 rows=102 width=11) (actual time=13645.735..13654.901 rows=156 loops=1)
                    Workers Planned: 2
                    Workers Launched: 2
                    ->  Partial GroupAggregate  (cost=882444.94..882456.63 rows=51 width=11) (actual time=13624.071..13625.058 rows=52 loops=3)
                          Group Key: customer_address.ca_state
                          ->  Sort  (cost=882444.94..882448.67 rows=1490 width=3) (actual time=13624.019..13624.408 rows=9110 loops=3)
                                Sort Key: customer_address.ca_state
                                Sort Method: quicksort  Memory: 513kB
                                Worker 0:  Sort Method: quicksort  Memory: 526kB
                                Worker 1:  Sort Method: quicksort  Memory: 529kB
                                ->  Parallel Hash Right Join  (cost=876439.91..882366.41 rows=1490 width=3) (actual time=13545.835..13620.962 rows=9110 loops=3)
                                      Hash Cond: (customer_address.ca_address_sk = customer.c_current_addr_sk)
                                      ->  Parallel Seq Scan on customer_address  (cost=0.00..5529.67 rows=104167 width=11) (actual time=0.211..59.470 rows=83333 loops=3)
                                      ->  Parallel Hash  (cost=876421.28..876421.28 rows=1490 width=8) (actual time=13545.330..13545.345 rows=9110 loops=3)
                                            Buckets: 32768 (originally 4096)  Batches: 1 (originally 1)  Memory Usage: 1568kB
                                            ->  Parallel Hash Join  (cost=861678.49..876421.28 rows=1490 width=8) (actual time=13399.930..13531.522 rows=9110 loops=3)
                                                  Hash Cond: (customer.c_customer_sk = store_sales.ss_customer_sk)
                                                  ->  Parallel Seq Scan on customer  (cost=0.00..13955.33 rows=208333 width=16) (actual time=0.441..104.622 rows=166667 loops=3)
                                                  ->  Parallel Hash  (cost=861658.94..861658.94 rows=1564 width=8) (actual time=13399.266..13399.279 rows=9322 loops=3)
                                                        Buckets: 32768 (originally 4096)  Batches: 1 (originally 1)  Memory Usage: 1568kB
                                                        ->  Hash Join  (cost=856536.13..861658.94 rows=1564 width=8) (actual time=13317.769..13389.007 rows=9322 loops=3)
                                                              Hash Cond: ((item.i_category)::text = (item_1.i_category)::text)
                                                              Join Filter: (item_2.i_current_price > (1.2 * (avg((item_1.i_current_price)::numeric))))
                                                              Rows Removed by Join Filter: 86795
                                                              ->  Parallel Hash Join  (cost=850501.88..855609.84 rows=4700 width=20) (actual time=12907.430..12937.442 rows=96339 loops=3)
                                                                    Hash Cond: (item_2.i_item_sk = item.i_item_sk)
                                                                    ->  Parallel Seq Scan on item item_2  (cost=0.00..4929.00 rows=42500 width=14) (actual time=0.003..6.662 rows=34000 loops=3)
                                                                    ->  Parallel Hash  (cost=850443.13..850443.13 rows=4700 width=30) (actual time=12907.305..12907.312 rows=96339 loops=3)
                                                                          Buckets: 524288 (originally 16384)  Batches: 1 (originally 1)  Memory Usage: 26592kB
                                                                          ->  Parallel Hash Join  (cost=845335.18..850443.13 rows=4700 width=30) (actual time=12820.875..12867.813 rows=96339 loops=3)
                                                                                Hash Cond: (item.i_item_sk = store_sales.ss_item_sk)
                                                                                ->  Parallel Seq Scan on item  (cost=0.00..4929.00 rows=42500 width=14) (actual time=0.004..6.928 rows=34000 loops=3)
                                                                                ->  Parallel Hash  (cost=845276.43..845276.43 rows=4700 width=16) (actual time=12820.756..12820.761 rows=96339 loops=3)
                                                                                      Buckets: 524288 (originally 16384)  Batches: 1 (originally 1)  Memory Usage: 21600kB
                                                                                      ->  Parallel Hash Join  (cost=2676.78..845276.43 rows=4700 width=16) (actual time=9.792..12708.770 rows=96339 loops=3)
                                                                                            Hash Cond: (store_sales.ss_sold_date_sk = date_dim.d_date_sk)
                                                                                            ->  Parallel Seq Scan on store_sales  (cost=0.00..797561.78 rows=12002578 width=24) (actual time=5.380..11953.009 rows=9600330 loops=3)
                                                                                            ->  Parallel Hash  (cost=2676.55..2676.55 rows=18 width=8) (actual time=3.332..3.333 rows=10 loops=3)
                                                                                                  Buckets: 1024  Batches: 1  Memory Usage: 40kB
                                                                                                  ->  Parallel Seq Scan on date_dim  (cost=0.00..2676.55 rows=18 width=8) (actual time=5.043..9.958 rows=31 loops=1)
                                                                                                        Filter: ((d_moy = 1) AND (d_year = 2001))
                                                                                                        Rows Removed by Filter: 73018
                                                              ->  Hash  (cost=6034.12..6034.12 rows=10 width=38) (actual time=410.233..410.235 rows=10 loops=3)
                                                                    Buckets: 1024  Batches: 1  Memory Usage: 9kB
                                                                    ->  HashAggregate  (cost=6034.00..6034.12 rows=10 width=38) (actual time=410.213..410.221 rows=11 loops=3)
                                                                          Group Key: item_1.i_category
                                                                          Batches: 1  Memory Usage: 24kB
                                                                          Worker 0:  Batches: 1  Memory Usage: 24kB
                                                                          Worker 1:  Batches: 1  Memory Usage: 24kB
                                                                          ->  Seq Scan on item item_1  (cost=0.00..5524.00 rows=102000 width=12) (actual time=0.022..20.696 rows=102000 loops=3)
Planning Time: 1.233 ms
JIT:
  Functions: 194
  Options: Inlining true, Optimization true, Expressions true, Deforming true
  Timing: Generation 9.141 ms, Inlining 196.074 ms, Optimization 757.820 ms, Emission 468.263 ms, Total 1431.298 ms
Execution Time: 14030.361 ms",SUCCESS
26,27,TPCDS,Q7,"SELECT
    i.i_item_id,
    AVG(ss.ss_quantity)     AS agg1,
    AVG(ss.ss_list_price)   AS agg2,
    AVG(ss.ss_coupon_amt)   AS agg3,
    AVG(ss.ss_sales_price)  AS agg4
FROM tpcds.store_sales ss
JOIN tpcds.date_dim d
    ON ss.ss_sold_date_sk = d.d_date_sk
JOIN tpcds.item i
    ON ss.ss_item_sk = i.i_item_sk
JOIN tpcds.customer_demographics cd
    ON ss.ss_cdemo_sk = cd.cd_demo_sk
JOIN tpcds.promotion p
    ON ss.ss_promo_sk = p.p_promo_sk
WHERE
    cd.cd_gender = 'M'
    AND cd.cd_marital_status = 'S'
    AND cd.cd_education_status = 'College'
    AND (p.p_channel_email = 'N' OR p.p_channel_event = 'N')
    AND d.d_year = 2000
GROUP BY
    i.i_item_id
ORDER BY
    i.i_item_id
LIMIT 10;","filtered_sales = store_sales.WHERE(
    (customer_demographics.gender == 'M')
    & (customer_demographics.marital_status == 'S')
    & (customer_demographics.education_status == 'College')
    & (promotion.channel_email == 'N')
    & (promotion.channel_event == 'N')
    & (sold_date.year == 2000)
)

result = items.WHERE(HAS(filtered_sales)).CALCULATE(
    i_item_id=_id,
    agg1=AVG(filtered_sales.quantity),
    agg2=AVG(filtered_sales.list_price),
    agg3=AVG(filtered_sales.coupon_amount),
    agg4=AVG(filtered_sales.sales_price)
).TOP_K(10, by=_id)","WITH _s7 AS (
  SELECT
    store_sales.ss_item_sk,
    AVG(CAST(store_sales.ss_coupon_amt AS DECIMAL)) AS avg_ss_coupon_amt,
    AVG(CAST(store_sales.ss_list_price AS DECIMAL)) AS avg_ss_list_price,
    AVG(CAST(store_sales.ss_quantity AS DECIMAL)) AS avg_ss_quantity,
    AVG(CAST(store_sales.ss_sales_price AS DECIMAL)) AS avg_ss_sales_price
  FROM tpcds.store_sales AS store_sales
  JOIN tpcds.customer_demographics AS customer_demographics
    ON customer_demographics.cd_demo_sk = store_sales.ss_cdemo_sk
    AND customer_demographics.cd_education_status = 'College'
    AND customer_demographics.cd_gender = 'M'
    AND customer_demographics.cd_marital_status = 'S'
  JOIN tpcds.promotion AS promotion
    ON promotion.p_channel_email = 'N'
    AND promotion.p_channel_event = 'N'
    AND promotion.p_promo_sk = store_sales.ss_promo_sk
  JOIN tpcds.date_dim AS date_dim
    ON date_dim.d_date_sk = store_sales.ss_sold_date_sk AND date_dim.d_year = 2000
  GROUP BY
    1
)
SELECT
  item.i_item_id,
  _s7.avg_ss_quantity AS agg1,
  _s7.avg_ss_list_price AS agg2,
  _s7.avg_ss_coupon_amt AS agg3,
  _s7.avg_ss_sales_price AS agg4
FROM tpcds.item AS item
JOIN _s7 AS _s7
  ON _s7.ss_item_sk = item.i_item_sk
ORDER BY
  1 NULLS FIRST
LIMIT 10",13.955416993000199,14.492831957999897,"Limit  (cost=50010.19..70228.25 rows=10 width=145) (actual time=13807.448..14031.627 rows=10 loops=1)
  ->  GroupAggregate  (cost=50010.19..3565930.55 rows=1739 width=145) (actual time=13807.446..14031.618 rows=10 loops=1)
        Group Key: i.i_item_id
        ->  Nested Loop  (cost=50010.19..3565874.03 rows=1739 width=40) (actual time=8311.765..14031.438 rows=19 loops=1)
              Join Filter: (ss.ss_item_sk = i.i_item_sk)
              Rows Removed by Join Filter: 2265462
              ->  Gather Merge  (cost=9196.25..21075.83 rows=102000 width=25) (actual time=146.866..151.533 rows=31 loops=1)
                    Workers Planned: 2
                    Workers Launched: 2
                    ->  Sort  (cost=8196.22..8302.47 rows=42500 width=25) (actual time=121.433..121.556 rows=785 loops=3)
                          Sort Key: i.i_item_id
                          Sort Method: external merge  Disk: 2168kB
                          Worker 0:  Sort Method: quicksort  Memory: 2115kB
                          Worker 1:  Sort Method: quicksort  Memory: 2132kB
                          ->  Parallel Seq Scan on item i  (cost=0.00..4929.00 rows=42500 width=25) (actual time=0.013..8.694 rows=34000 loops=3)
              ->  Materialize  (cost=40813.95..884132.55 rows=1739 width=31) (actual time=12.538..443.696 rows=73080 loops=31)
                    ->  Gather  (cost=40813.95..884123.85 rows=1739 width=31) (actual time=388.605..13588.787 rows=75483 loops=1)
                          Workers Planned: 2
                          Workers Launched: 2
                          ->  Hash Join  (cost=39813.95..882949.95 rows=725 width=31) (actual time=371.623..13586.988 rows=25161 loops=3)
                                Hash Cond: (ss.ss_promo_sk = p.p_promo_sk)
                                ->  Parallel Hash Join  (cost=39789.20..882915.11 rows=760 width=39) (actual time=371.261..13570.897 rows=25586 loops=3)
                                      Hash Cond: (ss.ss_cdemo_sk = cd.cd_demo_sk)
                                      ->  Parallel Hash Join  (cost=2571.81..845480.11 rows=57186 width=47) (actual time=4.333..12983.698 rows=1839779 loops=3)
                                            Hash Cond: (ss.ss_sold_date_sk = d.d_date_sk)
                                            ->  Parallel Seq Scan on store_sales ss  (cost=0.00..797561.78 rows=12002578 width=55) (actual time=0.261..11729.465 rows=9600330 loops=3)
                                            ->  Parallel Hash  (cost=2569.12..2569.12 rows=215 width=8) (actual time=3.988..3.990 rows=122 loops=3)
                                                  Buckets: 1024  Batches: 1  Memory Usage: 104kB
                                                  ->  Parallel Seq Scan on date_dim d  (cost=0.00..2569.12 rows=215 width=8) (actual time=2.001..3.902 rows=122 loops=3)
                                                        Filter: (d_year = 2000)
                                                        Rows Removed by Filter: 24228
                                      ->  Parallel Hash  (cost=37077.83..37077.83 rows=11164 width=8) (actual time=363.995..363.995 rows=9147 loops=3)
                                            Buckets: 32768  Batches: 1  Memory Usage: 1376kB
                                            ->  Parallel Seq Scan on customer_demographics cd  (cost=0.00..37077.83 rows=11164 width=8) (actual time=0.252..359.081 rows=9147 loops=3)
                                                  Filter: (((cd_gender)::text = 'M'::text) AND ((cd_marital_status)::text = 'S'::text) AND ((cd_education_status)::text = 'College'::text))
                                                  Rows Removed by Filter: 631120
                                ->  Hash  (cost=18.50..18.50 rows=500 width=8) (actual time=0.191..0.192 rows=498 loops=3)
                                      Buckets: 1024  Batches: 1  Memory Usage: 28kB
                                      ->  Seq Scan on promotion p  (cost=0.00..18.50 rows=500 width=8) (actual time=0.021..0.130 rows=498 loops=3)
                                            Filter: (((p_channel_email)::text = 'N'::text) OR ((p_channel_event)::text = 'N'::text))
                                            Rows Removed by Filter: 2
Planning Time: 0.492 ms
Execution Time: 14032.508 ms","Limit  (cost=890104.20..890104.22 rows=10 width=145) (actual time=14147.741..14148.275 rows=10 loops=1)
  ->  Sort  (cost=890104.20..890108.43 rows=1693 width=145) (actual time=13837.245..13837.777 rows=10 loops=1)
        Sort Key: item.i_item_id NULLS FIRST
        Sort Method: top-N heapsort  Memory: 26kB
        ->  Hash Join  (cost=884275.85..890067.61 rows=1693 width=145) (actual time=13774.131..13824.051 rows=39288 loops=1)
              Hash Cond: (item.i_item_sk = _s7.ss_item_sk)
              ->  Seq Scan on item  (cost=0.00..5524.00 rows=102000 width=25) (actual time=0.019..15.621 rows=102000 loops=1)
              ->  Hash  (cost=884254.69..884254.69 rows=1693 width=136) (actual time=13774.037..13774.568 rows=39288 loops=1)
                    Buckets: 65536 (originally 2048)  Batches: 1 (originally 1)  Memory Usage: 3153kB
                    ->  Subquery Scan on _s7  (cost=883982.99..884254.69 rows=1693 width=136) (actual time=13629.588..13765.838 rows=39288 loops=1)
                          ->  Finalize GroupAggregate  (cost=883982.99..884237.76 rows=1693 width=136) (actual time=13629.584..13763.080 rows=39288 loops=1)
                                Group Key: store_sales.ss_item_sk
                                ->  Gather Merge  (cost=883982.99..884172.17 rows=1410 width=136) (actual time=13629.555..13673.826 rows=58865 loops=1)
                                      Workers Planned: 2
                                      Workers Launched: 2
                                      ->  Partial GroupAggregate  (cost=882982.96..883009.40 rows=705 width=136) (actual time=13609.353..13647.620 rows=19622 loops=3)
                                            Group Key: store_sales.ss_item_sk
                                            ->  Sort  (cost=882982.96..882984.73 rows=705 width=31) (actual time=13609.262..13616.134 rows=24717 loops=3)
                                                  Sort Key: store_sales.ss_item_sk
                                                  Sort Method: quicksort  Memory: 2192kB
                                                  Worker 0:  Sort Method: quicksort  Memory: 2346kB
                                                  Worker 1:  Sort Method: quicksort  Memory: 2383kB
                                                  ->  Hash Join  (cost=39813.78..882949.61 rows=705 width=31) (actual time=382.217..13596.077 rows=24717 loops=3)
                                                        Hash Cond: (store_sales.ss_promo_sk = promotion.p_promo_sk)
                                                        ->  Parallel Hash Join  (cost=39789.20..882915.11 rows=760 width=39) (actual time=126.509..13325.112 rows=25586 loops=3)
                                                              Hash Cond: (store_sales.ss_cdemo_sk = customer_demographics.cd_demo_sk)
                                                              ->  Parallel Hash Join  (cost=2571.81..845480.11 rows=57186 width=47) (actual time=4.466..12996.703 rows=1839779 loops=3)
                                                                    Hash Cond: (store_sales.ss_sold_date_sk = date_dim.d_date_sk)
                                                                    ->  Parallel Seq Scan on store_sales  (cost=0.00..797561.78 rows=12002578 width=55) (actual time=0.266..11957.491 rows=9600330 loops=3)
                                                                    ->  Parallel Hash  (cost=2569.12..2569.12 rows=215 width=8) (actual time=3.964..3.966 rows=122 loops=3)
                                                                          Buckets: 1024  Batches: 1  Memory Usage: 72kB
                                                                          ->  Parallel Seq Scan on date_dim  (cost=0.00..2569.12 rows=215 width=8) (actual time=2.974..5.799 rows=183 loops=2)
                                                                                Filter: (d_year = 2000)
                                                                                Rows Removed by Filter: 36342
                                                              ->  Parallel Hash  (cost=37077.83..37077.83 rows=11164 width=8) (actual time=119.914..119.916 rows=9147 loops=3)
                                                                    Buckets: 32768  Batches: 1  Memory Usage: 1344kB
                                                                    ->  Parallel Seq Scan on customer_demographics  (cost=0.00..37077.83 rows=11164 width=8) (actual time=0.301..173.084 rows=13720 loops=2)
                                                                          Filter: (((cd_education_status)::text = 'College'::text) AND ((cd_gender)::text = 'M'::text) AND ((cd_marital_status)::text = 'S'::text))
                                                                          Rows Removed by Filter: 946680
                                                        ->  Hash  (cost=18.50..18.50 rows=487 width=8) (actual time=255.667..255.667 rows=489 loops=3)
                                                              Buckets: 1024  Batches: 1  Memory Usage: 28kB
                                                              ->  Seq Scan on promotion  (cost=0.00..18.50 rows=487 width=8) (actual time=255.451..255.595 rows=489 loops=3)
                                                                    Filter: (((p_channel_email)::text = 'N'::text) AND ((p_channel_event)::text = 'N'::text))
                                                                    Rows Removed by Filter: 11
Planning Time: 0.473 ms
JIT:
  Functions: 119
  Options: Inlining true, Optimization true, Expressions true, Deforming true
  Timing: Generation 7.709 ms, Inlining 206.941 ms, Optimization 522.491 ms, Emission 347.710 ms, Total 1084.852 ms
Execution Time: 14151.916 ms",SUCCESS
27,28,TPCDS,Q8,"SELECT
    s.s_store_name,
    SUM(ss.ss_net_profit) AS sum_net_profit
FROM tpcds.store_sales ss
JOIN tpcds.store s
    ON ss.ss_store_sk = s.s_store_sk
JOIN tpcds.date_dim d
    ON ss.ss_sold_date_sk = d.d_date_sk
JOIN (
    SELECT ca_zip
    FROM (
        SELECT SUBSTR(ca_zip, 1, 5) AS ca_zip
        FROM tpcds.customer_address
        WHERE SUBSTR(ca_zip, 1, 5) IN (
            '10338','56623','51423','26456','19500','65832',
            '17178','68879','49935','49849','93956',
            '71765','45100','50587','68389','41899',
            '98316','56217','94686','59350','32857',
            '14925','31266','37817','27519','20787',
            '26967','49045','39397','32010','23144',
            '53580','15491','74151','18442','51916',
            '17730','22824','28290','21657','45460',
            '39386','21133','35017','19894','21759',
            '79293','86733','76777','41688','13810',
            '49053','17992','13395','19869','40785',
            '63897','65049','27388','94701','41482',
            '97923','23951','88284','61718','94317',
            '72294','63544','31306','41242','28830',
            '75535','86189','88177','16147','12902',
            '48271','54036','20936','27802','96741',
            '70286','75710','16034','90285','22058',
            '52590','40584','62441','64039','68999',
            '64327','33844','52497','88495','25989',
            '67814','13767','83194','99395','35524',
            '89640','48834','51875','71073','25383',
            '19129','57805','47962','61905','19557',
            '74159','98032','13917','50936','47993',
            '41606','17592','11470','28216','19732',
            '97958','60997','85688','96863','16605',
            '10898','31340','71340','72902','98949',
            '74440','53057','30323','76166','27195',
            '11204','32771','38189','83221','22295',
            '15325','20844','65549','69207','71903',
            '63929','56922','25733','75482','14986',
            '79223','73692','98769','70275','33793',
            '13057','30142','95737','30072','32097',
            '25845','50282','19289','92221','59533',
            '37375','29706','48186','22385','55809',
            '17416','10592','55385','71829','91975',
            '73557','38036','10448','95252','51386',
            '14190','15247','39907','79438','78053',
            '66623','27720','84139','74147','58637',
            '11434','36573','10081','53536','41724',
            '97898','36752','50384','87352','35696',
            '69486','50026','27837','42592','58865',
            '80523','53682','65423','77611','98529',
            '13909','13727','52190','36152','48355',
            '62496','16527','18143','98830','75198',
            '73043','64043','63042','67797','50656',
            '27700','60687','57905','94404','15733',
            '80809','74562','84493','67977','11213',
            '19125','84496','16435','97510','46040',
            '33968','20256','42332','16480','54277',
            '82819','93799','69101','57689','42821',
            '68073','49342','46915','25825','92332',
            '20219','96577','49463','19221','35814',
            '64783','97303','52061','24357','58167',
            '56286','64474','99847','53626','39703',
            '24880','24365','50652','29611','90638',
            '59246','27171','30483','11708','38630',
            '81914','48269','11720','88662','68844',
            '54838','93795','38102','33481','97546',
            '49306','97216','49032','14270','72418',
            '32540','53208','15588','29990','10407',
            '92334','48543','51495','77996','53686',
            '14827','30978','30482','86296','48869',
            '59600','29495','24775','34645','19763',
            '98602','20456','10468','13887','65714',
            '74740','37096','96240','44111','54109',
            '62693','87874','64295','62027','86027',
            '54341','68582','67809','44159','97913',
            '79150','38974','64754','73946','20840',
            '16138','58939','20428','19890','70842',
            '78648','55576','37267','40470','12957',
            '57553','53593','34067','22555','79719',
            '25809','28496','11083','87624','83622',
            '84898','28678','14297','79461','22910',
            '87129','49941','64817','93905','39721',
            '81837','18753','86432','67821','66080',
            '28246','13466','16363','56950','35446',
            '58326','11760','33962','28399','45848',
            '52560','66894','15169','20988','85925',
            '38582','34825','94227','56758','24801',
            '14128','14012','35824','49784'
        )
        INTERSECT
        SELECT ca_zip
        FROM (
            SELECT
                SUBSTR(ca_zip, 1, 5) AS ca_zip,
                COUNT(*) AS cnt
            FROM tpcds.customer_address ca
            JOIN tpcds.customer c
                ON ca.ca_address_sk = c.c_current_addr_sk
            WHERE c.c_preferred_cust_flag = 'Y'
            GROUP BY SUBSTR(ca_zip, 1, 5)
            HAVING COUNT(*) > 10
        ) A1
    ) A2
) V1
    ON SUBSTR(s.s_zip, 1, 2) = SUBSTR(V1.ca_zip, 1, 2)
WHERE
    d.d_qoy = 1
    AND d.d_year = 1998
GROUP BY
    s.s_store_name
ORDER BY
    s.s_store_name
LIMIT 10;","metropolitan_areas = customers.WHERE(ISIN(current_address.zip_code[:5], (
            '10338','56623','51423','26456','19500','65832',
            '17178','68879','49935','49849','93956',
            '71765','45100','50587','68389','41899',
            '98316','56217','94686','59350','32857',
            '14925','31266','37817','27519','20787',
            '26967','49045','39397','32010','23144',
            '53580','15491','74151','18442','51916',
            '17730','22824','28290','21657','45460',
            '39386','21133','35017','19894','21759',
            '79293','86733','76777','41688','13810',
            '49053','17992','13395','19869','40785',
            '63897','65049','27388','94701','41482',
            '97923','23951','88284','61718','94317',
            '72294','63544','31306','41242','28830',
            '75535','86189','88177','16147','12902',
            '48271','54036','20936','27802','96741',
            '70286','75710','16034','90285','22058',
            '52590','40584','62441','64039','68999',
            '64327','33844','52497','88495','25989',
            '67814','13767','83194','99395','35524',
            '89640','48834','51875','71073','25383',
            '19129','57805','47962','61905','19557',
            '74159','98032','13917','50936','47993',
            '41606','17592','11470','28216','19732',
            '97958','60997','85688','96863','16605',
            '10898','31340','71340','72902','98949',
            '74440','53057','30323','76166','27195',
            '11204','32771','38189','83221','22295',
            '15325','20844','65549','69207','71903',
            '63929','56922','25733','75482','14986',
            '79223','73692','98769','70275','33793',
            '13057','30142','95737','30072','32097',
            '25845','50282','19289','92221','59533',
            '37375','29706','48186','22385','55809',
            '17416','10592','55385','71829','91975',
            '73557','38036','10448','95252','51386',
            '14190','15247','39907','79438','78053',
            '66623','27720','84139','74147','58637',
            '11434','36573','10081','53536','41724',
            '97898','36752','50384','87352','35696',
            '69486','50026','27837','42592','58865',
            '80523','53682','65423','77611','98529',
            '13909','13727','52190','36152','48355',
            '62496','16527','18143','98830','75198',
            '73043','64043','63042','67797','50656',
            '27700','60687','57905','94404','15733',
            '80809','74562','84493','67977','11213',
            '19125','84496','16435','97510','46040',
            '33968','20256','42332','16480','54277',
            '82819','93799','69101','57689','42821',
            '68073','49342','46915','25825','92332',
            '20219','96577','49463','19221','35814',
            '64783','97303','52061','24357','58167',
            '56286','64474','99847','53626','39703',
            '24880','24365','50652','29611','90638',
            '59246','27171','30483','11708','38630',
            '81914','48269','11720','88662','68844',
            '54838','93795','38102','33481','97546',
            '49306','97216','49032','14270','72418',
            '32540','53208','15588','29990','10407',
            '92334','48543','51495','77996','53686',
            '14827','30978','30482','86296','48869',
            '59600','29495','24775','34645','19763',
            '98602','20456','10468','13887','65714',
            '74740','37096','96240','44111','54109',
            '62693','87874','64295','62027','86027',
            '54341','68582','67809','44159','97913',
            '79150','38974','64754','73946','20840',
            '16138','58939','20428','19890','70842',
            '78648','55576','37267','40470','12957',
            '57553','53593','34067','22555','79719',
            '25809','28496','11083','87624','83622',
            '84898','28678','14297','79461','22910',
            '87129','49941','64817','93905','39721',
            '81837','18753','86432','67821','66080',
            '28246','13466','16363','56950','35446',
            '58326','11760','33962','28399','45848',
            '52560','66894','15169','20988','85925',
            '38582','34825','94227','56758','24801',
            '14128','14012','35824','49784'
        )) 
    & (preferred_customer_flag == 'Y')
).CALCULATE(
    zip_5=current_address.zip_code[:5]
).PARTITION(
    name='zip_codes', by=zip_5
).WHERE(
    COUNT(customers) > 10
)
preferred_customers = customers.WHERE(preferred_customer_flag == 'Y')
selected_store_sales = store_sales.WHERE(
    (sold_date.quarter_of_year == 1) 
    & (sold_date.year == 1998)
)
result = stores.CALCULATE(store_zip=zip_code).WHERE(
    HAS(CROSS(metropolitan_areas).WHERE(store_zip[:2]==zip_5[:2])) 
    & HAS(selected_store_sales)
).CALCULATE(
    store_sum=SUM(selected_store_sales.net_profit)
).PARTITION(
    name='store_names', by=name
).CALCULATE(
    s_store_name=name,
    sum_net_profit=SUM(stores.store_sum)
).TOP_K(10, by=name)","WITH _t3 AS (
  SELECT
    SUBSTRING(customer_address.ca_zip FROM 1 FOR 5) AS zip,
    COUNT(*) AS n_rows
  FROM tpcds.customer AS customer
  LEFT JOIN tpcds.customer_address AS customer_address
    ON customer.c_current_addr_sk = customer_address.ca_address_sk
  WHERE
    SUBSTRING(customer_address.ca_zip FROM 1 FOR 5) IN ('10338', '56623', '51423', '26456', '19500', '65832', '17178', '68879', '49935', '49849', '93956', '71765', '45100', '50587', '68389', '41899', '98316', '56217', '94686', '59350', '32857', '14925', '31266', '37817', '27519', '20787', '26967', '49045', '39397', '32010', '23144', '53580', '15491', '74151', '18442', '51916', '17730', '22824', '28290', '21657', '45460', '39386', '21133', '35017', '19894', '21759', '79293', '86733', '76777', '41688', '13810', '49053', '17992', '13395', '19869', '40785', '63897', '65049', '27388', '94701', '41482', '97923', '23951', '88284', '61718', '94317', '72294', '63544', '31306', '41242', '28830', '75535', '86189', '88177', '16147', '12902', '48271', '54036', '20936', '27802', '96741', '70286', '75710', '16034', '90285', '22058', '52590', '40584', '62441', '64039', '68999', '64327', '33844', '52497', '88495', '25989', '67814', '13767', '83194', '99395', '35524', '89640', '48834', '51875', '71073', '25383', '19129', '57805', '47962', '61905', '19557', '74159', '98032', '13917', '50936', '47993', '41606', '17592', '11470', '28216', '19732', '97958', '60997', '85688', '96863', '16605', '10898', '31340', '71340', '72902', '98949', '74440', '53057', '30323', '76166', '27195', '11204', '32771', '38189', '83221', '22295', '15325', '20844', '65549', '69207', '71903', '63929', '56922', '25733', '75482', '14986', '79223', '73692', '98769', '70275', '33793', '13057', '30142', '95737', '30072', '32097', '25845', '50282', '19289', '92221', '59533', '37375', '29706', '48186', '22385', '55809', '17416', '10592', '55385', '71829', '91975', '73557', '38036', '10448', '95252', '51386', '14190', '15247', '39907', '79438', '78053', '66623', '27720', '84139', '74147', '58637', '11434', '36573', '10081', '53536', '41724', '97898', '36752', '50384', '87352', '35696', '69486', '50026', '27837', '42592', '58865', '80523', '53682', '65423', '77611', '98529', '13909', '13727', '52190', '36152', '48355', '62496', '16527', '18143', '98830', '75198', '73043', '64043', '63042', '67797', '50656', '27700', '60687', '57905', '94404', '15733', '80809', '74562', '84493', '67977', '11213', '19125', '84496', '16435', '97510', '46040', '33968', '20256', '42332', '16480', '54277', '82819', '93799', '69101', '57689', '42821', '68073', '49342', '46915', '25825', '92332', '20219', '96577', '49463', '19221', '35814', '64783', '97303', '52061', '24357', '58167', '56286', '64474', '99847', '53626', '39703', '24880', '24365', '50652', '29611', '90638', '59246', '27171', '30483', '11708', '38630', '81914', '48269', '11720', '88662', '68844', '54838', '93795', '38102', '33481', '97546', '49306', '97216', '49032', '14270', '72418', '32540', '53208', '15588', '29990', '10407', '92334', '48543', '51495', '77996', '53686', '14827', '30978', '30482', '86296', '48869', '59600', '29495', '24775', '34645', '19763', '98602', '20456', '10468', '13887', '65714', '74740', '37096', '96240', '44111', '54109', '62693', '87874', '64295', '62027', '86027', '54341', '68582', '67809', '44159', '97913', '79150', '38974', '64754', '73946', '20840', '16138', '58939', '20428', '19890', '70842', '78648', '55576', '37267', '40470', '12957', '57553', '53593', '34067', '22555', '79719', '25809', '28496', '11083', '87624', '83622', '84898', '28678', '14297', '79461', '22910', '87129', '49941', '64817', '93905', '39721', '81837', '18753', '86432', '67821', '66080', '28246', '13466', '16363', '56950', '35446', '58326', '11760', '33962', '28399', '45848', '52560', '66894', '15169', '20988', '85925', '38582', '34825', '94227', '56758', '24801', '14128', '14012', '35824', '49784')
    AND customer.c_preferred_cust_flag = 'Y'
  GROUP BY
    1
), _u_0 AS (
  SELECT
    SUBSTRING(zip FROM 1 FOR 2) AS _u_1
  FROM _t3
  WHERE
    n_rows > 10
  GROUP BY
    1
), _t1 AS (
  SELECT
    MAX(store.s_store_name) AS anything_s_store_name,
    SUM(store_sales.ss_net_profit) AS sum_ss_net_profit
  FROM tpcds.store AS store
  LEFT JOIN _u_0 AS _u_0
    ON _u_0._u_1 = SUBSTRING(store.s_zip FROM 1 FOR 2)
  JOIN tpcds.store_sales AS store_sales
    ON store.s_store_sk = store_sales.ss_store_sk
  JOIN tpcds.date_dim AS date_dim
    ON date_dim.d_date_sk = store_sales.ss_sold_date_sk
    AND date_dim.d_qoy = 1
    AND date_dim.d_year = 1998
  WHERE
    NOT _u_0._u_1 IS NULL
  GROUP BY
    store_sales.ss_store_sk
)
SELECT
  anything_s_store_name AS s_store_name,
  COALESCE(SUM(sum_ss_net_profit), 0) AS sum_net_profit
FROM _t1
GROUP BY
  1
ORDER BY
  1 NULLS FIRST
LIMIT 10",14.215057368999624,14.645334151000043,"Limit  (cost=892755.45..892997.33 rows=10 width=36) (actual time=14247.064..14280.127 rows=8 loops=1)
  ->  GroupAggregate  (cost=892755.45..892997.33 rows=10 width=36) (actual time=13749.903..13782.963 rows=8 loops=1)
        Group Key: s.s_store_name
        ->  Sort  (cost=892755.45..892836.04 rows=32234 width=10) (actual time=13743.965..13762.648 rows=192619 loops=1)
              Sort Key: s.s_store_name
              Sort Method: external merge  Disk: 4112kB
              ->  Hash Join  (cost=41456.17..890341.72 rows=32234 width=10) (actual time=644.651..13701.753 rows=192619 loops=1)
                    Hash Cond: (substr((s.s_zip)::text, 1, 2) = substr(a2.ca_zip, 1, 2))
                    ->  Gather  (cost=3684.51..849749.59 rows=32234 width=16) (actual time=9.646..12892.206 rows=754280 loops=1)
                          Workers Planned: 2
                          Workers Launched: 2
                          ->  Hash Join  (cost=2684.51..845526.19 rows=13431 width=16) (actual time=306.542..13286.569 rows=251427 loops=3)
                                Hash Cond: (ss.ss_store_sk = s.s_store_sk)
                                ->  Parallel Hash Join  (cost=2677.21..845331.70 rows=14101 width=14) (actual time=3.846..12927.512 rows=257466 loops=3)
                                      Hash Cond: (ss.ss_sold_date_sk = d.d_date_sk)
                                      ->  Parallel Seq Scan on store_sales ss  (cost=0.00..797561.78 rows=12002578 width=22) (actual time=0.262..12137.650 rows=9600330 loops=3)
                                      ->  Parallel Hash  (cost=2676.55..2676.55 rows=53 width=8) (actual time=2.738..2.739 rows=30 loops=3)
                                            Buckets: 1024  Batches: 1  Memory Usage: 40kB
                                            ->  Parallel Seq Scan on date_dim d  (cost=0.00..2676.55 rows=53 width=8) (actual time=3.868..8.049 rows=91 loops=1)
                                                  Filter: ((d_qoy = 1) AND (d_year = 1998))
                                                  Rows Removed by Filter: 72958
                                ->  Hash  (cost=6.02..6.02 rows=102 width=18) (actual time=302.482..302.483 rows=102 loops=3)
                                      Buckets: 1024  Batches: 1  Memory Usage: 14kB
                                      ->  Seq Scan on store s  (cost=0.00..6.02 rows=102 width=18) (actual time=302.375..302.442 rows=102 loops=3)
                    ->  Hash  (cost=37769.16..37769.16 rows=200 width=32) (actual time=634.974..636.205 rows=9 loops=1)
                          Buckets: 1024  Batches: 1  Memory Usage: 9kB
                          ->  Subquery Scan on a2  (cost=24504.67..37769.16 rows=200 width=32) (actual time=634.907..636.191 rows=9 loops=1)
                                ->  HashSetOp Intersect  (cost=24504.67..37769.16 rows=200 width=36) (actual time=634.872..636.154 rows=9 loops=1)
                                      ->  Append  (cost=24504.67..37225.59 rows=217428 width=36) (actual time=588.170..635.388 rows=3229 loops=1)
                                            ->  Subquery Scan on ""*SELECT* 2""  (cost=24504.67..24570.26 rows=1093 width=36) (actual time=588.168..590.619 rows=2268 loops=1)
                                                  ->  Subquery Scan on a1  (cost=24504.67..24559.33 rows=1093 width=32) (actual time=588.165..590.408 rows=2268 loops=1)
                                                        ->  Finalize HashAggregate  (cost=24504.67..24548.40 rows=1093 width=40) (actual time=588.160..590.187 rows=2268 loops=1)
                                                              Group Key: (substr((ca.ca_zip)::text, 1, 5))
                                                              Filter: (count(*) > 10)
                                                              Batches: 1  Memory Usage: 721kB
                                                              Rows Removed by Filter: 2599
                                                              ->  Gather  (cost=23774.87..24471.87 rows=6560 width=40) (actual time=582.092..585.279 rows=11232 loops=1)
                                                                    Workers Planned: 2
                                                                    Workers Launched: 2
                                                                    ->  Partial HashAggregate  (cost=22774.87..22815.87 rows=3280 width=40) (actual time=551.205..551.985 rows=3744 loops=3)
                                                                          Group Key: substr((ca.ca_zip)::text, 1, 5)
                                                                          Batches: 1  Memory Usage: 465kB
                                                                          Worker 0:  Batches: 1  Memory Usage: 465kB
                                                                          Worker 1:  Batches: 1  Memory Usage: 465kB
                                                                          ->  Parallel Hash Join  (cost=15706.38..22282.78 rows=98417 width=32) (actual time=397.012..530.979 rows=78942 loops=3)
                                                                                Hash Cond: (ca.ca_address_sk = c.c_current_addr_sk)
                                                                                ->  Parallel Seq Scan on customer_address ca  (cost=0.00..5529.67 rows=104167 width=14) (actual time=0.462..63.493 rows=83333 loops=3)
                                                                                ->  Parallel Hash  (cost=14476.17..14476.17 rows=98417 width=8) (actual time=395.659..395.660 rows=78942 loops=3)
                                                                                      Buckets: 262144  Batches: 1  Memory Usage: 11392kB
                                                                                      ->  Parallel Seq Scan on customer c  (cost=0.00..14476.17 rows=98417 width=8) (actual time=242.599..348.443 rows=78942 loops=3)
                                                                                            Filter: ((c_preferred_cust_flag)::text = 'Y'::text)
                                                                                            Rows Removed by Filter: 87725
                                            ->  Subquery Scan on ""*SELECT* 1""  (cost=1.00..11568.19 rows=216335 width=36) (actual time=0.192..44.500 rows=961 loops=1)
                                                  ->  Seq Scan on customer_address  (cost=1.00..9404.84 rows=216335 width=32) (actual time=0.188..44.416 rows=961 loops=1)
                                                        Filter: (substr((ca_zip)::text, 1, 5) = ANY ('{10338,56623,51423,26456,19500,65832,17178,68879,49935,49849,93956,71765,45100,50587,68389,41899,98316,56217,94686,59350,32857,14925,31266,37817,27519,20787,26967,49045,39397,32010,23144,53580,15491,74151,18442,51916,17730,22824,28290,21657,45460,39386,21133,35017,19894,21759,79293,86733,76777,41688,13810,49053,17992,13395,19869,40785,63897,65049,27388,94701,41482,97923,23951,88284,61718,94317,72294,63544,31306,41242,28830,75535,86189,88177,16147,12902,48271,54036,20936,27802,96741,70286,75710,16034,90285,22058,52590,40584,62441,64039,68999,64327,33844,52497,88495,25989,67814,13767,83194,99395,35524,89640,48834,51875,71073,25383,19129,57805,47962,61905,19557,74159,98032,13917,50936,47993,41606,17592,11470,28216,19732,97958,60997,85688,96863,16605,10898,31340,71340,72902,98949,74440,53057,30323,76166,27195,11204,32771,38189,83221,22295,15325,20844,65549,69207,71903,63929,56922,25733,75482,14986,79223,73692,98769,70275,33793,13057,30142,95737,30072,32097,25845,50282,19289,92221,59533,37375,29706,48186,22385,55809,17416,10592,55385,71829,91975,73557,38036,10448,95252,51386,14190,15247,39907,79438,78053,66623,27720,84139,74147,58637,11434,36573,10081,53536,41724,97898,36752,50384,87352,35696,69486,50026,27837,42592,58865,80523,53682,65423,77611,98529,13909,13727,52190,36152,48355,62496,16527,18143,98830,75198,73043,64043,63042,67797,50656,27700,60687,57905,94404,15733,80809,74562,84493,67977,11213,19125,84496,16435,97510,46040,33968,20256,42332,16480,54277,82819,93799,69101,57689,42821,68073,49342,46915,25825,92332,20219,96577,49463,19221,35814,64783,97303,52061,24357,58167,56286,64474,99847,53626,39703,24880,24365,50652,29611,90638,59246,27171,30483,11708,38630,81914,48269,11720,88662,68844,54838,93795,38102,33481,97546,49306,97216,49032,14270,72418,32540,53208,15588,29990,10407,92334,48543,51495,77996,53686,14827,30978,30482,86296,48869,59600,29495,24775,34645,19763,98602,20456,10468,13887,65714,74740,37096,96240,44111,54109,62693,87874,64295,62027,86027,54341,68582,67809,44159,97913,79150,38974,64754,73946,20840,16138,58939,20428,19890,70842,78648,55576,37267,40470,12957,57553,53593,34067,22555,79719,25809,28496,11083,87624,83622,84898,28678,14297,79461,22910,87129,49941,64817,93905,39721,81837,18753,86432,67821,66080,28246,13466,16363,56950,35446,58326,11760,33962,28399,45848,52560,66894,15169,20988,85925,38582,34825,94227,56758,24801,14128,14012,35824,49784}'::text[]))
                                                        Rows Removed by Filter: 249039
Planning Time: 0.653 ms
JIT:
  Functions: 135
  Options: Inlining true, Optimization true, Expressions true, Deforming true
  Timing: Generation 10.840 ms, Inlining 463.168 ms, Optimization 1004.171 ms, Emission 664.752 ms, Total 2142.931 ms
Execution Time: 14285.534 ms","Limit  (cost=877514.54..877514.74 rows=10 width=64) (actual time=14369.624..14379.390 rows=8 loops=1)
  ->  GroupAggregate  (cost=877514.54..877515.56 rows=51 width=64) (actual time=13799.445..13809.209 rows=8 loops=1)
        Group Key: _t1.anything_s_store_name
        ->  Sort  (cost=877514.54..877514.67 rows=51 width=64) (actual time=13799.398..13809.157 rows=13 loops=1)
              Sort Key: _t1.anything_s_store_name NULLS FIRST
              Sort Method: quicksort  Memory: 25kB
              ->  Subquery Scan on _t1  (cost=872951.78..877513.09 rows=51 width=64) (actual time=13629.354..13809.116 rows=13 loops=1)
                    ->  GroupAggregate  (cost=872951.78..877512.58 rows=51 width=72) (actual time=13629.350..13809.103 rows=13 loops=1)
                          Group Key: store_sales.ss_store_sk
                          ->  Merge Join  (cost=872951.78..877270.19 rows=32234 width=18) (actual time=13621.724..13786.273 rows=192619 loops=1)
                                Merge Cond: (store_sales.ss_store_sk = store.s_store_sk)
                                ->  Gather Merge  (cost=847303.53..851244.99 rows=33842 width=14) (actual time=13159.833..13271.924 rows=754281 loops=1)
                                      Workers Planned: 2
                                      Workers Launched: 2
                                      ->  Sort  (cost=846303.51..846338.76 rows=14101 width=14) (actual time=13136.399..13160.911 rows=252654 loops=3)
                                            Sort Key: store_sales.ss_store_sk
                                            Sort Method: external merge  Disk: 7096kB
                                            Worker 0:  Sort Method: external merge  Disk: 6392kB
                                            Worker 1:  Sort Method: external merge  Disk: 5912kB
                                            ->  Parallel Hash Join  (cost=2677.21..845331.70 rows=14101 width=14) (actual time=173.473..13058.038 rows=257466 loops=3)
                                                  Hash Cond: (store_sales.ss_sold_date_sk = date_dim.d_date_sk)
                                                  ->  Parallel Seq Scan on store_sales  (cost=0.00..797561.78 rows=12002578 width=22) (actual time=0.222..12102.825 rows=9600330 loops=3)
                                                  ->  Parallel Hash  (cost=2676.55..2676.55 rows=53 width=8) (actual time=2.044..2.046 rows=30 loops=3)
                                                        Buckets: 1024  Batches: 1  Memory Usage: 40kB
                                                        ->  Parallel Seq Scan on date_dim  (cost=0.00..2676.55 rows=53 width=8) (actual time=3.150..6.006 rows=91 loops=1)
                                                              Filter: ((d_qoy = 1) AND (d_year = 1998))
                                                              Rows Removed by Filter: 72958
                                ->  Sort  (cost=25648.25..25648.50 rows=102 width=12) (actual time=457.340..464.706 rows=192635 loops=1)
                                      Sort Key: store.s_store_sk
                                      Sort Method: quicksort  Memory: 26kB
                                      ->  Hash Join  (cost=25638.53..25644.84 rows=102 width=12) (actual time=457.277..457.689 rows=29 loops=1)
                                            Hash Cond: (SUBSTRING(store.s_zip FROM 1 FOR 2) = (SUBSTRING(_t3.zip FROM 1 FOR 2)))
                                            ->  Seq Scan on store  (cost=0.00..6.02 rows=102 width=18) (actual time=0.018..0.037 rows=102 loops=1)
                                            ->  Hash  (cost=25636.03..25636.03 rows=200 width=32) (actual time=457.235..457.599 rows=8 loops=1)
                                                  Buckets: 1024  Batches: 1  Memory Usage: 9kB
                                                  ->  Group  (cost=25630.07..25636.03 rows=200 width=32) (actual time=457.218..457.587 rows=8 loops=1)
                                                        Group Key: (SUBSTRING(_t3.zip FROM 1 FOR 2))
                                                        ->  Sort  (cost=25630.07..25632.80 rows=1093 width=32) (actual time=457.214..457.574 rows=9 loops=1)
                                                              Sort Key: (SUBSTRING(_t3.zip FROM 1 FOR 2))
                                                              Sort Method: quicksort  Memory: 25kB
                                                              ->  Subquery Scan on _t3  (cost=25517.51..25574.90 rows=1093 width=32) (actual time=457.171..457.558 rows=9 loops=1)
                                                                    ->  Finalize HashAggregate  (cost=25517.51..25561.24 rows=1093 width=40) (actual time=457.165..457.549 rows=9 loops=1)
                                                                          Group Key: (SUBSTRING(customer_address.ca_zip FROM 1 FOR 5))
                                                                          Filter: (count(*) > 10)
                                                                          Batches: 1  Memory Usage: 121kB
                                                                          Rows Removed by Filter: 7
                                                                          ->  Gather  (cost=24787.71..25484.71 rows=6560 width=40) (actual time=456.789..457.491 rows=41 loops=1)
                                                                                Workers Planned: 2
                                                                                Workers Launched: 2
                                                                                ->  Partial HashAggregate  (cost=23787.71..23828.71 rows=3280 width=40) (actual time=432.088..432.129 rows=14 loops=3)
                                                                                      Group Key: SUBSTRING(customer_address.ca_zip FROM 1 FOR 5)
                                                                                      Batches: 1  Memory Usage: 121kB
                                                                                      Worker 0:  Batches: 1  Memory Usage: 121kB
                                                                                      Worker 1:  Batches: 1  Memory Usage: 121kB
                                                                                      ->  Parallel Hash Join  (cost=7953.86..23364.02 rows=84738 width=32) (actual time=292.617..431.822 rows=316 loops=3)
                                                                                            Hash Cond: (customer.c_current_addr_sk = customer_address.ca_address_sk)
                                                                                            ->  Parallel Seq Scan on customer  (cost=0.00..14476.17 rows=98417 width=8) (actual time=0.357..122.132 rows=78942 loops=3)
                                                                                                  Filter: ((c_preferred_cust_flag)::text = 'Y'::text)
                                                                                                  Rows Removed by Filter: 87725
                                                                                            ->  Parallel Hash  (cost=6832.75..6832.75 rows=89689 width=14) (actual time=290.557..290.558 rows=320 loops=3)
                                                                                                  Buckets: 262144  Batches: 1  Memory Usage: 2112kB
                                                                                                  ->  Parallel Seq Scan on customer_address  (cost=1.00..6832.75 rows=89689 width=14) (actual time=186.634..214.043 rows=320 loops=3)
                                                                                                        Filter: ((SUBSTRING(SUBSTRING(ca_zip FROM 1 FOR 5) FROM 1 FOR 2) IS NOT NULL) AND (SUBSTRING(ca_zip FROM 1 FOR 5) = ANY ('{10338,56623,51423,26456,19500,65832,17178,68879,49935,49849,93956,71765,45100,50587,68389,41899,98316,56217,94686,59350,32857,14925,31266,37817,27519,20787,26967,49045,39397,32010,23144,53580,15491,74151,18442,51916,17730,22824,28290,21657,45460,39386,21133,35017,19894,21759,79293,86733,76777,41688,13810,49053,17992,13395,19869,40785,63897,65049,27388,94701,41482,97923,23951,88284,61718,94317,72294,63544,31306,41242,28830,75535,86189,88177,16147,12902,48271,54036,20936,27802,96741,70286,75710,16034,90285,22058,52590,40584,62441,64039,68999,64327,33844,52497,88495,25989,67814,13767,83194,99395,35524,89640,48834,51875,71073,25383,19129,57805,47962,61905,19557,74159,98032,13917,50936,47993,41606,17592,11470,28216,19732,97958,60997,85688,96863,16605,10898,31340,71340,72902,98949,74440,53057,30323,76166,27195,11204,32771,38189,83221,22295,15325,20844,65549,69207,71903,63929,56922,25733,75482,14986,79223,73692,98769,70275,33793,13057,30142,95737,30072,32097,25845,50282,19289,92221,59533,37375,29706,48186,22385,55809,17416,10592,55385,71829,91975,73557,38036,10448,95252,51386,14190,15247,39907,79438,78053,66623,27720,84139,74147,58637,11434,36573,10081,53536,41724,97898,36752,50384,87352,35696,69486,50026,27837,42592,58865,80523,53682,65423,77611,98529,13909,13727,52190,36152,48355,62496,16527,18143,98830,75198,73043,64043,63042,67797,50656,27700,60687,57905,94404,15733,80809,74562,84493,67977,11213,19125,84496,16435,97510,46040,33968,20256,42332,16480,54277,82819,93799,69101,57689,42821,68073,49342,46915,25825,92332,20219,96577,49463,19221,35814,64783,97303,52061,24357,58167,56286,64474,99847,53626,39703,24880,24365,50652,29611,90638,59246,27171,30483,11708,38630,81914,48269,11720,88662,68844,54838,93795,38102,33481,97546,49306,97216,49032,14270,72418,32540,53208,15588,29990,10407,92334,48543,51495,77996,53686,14827,30978,30482,86296,48869,59600,29495,24775,34645,19763,98602,20456,10468,13887,65714,74740,37096,96240,44111,54109,62693,87874,64295,62027,86027,54341,68582,67809,44159,97913,79150,38974,64754,73946,20840,16138,58939,20428,19890,70842,78648,55576,37267,40470,12957,57553,53593,34067,22555,79719,25809,28496,11083,87624,83622,84898,28678,14297,79461,22910,87129,49941,64817,93905,39721,81837,18753,86432,67821,66080,28246,13466,16363,56950,35446,58326,11760,33962,28399,45848,52560,66894,15169,20988,85925,38582,34825,94227,56758,24801,14128,14012,35824,49784}'::text[])))
                                                                                                        Rows Removed by Filter: 83013
Planning Time: 0.745 ms
JIT:
  Functions: 122
  Options: Inlining true, Optimization true, Expressions true, Deforming true
  Timing: Generation 10.042 ms, Inlining 390.176 ms, Optimization 742.468 ms, Emission 508.392 ms, Total 1651.078 ms
Execution Time: 14384.410 ms",SUCCESS
28,29,TPCDS,Q9,"SELECT
	CASE
		WHEN (
			SELECT COUNT(*)
			FROM tpcds.store_sales
			WHERE ss_quantity BETWEEN 1 AND 20
		) > 74129
		THEN (
			SELECT AVG(ss_ext_discount_amt)
			FROM tpcds.store_sales
			WHERE ss_quantity BETWEEN 1 AND 20
		)
		ELSE (
			SELECT AVG(ss_net_paid)
			FROM tpcds.store_sales
			WHERE ss_quantity BETWEEN 1 AND 20
		)
	END AS bucket1,
    CASE
        WHEN (
            SELECT COUNT(*)
            FROM tpcds.store_sales
            WHERE ss_quantity BETWEEN 21 AND 40
        ) > 122840
        THEN (
            SELECT AVG(ss_ext_discount_amt)
            FROM tpcds.store_sales
            WHERE ss_quantity BETWEEN 21 AND 40
        )
        ELSE (
            SELECT AVG(ss_net_paid)
            FROM tpcds.store_sales
            WHERE ss_quantity BETWEEN 21 AND 40
        )
    END AS bucket2,
    CASE
        WHEN (
            SELECT COUNT(*)
            FROM tpcds.store_sales
            WHERE ss_quantity BETWEEN 41 AND 60
        ) > 56580
        THEN (
            SELECT AVG(ss_ext_discount_amt)
            FROM tpcds.store_sales
            WHERE ss_quantity BETWEEN 41 AND 60
        )
        ELSE (
            SELECT AVG(ss_net_paid)
            FROM tpcds.store_sales
            WHERE ss_quantity BETWEEN 41 AND 60
        )
    END AS bucket3,
    CASE
        WHEN (
            SELECT COUNT(*)
            FROM tpcds.store_sales
            WHERE ss_quantity BETWEEN 61 AND 80
        ) > 10097
        THEN (
            SELECT AVG(ss_ext_discount_amt)
            FROM tpcds.store_sales
            WHERE ss_quantity BETWEEN 61 AND 80
        )
        ELSE (
            SELECT AVG(ss_net_paid)
            FROM tpcds.store_sales
            WHERE ss_quantity BETWEEN 61 AND 80
        )
    END AS bucket4,
    CASE
        WHEN (
            SELECT COUNT(*)
            FROM tpcds.store_sales
            WHERE ss_quantity BETWEEN 81 AND 100
        ) > 165306
        THEN (
            SELECT AVG(ss_ext_discount_amt)
            FROM tpcds.store_sales
            WHERE ss_quantity BETWEEN 81 AND 100
        )
        ELSE (
            SELECT AVG(ss_net_paid)
            FROM tpcds.store_sales
            WHERE ss_quantity BETWEEN 81 AND 100
        )
    END AS bucket5
FROM tpcds.reason
WHERE r_reason_sk = 1;","bucket1_sales = store_sales.WHERE(MONOTONIC(1, quantity, 20))
bucket2_sales = store_sales.WHERE(MONOTONIC(21, quantity, 40))
bucket3_sales = store_sales.WHERE(MONOTONIC(41, quantity, 60))
bucket4_sales = store_sales.WHERE(MONOTONIC(61, quantity, 80))
bucket5_sales = store_sales.WHERE(MONOTONIC(81, quantity, 100))

result = TPCDS.CALCULATE(
    bucket1=IFF(COUNT(bucket1_sales) > 74129, AVG(bucket1_sales.ext_discount_amount), AVG(bucket1_sales.net_paid)),
    bucket2=IFF(COUNT(bucket2_sales) > 122840, AVG(bucket2_sales.ext_discount_amount), AVG(bucket2_sales.net_paid)),
    bucket3=IFF(COUNT(bucket3_sales) > 56580, AVG(bucket3_sales.ext_discount_amount), AVG(bucket3_sales.net_paid)),
    bucket4=IFF(COUNT(bucket4_sales) > 10097, AVG(bucket4_sales.ext_discount_amount), AVG(bucket4_sales.net_paid)),
    bucket5=IFF(COUNT(bucket5_sales) > 165306, AVG(bucket5_sales.ext_discount_amount), AVG(bucket5_sales.net_paid))
)","WITH _s0 AS (
  SELECT
    AVG(CAST(ss_ext_discount_amt AS DECIMAL)) AS avg_ss_ext_discount_amt,
    AVG(CAST(ss_net_paid AS DECIMAL)) AS avg_ss_net_paid,
    COUNT(*) AS n_rows
  FROM tpcds.store_sales
  WHERE
    ss_quantity <= 20 AND ss_quantity >= 1
), _s1 AS (
  SELECT
    AVG(CAST(ss_ext_discount_amt AS DECIMAL)) AS avg_ss_ext_discount_amt,
    AVG(CAST(ss_net_paid AS DECIMAL)) AS avg_ss_net_paid,
    COUNT(*) AS n_rows
  FROM tpcds.store_sales
  WHERE
    ss_quantity <= 40 AND ss_quantity >= 21
), _s3 AS (
  SELECT
    AVG(CAST(ss_ext_discount_amt AS DECIMAL)) AS avg_ss_ext_discount_amt,
    AVG(CAST(ss_net_paid AS DECIMAL)) AS avg_ss_net_paid,
    COUNT(*) AS n_rows
  FROM tpcds.store_sales
  WHERE
    ss_quantity <= 60 AND ss_quantity >= 41
), _s5 AS (
  SELECT
    AVG(CAST(ss_ext_discount_amt AS DECIMAL)) AS avg_ss_ext_discount_amt,
    AVG(CAST(ss_net_paid AS DECIMAL)) AS avg_ss_net_paid,
    COUNT(*) AS n_rows
  FROM tpcds.store_sales
  WHERE
    ss_quantity <= 80 AND ss_quantity >= 61
), _s7 AS (
  SELECT
    AVG(CAST(ss_ext_discount_amt AS DECIMAL)) AS avg_ss_ext_discount_amt,
    AVG(CAST(ss_net_paid AS DECIMAL)) AS avg_ss_net_paid,
    COUNT(*) AS n_rows
  FROM tpcds.store_sales
  WHERE
    ss_quantity <= 100 AND ss_quantity >= 81
)
SELECT
  CASE
    WHEN _s0.n_rows > 74129
    THEN _s0.avg_ss_ext_discount_amt
    ELSE _s0.avg_ss_net_paid
  END AS bucket1,
  CASE
    WHEN _s1.n_rows > 122840
    THEN _s1.avg_ss_ext_discount_amt
    ELSE _s1.avg_ss_net_paid
  END AS bucket2,
  CASE
    WHEN _s3.n_rows > 56580
    THEN _s3.avg_ss_ext_discount_amt
    ELSE _s3.avg_ss_net_paid
  END AS bucket3,
  CASE
    WHEN _s5.n_rows > 10097
    THEN _s5.avg_ss_ext_discount_amt
    ELSE _s5.avg_ss_net_paid
  END AS bucket4,
  CASE
    WHEN _s7.n_rows > 165306
    THEN _s7.avg_ss_ext_discount_amt
    ELSE _s7.avg_ss_net_paid
  END AS bucket5
FROM _s0 AS _s0
CROSS JOIN _s1 AS _s1
CROSS JOIN _s3 AS _s3
CROSS JOIN _s5 AS _s5
CROSS JOIN _s7 AS _s7",134.7286816689998,67.22059919799995,"Seq Scan on reason  (cost=12964487.04..12964500.30 rows=1 width=160) (actual time=134534.460..134541.027 rows=1 loops=1)
  Filter: (r_reason_sk = 1)
  Rows Removed by Filter: 44
  InitPlan 1 (returns $1)
    ->  Finalize Aggregate  (cost=864217.10..864217.11 rows=1 width=8) (actual time=13112.340..13112.447 rows=1 loops=1)
          ->  Gather  (cost=864216.89..864217.10 rows=2 width=8) (actual time=13112.107..13112.430 rows=3 loops=1)
                Workers Planned: 2
                Workers Launched: 2
                ->  Partial Aggregate  (cost=863216.89..863216.90 rows=1 width=8) (actual time=13094.826..13094.827 rows=1 loops=3)
                      ->  Parallel Seq Scan on store_sales  (cost=0.00..857574.68 rows=2256885 width=0) (actual time=75.054..13005.569 rows=1832739 loops=3)
                            Filter: ((ss_quantity >= 1) AND (ss_quantity <= 20))
                            Rows Removed by Filter: 7767592
  InitPlan 2 (returns $3)
    ->  Finalize Aggregate  (cost=864217.11..864217.12 rows=1 width=32) (actual time=13406.226..13406.278 rows=1 loops=1)
          ->  Gather  (cost=864216.89..864217.10 rows=2 width=32) (actual time=13405.969..13406.255 rows=3 loops=1)
                Workers Planned: 2
                Workers Launched: 2
                ->  Partial Aggregate  (cost=863216.89..863216.90 rows=1 width=32) (actual time=13385.208..13385.209 rows=1 loops=3)
                      ->  Parallel Seq Scan on store_sales store_sales_1  (cost=0.00..857574.68 rows=2256885 width=3) (actual time=102.541..13147.768 rows=1832739 loops=3)
                            Filter: ((ss_quantity >= 1) AND (ss_quantity <= 20))
                            Rows Removed by Filter: 7767592
  InitPlan 3 (returns $5)
    ->  Finalize Aggregate  (cost=864217.11..864217.12 rows=1 width=32) (never executed)
          ->  Gather  (cost=864216.89..864217.10 rows=2 width=32) (never executed)
                Workers Planned: 2
                Workers Launched: 0
                ->  Partial Aggregate  (cost=863216.89..863216.90 rows=1 width=32) (never executed)
                      ->  Parallel Seq Scan on store_sales store_sales_2  (cost=0.00..857574.68 rows=2256885 width=6) (never executed)
                            Filter: ((ss_quantity >= 1) AND (ss_quantity <= 20))
  InitPlan 4 (returns $7)
    ->  Finalize Aggregate  (cost=864234.10..864234.11 rows=1 width=8) (actual time=13382.726..13382.796 rows=1 loops=1)
          ->  Gather  (cost=864233.89..864234.10 rows=2 width=8) (actual time=13382.506..13382.775 rows=3 loops=1)
                Workers Planned: 2
                Workers Launched: 2
                ->  Partial Aggregate  (cost=863233.89..863233.90 rows=1 width=8) (actual time=13362.604..13362.605 rows=1 loops=3)
                      ->  Parallel Seq Scan on store_sales store_sales_3  (cost=0.00..857574.68 rows=2263686 width=0) (actual time=71.786..13272.601 rows=1832725 loops=3)
                            Filter: ((ss_quantity >= 21) AND (ss_quantity <= 40))
                            Rows Removed by Filter: 7767605
  InitPlan 5 (returns $9)
    ->  Finalize Aggregate  (cost=864234.11..864234.12 rows=1 width=32) (actual time=13375.690..13375.735 rows=1 loops=1)
          ->  Gather  (cost=864233.89..864234.10 rows=2 width=32) (actual time=13375.441..13375.703 rows=3 loops=1)
                Workers Planned: 2
                Workers Launched: 2
                ->  Partial Aggregate  (cost=863233.89..863233.90 rows=1 width=32) (actual time=13354.952..13354.953 rows=1 loops=3)
                      ->  Parallel Seq Scan on store_sales store_sales_4  (cost=0.00..857574.68 rows=2263686 width=3) (actual time=118.526..13118.699 rows=1832725 loops=3)
                            Filter: ((ss_quantity >= 21) AND (ss_quantity <= 40))
                            Rows Removed by Filter: 7767605
  InitPlan 6 (returns $11)
    ->  Finalize Aggregate  (cost=864234.11..864234.12 rows=1 width=32) (never executed)
          ->  Gather  (cost=864233.89..864234.10 rows=2 width=32) (never executed)
                Workers Planned: 2
                Workers Launched: 0
                ->  Partial Aggregate  (cost=863233.89..863233.90 rows=1 width=32) (never executed)
                      ->  Parallel Seq Scan on store_sales store_sales_5  (cost=0.00..857574.68 rows=2263686 width=6) (never executed)
                            Filter: ((ss_quantity >= 21) AND (ss_quantity <= 40))
  InitPlan 7 (returns $13)
    ->  Finalize Aggregate  (cost=864305.12..864305.13 rows=1 width=8) (actual time=13394.978..13395.021 rows=1 loops=1)
          ->  Gather  (cost=864304.91..864305.11 rows=2 width=8) (actual time=13394.718..13394.988 rows=3 loops=1)
                Workers Planned: 2
                Workers Launched: 2
                ->  Partial Aggregate  (cost=863304.91..863304.92 rows=1 width=8) (actual time=13376.402..13376.403 rows=1 loops=3)
                      ->  Parallel Seq Scan on store_sales store_sales_6  (cost=0.00..857574.68 rows=2292092 width=0) (actual time=72.788..13289.347 rows=1834381 loops=3)
                            Filter: ((ss_quantity >= 41) AND (ss_quantity <= 60))
                            Rows Removed by Filter: 7765949
  InitPlan 8 (returns $15)
    ->  Finalize Aggregate  (cost=864305.13..864305.14 rows=1 width=32) (actual time=13380.691..13380.734 rows=1 loops=1)
          ->  Gather  (cost=864304.91..864305.12 rows=2 width=32) (actual time=13380.448..13380.701 rows=3 loops=1)
                Workers Planned: 2
                Workers Launched: 2
                ->  Partial Aggregate  (cost=863304.91..863304.92 rows=1 width=32) (actual time=13363.030..13363.031 rows=1 loops=3)
                      ->  Parallel Seq Scan on store_sales store_sales_7  (cost=0.00..857574.68 rows=2292092 width=3) (actual time=101.960..13119.026 rows=1834381 loops=3)
                            Filter: ((ss_quantity >= 41) AND (ss_quantity <= 60))
                            Rows Removed by Filter: 7765949
  InitPlan 9 (returns $17)
    ->  Finalize Aggregate  (cost=864305.13..864305.14 rows=1 width=32) (never executed)
          ->  Gather  (cost=864304.91..864305.12 rows=2 width=32) (never executed)
                Workers Planned: 2
                Workers Launched: 0
                ->  Partial Aggregate  (cost=863304.91..863304.92 rows=1 width=32) (never executed)
                      ->  Parallel Seq Scan on store_sales store_sales_8  (cost=0.00..857574.68 rows=2292092 width=6) (never executed)
                            Filter: ((ss_quantity >= 41) AND (ss_quantity <= 60))
  InitPlan 10 (returns $19)
    ->  Finalize Aggregate  (cost=864357.13..864357.14 rows=1 width=8) (actual time=13365.327..13365.371 rows=1 loops=1)
          ->  Gather  (cost=864356.92..864357.13 rows=2 width=8) (actual time=13365.087..13365.348 rows=3 loops=1)
                Workers Planned: 2
                Workers Launched: 2
                ->  Partial Aggregate  (cost=863356.92..863356.93 rows=1 width=8) (actual time=13346.702..13346.703 rows=1 loops=3)
                      ->  Parallel Seq Scan on store_sales store_sales_9  (cost=0.00..857574.68 rows=2312897 width=0) (actual time=75.970..13255.025 rows=1835252 loops=3)
                            Filter: ((ss_quantity >= 61) AND (ss_quantity <= 80))
                            Rows Removed by Filter: 7765079
  InitPlan 11 (returns $21)
    ->  Finalize Aggregate  (cost=864357.14..864357.15 rows=1 width=32) (actual time=13399.714..13399.765 rows=1 loops=1)
          ->  Gather  (cost=864356.92..864357.13 rows=2 width=32) (actual time=13399.470..13399.731 rows=3 loops=1)
                Workers Planned: 2
                Workers Launched: 2
                ->  Partial Aggregate  (cost=863356.92..863356.93 rows=1 width=32) (actual time=13380.779..13380.781 rows=1 loops=3)
                      ->  Parallel Seq Scan on store_sales store_sales_10  (cost=0.00..857574.68 rows=2312897 width=3) (actual time=102.641..13137.916 rows=1835252 loops=3)
                            Filter: ((ss_quantity >= 61) AND (ss_quantity <= 80))
                            Rows Removed by Filter: 7765079
  InitPlan 12 (returns $23)
    ->  Finalize Aggregate  (cost=864357.14..864357.15 rows=1 width=32) (never executed)
          ->  Gather  (cost=864356.92..864357.13 rows=2 width=32) (never executed)
                Workers Planned: 2
                Workers Launched: 0
                ->  Partial Aggregate  (cost=863356.92..863356.93 rows=1 width=32) (never executed)
                      ->  Parallel Seq Scan on store_sales store_sales_11  (cost=0.00..857574.68 rows=2312897 width=6) (never executed)
                            Filter: ((ss_quantity >= 61) AND (ss_quantity <= 80))
  InitPlan 13 (returns $25)
    ->  Finalize Aggregate  (cost=864382.14..864382.15 rows=1 width=8) (actual time=13350.027..13350.069 rows=1 loops=1)
          ->  Gather  (cost=864381.92..864382.13 rows=2 width=8) (actual time=13349.784..13350.053 rows=3 loops=1)
                Workers Planned: 2
                Workers Launched: 2
                ->  Partial Aggregate  (cost=863381.92..863381.93 rows=1 width=8) (actual time=13330.349..13330.350 rows=1 loops=3)
                      ->  Parallel Seq Scan on store_sales store_sales_12  (cost=0.00..857574.68 rows=2322899 width=0) (actual time=72.657..13240.562 rows=1833173 loops=3)
                            Filter: ((ss_quantity >= 81) AND (ss_quantity <= 100))
                            Rows Removed by Filter: 7767157
  InitPlan 14 (returns $27)
    ->  Finalize Aggregate  (cost=864382.15..864382.16 rows=1 width=32) (actual time=13388.903..13394.952 rows=1 loops=1)
          ->  Gather  (cost=864381.93..864382.14 rows=2 width=32) (actual time=13388.663..13394.916 rows=3 loops=1)
                Workers Planned: 2
                Workers Launched: 2
                ->  Partial Aggregate  (cost=863381.93..863381.94 rows=1 width=32) (actual time=13366.208..13366.209 rows=1 loops=3)
                      ->  Parallel Seq Scan on store_sales store_sales_13  (cost=0.00..857574.68 rows=2322899 width=3) (actual time=112.440..13126.697 rows=1833173 loops=3)
                            Filter: ((ss_quantity >= 81) AND (ss_quantity <= 100))
                            Rows Removed by Filter: 7767157
  InitPlan 15 (returns $29)
    ->  Finalize Aggregate  (cost=864382.15..864382.16 rows=1 width=32) (never executed)
          ->  Gather  (cost=864381.93..864382.14 rows=2 width=32) (never executed)
                Workers Planned: 2
                Workers Launched: 0
                ->  Partial Aggregate  (cost=863381.93..863381.94 rows=1 width=32) (never executed)
                      ->  Parallel Seq Scan on store_sales store_sales_14  (cost=0.00..857574.68 rows=2322899 width=6) (never executed)
                            Filter: ((ss_quantity >= 81) AND (ss_quantity <= 100))
Planning Time: 0.470 ms
JIT:
  Functions: 193
  Options: Inlining true, Optimization true, Expressions true, Deforming true
  Timing: Generation 19.980 ms, Inlining 1513.991 ms, Optimization 1222.622 ms, Emission 887.247 ms, Total 3643.840 ms
Execution Time: 134549.187 ms","Nested Loop  (cost=4378738.04..4378738.20 rows=1 width=160) (actual time=66725.873..66732.180 rows=1 loops=1)
  ->  Nested Loop  (cost=3502741.38..3502741.49 rows=1 width=288) (actual time=53380.784..53381.049 rows=1 loops=1)
        ->  Nested Loop  (cost=2626819.73..2626819.81 rows=1 width=216) (actual time=40014.204..40014.407 rows=1 loops=1)
              ->  Nested Loop  (cost=1751054.12..1751054.17 rows=1 width=144) (actual time=26669.619..26669.771 rows=1 loops=1)
                    ->  Finalize Aggregate  (cost=875501.56..875501.57 rows=1 width=72) (actual time=13276.524..13276.629 rows=1 loops=1)
                          ->  Gather  (cost=875501.32..875501.53 rows=2 width=72) (actual time=13276.276..13276.583 rows=3 loops=1)
                                Workers Planned: 2
                                Workers Launched: 2
                                ->  Partial Aggregate  (cost=874501.32..874501.33 rows=1 width=72) (actual time=13257.598..13257.599 rows=1 loops=3)
                                      ->  Parallel Seq Scan on store_sales  (cost=0.00..857574.68 rows=2256885 width=9) (actual time=342.715..12888.036 rows=1832739 loops=3)
                                            Filter: ((ss_quantity <= 20) AND (ss_quantity >= 1))
                                            Rows Removed by Filter: 7767592
                    ->  Finalize Aggregate  (cost=875552.57..875552.58 rows=1 width=72) (actual time=13393.087..13393.133 rows=1 loops=1)
                          ->  Gather  (cost=875552.33..875552.54 rows=2 width=72) (actual time=13392.836..13393.095 rows=3 loops=1)
                                Workers Planned: 2
                                Workers Launched: 2
                                ->  Partial Aggregate  (cost=874552.33..874552.34 rows=1 width=72) (actual time=13370.081..13370.083 rows=1 loops=3)
                                      ->  Parallel Seq Scan on store_sales store_sales_1  (cost=0.00..857574.68 rows=2263686 width=9) (actual time=124.421..12992.205 rows=1832725 loops=3)
                                            Filter: ((ss_quantity <= 40) AND (ss_quantity >= 21))
                                            Rows Removed by Filter: 7767605
              ->  Finalize Aggregate  (cost=875765.61..875765.62 rows=1 width=72) (actual time=13344.576..13344.626 rows=1 loops=1)
                    ->  Gather  (cost=875765.37..875765.58 rows=2 width=72) (actual time=13344.310..13344.589 rows=3 loops=1)
                          Workers Planned: 2
                          Workers Launched: 2
                          ->  Partial Aggregate  (cost=874765.37..874765.38 rows=1 width=72) (actual time=13324.918..13324.919 rows=1 loops=3)
                                ->  Parallel Seq Scan on store_sales store_sales_2  (cost=0.00..857574.68 rows=2292092 width=9) (actual time=117.806..12957.990 rows=1834381 loops=3)
                                      Filter: ((ss_quantity <= 60) AND (ss_quantity >= 41))
                                      Rows Removed by Filter: 7765949
        ->  Finalize Aggregate  (cost=875921.65..875921.66 rows=1 width=72) (actual time=13366.568..13366.629 rows=1 loops=1)
              ->  Gather  (cost=875921.41..875921.62 rows=2 width=72) (actual time=13366.316..13366.587 rows=3 loops=1)
                    Workers Planned: 2
                    Workers Launched: 2
                    ->  Partial Aggregate  (cost=874921.41..874921.42 rows=1 width=72) (actual time=13346.735..13346.736 rows=1 loops=3)
                          ->  Parallel Seq Scan on store_sales store_sales_3  (cost=0.00..857574.68 rows=2312897 width=9) (actual time=123.621..12966.748 rows=1835252 loops=3)
                                Filter: ((ss_quantity <= 80) AND (ss_quantity >= 61))
                                Rows Removed by Filter: 7765079
  ->  Finalize Aggregate  (cost=875996.66..875996.67 rows=1 width=72) (actual time=13345.076..13351.117 rows=1 loops=1)
        ->  Gather  (cost=875996.42..875996.63 rows=2 width=72) (actual time=13344.844..13351.080 rows=3 loops=1)
              Workers Planned: 2
              Workers Launched: 2
              ->  Partial Aggregate  (cost=874996.42..874996.43 rows=1 width=72) (actual time=13322.884..13322.885 rows=1 loops=3)
                    ->  Parallel Seq Scan on store_sales store_sales_4  (cost=0.00..857574.68 rows=2322899 width=9) (actual time=124.919..12939.380 rows=1833173 loops=3)
                          Filter: ((ss_quantity <= 100) AND (ss_quantity >= 81))
                          Rows Removed by Filter: 7767157
Planning Time: 0.375 ms
JIT:
  Functions: 89
  Options: Inlining true, Optimization true, Expressions true, Deforming true
  Timing: Generation 13.469 ms, Inlining 834.643 ms, Optimization 1030.924 ms, Emission 622.522 ms, Total 2501.558 ms
Execution Time: 66737.712 ms",SUCCESS
29,30,TPCDS,Q10,"SELECT
    cd.cd_gender,
    cd.cd_marital_status,
    cd.cd_education_status,
    COUNT(*) AS cnt1,
    cd.cd_purchase_estimate,
    COUNT(*) AS cnt2,
    cd.cd_credit_rating,
    COUNT(*) AS cnt3,
    cd.cd_dep_count,
    COUNT(*) AS cnt4,
    cd.cd_dep_employed_count,
    COUNT(*) AS cnt5,
    cd.cd_dep_college_count,
    COUNT(*) AS cnt6
FROM tpcds.customer c
JOIN tpcds.customer_address ca
    ON c.c_current_addr_sk = ca.ca_address_sk
JOIN tpcds.customer_demographics cd
    ON cd.cd_demo_sk = c.c_current_cdemo_sk
WHERE
    ca.ca_county IN (
        'Rush County',
        'Toole County',
        'Jefferson County',
        'Dona Ana County',
        'La Porte County'
    )
    AND EXISTS (
        SELECT 1
        FROM tpcds.store_sales ss
        JOIN tpcds.date_dim d
            ON ss.ss_sold_date_sk = d.d_date_sk
        WHERE
            ss.ss_customer_sk = c.c_customer_sk
            AND d.d_year = 2002
            AND d.d_moy BETWEEN 1 AND 3
    )
    AND (
        EXISTS (
            SELECT 1
            FROM tpcds.web_sales ws
            JOIN tpcds.date_dim d
                ON ws.ws_sold_date_sk = d.d_date_sk
            WHERE
                ws.ws_bill_customer_sk = c.c_customer_sk
                AND d.d_year = 2002
                AND d.d_moy BETWEEN 1 AND 3
        )
        OR EXISTS (
            SELECT 1
            FROM tpcds.catalog_sales cs
            JOIN tpcds.date_dim d
                ON cs.cs_sold_date_sk = d.d_date_sk
            WHERE
                cs.cs_ship_customer_sk = c.c_customer_sk
                AND d.d_year = 2002
                AND d.d_moy BETWEEN 1 AND 3
        )
    )
GROUP BY
    cd.cd_gender,
    cd.cd_marital_status,
    cd.cd_education_status,
    cd.cd_purchase_estimate,
    cd.cd_credit_rating,
    cd.cd_dep_count,
    cd.cd_dep_employed_count,
    cd.cd_dep_college_count
ORDER BY
    cd.cd_gender,
    cd.cd_marital_status,
    cd.cd_education_status,
    cd.cd_purchase_estimate,
    cd.cd_credit_rating,
    cd.cd_dep_count,
    cd.cd_dep_employed_count,
    cd.cd_dep_college_count
LIMIT 10;","selected_store_sales = store_sales_as_bill_customer.WHERE(
    (sold_date.year == 2002) 
    & (MONOTONIC(1, sold_date.month_of_year, 3))
)

selected_web_sales = web_sales_as_bill_customer.WHERE(
    (sold_date.year == 2002) 
    & (MONOTONIC(1, sold_date.month_of_year, 3))
)

selected_cat_sales = catalog_sales_as_ship_customer.WHERE(
    (sold_date.year == 2002) 
    & (MONOTONIC(1, sold_date.month_of_year, 3))
)

customers_in_counties = customers.WHERE(
    HAS(current_address) &
    ISIN(current_address.county, ('Rush County', 'Toole County', 'Jefferson County',
        'Dona Ana County', 'La Porte County'))
    & (HAS(selected_store_sales) & (HAS(selected_web_sales) | HAS(selected_cat_sales)))
    & HAS(current_demographics) 
)

result = customers_in_counties.CALCULATE(
    gender=current_demographics.gender,
    marital_status=current_demographics.marital_status,
    education_status=current_demographics.education_status,
    purchase_estimate=current_demographics.purchase_estimate,
    credit_rating=current_demographics.credit_rating,
    dep_count=current_demographics.dependent_count,
    dep_employed_count=current_demographics.employed_dependent_count,
    dep_college_count=current_demographics.college_dependent_count
).PARTITION(
    name='demographics', by=(
        gender, 
        marital_status, 
        education_status, 
        purchase_estimate, 
        credit_rating, 
        dep_count, 
        dep_employed_count, 
        dep_college_count
    )
).CALCULATE(
    cd_gender=gender, 
    cd_marital_status=marital_status, 
    cd_education_status=education_status,
    cnt1=COUNT(customers), 
    cd_purchase_estimate=purchase_estimate, 
    cnt2=COUNT(customers),
    cd_credit_rating=credit_rating, 
    cnt3=COUNT(customers),
    cd_dep_count=dep_count, 
    cnt4=COUNT(customers),
    cd_dep_employed_count=dep_employed_count, 
    cnt5=COUNT(customers),
    cd_dep_college_count=dep_college_count,
    cnt6=COUNT(customers)
).TOP_K(10, by=(
        cd_gender, 
        cd_marital_status, 
        cd_education_status, 
        cd_purchase_estimate, 
        cd_credit_rating, 
        cd_dep_count, 
        cd_dep_employed_count, 
        cd_dep_college_count
    )
)","WITH _t5 AS (
  SELECT
    d_date_sk,
    d_moy,
    d_year
  FROM tpcds.date_dim
  WHERE
    d_moy <= 3 AND d_moy >= 1 AND d_year = 2002
), _u_0 AS (
  SELECT
    store_sales.ss_customer_sk AS _u_1
  FROM tpcds.store_sales AS store_sales
  JOIN _t5 AS _t5
    ON _t5.d_date_sk = store_sales.ss_sold_date_sk
  GROUP BY
    1
), _s9 AS (
  SELECT
    web_sales.ws_bill_customer_sk
  FROM tpcds.web_sales AS web_sales
  JOIN _t5 AS _t6
    ON _t6.d_date_sk = web_sales.ws_sold_date_sk
), _s12 AS (
  SELECT
    customer.c_customer_sk AS ws_bill_customer_sk,
    MAX(customer.c_current_cdemo_sk) AS anything_c_current_cdemo_sk,
    COUNT(_s9.ws_bill_customer_sk) AS count_ws_bill_customer_sk
  FROM tpcds.customer AS customer
  JOIN tpcds.customer_address AS customer_address
    ON customer.c_current_addr_sk = customer_address.ca_address_sk
    AND customer_address.ca_county IN ('Rush County', 'Toole County', 'Jefferson County', 'Dona Ana County', 'La Porte County')
  LEFT JOIN _u_0 AS _u_0
    ON _u_0._u_1 = customer.c_customer_sk
  LEFT JOIN _s9 AS _s9
    ON _s9.ws_bill_customer_sk = customer.c_customer_sk
  WHERE
    NOT _u_0._u_1 IS NULL
  GROUP BY
    1
), _s13 AS (
  SELECT
    catalog_sales.cs_ship_customer_sk
  FROM tpcds.catalog_sales AS catalog_sales
  JOIN _t5 AS _t7
    ON _t7.d_date_sk = catalog_sales.cs_sold_date_sk
), _t1 AS (
  SELECT
    MAX(_s12.anything_c_current_cdemo_sk) AS anything_anything_c_current_cdemo_sk,
    COUNT(_s13.cs_ship_customer_sk) AS count_cs_ship_customer_sk,
    MAX(NULLIF(_s12.count_ws_bill_customer_sk, 0)) AS n_rows
  FROM _s12 AS _s12
  LEFT JOIN _s13 AS _s13
    ON _s12.ws_bill_customer_sk = _s13.cs_ship_customer_sk
  GROUP BY
    _s12.ws_bill_customer_sk
)
SELECT
  customer_demographics.cd_gender,
  customer_demographics.cd_marital_status,
  customer_demographics.cd_education_status,
  COUNT(*) AS cnt1,
  customer_demographics.cd_purchase_estimate,
  COUNT(*) AS cnt2,
  customer_demographics.cd_credit_rating,
  COUNT(*) AS cnt3,
  customer_demographics.cd_dep_count,
  COUNT(*) AS cnt4,
  customer_demographics.cd_dep_employed_count,
  COUNT(*) AS cnt5,
  customer_demographics.cd_dep_college_count,
  COUNT(*) AS cnt6
FROM _t1 AS _t1
JOIN tpcds.customer_demographics AS customer_demographics
  ON _t1.anything_anything_c_current_cdemo_sk = customer_demographics.cd_demo_sk
WHERE
  (
    NOT NULLIF(_t1.count_cs_ship_customer_sk, 0) IS NULL
    AND NULLIF(_t1.count_cs_ship_customer_sk, 0) > 0
  )
  OR (
    NOT _t1.n_rows IS NULL AND _t1.n_rows > 0
  )
GROUP BY
  1,
  11,
  13,
  2,
  3,
  5,
  7,
  9
ORDER BY
  1 NULLS FIRST,
  2 NULLS FIRST,
  3 NULLS FIRST,
  5 NULLS FIRST,
  7 NULLS FIRST,
  9 NULLS FIRST,
  11 NULLS FIRST,
  13 NULLS FIRST
LIMIT 10",58.0471294429999,30.068016256000192,"Limit  (cost=174519.60..25885646025.36 rows=10 width=98) (actual time=82484.035..83801.664 rows=10 loops=1)
  ->  GroupAggregate  (cost=174519.60..522886698935.95 rows=202 width=98) (actual time=82115.846..83433.464 rows=10 loops=1)
        Group Key: cd.cd_gender, cd.cd_marital_status, cd.cd_education_status, cd.cd_purchase_estimate, cd.cd_credit_rating, cd.cd_dep_count, cd.cd_dep_employed_count, cd.cd_dep_college_count
        ->  Nested Loop  (cost=174519.60..522886698929.39 rows=202 width=50) (actual time=82017.167..83433.364 rows=11 loops=1)
              Join Filter: (c.c_current_cdemo_sk = cd.cd_demo_sk)
              Rows Removed by Join Filter: 26862452
              ->  Gather Merge  (cost=170734.97..394443.78 rows=1920800 width=58) (actual time=3783.410..3948.202 rows=373090 loops=1)
                    Workers Planned: 2
                    Workers Launched: 2
                    ->  Sort  (cost=169734.95..171735.78 rows=800333 width=58) (actual time=3147.012..3256.107 rows=124776 loops=3)
                          Sort Key: cd.cd_gender, cd.cd_marital_status, cd.cd_education_status, cd.cd_purchase_estimate, cd.cd_credit_rating, cd.cd_dep_count, cd.cd_dep_employed_count, cd.cd_dep_college_count
                          Sort Method: external merge  Disk: 40192kB
                          Worker 0:  Sort Method: external merge  Disk: 36464kB
                          Worker 1:  Sort Method: external merge  Disk: 72256kB
                          ->  Parallel Seq Scan on customer_demographics cd  (cost=0.00..31075.33 rows=800333 width=58) (actual time=85.254..193.297 rows=640267 loops=3)
              ->  Materialize  (cost=3784.62..522880282778.13 rows=209 width=8) (actual time=0.087..0.211 rows=72 loops=373090)
                    ->  Nested Loop Semi Join  (cost=3784.62..522880282777.08 rows=209 width=8) (actual time=32477.137..77832.612 rows=72 loops=1)
                          Join Filter: (c.c_customer_sk = ss.ss_customer_sk)
                          Rows Removed by Join Filter: 435664401
                          ->  Nested Loop  (cost=0.00..522877789896.00 rows=3273 width=16) (actual time=15081.329..26810.720 rows=562 loops=1)
                                Join Filter: (c.c_current_addr_sk = ca.ca_address_sk)
                                Rows Removed by Join Filter: 136864499
                                ->  Seq Scan on customer_address ca  (cost=0.00..8550.50 rows=2182 width=8) (actual time=0.449..87.327 rows=2319 loops=1)
                                      Filter: ((ca_county)::text = ANY ('{""Rush County"",""Toole County"",""Jefferson County"",""Dona Ana County"",""La Porte County""}'::text[]))
                                      Rows Removed by Filter: 247681
                                ->  Materialize  (cost=0.00..522860714695.00 rows=375000 width=24) (actual time=6.397..9.737 rows=59019 loops=2319)
                                      ->  Seq Scan on customer c  (cost=0.00..522860710622.00 rows=375000 width=24) (actual time=14831.740..15041.358 rows=59019 loops=1)
                                            Filter: ((hashed SubPlan 2) OR (hashed SubPlan 4))
                                            Rows Removed by Filter: 440981
                                            SubPlan 2
                                              ->  Gather  (cost=3784.62..302949.68 rows=8767 width=8) (actual time=19.995..4703.656 rows=211863 loops=1)
                                                    Workers Planned: 2
                                                    Workers Launched: 2
                                                    ->  Parallel Hash Join  (cost=2784.62..301072.98 rows=3653 width=8) (actual time=112.892..4692.573 rows=70621 loops=3)
                                                          Hash Cond: (ws.ws_sold_date_sk = d_1.d_date_sk)
                                                          ->  Parallel Seq Scan on web_sales ws  (cost=0.00..287021.10 rows=2998910 width=16) (actual time=0.348..4396.264 rows=2399189 loops=3)
                                                          ->  Parallel Hash  (cost=2783.97..2783.97 rows=52 width=8) (actual time=6.060..6.061 rows=30 loops=3)
                                                                Buckets: 1024  Batches: 1  Memory Usage: 40kB
                                                                ->  Parallel Seq Scan on date_dim d_1  (cost=0.00..2783.97 rows=52 width=8) (actual time=15.246..18.073 rows=90 loops=1)
                                                                      Filter: ((d_moy >= 1) AND (d_moy <= 3) AND (d_year = 2002))
                                                                      Rows Removed by Filter: 72959
                                            SubPlan 4
                                              ->  Gather  (cost=3784.62..599829.43 rows=17458 width=8) (actual time=9784.168..10040.167 rows=404796 loops=1)
                                                    Workers Planned: 2
                                                    Workers Launched: 2
                                                    ->  Parallel Hash Join  (cost=2784.62..597083.63 rows=7274 width=8) (actual time=9762.600..10024.665 rows=134932 loops=3)
                                                          Hash Cond: (cs.cs_sold_date_sk = d_2.d_date_sk)
                                                          ->  Parallel Seq Scan on catalog_sales cs  (cost=0.00..571755.28 rows=6000328 width=16) (actual time=0.127..9554.899 rows=4800420 loops=3)
                                                          ->  Parallel Hash  (cost=2783.97..2783.97 rows=52 width=8) (actual time=6.203..6.204 rows=30 loops=3)
                                                                Buckets: 1024  Batches: 1  Memory Usage: 40kB
                                                                ->  Parallel Seq Scan on date_dim d_2  (cost=0.00..2783.97 rows=52 width=8) (actual time=15.870..18.504 rows=90 loops=1)
                                                                      Filter: ((d_moy >= 1) AND (d_moy <= 3) AND (d_year = 2002))
                                                                      Rows Removed by Filter: 72959
                          ->  Materialize  (cost=3784.62..849951.48 rows=33466 width=8) (actual time=0.018..67.535 rows=775204 loops=562)
                                ->  Gather  (cost=3784.62..849784.15 rows=33466 width=8) (actual time=7.563..13387.562 rows=830670 loops=1)
                                      Workers Planned: 2
                                      Workers Launched: 2
                                      ->  Parallel Hash Join  (cost=2784.62..845437.55 rows=13944 width=8) (actual time=94.735..13456.451 rows=276890 loops=3)
                                            Hash Cond: (ss.ss_sold_date_sk = d.d_date_sk)
                                            ->  Parallel Seq Scan on store_sales ss  (cost=0.00..797561.78 rows=12002578 width=16) (actual time=0.365..12591.787 rows=9600330 loops=3)
                                            ->  Parallel Hash  (cost=2783.97..2783.97 rows=52 width=8) (actual time=1.934..1.936 rows=30 loops=3)
                                                  Buckets: 1024  Batches: 1  Memory Usage: 40kB
                                                  ->  Parallel Seq Scan on date_dim d  (cost=0.00..2783.97 rows=52 width=8) (actual time=3.122..5.728 rows=90 loops=1)
                                                        Filter: ((d_moy >= 1) AND (d_moy <= 3) AND (d_year = 2002))
                                                        Rows Removed by Filter: 72959
Planning Time: 0.629 ms
JIT:
  Functions: 153
  Options: Inlining true, Optimization true, Expressions true, Deforming true
  Timing: Generation 10.722 ms, Inlining 646.071 ms, Optimization 531.992 ms, Emission 361.905 ms, Total 1550.691 ms
Execution Time: 83809.440 ms","Limit  (cost=2241990.14..2241990.49 rows=10 width=98) (actual time=29545.668..29545.922 rows=10 loops=1)
  CTE _t5
    ->  Seq Scan on date_dim  (cost=0.00..3310.36 rows=89 width=24) (actual time=3.513..6.800 rows=90 loops=1)
          Filter: ((d_moy <= 3) AND (d_moy >= 1) AND (d_year = 2002))
          Rows Removed by Filter: 72959
  ->  GroupAggregate  (cost=2238679.78..2238683.66 rows=111 width=98) (actual time=29052.185..29052.437 rows=10 loops=1)
        Group Key: customer_demographics.cd_gender, customer_demographics.cd_marital_status, customer_demographics.cd_education_status, customer_demographics.cd_purchase_estimate, customer_demographics.cd_credit_rating, customer_demographics.cd_dep_count, customer_demographics.cd_dep_employed_count, customer_demographics.cd_dep_college_count
        ->  Sort  (cost=2238679.78..2238680.06 rows=111 width=50) (actual time=29052.134..29052.381 rows=11 loops=1)
              Sort Key: customer_demographics.cd_gender NULLS FIRST, customer_demographics.cd_marital_status NULLS FIRST, customer_demographics.cd_education_status NULLS FIRST, customer_demographics.cd_purchase_estimate NULLS FIRST, customer_demographics.cd_credit_rating NULLS FIRST, customer_demographics.cd_dep_count NULLS FIRST, customer_demographics.cd_dep_employed_count NULLS FIRST, customer_demographics.cd_dep_college_count NULLS FIRST
              Sort Method: quicksort  Memory: 30kB
              ->  Hash Join  (cost=2189191.90..2238676.01 rows=111 width=50) (actual time=28607.161..29052.163 rows=71 loops=1)
                    Hash Cond: (customer_demographics.cd_demo_sk = _t1.anything_anything_c_current_cdemo_sk)
                    ->  Seq Scan on customer_demographics  (cost=0.00..42280.00 rows=1920800 width=58) (actual time=0.752..351.217 rows=1920800 loops=1)
                    ->  Hash  (cost=2189190.51..2189190.51 rows=111 width=8) (actual time=28605.524..28605.769 rows=71 loops=1)
                          Buckets: 1024  Batches: 1  Memory Usage: 11kB
                          ->  Subquery Scan on _t1  (cost=2189082.69..2189190.51 rows=111 width=8) (actual time=28605.303..28605.751 rows=72 loops=1)
                                ->  GroupAggregate  (cost=2189082.69..2189189.40 rows=111 width=32) (actual time=28605.298..28605.741 rows=72 loops=1)
                                      Group Key: _s12.ws_bill_customer_sk
                                      Filter: (((NULLIF(count(catalog_sales.cs_ship_customer_sk), 0) IS NOT NULL) AND (NULLIF(count(catalog_sales.cs_ship_customer_sk), 0) > 0)) OR ((max(NULLIF(_s12.count_ws_bill_customer_sk, 0)) IS NOT NULL) AND (max(NULLIF(_s12.count_ws_bill_customer_sk, 0)) > 0)))
                                      Rows Removed by Filter: 500
                                      ->  Sort  (cost=2189082.69..2189099.81 rows=6847 width=32) (actual time=28605.242..28605.532 rows=1009 loops=1)
                                            Sort Key: _s12.ws_bill_customer_sk
                                            Sort Method: quicksort  Memory: 75kB
                                            ->  Hash Right Join  (cost=1470109.64..2188646.50 rows=6847 width=32) (actual time=28313.643..28605.253 rows=1009 loops=1)
                                                  Hash Cond: (catalog_sales.cs_ship_customer_sk = _s12.ws_bill_customer_sk)
                                                  ->  Hash Join  (cost=2.89..716715.37 rows=694966 width=8) (actual time=9771.180..10044.763 rows=404796 loops=1)
                                                        Hash Cond: (catalog_sales.cs_sold_date_sk = _t7.d_date_sk)
                                                        ->  Seq Scan on catalog_sales  (cost=0.00..655759.87 rows=14400787 width=16) (actual time=0.007..9289.513 rows=14401261 loops=1)
                                                        ->  Hash  (cost=1.78..1.78 rows=89 width=8) (actual time=0.021..0.023 rows=90 loops=1)
                                                              Buckets: 1024  Batches: 1  Memory Usage: 12kB
                                                              ->  CTE Scan on _t5 _t7  (cost=0.00..1.78 rows=89 width=8) (actual time=0.004..0.011 rows=90 loops=1)
                                                  ->  Hash  (cost=1470095.76..1470095.76 rows=879 width=24) (actual time=18538.965..18539.205 rows=572 loops=1)
                                                        Buckets: 1024  Batches: 1  Memory Usage: 40kB
                                                        ->  Subquery Scan on _s12  (cost=1470069.39..1470095.76 rows=879 width=24) (actual time=18538.679..18539.130 rows=572 loops=1)
                                                              ->  GroupAggregate  (cost=1470069.39..1470086.97 rows=879 width=24) (actual time=18538.676..18539.097 rows=572 loops=1)
                                                                    Group Key: customer.c_customer_sk
                                                                    ->  Sort  (cost=1470069.39..1470071.59 rows=879 width=24) (actual time=18538.629..18538.902 rows=829 loops=1)
                                                                          Sort Key: customer.c_customer_sk
                                                                          Sort Method: quicksort  Memory: 59kB
                                                                          ->  Hash Right Join  (cost=1109193.68..1470026.41 rows=879 width=24) (actual time=13710.763..18538.643 rows=829 loops=1)
                                                                                Hash Cond: (web_sales.ws_bill_customer_sk = customer.c_customer_sk)
                                                                                ->  Hash Join  (cost=2.89..359512.03 rows=351311 width=8) (actual time=0.511..4948.060 rows=211863 loops=1)
                                                                                      Hash Cond: (web_sales.ws_sold_date_sk = _t6.d_date_sk)
                                                                                      ->  Seq Scan on web_sales  (cost=0.00..329005.84 rows=7197384 width=16) (actual time=0.228..4556.945 rows=7197566 loops=1)
                                                                                      ->  Hash  (cost=1.78..1.78 rows=89 width=8) (actual time=0.046..0.047 rows=90 loops=1)
                                                                                            Buckets: 1024  Batches: 1  Memory Usage: 12kB
                                                                                            ->  CTE Scan on _t5 _t6  (cost=0.00..1.78 rows=89 width=8) (actual time=0.028..0.036 rows=90 loops=1)
                                                                                ->  Hash  (cost=1109179.80..1109179.80 rows=879 width=16) (actual time=13574.647..13574.881 rows=572 loops=1)
                                                                                      Buckets: 1024  Batches: 1  Memory Usage: 35kB
                                                                                      ->  Hash Join  (cost=1093987.80..1109179.80 rows=879 width=16) (actual time=13543.184..13574.757 rows=572 loops=1)
                                                                                            Hash Cond: (customer.c_customer_sk = store_sales.ss_customer_sk)
                                                                                            ->  Gather  (cost=7192.07..22372.62 rows=4364 width=16) (actual time=242.092..272.389 rows=4651 loops=1)
                                                                                                  Workers Planned: 2
                                                                                                  Workers Launched: 2
                                                                                                  ->  Parallel Hash Join  (cost=6192.07..20936.22 rows=1818 width=16) (actual time=224.454..345.797 rows=1550 loops=3)
                                                                                                        Hash Cond: (customer.c_current_addr_sk = customer_address.ca_address_sk)
                                                                                                        ->  Parallel Seq Scan on customer  (cost=0.00..13955.33 rows=208333 width=24) (actual time=0.390..103.979 rows=166667 loops=3)
                                                                                                        ->  Parallel Hash  (cost=6180.71..6180.71 rows=909 width=8) (actual time=223.403..223.404 rows=773 loops=3)
                                                                                                              Buckets: 4096  Batches: 1  Memory Usage: 160kB
                                                                                                              ->  Parallel Seq Scan on customer_address  (cost=0.00..6180.71 rows=909 width=8) (actual time=132.565..157.036 rows=773 loops=3)
                                                                                                                    Filter: ((ca_county)::text = ANY ('{""Rush County"",""Toole County"",""Jefferson County"",""Dona Ana County"",""La Porte County""}'::text[]))
                                                                                                                    Rows Removed by Filter: 82560
                                                                                            ->  Hash  (cost=1085536.84..1085536.84 rows=100711 width=8) (actual time=13300.891..13300.895 rows=67514 loops=1)
                                                                                                  Buckets: 131072  Batches: 1  Memory Usage: 3662kB
                                                                                                  ->  HashAggregate  (cost=1084529.73..1085536.84 rows=100711 width=8) (actual time=13276.843..13289.325 rows=67514 loops=1)
                                                                                                        Group Key: store_sales.ss_customer_sk
                                                                                                        Batches: 1  Memory Usage: 5905kB
                                                                                                        ->  Hash Join  (cost=2.89..1081334.60 rows=1278051 width=8) (actual time=7.843..13177.436 rows=811066 loops=1)
                                                                                                              Hash Cond: (store_sales.ss_sold_date_sk = _t5.d_date_sk)
                                                                                                              ->  Seq Scan on store_sales  (cost=0.00..965597.88 rows=27454218 width=16) (actual time=0.195..11812.990 rows=27504024 loops=1)
                                                                                                                    Filter: (ss_customer_sk IS NOT NULL)
                                                                                                                    Rows Removed by Filter: 1296967
                                                                                                              ->  Hash  (cost=1.78..1.78 rows=89 width=8) (actual time=6.890..6.891 rows=90 loops=1)
                                                                                                                    Buckets: 1024  Batches: 1  Memory Usage: 12kB
                                                                                                                    ->  CTE Scan on _t5  (cost=0.00..1.78 rows=89 width=8) (actual time=3.520..6.839 rows=90 loops=1)
Planning Time: 0.715 ms
JIT:
  Functions: 127
  Options: Inlining true, Optimization true, Expressions true, Deforming true
  Timing: Generation 7.124 ms, Inlining 141.013 ms, Optimization 431.468 ms, Emission 317.840 ms, Total 897.445 ms
Execution Time: 29551.502 ms",SUCCESS
30,31,TPCDS,Q11,"WITH year_total AS (
    SELECT
        c.c_customer_id           AS customer_id,
        c.c_first_name            AS customer_first_name,
        c.c_last_name             AS customer_last_name,
        c.c_preferred_cust_flag   AS customer_preferred_cust_flag,
        c.c_birth_country         AS customer_birth_country,
        c.c_login                 AS customer_login,
        c.c_email_address         AS customer_email_address,
        d.d_year                  AS dyear,
        SUM(ss.ss_ext_list_price - ss.ss_ext_discount_amt) AS year_total,
        's'                       AS sale_type
    FROM tpcds.customer c
    JOIN tpcds.store_sales ss
        ON c.c_customer_sk = ss.ss_customer_sk
    JOIN tpcds.date_dim d
        ON ss.ss_sold_date_sk = d.d_date_sk
    GROUP BY
        c.c_customer_id,
        c.c_first_name,
        c.c_last_name,
        c.c_preferred_cust_flag,
        c.c_birth_country,
        c.c_login,
        c.c_email_address,
        d.d_year
    UNION ALL
    SELECT
        c.c_customer_id           AS customer_id,
        c.c_first_name            AS customer_first_name,
        c.c_last_name             AS customer_last_name,
        c.c_preferred_cust_flag   AS customer_preferred_cust_flag,
        c.c_birth_country         AS customer_birth_country,
        c.c_login                 AS customer_login,
        c.c_email_address         AS customer_email_address,
        d.d_year                  AS dyear,
        SUM(ws.ws_ext_list_price - ws.ws_ext_discount_amt) AS year_total,
        'w'                       AS sale_type
    FROM tpcds.customer c
    JOIN tpcds.web_sales ws
        ON c.c_customer_sk = ws.ws_bill_customer_sk
    JOIN tpcds.date_dim d
        ON ws.ws_sold_date_sk = d.d_date_sk
    GROUP BY
        c.c_customer_id,
        c.c_first_name,
        c.c_last_name,
        c.c_preferred_cust_flag,
        c.c_birth_country,
        c.c_login,
        c.c_email_address,
        d.d_year
)
SELECT
    t_s_secyear.customer_id,
    t_s_secyear.customer_first_name,
    t_s_secyear.customer_last_name,
    t_s_secyear.customer_login,
	t_w_firstyear.year_total AS wb_1st_y_total,
	t_w_secyear.year_total AS wb_2nd_y_total,
	t_s_firstyear.year_total AS ss_1st_y_total,
	t_s_secyear.year_total AS ss_2nd_y_total
FROM year_total t_s_firstyear
JOIN year_total t_s_secyear
    ON t_s_secyear.customer_id = t_s_firstyear.customer_id
JOIN year_total t_w_firstyear
    ON t_w_firstyear.customer_id = t_s_firstyear.customer_id
JOIN year_total t_w_secyear
    ON t_w_secyear.customer_id = t_s_firstyear.customer_id
WHERE
    t_s_firstyear.sale_type = 's'
    AND t_s_secyear.sale_type = 's'
    AND t_w_firstyear.sale_type = 'w'
    AND t_w_secyear.sale_type = 'w'
    AND t_s_firstyear.dyear = 2000
    AND t_s_secyear.dyear = 2001
    AND t_w_firstyear.dyear = 2000
    AND t_w_secyear.dyear = 2001
    AND t_s_firstyear.year_total > 0
    AND t_w_firstyear.year_total > 0
    AND (
        CASE
            WHEN t_w_firstyear.year_total > 0
            THEN t_w_secyear.year_total / t_w_firstyear.year_total
            ELSE 0.0
        END
    ) >
    (
        CASE
            WHEN t_s_firstyear.year_total > 0
            THEN t_s_secyear.year_total / t_s_firstyear.year_total
            ELSE 0.0
        END
    )
ORDER BY
    t_s_secyear.customer_id,
    t_s_secyear.customer_first_name,
    t_s_secyear.customer_last_name,
    t_s_secyear.customer_login
LIMIT 100;","customer_store_2000_sales = store_sales_as_bill_customer.WHERE(
    sold_date.year==2000
).CALCULATE(
    total_sale=(ext_list_price - ext_discount_amount)
)
customer_store_2001_sales = store_sales_as_bill_customer.WHERE(
    sold_date.year==2001
).CALCULATE(
    total_sale=(ext_list_price - ext_discount_amount)
)
customer_web_2000_sales = web_sales_as_bill_customer.WHERE(
    sold_date.year==2000
).CALCULATE(
    total_sale=(ext_list_price - ext_discount_amount)
)
customer_web_2001_sales = web_sales_as_bill_customer.WHERE(
    sold_date.year==2001
).CALCULATE(
    total_sale=(ext_list_price - ext_discount_amount)
)

result = customers.WHERE(
    HAS(customer_store_2000_sales) 
    & HAS(customer_store_2001_sales)
    & HAS(customer_web_2000_sales)
    & HAS(customer_web_2001_sales)
).CALCULATE(
    customer_id=_id,
    customer_first_name=first_name,
    customer_last_name=last_name,
    customer_login=login,
    wb_1st_y_total=SUM(customer_web_2000_sales.total_sale),
    wb_2nd_y_total=SUM(customer_web_2001_sales.total_sale),
    ss_1st_y_total=SUM(customer_store_2000_sales.total_sale),
    ss_2nd_y_total=SUM(customer_store_2001_sales.total_sale)
).WHERE(
    (IFF(wb_1st_y_total > 0, wb_2nd_y_total/wb_1st_y_total, 0) > 
    IFF(ss_1st_y_total > 0, ss_2nd_y_total/ss_1st_y_total, 0))
).TOP_K(100, by=(_id.ASC(), first_name, last_name, login))","WITH _s0 AS (
  SELECT
    ss_customer_sk,
    ss_ext_discount_amt,
    ss_ext_list_price,
    ss_sold_date_sk
  FROM tpcds.store_sales
), _t4 AS (
  SELECT
    d_date_sk,
    d_year
  FROM tpcds.date_dim
  WHERE
    d_year = 2000
), _s6 AS (
  SELECT
    _s0.ss_customer_sk AS c_customer_sk,
    MAX(customer.c_customer_id) AS anything_c_customer_id,
    MAX(customer.c_first_name) AS anything_c_first_name,
    MAX(customer.c_last_name) AS anything_c_last_name,
    MAX(customer.c_login) AS anything_c_login,
    SUM(_s0.ss_ext_list_price - _s0.ss_ext_discount_amt) AS sum_total_sale
  FROM tpcds.customer AS customer
  JOIN _s0 AS _s0
    ON _s0.ss_customer_sk = customer.c_customer_sk
  JOIN _t4 AS _t4
    ON _s0.ss_sold_date_sk = _t4.d_date_sk
  GROUP BY
    1
), _t5 AS (
  SELECT
    d_date_sk,
    d_year
  FROM tpcds.date_dim
  WHERE
    d_year = 2001
), _s10 AS (
  SELECT
    _s4.ss_customer_sk AS c_customer_sk,
    SUM(_s4.ss_ext_list_price - _s4.ss_ext_discount_amt) AS agg_1,
    MAX(_s6.anything_c_customer_id) AS anything_anything_c_customer_id,
    MAX(_s6.anything_c_first_name) AS anything_anything_c_first_name,
    MAX(_s6.anything_c_last_name) AS anything_anything_c_last_name,
    MAX(_s6.anything_c_login) AS anything_anything_c_login,
    MAX(_s6.sum_total_sale) AS anything_sum_total_sale
  FROM _s6 AS _s6
  JOIN _s0 AS _s4
    ON _s4.ss_customer_sk = _s6.c_customer_sk
  JOIN _t5 AS _t5
    ON _s4.ss_sold_date_sk = _t5.d_date_sk
  GROUP BY
    1
), _s8 AS (
  SELECT
    ws_bill_customer_sk,
    ws_ext_discount_amt,
    ws_ext_list_price,
    ws_sold_date_sk
  FROM tpcds.web_sales
), _s14 AS (
  SELECT
    _s8.ws_bill_customer_sk AS c_customer_sk,
    SUM(_s8.ws_ext_list_price - _s8.ws_ext_discount_amt) AS agg_2,
    MAX(_s10.agg_1) AS anything_agg_1,
    MAX(_s10.anything_anything_c_customer_id) AS anything_anything_anything_c_customer_id,
    MAX(_s10.anything_anything_c_first_name) AS anything_anything_anything_c_first_name,
    MAX(_s10.anything_anything_c_last_name) AS anything_anything_anything_c_last_name,
    MAX(_s10.anything_anything_c_login) AS anything_anything_anything_c_login,
    MAX(_s10.anything_sum_total_sale) AS anything_anything_sum_total_sale
  FROM _s10 AS _s10
  JOIN _s8 AS _s8
    ON _s10.c_customer_sk = _s8.ws_bill_customer_sk
  JOIN _t4 AS _t6
    ON _s8.ws_sold_date_sk = _t6.d_date_sk
  GROUP BY
    1
), _s15 AS (
  SELECT
    _s12.ws_bill_customer_sk,
    SUM(_s12.ws_ext_list_price - _s12.ws_ext_discount_amt) AS agg_3_0
  FROM _s8 AS _s12
  JOIN _t5 AS _t8
    ON _s12.ws_sold_date_sk = _t8.d_date_sk
  GROUP BY
    1
)
SELECT
  _s14.anything_anything_anything_c_customer_id AS customer_id,
  _s14.anything_anything_anything_c_first_name AS customer_first_name,
  _s14.anything_anything_anything_c_last_name AS customer_last_name,
  _s14.anything_anything_anything_c_login AS customer_login,
  COALESCE(_s14.agg_2, 0) AS wb_1st_y_total,
  COALESCE(_s15.agg_3_0, 0) AS wb_2nd_y_total,
  COALESCE(_s14.anything_anything_sum_total_sale, 0) AS ss_1st_y_total,
  COALESCE(_s14.anything_agg_1, 0) AS ss_2nd_y_total
FROM _s14 AS _s14
JOIN _s15 AS _s15
  ON CASE
    WHEN (
      NOT _s14.agg_2 IS NULL AND _s14.agg_2 > 0
    )
    THEN CAST(COALESCE(_s15.agg_3_0, 0) AS DOUBLE PRECISION) / COALESCE(_s14.agg_2, 0)
    ELSE 0
  END > CASE
    WHEN (
      NOT _s14.anything_anything_sum_total_sale IS NULL
      AND _s14.anything_anything_sum_total_sale > 0
    )
    THEN CAST(COALESCE(_s14.anything_agg_1, 0) AS DOUBLE PRECISION) / COALESCE(_s14.anything_anything_sum_total_sale, 0)
    ELSE 0
  END
  AND _s14.c_customer_sk = _s15.ws_bill_customer_sk
ORDER BY
  1 NULLS FIRST,
  2 NULLS FIRST,
  3 NULLS FIRST,
  4 NULLS FIRST
LIMIT 100",1040.2893404959996,50.79292583699953,"Limit  (cost=11781530.06..11866152.59 rows=100 width=392) (actual time=432766.145..1064475.934 rows=100 loops=1)
  CTE year_total
    ->  Append  (cost=4021486.62..10103179.57 rows=33372058 width=142) (actual time=72023.260..104312.413 rows=2079862 loops=1)
          ->  Finalize GroupAggregate  (cost=4021486.62..7848453.64 rows=26178512 width=142) (actual time=72023.258..85273.812 rows=1545762 loops=1)
                Group Key: c.c_customer_id, c.c_first_name, c.c_last_name, c.c_preferred_cust_flag, c.c_birth_country, c.c_login, c.c_email_address, d.d_year
                ->  Gather Merge  (cost=4021486.62..6975836.59 rows=21815426 width=110) (actual time=72023.213..84017.461 rows=1617775 loops=1)
                      Workers Planned: 2
                      Workers Launched: 2
                      ->  Partial GroupAggregate  (cost=4020486.59..4456795.11 rows=10907713 width=110) (actual time=71313.454..80629.399 rows=539258 loops=3)
                            Group Key: c.c_customer_id, c.c_first_name, c.c_last_name, c.c_preferred_cust_flag, c.c_birth_country, c.c_login, c.c_email_address, d.d_year
                            ->  Sort  (cost=4020486.59..4047755.88 rows=10907713 width=88) (actual time=71313.376..75922.292 rows=8951983 loops=3)
                                  Sort Key: c.c_customer_id, c.c_first_name, c.c_last_name, c.c_preferred_cust_flag, c.c_birth_country, c.c_login, c.c_email_address, d.d_year
                                  Sort Method: external merge  Disk: 948480kB
                                  Worker 0:  Sort Method: external merge  Disk: 929128kB
                                  Worker 1:  Sort Method: external merge  Disk: 830848kB
                                  ->  Parallel Hash Join  (cost=22203.32..1179583.42 rows=10907713 width=88) (actual time=15968.631..21357.377 rows=8951983 loops=3)
                                        Hash Cond: (ss.ss_customer_sk = c.c_customer_sk)
                                        ->  Parallel Hash Join  (cost=2998.82..912892.98 rows=11444858 width=26) (actual time=11.405..13482.039 rows=9168178 loops=3)
                                              Hash Cond: (ss.ss_sold_date_sk = d.d_date_sk)
                                              ->  Parallel Seq Scan on store_sales ss  (cost=0.00..797561.78 rows=12002578 width=26) (actual time=0.313..11043.316 rows=9600330 loops=3)
                                              ->  Parallel Hash  (cost=2461.70..2461.70 rows=42970 width=16) (actual time=10.497..10.498 rows=24350 loops=3)
                                                    Buckets: 131072  Batches: 1  Memory Usage: 4480kB
                                                    ->  Parallel Seq Scan on date_dim d  (cost=0.00..2461.70 rows=42970 width=16) (actual time=0.037..4.240 rows=24350 loops=3)
                                        ->  Parallel Hash  (cost=13955.33..13955.33 rows=208333 width=78) (actual time=417.063..417.065 rows=166667 loops=3)
                                              Buckets: 131072  Batches: 8  Memory Usage: 8032kB
                                              ->  Parallel Seq Scan on customer c  (cost=0.00..13955.33 rows=208333 width=78) (actual time=263.997..309.830 rows=166667 loops=3)
          ->  Finalize GroupAggregate  (cost=1036260.20..2087865.63 rows=7193546 width=142) (actual time=14845.697..18905.357 rows=534100 loops=1)
                Group Key: c_1.c_customer_id, c_1.c_first_name, c_1.c_last_name, c_1.c_preferred_cust_flag, c_1.c_birth_country, c_1.c_login, c_1.c_email_address, d_1.d_year
                ->  Gather Merge  (cost=1036260.20..1848080.76 rows=5994622 width=110) (actual time=14845.648..18367.374 rows=534250 loops=1)
                      Workers Planned: 2
                      Workers Launched: 2
                      ->  Partial GroupAggregate  (cost=1035260.17..1155152.61 rows=2997311 width=110) (actual time=14000.034..17131.997 rows=178083 loops=3)
                            Group Key: c_1.c_customer_id, c_1.c_first_name, c_1.c_last_name, c_1.c_preferred_cust_flag, c_1.c_birth_country, c_1.c_login, c_1.c_email_address, d_1.d_year
                            ->  Sort  (cost=1035260.17..1042753.45 rows=2997311 width=91) (actual time=13999.948..15861.174 rows=2398314 loops=3)
                                  Sort Key: c_1.c_customer_id, c_1.c_first_name, c_1.c_last_name, c_1.c_preferred_cust_flag, c_1.c_birth_country, c_1.c_login, c_1.c_email_address, d_1.d_year
                                  Sort Method: external merge  Disk: 187080kB
                                  Worker 0:  Sort Method: external merge  Disk: 373752kB
                                  Worker 1:  Sort Method: external merge  Disk: 188496kB
                                  ->  Parallel Hash Join  (cost=22203.32..405478.89 rows=2997311 width=91) (actual time=5290.390..5988.199 rows=2398314 loops=3)
                                        Hash Cond: (ws.ws_bill_customer_sk = c_1.c_customer_sk)
                                        ->  Parallel Hash Join  (cost=2998.82..318902.96 rows=2998310 width=29) (actual time=13.773..4165.129 rows=2398599 loops=3)
                                              Hash Cond: (ws.ws_sold_date_sk = d_1.d_date_sk)
                                              ->  Parallel Seq Scan on web_sales ws  (cost=0.00..287021.10 rows=2998910 width=29) (actual time=0.462..3422.116 rows=2399189 loops=3)
                                              ->  Parallel Hash  (cost=2461.70..2461.70 rows=42970 width=16) (actual time=12.678..12.680 rows=24350 loops=3)
                                                    Buckets: 131072  Batches: 1  Memory Usage: 4512kB
                                                    ->  Parallel Seq Scan on date_dim d_1  (cost=0.00..2461.70 rows=42970 width=16) (actual time=0.041..5.099 rows=24350 loops=3)
                                        ->  Parallel Hash  (cost=13955.33..13955.33 rows=208333 width=78) (actual time=526.550..526.551 rows=166667 loops=3)
                                              Buckets: 131072  Batches: 8  Memory Usage: 8032kB
                                              ->  Parallel Seq Scan on customer c_1  (cost=0.00..13955.33 rows=208333 width=78) (actual time=294.668..356.820 rows=166667 loops=3)
  ->  Incremental Sort  (cost=1678350.50..3573048.96 rows=2239 width=392) (actual time=431732.140..1063365.087 rows=100 loops=1)
        Sort Key: t_s_secyear.customer_id, t_s_secyear.customer_first_name, t_s_secyear.customer_last_name, t_s_secyear.customer_login
        Presorted Key: t_s_secyear.customer_id
        Full-sort Groups: 4  Sort Method: quicksort  Average Memory: 29kB  Peak Memory: 29kB
        ->  Nested Loop  (cost=1668683.83..3572977.78 rows=2239 width=392) (actual time=107660.445..1063364.630 rows=101 loops=1)
              Join Filter: (((t_s_secyear.customer_id)::text = (t_w_firstyear.customer_id)::text) AND (CASE WHEN (t_w_firstyear.year_total > '0'::numeric) THEN (t_w_secyear.year_total / t_w_firstyear.year_total) ELSE 0.0 END > CASE WHEN (t_s_firstyear.year_total > '0'::numeric) THEN (t_s_secyear.year_total / t_s_firstyear.year_total) ELSE 0.0 END))
              Rows Removed by Join Filter: 98698266
              ->  Nested Loop  (cost=1668683.83..2608223.88 rows=4833 width=460) (actual time=106567.688..700437.139 rows=919 loops=1)
                    Join Filter: ((t_s_firstyear.customer_id)::text = (t_s_secyear.customer_id)::text)
                    Rows Removed by Join Filter: 446961554
                    ->  Merge Join  (cost=1668683.83..1668740.17 rows=3478 width=378) (actual time=106158.461..106183.539 rows=1447 loops=1)
                          Merge Cond: ((t_s_secyear.customer_id)::text = (t_w_secyear.customer_id)::text)
                          ->  Sort  (cost=834341.92..834344.00 rows=834 width=296) (actual time=105862.404..105867.422 rows=6624 loops=1)
                                Sort Key: t_s_secyear.customer_id
                                Sort Method: external merge  Disk: 15208kB
                                ->  CTE Scan on year_total t_s_secyear  (cost=0.00..834301.45 rows=834 width=296) (actual time=72023.285..105721.823 rows=307975 loops=1)
                                      Filter: ((sale_type = 's'::text) AND (dyear = 2001))
                                      Rows Removed by Filter: 1771887
                          ->  Sort  (cost=834341.92..834344.00 rows=834 width=82) (actual time=295.939..300.416 rows=2360 loops=1)
                                Sort Key: t_w_secyear.customer_id
                                Sort Method: external sort  Disk: 4160kB
                                ->  CTE Scan on year_total t_w_secyear  (cost=0.00..834301.45 rows=834 width=82) (actual time=167.904..229.978 rows=106184 loops=1)
                                      Filter: ((sale_type = 'w'::text) AND (dyear = 2001))
                                      Rows Removed by Filter: 1973678
                    ->  CTE Scan on year_total t_s_firstyear  (cost=0.00..917731.60 rows=278 width=82) (actual time=0.003..396.553 rows=308889 loops=1447)
                          Filter: ((year_total > '0'::numeric) AND (sale_type = 's'::text) AND (dyear = 2000))
                          Rows Removed by Filter: 1769559
              ->  CTE Scan on year_total t_w_firstyear  (cost=0.00..917731.60 rows=278 width=82) (actual time=286.524..389.908 rows=107398 loops=919)
                    Filter: ((year_total > '0'::numeric) AND (sale_type = 'w'::text) AND (dyear = 2000))
                    Rows Removed by Filter: 1971896
Planning Time: 0.676 ms
JIT:
  Functions: 178
  Options: Inlining true, Optimization true, Expressions true, Deforming true
  Timing: Generation 16.974 ms, Inlining 364.693 ms, Optimization 1463.912 ms, Emission 881.017 ms, Total 2726.596 ms
Execution Time: 1064538.715 ms","Limit  (cost=10870555.48..10870555.65 rows=67 width=256) (actual time=52209.150..52209.185 rows=100 loops=1)
  CTE _s0
    ->  Seq Scan on store_sales  (cost=0.00..965597.88 rows=28806188 width=26) (actual time=0.396..7532.458 rows=28800991 loops=1)
  CTE _t4
    ->  Seq Scan on date_dim  (cost=0.00..2945.11 rows=365 width=16) (actual time=2.738..5.308 rows=366 loops=1)
          Filter: (d_year = 2000)
          Rows Removed by Filter: 72683
  CTE _t5
    ->  Seq Scan on date_dim date_dim_1  (cost=0.00..2945.11 rows=365 width=16) (actual time=2.709..5.279 rows=365 loops=1)
          Filter: (d_year = 2001)
          Rows Removed by Filter: 72684
  CTE _s8
    ->  Seq Scan on web_sales  (cost=0.00..329005.84 rows=7197384 width=29) (actual time=0.370..1997.007 rows=7197566 loops=1)
  ->  Sort  (cost=9570061.54..9570061.70 rows=67 width=256) (actual time=51502.944..51502.971 rows=100 loops=1)
        Sort Key: (max(_s10.anything_anything_c_customer_id)) NULLS FIRST, (max(_s10.anything_anything_c_first_name)) NULLS FIRST, (max(_s10.anything_anything_c_last_name)) NULLS FIRST, (max(_s10.anything_anything_c_login)) NULLS FIRST
        Sort Method: top-N heapsort  Memory: 48kB
        ->  Hash Join  (cost=9570054.48..9570059.50 rows=67 width=256) (actual time=51141.308..51500.234 rows=4331 loops=1)
              Hash Cond: (_s8.ws_bill_customer_sk = _s15.ws_bill_customer_sk)
              Join Filter: (CASE WHEN (((sum((_s8.ws_ext_list_price - _s8.ws_ext_discount_amt))) IS NOT NULL) AND ((sum((_s8.ws_ext_list_price - _s8.ws_ext_discount_amt))) > '0'::numeric)) THEN ((COALESCE(_s15.agg_3_0, '0'::numeric))::double precision / (COALESCE((sum((_s8.ws_ext_list_price - _s8.ws_ext_discount_amt))), '0'::numeric))::double precision) ELSE '0'::double precision END > CASE WHEN (((max(_s10.anything_sum_total_sale)) IS NOT NULL) AND ((max(_s10.anything_sum_total_sale)) > '0'::numeric)) THEN ((COALESCE((max(_s10.agg_1)), '0'::numeric))::double precision / (COALESCE((max(_s10.anything_sum_total_sale)), '0'::numeric))::double precision) ELSE '0'::double precision END)
              Rows Removed by Join Filter: 4310
              ->  HashAggregate  (cost=8854345.74..8854348.24 rows=200 width=232) (actual time=46041.240..46379.511 rows=40913 loops=1)
                    Group Key: _s8.ws_bill_customer_sk
                    Batches: 5  Memory Usage: 7617kB  Disk Usage: 36184kB
                    ->  Hash Join  (cost=7922333.99..8558803.16 rows=13135226 width=228) (actual time=43768.612..45676.299 rows=550891 loops=1)
                          Hash Cond: (_s8.ws_sold_date_sk = _t6.d_date_sk)
                          ->  Hash Join  (cost=7922322.13..8085563.29 rows=7197384 width=236) (actual time=43762.509..45505.630 rows=2745884 loops=1)
                                Hash Cond: (_s8.ws_bill_customer_sk = _s10.c_customer_sk)
                                ->  CTE Scan on _s8  (cost=0.00..143947.68 rows=7197384 width=44) (actual time=0.048..537.044 rows=7197566 loops=1)
                                ->  Hash  (cost=7922319.63..7922319.63 rows=200 width=200) (actual time=43762.319..43762.333 rows=190292 loops=1)
                                      Buckets: 131072 (originally 1024)  Batches: 4 (originally 1)  Memory Usage: 7169kB
                                      ->  Subquery Scan on _s10  (cost=7922315.13..7922319.63 rows=200 width=200) (actual time=41953.732..43706.112 rows=190292 loops=1)
                                            ->  HashAggregate  (cost=7922315.13..7922317.63 rows=200 width=200) (actual time=41953.727..43695.344 rows=190292 loops=1)
                                                  Group Key: _s4.ss_customer_sk
                                                  Batches: 37  Memory Usage: 8385kB  Disk Usage: 236432kB
                                                  ->  Hash Join  (cost=4323540.06..6870889.27 rows=52571293 width=196) (actual time=30573.499..40367.551 rows=3301970 loops=1)
                                                        Hash Cond: (_s4.ss_sold_date_sk = _t5.d_date_sk)
                                                        ->  Hash Join  (cost=4323528.20..4976870.54 rows=28806188 width=204) (actual time=30573.369..39274.298 rows=19103439 loops=1)
                                                              Hash Cond: (_s4.ss_customer_sk = _s6.c_customer_sk)
                                                              ->  CTE Scan on _s0 _s4  (cost=0.00..576123.76 rows=28806188 width=44) (actual time=0.398..2804.914 rows=28800991 loops=1)
                                                              ->  Hash  (cost=4323525.70..4323525.70 rows=200 width=168) (actual time=30572.227..30572.235 rows=309098 loops=1)
                                                                    Buckets: 131072 (originally 1024)  Batches: 4 (originally 1)  Memory Usage: 7393kB
                                                                    ->  Subquery Scan on _s6  (cost=4323521.20..4323525.70 rows=200 width=168) (actual time=27950.049..30481.783 rows=309098 loops=1)
                                                                          ->  HashAggregate  (cost=4323521.20..4323523.70 rows=200 width=168) (actual time=27950.044..30463.713 rows=309098 loops=1)
                                                                                Group Key: _s0.ss_customer_sk
                                                                                Batches: 53  Memory Usage: 8361kB  Disk Usage: 352016kB
                                                                                ->  Hash Join  (cost=27040.86..3403523.57 rows=52571293 width=67) (actual time=193.129..25720.322 rows=5389360 loops=1)
                                                                                      Hash Cond: (_s0.ss_sold_date_sk = _t4.d_date_sk)
                                                                                      ->  Hash Join  (cost=27029.00..1509504.85 rows=28806188 width=75) (actual time=192.604..23995.875 rows=27504024 loops=1)
                                                                                            Hash Cond: (_s0.ss_customer_sk = customer.c_customer_sk)
                                                                                            ->  CTE Scan on _s0  (cost=0.00..576123.76 rows=28806188 width=44) (actual time=0.003..14693.234 rows=28800991 loops=1)
                                                                                            ->  Hash  (cost=16872.00..16872.00 rows=500000 width=39) (actual time=192.371..192.373 rows=500000 loops=1)
                                                                                                  Buckets: 131072  Batches: 8  Memory Usage: 5574kB
                                                                                                  ->  Seq Scan on customer  (cost=0.00..16872.00 rows=500000 width=39) (actual time=0.285..90.006 rows=500000 loops=1)
                                                                                      ->  Hash  (cost=7.30..7.30 rows=365 width=8) (actual time=0.057..0.058 rows=366 loops=1)
                                                                                            Buckets: 1024  Batches: 1  Memory Usage: 23kB
                                                                                            ->  CTE Scan on _t4  (cost=0.00..7.30 rows=365 width=8) (actual time=0.003..0.025 rows=366 loops=1)
                                                        ->  Hash  (cost=7.30..7.30 rows=365 width=8) (actual time=0.065..0.066 rows=365 loops=1)
                                                              Buckets: 1024  Batches: 1  Memory Usage: 23kB
                                                              ->  CTE Scan on _t5  (cost=0.00..7.30 rows=365 width=8) (actual time=0.010..0.033 rows=365 loops=1)
                          ->  Hash  (cost=7.30..7.30 rows=365 width=8) (actual time=5.415..5.417 rows=366 loops=1)
                                Buckets: 1024  Batches: 1  Memory Usage: 23kB
                                ->  CTE Scan on _t4 _t6  (cost=0.00..7.30 rows=365 width=8) (actual time=2.745..5.376 rows=366 loops=1)
              ->  Hash  (cost=715706.24..715706.24 rows=200 width=40) (actual time=5100.000..5100.004 rows=106184 loops=1)
                    Buckets: 131072 (originally 1024)  Batches: 1 (originally 1)  Memory Usage: 6805kB
                    ->  Subquery Scan on _s15  (cost=715701.74..715706.24 rows=200 width=40) (actual time=4740.717..5087.551 rows=106185 loops=1)
                          ->  HashAggregate  (cost=715701.74..715704.24 rows=200 width=40) (actual time=4740.710..5082.036 rows=106185 loops=1)
                                Group Key: _s12.ws_bill_customer_sk
                                Batches: 21  Memory Usage: 8265kB  Disk Usage: 48368kB
                                ->  Hash Join  (cost=11.86..617187.54 rows=13135226 width=36) (actual time=5.852..4278.454 rows=1432881 loops=1)
                                      Hash Cond: (_s12.ws_sold_date_sk = _t8.d_date_sk)
                                      ->  CTE Scan on _s8 _s12  (cost=0.00..143947.68 rows=7197384 width=44) (actual time=0.375..3704.379 rows=7197566 loops=1)
                                      ->  Hash  (cost=7.30..7.30 rows=365 width=8) (actual time=5.385..5.386 rows=365 loops=1)
                                            Buckets: 1024  Batches: 1  Memory Usage: 23kB
                                            ->  CTE Scan on _t5 _t8  (cost=0.00..7.30 rows=365 width=8) (actual time=2.713..5.345 rows=365 loops=1)
Planning Time: 0.562 ms
JIT:
  Functions: 111
  Options: Inlining true, Optimization true, Expressions true, Deforming true
  Timing: Generation 10.073 ms, Inlining 119.900 ms, Optimization 622.810 ms, Emission 485.518 ms, Total 1238.301 ms
Execution Time: 52352.562 ms",SUCCESS
31,32,TPCDS,Q12,"SELECT
    i.i_item_id,
    i.i_item_desc,
    i.i_category,
    i.i_class,
    i.i_current_price,
    SUM(ws.ws_ext_sales_price) AS itemrevenue,
    SUM(ws.ws_ext_sales_price) * 100.0
        / SUM(SUM(ws.ws_ext_sales_price)) OVER (PARTITION BY i.i_class)
	        AS revenueratio
FROM tpcds.web_sales ws
JOIN tpcds.item i
    ON ws.ws_item_sk = i.i_item_sk
JOIN tpcds.date_dim d
    ON ws.ws_sold_date_sk = d.d_date_sk
WHERE
    i.i_category IN ('Sports', 'Books', 'Home')
    AND d.d_date BETWEEN DATE '1999-02-22'
                      AND (DATE '1999-02-22' + INTERVAL '30 days')
GROUP BY
    i.i_item_id,
    i.i_item_desc,
    i.i_category,
    i.i_class,
    i.i_current_price
ORDER BY
    i.i_category,
    i.i_class,
    i.i_item_id,
    i.i_item_desc,
    revenueratio
LIMIT 100;","selected_sales = web_sales.WHERE(MONOTONIC(DATETIME('1999-02-22'), sold_date.date, DATETIME('1999-02-22', '+30 days')))
result = items.WHERE(
    PRESENT(item_class) 
    & PRESENT(current_price) 
    & HAS(selected_sales) 
    & ISIN(LOWER(category),('sports', 'books', 'home'))
).PARTITION(
    name='i_class', by=item_class
).items.WHERE(HAS(selected_sales)).CALCULATE(
    i_item_id=_id,
    i_item_desc=description,
    i_category=category,
    i_class=item_class,
    i_current_price=current_price,
    itemrevenue=SUM(selected_sales.ext_sales_price),
    revenueratio=(100*SUM(selected_sales.ext_sales_price)) / RELSUM(SUM(selected_sales.ext_sales_price), per='i_class')
).TOP_K(100, by=(category, item_class, _id, description, revenueratio))","WITH _t3 AS (
  SELECT
    d_date,
    d_date_sk
  FROM tpcds.date_dim
  WHERE
    d_date <= CAST('1999-03-24' AS DATE) AND d_date >= CAST('1999-02-22' AS DATE)
), _u_0 AS (
  SELECT
    web_sales.ws_item_sk AS _u_1
  FROM tpcds.web_sales AS web_sales
  JOIN _t3 AS _t3
    ON _t3.d_date_sk = web_sales.ws_sold_date_sk
  GROUP BY
    1
), _t0 AS (
  SELECT
    MAX(item.i_category) AS anything_i_category,
    MAX(item.i_class) AS anything_i_class,
    MAX(item.i_current_price) AS anything_i_current_price,
    MAX(item.i_item_desc) AS anything_i_item_desc,
    MAX(item.i_item_id) AS anything_i_item_id,
    SUM(web_sales.ws_ext_sales_price) AS sum_ws_ext_sales_price
  FROM tpcds.item AS item
  LEFT JOIN _u_0 AS _u_0
    ON _u_0._u_1 = item.i_item_sk
  JOIN tpcds.web_sales AS web_sales
    ON item.i_item_sk = web_sales.ws_item_sk
  JOIN _t3 AS _t4
    ON _t4.d_date_sk = web_sales.ws_sold_date_sk
  WHERE
    LOWER(item.i_category) IN ('sports', 'books', 'home')
    AND NOT _u_0._u_1 IS NULL
    AND NOT item.i_class IS NULL
    AND NOT item.i_current_price IS NULL
  GROUP BY
    web_sales.ws_item_sk
)
SELECT
  anything_i_item_id AS i_item_id,
  anything_i_item_desc AS i_item_desc,
  anything_i_category AS i_category,
  anything_i_class AS i_class,
  anything_i_current_price AS i_current_price,
  COALESCE(sum_ws_ext_sales_price, 0) AS itemrevenue,
  CAST((
    100 * COALESCE(sum_ws_ext_sales_price, 0)
  ) AS DOUBLE PRECISION) / SUM(COALESCE(sum_ws_ext_sales_price, 0)) OVER (PARTITION BY anything_i_class) AS revenueratio
FROM _t0
ORDER BY
  3 NULLS FIRST,
  4 NULLS FIRST,
  1 NULLS FIRST,
  2 NULLS FIRST,
  7 NULLS FIRST
LIMIT 100",4.827994743999625,2.9739550619997317,"Limit  (cost=307409.60..307409.85 rows=100 width=204) (actual time=755.286..755.886 rows=100 loops=1)
  ->  Sort  (cost=307409.60..307411.88 rows=915 width=204) (actual time=736.492..737.087 rows=100 loops=1)
        Sort Key: i.i_category, i.i_class, i.i_item_id, i.i_item_desc, ((((sum(ws.ws_ext_sales_price)) * 100.0) / sum((sum(ws.ws_ext_sales_price))) OVER (?)))
        Sort Method: top-N heapsort  Memory: 70kB
        ->  WindowAgg  (cost=307354.04..307374.62 rows=915 width=204) (actual time=725.541..733.855 rows=11201 loops=1)
              ->  Sort  (cost=307354.04..307356.32 rows=915 width=172) (actual time=725.386..726.545 rows=11201 loops=1)
                    Sort Key: i.i_class
                    Sort Method: quicksort  Memory: 2307kB
                    ->  Finalize GroupAggregate  (cost=307184.87..307309.03 rows=915 width=172) (actual time=696.690..719.301 rows=11201 loops=1)
                          Group Key: i.i_item_id, i.i_item_desc, i.i_category, i.i_class, i.i_current_price
                          ->  Gather Merge  (cost=307184.87..307284.26 rows=762 width=172) (actual time=696.670..710.085 rows=11201 loops=1)
                                Workers Planned: 2
                                Workers Launched: 2
                                ->  Partial GroupAggregate  (cost=306184.85..306196.28 rows=381 width=172) (actual time=672.348..677.849 rows=3734 loops=3)
                                      Group Key: i.i_item_id, i.i_item_desc, i.i_category, i.i_class, i.i_current_price
                                      ->  Sort  (cost=306184.85..306185.80 rows=381 width=146) (actual time=672.295..672.890 rows=6829 loops=3)
                                            Sort Key: i.i_item_id, i.i_item_desc, i.i_category, i.i_class, i.i_current_price
                                            Sort Method: quicksort  Memory: 1251kB
                                            Worker 0:  Sort Method: quicksort  Memory: 1237kB
                                            Worker 1:  Sort Method: quicksort  Memory: 1782kB
                                            ->  Parallel Hash Join  (cost=300967.08..306168.52 rows=381 width=146) (actual time=630.448..649.381 rows=6829 loops=3)
                                                  Hash Cond: (i.i_item_sk = ws.ws_item_sk)
                                                  ->  Parallel Seq Scan on item i  (cost=0.00..5088.38 rows=12740 width=148) (actual time=0.067..14.073 rows=10145 loops=3)
                                                        Filter: ((i_category)::text = ANY ('{Sports,Books,Home}'::text[]))
                                                        Rows Removed by Filter: 23855
                                                  ->  Parallel Hash  (cost=300951.18..300951.18 rows=1272 width=14) (actual time=630.170..630.176 rows=22946 loops=3)
                                                        Buckets: 131072 (originally 4096)  Batches: 1 (originally 1)  Memory Usage: 5312kB
                                                        ->  Parallel Hash Join  (cost=2676.78..300951.18 rows=1272 width=14) (actual time=16.773..595.364 rows=22946 loops=3)
                                                              Hash Cond: (ws.ws_sold_date_sk = d.d_date_sk)
                                                              ->  Parallel Seq Scan on web_sales ws  (cost=0.00..287021.10 rows=2998910 width=22) (actual time=0.024..370.952 rows=2399189 loops=3)
                                                              ->  Parallel Hash  (cost=2676.55..2676.55 rows=18 width=8) (actual time=2.193..2.194 rows=10 loops=3)
                                                                    Buckets: 1024  Batches: 1  Memory Usage: 40kB
                                                                    ->  Parallel Seq Scan on date_dim d  (cost=0.00..2676.55 rows=18 width=8) (actual time=3.352..6.555 rows=31 loops=1)
                                                                          Filter: ((d_date >= '1999-02-22'::date) AND (d_date <= '1999-03-24 00:00:00'::timestamp without time zone))
                                                                          Rows Removed by Filter: 73018
Planning Time: 0.248 ms
JIT:
  Functions: 93
  Options: Inlining false, Optimization false, Expressions true, Deforming true
  Timing: Generation 8.108 ms, Inlining 0.000 ms, Optimization 3.697 ms, Emission 57.764 ms, Total 69.568 ms
Execution Time: 759.588 ms","Limit  (cost=678742.09..678742.34 rows=100 width=200) (actual time=3331.139..3332.009 rows=100 loops=1)
  CTE _t3
    ->  Seq Scan on date_dim  (cost=0.00..3127.73 rows=31 width=12) (actual time=2.775..5.467 rows=31 loops=1)
          Filter: ((d_date <= '1999-03-24'::date) AND (d_date >= '1999-02-22'::date))
          Rows Removed by Filter: 73018
  ->  Sort  (cost=675614.36..675618.92 rows=1826 width=200) (actual time=2873.248..2874.112 rows=100 loops=1)
        Sort Key: _t0.anything_i_category NULLS FIRST, _t0.anything_i_class NULLS FIRST, _t0.anything_i_item_id NULLS FIRST, _t0.anything_i_item_desc NULLS FIRST, (((('100'::numeric * COALESCE(_t0.sum_ws_ext_sales_price, '0'::numeric)))::double precision / (sum(COALESCE(_t0.sum_ws_ext_sales_price, '0'::numeric)) OVER (?))::double precision)) NULLS FIRST
        Sort Method: top-N heapsort  Memory: 67kB
        ->  WindowAgg  (cost=675494.36..675544.57 rows=1826 width=200) (actual time=2861.400..2870.533 rows=11177 loops=1)
              ->  Sort  (cost=675494.36..675498.92 rows=1826 width=192) (actual time=2861.258..2862.761 rows=11177 loops=1)
                    Sort Key: _t0.anything_i_class
                    Sort Method: quicksort  Memory: 2298kB
                    ->  Subquery Scan on _t0  (cost=675317.83..675395.44 rows=1826 width=192) (actual time=2840.956..2856.976 rows=11177 loops=1)
                          ->  GroupAggregate  (cost=675317.83..675377.18 rows=1826 width=200) (actual time=2840.951..2856.234 rows=11177 loops=1)
                                Group Key: web_sales.ws_item_sk
                                ->  Sort  (cost=675317.83..675322.40 rows=1826 width=154) (actual time=2840.892..2844.070 rows=20442 loops=1)
                                      Sort Key: web_sales.ws_item_sk
                                      Sort Method: external merge  Disk: 3312kB
                                      ->  Hash Join  (cost=365600.11..675218.91 rows=1826 width=154) (actual time=1559.157..2826.295 rows=20442 loops=1)
                                            Hash Cond: (item.i_item_sk = web_sales_1.ws_item_sk)
                                            ->  Hash Join  (cost=6203.56..315817.57 rows=1826 width=162) (actual time=306.870..1561.140 rows=20442 loops=1)
                                                  Hash Cond: (web_sales.ws_sold_date_sk = _t4.d_date_sk)
                                                  ->  Gather  (cost=6202.55..315395.56 rows=107396 width=170) (actual time=300.729..1253.110 rows=2141448 loops=1)
                                                        Workers Planned: 2
                                                        Workers Launched: 2
                                                        ->  Parallel Hash Join  (cost=5202.55..303655.96 rows=44748 width=170) (actual time=285.156..1204.707 rows=713816 loops=3)
                                                              Hash Cond: (web_sales.ws_item_sk = item.i_item_sk)
                                                              ->  Parallel Seq Scan on web_sales  (cost=0.00..287021.10 rows=2998910 width=22) (actual time=0.020..393.714 rows=2399189 loops=3)
                                                              ->  Parallel Hash  (cost=5194.62..5194.62 rows=634 width=148) (actual time=284.861..284.863 rows=10125 loops=3)
                                                                    Buckets: 32768 (originally 2048)  Batches: 1 (originally 1)  Memory Usage: 6064kB
                                                                    ->  Parallel Seq Scan on item  (cost=0.00..5194.62 rows=634 width=148) (actual time=171.020..192.022 rows=10125 loops=3)
                                                                          Filter: ((i_class IS NOT NULL) AND (i_current_price IS NOT NULL) AND (lower((i_category)::text) = ANY ('{sports,books,home}'::text[])))
                                                                          Rows Removed by Filter: 23875
                                                  ->  Hash  (cost=0.62..0.62 rows=31 width=8) (actual time=5.489..5.491 rows=31 loops=1)
                                                        Buckets: 1024  Batches: 1  Memory Usage: 10kB
                                                        ->  CTE Scan on _t3 _t4  (cost=0.00..0.62 rows=31 width=8) (actual time=2.782..5.481 rows=31 loops=1)
                                            ->  Hash  (cost=358357.70..358357.70 rows=83108 width=8) (actual time=1252.112..1252.116 rows=37612 loops=1)
                                                  Buckets: 131072  Batches: 1  Memory Usage: 2494kB
                                                  ->  HashAggregate  (cost=357526.62..358357.70 rows=83108 width=8) (actual time=1239.927..1245.724 rows=37612 loops=1)
                                                        Group Key: web_sales_1.ws_item_sk
                                                        Batches: 1  Memory Usage: 4625kB
                                                        ->  Hash Join  (cost=1.01..357220.71 rows=122367 width=8) (actual time=0.501..1218.054 rows=68837 loops=1)
                                                              Hash Cond: (web_sales_1.ws_sold_date_sk = _t3.d_date_sk)
                                                              ->  Seq Scan on web_sales web_sales_1  (cost=0.00..329005.84 rows=7197384 width=16) (actual time=0.016..886.859 rows=7197566 loops=1)
                                                                    Filter: (ws_item_sk IS NOT NULL)
                                                              ->  Hash  (cost=0.62..0.62 rows=31 width=8) (actual time=0.019..0.021 rows=31 loops=1)
                                                                    Buckets: 1024  Batches: 1  Memory Usage: 10kB
                                                                    ->  CTE Scan on _t3  (cost=0.00..0.62 rows=31 width=8) (actual time=0.005..0.010 rows=31 loops=1)
Planning Time: 0.413 ms
JIT:
  Functions: 91
  Options: Inlining true, Optimization true, Expressions true, Deforming true
  Timing: Generation 6.410 ms, Inlining 115.290 ms, Optimization 507.393 ms, Emission 348.218 ms, Total 977.310 ms
Execution Time: 3337.004 ms",SUCCESS
32,33,TPCDS,Q13,"select
    avg(ss_quantity)                as avg_ss_quantity,
    avg(ss_ext_sales_price)         as avg_ss_ext_sales_price,
    avg(ss_ext_wholesale_cost)      as avg_ss_ext_wholesale_cost,
    sum(ss_ext_wholesale_cost)      as sum_ss_ext_wholesale_cost
from
    tpcds.store_sales,
    tpcds.store,
    tpcds.customer_demographics,
    tpcds.household_demographics,
    tpcds.customer_address,
    tpcds.date_dim
where
        s_store_sk = ss_store_sk
    and ss_sold_date_sk = d_date_sk
    and d_year = 2001
    and ss_cdemo_sk = cd_demo_sk
    and cd_marital_status in ('M', 'S', 'W')
    and cd_education_status in (
        'Advanced Degree',
        'College',
        '2 yr Degree'
    )
    and ss_hdemo_sk = hd_demo_sk
    and ss_addr_sk = ca_address_sk
    and ca_state in (
        'TX', 'OH', 'TX',
        'OR', 'NM', 'KY',
        'VA', 'TX', 'MS'
    )
    and ss_net_profit between 100 and 200;","selected_store_sales = store_sales.WHERE(
    (sold_date.year == 2001)
    & HAS(store)
    & HAS(customer_demographics)
    & HAS(customer_address)
    & HAS(household_demographics)
    & ISIN(customer_demographics.marital_status, ('M', 'S', 'W'))
    & ISIN(customer_demographics.education_status, ('Advanced Degree','College','2 yr Degree'))
    & ISIN(customer_address.state, ('TX', 'OH', 'TX', 'OR', 'NM', 'KY', 'VA', 'TX', 'MS'))
    & MONOTONIC(100, net_profit, 200)
)
result = TPCDS.CALCULATE(
    avg_ss_quantity=AVG(selected_store_sales.quantity),
    avg_ss_ext_sales_price=AVG(selected_store_sales.ext_sales_price),
    avg_ss_ext_wholesale_cost=AVG(selected_store_sales.ext_wholesale_cost),
    sum_ss_ext_wholesale_cost=SUM(selected_store_sales.ext_wholesale_cost)
)","SELECT
  AVG(CAST(store_sales.ss_quantity AS DECIMAL)) AS avg_ss_quantity,
  AVG(CAST(store_sales.ss_ext_sales_price AS DECIMAL)) AS avg_ss_ext_sales_price,
  AVG(CAST(store_sales.ss_ext_wholesale_cost AS DECIMAL)) AS avg_ss_ext_wholesale_cost,
  COALESCE(SUM(store_sales.ss_ext_wholesale_cost), 0) AS sum_ss_ext_wholesale_cost
FROM tpcds.store_sales AS store_sales
JOIN tpcds.date_dim AS date_dim
  ON date_dim.d_date_sk = store_sales.ss_sold_date_sk AND date_dim.d_year = 2001
JOIN tpcds.store AS store
  ON store.s_store_sk = store_sales.ss_store_sk
JOIN tpcds.customer_demographics AS customer_demographics
  ON customer_demographics.cd_demo_sk = store_sales.ss_cdemo_sk
  AND customer_demographics.cd_education_status IN ('Advanced Degree', 'College', '2 yr Degree')
  AND customer_demographics.cd_marital_status IN ('M', 'S', 'W')
JOIN tpcds.customer_address AS customer_address
  ON customer_address.ca_address_sk = store_sales.ss_addr_sk
  AND customer_address.ca_state IN ('TX', 'OH', 'TX', 'OR', 'NM', 'KY', 'VA', 'TX', 'MS')
JOIN tpcds.household_demographics AS household_demographics
  ON household_demographics.hd_demo_sk = store_sales.ss_hdemo_sk
WHERE
  store_sales.ss_net_profit <= 200 AND store_sales.ss_net_profit >= 100",13.963145636000263,14.428530692000095,"Finalize Aggregate  (cost=906913.34..906913.35 rows=1 width=128) (actual time=13932.374..13938.803 rows=1 loops=1)
  ->  Gather  (cost=906913.09..906913.30 rows=2 width=128) (actual time=13931.557..13938.760 rows=3 loops=1)
        Workers Planned: 2
        Workers Launched: 2
        ->  Partial Aggregate  (cost=905913.09..905913.10 rows=1 width=128) (actual time=13915.392..13915.587 rows=1 loops=3)
              ->  Hash Join  (cost=899602.25..905912.03 rows=140 width=20) (actual time=13845.532..13914.846 rows=3246 loops=3)
                    Hash Cond: (store_sales.ss_store_sk = store.s_store_sk)
                    ->  Hash Join  (cost=899594.96..905902.78 rows=147 width=28) (actual time=13356.143..13424.890 rows=3250 loops=3)
                          Hash Cond: (store_sales.ss_hdemo_sk = household_demographics.hd_demo_sk)
                          ->  Parallel Hash Join  (cost=899368.96..905674.73 rows=155 width=36) (actual time=13354.293..13421.266 rows=3259 loops=3)
                                Hash Cond: (customer_address.ca_address_sk = store_sales.ss_addr_sk)
                                ->  Parallel Seq Scan on customer_address  (cost=0.02..6050.52 rows=40740 width=8) (actual time=0.296..60.143 rows=19470 loops=3)
                                      Filter: ((ca_state)::text = ANY ('{TX,OH,TX,OR,NM,KY,VA,TX,MS}'::text[]))
                                      Rows Removed by Filter: 63863
                                ->  Parallel Hash  (cost=899363.75..899363.75 rows=415 width=44) (actual time=13353.812..13354.002 rows=13988 loops=3)
                                      Buckets: 65536 (originally 1024)  Batches: 1 (originally 1)  Memory Usage: 4312kB
                                      ->  Parallel Hash Join  (cost=861515.32..899363.75 rows=415 width=44) (actual time=12896.193..13331.862 rows=13988 loops=3)
                                            Hash Cond: (customer_demographics.cd_demo_sk = store_sales.ss_cdemo_sk)
                                            ->  Parallel Seq Scan on customer_demographics  (cost=0.00..37077.83 rows=205030 width=8) (actual time=0.842..374.813 rows=164640 loops=3)
                                                  Filter: (((cd_marital_status)::text = ANY ('{M,S,W}'::text[])) AND ((cd_education_status)::text = ANY ('{""Advanced Degree"",College,""2 yr Degree""}'::text[])))
                                                  Rows Removed by Filter: 475627
                                            ->  Parallel Hash  (cost=861494.07..861494.07 rows=1700 width=52) (actual time=12895.211..12895.398 rows=55110 loops=3)
                                                  Buckets: 262144 (originally 4096)  Batches: 1 (originally 1)  Memory Usage: 18144kB
                                                  ->  Parallel Hash Join  (cost=2571.81..861494.07 rows=1700 width=52) (actual time=2.229..12765.614 rows=55110 loops=3)
                                                        Hash Cond: (store_sales.ss_sold_date_sk = date_dim.d_date_sk)
                                                        ->  Parallel Seq Scan on store_sales  (cost=0.00..857574.68 rows=356686 width=60) (actual time=0.327..12710.179 rows=284169 loops=3)
                                                              Filter: ((ss_net_profit >= '100'::numeric) AND (ss_net_profit <= '200'::numeric))
                                                              Rows Removed by Filter: 9316162
                                                        ->  Parallel Hash  (cost=2569.12..2569.12 rows=215 width=8) (actual time=1.810..1.811 rows=122 loops=3)
                                                              Buckets: 1024  Batches: 1  Memory Usage: 40kB
                                                              ->  Parallel Seq Scan on date_dim  (cost=0.00..2569.12 rows=215 width=8) (actual time=2.770..5.371 rows=365 loops=1)
                                                                    Filter: (d_year = 2001)
                                                                    Rows Removed by Filter: 72684
                          ->  Hash  (cost=136.00..136.00 rows=7200 width=8) (actual time=1.819..1.820 rows=7200 loops=3)
                                Buckets: 8192  Batches: 1  Memory Usage: 346kB
                                ->  Seq Scan on household_demographics  (cost=0.00..136.00 rows=7200 width=8) (actual time=0.043..0.771 rows=7200 loops=3)
                    ->  Hash  (cost=6.02..6.02 rows=102 width=8) (actual time=489.258..489.259 rows=102 loops=3)
                          Buckets: 1024  Batches: 1  Memory Usage: 12kB
                          ->  Seq Scan on store  (cost=0.00..6.02 rows=102 width=8) (actual time=489.174..489.215 rows=102 loops=3)
Planning Time: 0.452 ms
JIT:
  Functions: 152
  Options: Inlining true, Optimization true, Expressions true, Deforming true
  Timing: Generation 8.311 ms, Inlining 193.685 ms, Optimization 770.654 ms, Emission 503.563 ms, Total 1476.212 ms
Execution Time: 13942.514 ms","Finalize Aggregate  (cost=906914.06..906914.07 rows=1 width=128) (actual time=13954.002..13961.422 rows=1 loops=1)
  ->  Gather  (cost=906913.80..906914.01 rows=2 width=128) (actual time=13953.076..13961.373 rows=3 loops=1)
        Workers Planned: 2
        Workers Launched: 2
        ->  Partial Aggregate  (cost=905913.80..905913.81 rows=1 width=128) (actual time=13934.644..13934.838 rows=1 loops=3)
              ->  Hash Join  (cost=899602.25..905912.04 rows=140 width=20) (actual time=13865.642..13933.662 rows=3246 loops=3)
                    Hash Cond: (store_sales.ss_store_sk = store.s_store_sk)
                    ->  Hash Join  (cost=899594.96..905902.78 rows=148 width=28) (actual time=13387.062..13454.497 rows=3250 loops=3)
                          Hash Cond: (store_sales.ss_hdemo_sk = household_demographics.hd_demo_sk)
                          ->  Parallel Hash Join  (cost=899368.96..905674.73 rows=155 width=36) (actual time=13385.278..13450.939 rows=3259 loops=3)
                                Hash Cond: (customer_address.ca_address_sk = store_sales.ss_addr_sk)
                                ->  Parallel Seq Scan on customer_address  (cost=0.02..6050.52 rows=40740 width=8) (actual time=0.275..58.696 rows=19470 loops=3)
                                      Filter: ((ca_state)::text = ANY ('{TX,OH,TX,OR,NM,KY,VA,TX,MS}'::text[]))
                                      Rows Removed by Filter: 63863
                                ->  Parallel Hash  (cost=899363.75..899363.75 rows=415 width=44) (actual time=13384.826..13385.015 rows=13988 loops=3)
                                      Buckets: 65536 (originally 1024)  Batches: 1 (originally 1)  Memory Usage: 4312kB
                                      ->  Parallel Hash Join  (cost=861515.32..899363.75 rows=415 width=44) (actual time=12937.250..13364.555 rows=13988 loops=3)
                                            Hash Cond: (customer_demographics.cd_demo_sk = store_sales.ss_cdemo_sk)
                                            ->  Parallel Seq Scan on customer_demographics  (cost=0.00..37077.83 rows=205030 width=8) (actual time=0.598..364.054 rows=164640 loops=3)
                                                  Filter: (((cd_education_status)::text = ANY ('{""Advanced Degree"",College,""2 yr Degree""}'::text[])) AND ((cd_marital_status)::text = ANY ('{M,S,W}'::text[])))
                                                  Rows Removed by Filter: 475627
                                            ->  Parallel Hash  (cost=861494.07..861494.07 rows=1700 width=52) (actual time=12936.483..12936.668 rows=55110 loops=3)
                                                  Buckets: 262144 (originally 4096)  Batches: 1 (originally 1)  Memory Usage: 18144kB
                                                  ->  Parallel Hash Join  (cost=2571.81..861494.07 rows=1700 width=52) (actual time=3.215..12797.645 rows=55110 loops=3)
                                                        Hash Cond: (store_sales.ss_sold_date_sk = date_dim.d_date_sk)
                                                        ->  Parallel Seq Scan on store_sales  (cost=0.00..857574.68 rows=356686 width=60) (actual time=0.278..12742.866 rows=284169 loops=3)
                                                              Filter: ((ss_net_profit <= '200'::numeric) AND (ss_net_profit >= '100'::numeric))
                                                              Rows Removed by Filter: 9316162
                                                        ->  Parallel Hash  (cost=2569.12..2569.12 rows=215 width=8) (actual time=2.420..2.421 rows=122 loops=3)
                                                              Buckets: 1024  Batches: 1  Memory Usage: 40kB
                                                              ->  Parallel Seq Scan on date_dim  (cost=0.00..2569.12 rows=215 width=8) (actual time=3.916..7.205 rows=365 loops=1)
                                                                    Filter: (d_year = 2001)
                                                                    Rows Removed by Filter: 72684
                          ->  Hash  (cost=136.00..136.00 rows=7200 width=8) (actual time=1.752..1.753 rows=7200 loops=3)
                                Buckets: 8192  Batches: 1  Memory Usage: 346kB
                                ->  Seq Scan on household_demographics  (cost=0.00..136.00 rows=7200 width=8) (actual time=0.061..0.761 rows=7200 loops=3)
                    ->  Hash  (cost=6.02..6.02 rows=102 width=8) (actual time=478.449..478.450 rows=102 loops=3)
                          Buckets: 1024  Batches: 1  Memory Usage: 12kB
                          ->  Seq Scan on store  (cost=0.00..6.02 rows=102 width=8) (actual time=478.349..478.392 rows=102 loops=3)
Planning Time: 0.469 ms
JIT:
  Functions: 152
  Options: Inlining true, Optimization true, Expressions true, Deforming true
  Timing: Generation 8.350 ms, Inlining 152.994 ms, Optimization 770.692 ms, Emission 511.742 ms, Total 1443.778 ms
Execution Time: 13965.145 ms",SUCCESS
33,34,TPCDS,Q15,"select
    ca_zip,
    sum(cs_sales_price) as total_catalog_sales
from
    tpcds.catalog_sales,
    tpcds.customer,
    tpcds.customer_address,
    tpcds.date_dim
where
        cs_bill_customer_sk = c_customer_sk
    and c_current_addr_sk = ca_address_sk
    and (
            substr(ca_zip, 1, 5) in (
                '85669', '86197', '88274', '83405', '86475',
                '85392', '85460', '80348', '81792'
            )
         or ca_state in ('CA', 'WA', 'GA')
         or cs_sales_price > 500
        )
    and cs_sold_date_sk = d_date_sk
    and d_qoy  = 2
    and d_year = 2001
group by
    ca_zip
order by
    ca_zip
limit 100;","result = catalog_sales.CALCULATE(
    ca_zip = bill_customer.current_address.zip_code[:5]
).WHERE(
    PRESENT(ca_zip)
    & HAS(bill_customer)
    & (
        ISIN(ca_zip, ('85669', '86197', '88274', '83405', '86475', '85392', '85460', '80348', '81792'))
        | ISIN(bill_customer.current_address.state, ('CA', 'WA', 'GA'))
        | (sales_price > 500)
    )
    & (sold_date.quarter_of_year == 2)
    & (sold_date.year == 2001)
).PARTITION(
    name='zip_code', by=ca_zip
).CALCULATE(
    ca_zip,
    total_catalog_sales=SUM(catalog_sales.sales_price)
).TOP_K(100, by=ca_zip)","WITH _s3 AS (
  SELECT
    customer.c_customer_sk,
    customer_address.ca_state,
    customer_address.ca_zip
  FROM tpcds.customer AS customer
  LEFT JOIN tpcds.customer_address AS customer_address
    ON customer.c_current_addr_sk = customer_address.ca_address_sk
  WHERE
    NOT SUBSTRING(customer_address.ca_zip FROM 1 FOR 5) IS NULL
)
SELECT
  SUBSTRING(_s3.ca_zip FROM 1 FOR 5) AS ca_zip,
  COALESCE(SUM(catalog_sales.cs_sales_price), 0) AS total_catalog_sales
FROM tpcds.catalog_sales AS catalog_sales
JOIN _s3 AS _s3
  ON (
    SUBSTRING(_s3.ca_zip FROM 1 FOR 5) IN ('85669', '86197', '88274', '83405', '86475', '85392', '85460', '80348', '81792')
    OR _s3.ca_state IN ('CA', 'WA', 'GA')
    OR catalog_sales.cs_sales_price > 500
  )
  AND _s3.c_customer_sk = catalog_sales.cs_bill_customer_sk
JOIN tpcds.date_dim AS date_dim
  ON catalog_sales.cs_sold_date_sk = date_dim.d_date_sk
  AND date_dim.d_qoy = 2
  AND date_dim.d_year = 2001
GROUP BY
  1
ORDER BY
  1 NULLS FIRST
LIMIT 100",10.452331314999356,10.797956006999812,"Limit  (cost=618967.69..618980.01 rows=100 width=38) (actual time=10438.504..10448.398 rows=100 loops=1)
  ->  Finalize GroupAggregate  (cost=618967.69..619229.53 rows=2125 width=38) (actual time=10162.231..10172.114 rows=100 loops=1)
        Group Key: customer_address.ca_zip
        ->  Gather Merge  (cost=618967.69..619189.69 rows=1770 width=38) (actual time=10162.208..10171.926 rows=175 loops=1)
              Workers Planned: 2
              Workers Launched: 2
              ->  Partial GroupAggregate  (cost=617967.67..617985.37 rows=885 width=38) (actual time=10144.580..10146.792 rows=241 loops=3)
                    Group Key: customer_address.ca_zip
                    ->  Sort  (cost=617967.67..617969.88 rows=885 width=12) (actual time=10144.523..10145.424 rows=8153 loops=3)
                          Sort Key: customer_address.ca_zip
                          Sort Method: quicksort  Memory: 761kB
                          Worker 0:  Sort Method: quicksort  Memory: 926kB
                          Worker 1:  Sort Method: quicksort  Memory: 741kB
                          ->  Parallel Hash Join  (cost=611930.81..617924.35 rows=885 width=12) (actual time=10028.698..10138.640 rows=10919 loops=3)
                                Hash Cond: (customer_address.ca_address_sk = customer.c_current_addr_sk)
                                Join Filter: ((substr((customer_address.ca_zip)::text, 1, 5) = ANY ('{85669,86197,88274,83405,86475,85392,85460,80348,81792}'::text[])) OR ((customer_address.ca_state)::text = ANY ('{CA,WA,GA}'::text[])) OR (catalog_sales.cs_sales_price > '500'::numeric))
                                Rows Removed by Join Filter: 126286
                                ->  Parallel Seq Scan on customer_address  (cost=0.00..5529.67 rows=104167 width=17) (actual time=0.219..40.011 rows=83333 loops=3)
                                ->  Parallel Hash  (cost=611838.26..611838.26 rows=7402 width=14) (actual time=10027.605..10028.102 rows=137205 loops=3)
                                      Buckets: 524288 (originally 32768)  Batches: 1 (originally 1)  Memory Usage: 27296kB
                                      ->  Parallel Hash Join  (cost=597070.84..611838.26 rows=7402 width=14) (actual time=9799.989..9987.198 rows=137205 loops=3)
                                            Hash Cond: (customer.c_customer_sk = catalog_sales.cs_bill_customer_sk)
                                            ->  Parallel Seq Scan on customer  (cost=0.00..13955.33 rows=208333 width=16) (actual time=0.203..127.031 rows=166667 loops=3)
                                            ->  Parallel Hash  (cost=596977.86..596977.86 rows=7438 width=14) (actual time=9799.660..9800.154 rows=137555 loops=3)
                                                  Buckets: 524288 (originally 32768)  Batches: 1 (originally 1)  Memory Usage: 27328kB
                                                  ->  Parallel Hash Join  (cost=2677.23..596977.86 rows=7438 width=14) (actual time=7750.369..9756.676 rows=137555 loops=3)
                                                        Hash Cond: (catalog_sales.cs_sold_date_sk = date_dim.d_date_sk)
                                                        ->  Parallel Seq Scan on catalog_sales  (cost=0.00..571755.28 rows=6000328 width=22) (actual time=0.126..9120.791 rows=4800420 loops=3)
                                                        ->  Parallel Hash  (cost=2676.55..2676.55 rows=54 width=8) (actual time=2.532..2.533 rows=30 loops=3)
                                                              Buckets: 1024  Batches: 1  Memory Usage: 40kB
                                                              ->  Parallel Seq Scan on date_dim  (cost=0.00..2676.55 rows=54 width=8) (actual time=3.692..7.555 rows=91 loops=1)
                                                                    Filter: ((d_qoy = 2) AND (d_year = 2001))
                                                                    Rows Removed by Filter: 72958
Planning Time: 0.293 ms
JIT:
  Functions: 118
  Options: Inlining true, Optimization true, Expressions true, Deforming true
  Timing: Generation 6.824 ms, Inlining 164.287 ms, Optimization 548.073 ms, Emission 331.960 ms, Total 1051.145 ms
Execution Time: 10451.443 ms","Limit  (cost=619227.77..619240.46 rows=100 width=64) (actual time=10483.368..10492.969 rows=100 loops=1)
  ->  Finalize GroupAggregate  (cost=619227.77..619495.90 rows=2114 width=64) (actual time=10171.451..10181.046 rows=100 loops=1)
        Group Key: (SUBSTRING(customer_address.ca_zip FROM 1 FOR 5))
        ->  Gather Merge  (cost=619227.77..619450.97 rows=1762 width=64) (actual time=10171.428..10180.928 rows=171 loops=1)
              Workers Planned: 2
              Workers Launched: 2
              ->  Partial GroupAggregate  (cost=618227.75..618247.57 rows=881 width=64) (actual time=10151.894..10153.678 rows=212 loops=3)
                    Group Key: (SUBSTRING(customer_address.ca_zip FROM 1 FOR 5))
                    ->  Sort  (cost=618227.75..618229.95 rows=881 width=38) (actual time=10151.837..10152.254 rows=6376 loops=3)
                          Sort Key: (SUBSTRING(customer_address.ca_zip FROM 1 FOR 5)) NULLS FIRST
                          Sort Method: quicksort  Memory: 950kB
                          Worker 0:  Sort Method: quicksort  Memory: 737kB
                          Worker 1:  Sort Method: quicksort  Memory: 723kB
                          ->  Parallel Hash Join  (cost=611930.81..618184.66 rows=881 width=38) (actual time=10028.740..10145.633 rows=10718 loops=3)
                                Hash Cond: (customer_address.ca_address_sk = customer.c_current_addr_sk)
                                Join Filter: ((SUBSTRING(customer_address.ca_zip FROM 1 FOR 5) = ANY ('{85669,86197,88274,83405,86475,85392,85460,80348,81792}'::text[])) OR ((customer_address.ca_state)::text = ANY ('{CA,WA,GA}'::text[])) OR (catalog_sales.cs_sales_price > '500'::numeric))
                                Rows Removed by Join Filter: 122193
                                ->  Parallel Seq Scan on customer_address  (cost=0.00..5790.08 rows=103646 width=17) (actual time=0.307..49.295 rows=80800 loops=3)
                                      Filter: (SUBSTRING(ca_zip FROM 1 FOR 5) IS NOT NULL)
                                      Rows Removed by Filter: 2533
                                ->  Parallel Hash  (cost=611838.26..611838.26 rows=7402 width=14) (actual time=10027.822..10027.828 rows=137205 loops=3)
                                      Buckets: 524288 (originally 32768)  Batches: 1 (originally 1)  Memory Usage: 27296kB
                                      ->  Parallel Hash Join  (cost=597070.84..611838.26 rows=7402 width=14) (actual time=9782.503..9987.087 rows=137205 loops=3)
                                            Hash Cond: (customer.c_customer_sk = catalog_sales.cs_bill_customer_sk)
                                            ->  Parallel Seq Scan on customer  (cost=0.00..13955.33 rows=208333 width=16) (actual time=0.210..144.530 rows=166667 loops=3)
                                            ->  Parallel Hash  (cost=596977.86..596977.86 rows=7438 width=14) (actual time=9782.188..9782.192 rows=137555 loops=3)
                                                  Buckets: 524288 (originally 32768)  Batches: 1 (originally 1)  Memory Usage: 27296kB
                                                  ->  Parallel Hash Join  (cost=2677.23..596977.86 rows=7438 width=14) (actual time=7767.301..9737.978 rows=137555 loops=3)
                                                        Hash Cond: (catalog_sales.cs_sold_date_sk = date_dim.d_date_sk)
                                                        ->  Parallel Seq Scan on catalog_sales  (cost=0.00..571755.28 rows=6000328 width=22) (actual time=0.228..9074.032 rows=4800420 loops=3)
                                                        ->  Parallel Hash  (cost=2676.55..2676.55 rows=54 width=8) (actual time=2.546..2.547 rows=30 loops=3)
                                                              Buckets: 1024  Batches: 1  Memory Usage: 40kB
                                                              ->  Parallel Seq Scan on date_dim  (cost=0.00..2676.55 rows=54 width=8) (actual time=3.656..7.598 rows=91 loops=1)
                                                                    Filter: ((d_qoy = 2) AND (d_year = 2001))
                                                                    Rows Removed by Filter: 72958
Planning Time: 0.403 ms
JIT:
  Functions: 124
  Options: Inlining true, Optimization true, Expressions true, Deforming true
  Timing: Generation 7.998 ms, Inlining 175.343 ms, Optimization 630.749 ms, Emission 364.553 ms, Total 1178.643 ms
Execution Time: 10496.524 ms",SUCCESS
34,35,TPCDS,Q18,"with cs_1998 as (
    select
        cs.cs_item_sk,
        cs.cs_bill_customer_sk,
        cs.cs_bill_cdemo_sk,
        cs.cs_quantity,
        cs.cs_list_price,
        cs.cs_coupon_amt,
        cs.cs_sales_price,
        cs.cs_net_profit
    from tpcds.catalog_sales cs
    join tpcds.date_dim d
      on d.d_date_sk = cs.cs_sold_date_sk
    where d.d_year = 1998
),
bill_demo as (
    select
        cd_demo_sk,
        cd_dep_count
    from tpcds.customer_demographics
    where cd_gender = 'F'
      and cd_education_status = 'Unknown'
),
cust_filtered as (
    select
        c.c_customer_sk,
        c.c_birth_year,
        ca.ca_country,
        ca.ca_state,
        ca.ca_county
    from tpcds.customer c
    join tpcds.customer_demographics cd2
      on cd2.cd_demo_sk = c.c_current_cdemo_sk
    join tpcds.customer_address ca
      on ca.ca_address_sk = c.c_current_addr_sk
    where c.c_birth_month in (1,2,6,8,9,12)
      and ca.ca_state in ('MS','IN','ND','OK','NM','VA')
)
select
    i.i_item_id,
    cf.ca_country,
    cf.ca_state,
    cf.ca_county,
    avg(cs.cs_quantity::decimal(12,2))      as agg1,
    avg(cs.cs_list_price::decimal(12,2))    as agg2,
    avg(cs.cs_coupon_amt::decimal(12,2))    as agg3,
    avg(cs.cs_sales_price::decimal(12,2))   as agg4,
    avg(cs.cs_net_profit::decimal(12,2))    as agg5,
    avg(cf.c_birth_year::decimal(12,2))     as agg6,
    avg(bd.cd_dep_count::decimal(12,2))     as agg7
from cs_1998 cs
join bill_demo bd
  on bd.cd_demo_sk = cs.cs_bill_cdemo_sk
join cust_filtered cf
  on cf.c_customer_sk = cs.cs_bill_customer_sk
join tpcds.item i
  on i.i_item_sk = cs.cs_item_sk
group by rollup (
    i.i_item_id,
    cf.ca_country,
    cf.ca_state,
    cf.ca_county
)
order by
    cf.ca_country,
    cf.ca_state,
    cf.ca_county,
    i.i_item_id
limit 100;","result = catalog_sales.WHERE(
    (sold_date.year == 1998)
    & HAS(bill_customer.current_address)
    & HAS(bill_customer_demographics)
    & ISIN(bill_customer.birth_month, (1,2,6,8,9,12))
    & ISIN(bill_customer.current_address.state, ('MS','IN','ND','OK','NM','VA'))
    & (bill_customer_demographics.gender == 'F')
    & (bill_customer_demographics.education_status == 'Unknown')
).CALCULATE(
    i_item_id=item._id,
    ca_country=bill_customer.current_address.country,
    ca_state=bill_customer.current_address.state,
    ca_county=bill_customer.current_address.county,
    birth_year=bill_customer.birth_year,
    dep_count=bill_customer_demographics.dependent_count
).PARTITION(
    name='item_location', by=(i_item_id, ca_country, ca_state, ca_county)
).CALCULATE(
    i_item_id,
    ca_country,
    ca_state,
    ca_county,
    agg1=AVG(catalog_sales.quantity),
    agg2=AVG(catalog_sales.list_price),
    agg3=AVG(catalog_sales.coupon_amount),
    agg4=AVG(catalog_sales.sales_price),
    agg5=AVG(catalog_sales.net_profit),
    agg6=AVG(catalog_sales.birth_year),
    agg7=AVG(catalog_sales.dep_count)
).TOP_K(100, by=(ca_country.ASC(na_pos='last'), ca_state.ASC(na_pos='last'), ca_county.ASC(na_pos='last'), i_item_id.ASC(na_pos='last')))","WITH _s8 AS (
  SELECT
    customer_address.ca_country,
    customer_address.ca_county,
    customer_address.ca_state,
    catalog_sales.cs_item_sk,
    COUNT(customer.c_birth_year) AS count_c_birth_year,
    COUNT(customer_demographics.cd_dep_count) AS count_cd_dep_count,
    COUNT(catalog_sales.cs_coupon_amt) AS count_cs_coupon_amt,
    COUNT(catalog_sales.cs_list_price) AS count_cs_list_price,
    COUNT(catalog_sales.cs_net_profit) AS count_cs_net_profit,
    COUNT(catalog_sales.cs_quantity) AS count_cs_quantity,
    COUNT(catalog_sales.cs_sales_price) AS count_cs_sales_price,
    SUM(customer.c_birth_year) AS sum_c_birth_year,
    SUM(customer_demographics.cd_dep_count) AS sum_cd_dep_count,
    SUM(catalog_sales.cs_coupon_amt) AS sum_cs_coupon_amt,
    SUM(catalog_sales.cs_list_price) AS sum_cs_list_price,
    SUM(catalog_sales.cs_net_profit) AS sum_cs_net_profit,
    SUM(catalog_sales.cs_quantity) AS sum_cs_quantity,
    SUM(catalog_sales.cs_sales_price) AS sum_cs_sales_price
  FROM tpcds.catalog_sales AS catalog_sales
  JOIN tpcds.date_dim AS date_dim
    ON catalog_sales.cs_sold_date_sk = date_dim.d_date_sk AND date_dim.d_year = 1998
  JOIN tpcds.customer_demographics AS customer_demographics
    ON catalog_sales.cs_bill_cdemo_sk = customer_demographics.cd_demo_sk
    AND customer_demographics.cd_education_status = 'Unknown'
    AND customer_demographics.cd_gender = 'F'
  JOIN tpcds.customer AS customer
    ON catalog_sales.cs_bill_customer_sk = customer.c_customer_sk
    AND customer.c_birth_month IN (1, 2, 6, 8, 9, 12)
  JOIN tpcds.customer_address AS customer_address
    ON customer.c_current_addr_sk = customer_address.ca_address_sk
    AND customer_address.ca_state IN ('MS', 'IN', 'ND', 'OK', 'NM', 'VA')
  GROUP BY
    1,
    2,
    3,
    4
)
SELECT
  item.i_item_id,
  _s8.ca_country,
  _s8.ca_state,
  _s8.ca_county,
  CAST(SUM(_s8.sum_cs_quantity) AS DOUBLE PRECISION) / SUM(_s8.count_cs_quantity) AS agg1,
  CAST(SUM(_s8.sum_cs_list_price) AS DOUBLE PRECISION) / SUM(_s8.count_cs_list_price) AS agg2,
  CAST(SUM(_s8.sum_cs_coupon_amt) AS DOUBLE PRECISION) / SUM(_s8.count_cs_coupon_amt) AS agg3,
  CAST(SUM(_s8.sum_cs_sales_price) AS DOUBLE PRECISION) / SUM(_s8.count_cs_sales_price) AS agg4,
  CAST(SUM(_s8.sum_cs_net_profit) AS DOUBLE PRECISION) / SUM(_s8.count_cs_net_profit) AS agg5,
  CAST(SUM(_s8.sum_c_birth_year) AS DOUBLE PRECISION) / SUM(_s8.count_c_birth_year) AS agg6,
  CAST(SUM(_s8.sum_cd_dep_count) AS DOUBLE PRECISION) / SUM(_s8.count_cd_dep_count) AS agg7
FROM _s8 AS _s8
JOIN tpcds.item AS item
  ON _s8.cs_item_sk = item.i_item_sk
GROUP BY
  1,
  2,
  3,
  4
ORDER BY
  2,
  3,
  4,
  1
LIMIT 100",12.617026726999939,11.96156861199961,"Limit  (cost=695312.68..695312.93 rows=100 width=272) (actual time=11023.920..11080.904 rows=100 loops=1)
  ->  Sort  (cost=695312.68..695316.26 rows=1433 width=272) (actual time=10353.403..10410.382 rows=100 loops=1)
        Sort Key: ca.ca_country, ca.ca_state, ca.ca_county, i.i_item_id
        Sort Method: top-N heapsort  Memory: 46kB
        ->  GroupAggregate  (cost=695161.59..695257.91 rows=1433 width=272) (actual time=10216.752..10393.159 rows=52755 loops=1)
              Group Key: i.i_item_id, ca.ca_country, ca.ca_state, ca.ca_county
              Group Key: i.i_item_id, ca.ca_country, ca.ca_state
              Group Key: i.i_item_id, ca.ca_country
              Group Key: i.i_item_id
              Group Key: ()
              ->  Gather Merge  (cost=695161.59..695203.29 rows=358 width=93) (actual time=10216.685..10283.488 rows=14238 loops=1)
                    Workers Planned: 2
                    Workers Launched: 2
                    ->  Sort  (cost=694161.57..694161.94 rows=149 width=93) (actual time=10196.746..10197.405 rows=4746 loops=3)
                          Sort Key: i.i_item_id, ca.ca_country, ca.ca_state, ca.ca_county
                          Sort Method: quicksort  Memory: 922kB
                          Worker 0:  Sort Method: quicksort  Memory: 706kB
                          Worker 1:  Sort Method: quicksort  Memory: 699kB
                          ->  Parallel Hash Join  (cost=689067.20..694156.19 rows=149 width=93) (actual time=10160.439..10179.348 rows=4746 loops=3)
                                Hash Cond: (i.i_item_sk = cs.cs_item_sk)
                                ->  Parallel Seq Scan on item i  (cost=0.00..4929.00 rows=42500 width=25) (actual time=0.257..11.083 rows=34000 loops=3)
                                ->  Parallel Hash  (cost=689065.33..689065.33 rows=149 width=84) (actual time=10159.942..10159.963 rows=4746 loops=3)
                                      Buckets: 16384 (originally 1024)  Batches: 1 (originally 1)  Memory Usage: 2040kB
                                      ->  Parallel Hash Join  (cost=654988.13..689065.33 rows=149 width=84) (actual time=10022.135..10147.317 rows=4746 loops=3)
                                            Hash Cond: (cd2.cd_demo_sk = c.c_current_cdemo_sk)
                                            ->  Parallel Seq Scan on customer_demographics cd2  (cost=0.00..31075.33 rows=800333 width=8) (actual time=0.015..63.071 rows=640267 loops=3)
                                            ->  Parallel Hash  (cost=654986.19..654986.19 rows=155 width=92) (actual time=10021.791..10021.809 rows=4802 loops=3)
                                                  Buckets: 16384 (originally 1024)  Batches: 1 (originally 1)  Memory Usage: 2168kB
                                                  ->  Parallel Hash Join  (cost=648615.57..654986.19 rows=155 width=92) (actual time=9962.020..10017.279 rows=4802 loops=3)
                                                        Hash Cond: (ca.ca_address_sk = c.c_current_addr_sk)
                                                        ->  Parallel Seq Scan on customer_address ca  (cost=0.00..6310.92 rows=15750 width=39) (actual time=0.534..51.069 rows=12282 loops=3)
                                                              Filter: ((ca_state)::text = ANY ('{MS,IN,ND,OK,NM,VA}'::text[]))
                                                              Rows Removed by Filter: 71052
                                                        ->  Parallel Hash  (cost=648602.80..648602.80 rows=1022 width=69) (actual time=9961.426..9961.441 rows=32138 loops=3)
                                                              Buckets: 131072 (originally 4096)  Batches: 1 (originally 1)  Memory Usage: 12032kB
                                                              ->  Parallel Hash Join  (cost=632706.07..648602.80 rows=1022 width=69) (actual time=9822.087..9948.266 rows=32138 loops=3)
                                                                    Hash Cond: (c.c_customer_sk = cs.cs_bill_customer_sk)
                                                                    ->  Parallel Seq Scan on customer c  (cost=0.00..15517.83 rows=99903 width=32) (actual time=0.418..98.733 rows=79880 loops=3)
                                                                          Filter: (c_birth_month = ANY ('{1,2,6,8,9,12}'::bigint[]))
                                                                          Rows Removed by Filter: 86787
                                                                    ->  Parallel Hash  (cost=632679.31..632679.31 rows=2141 width=53) (actual time=9821.605..9821.616 rows=67467 loops=3)
                                                                          Buckets: 262144 (originally 8192)  Batches: 1 (originally 1)  Memory Usage: 21792kB
                                                                          ->  Parallel Hash Join  (cost=597376.94..632679.31 rows=2141 width=53) (actual time=9686.642..9792.353 rows=67467 loops=3)
                                                                                Hash Cond: (customer_demographics.cd_demo_sk = cs.cs_bill_cdemo_sk)
                                                                                ->  Parallel Seq Scan on customer_demographics  (cost=0.00..35077.00 rows=57719 width=16) (actual time=0.278..430.987 rows=45733 loops=3)
                                                                                      Filter: (((cd_gender)::text = 'F'::text) AND ((cd_education_status)::text = 'Unknown'::text))
                                                                                      Rows Removed by Filter: 594533
                                                                                ->  Parallel Hash  (cost=597004.04..597004.04 rows=29832 width=53) (actual time=9237.887..9237.893 rows=950367 loops=3)
                                                                                      Buckets: 131072 (originally 131072)  Batches: 32 (originally 1)  Memory Usage: 9056kB
                                                                                      ->  Parallel Hash Join  (cost=2571.81..597004.04 rows=29832 width=53) (actual time=1478.818..8841.971 rows=950367 loops=3)
                                                                                            Hash Cond: (cs.cs_sold_date_sk = d.d_date_sk)
                                                                                            ->  Parallel Seq Scan on catalog_sales cs  (cost=0.00..571755.28 rows=6000328 width=61) (actual time=0.233..7771.264 rows=4800420 loops=3)
                                                                                            ->  Parallel Hash  (cost=2569.12..2569.12 rows=215 width=8) (actual time=2.979..2.981 rows=122 loops=3)
                                                                                                  Buckets: 1024  Batches: 1  Memory Usage: 40kB
                                                                                                  ->  Parallel Seq Scan on date_dim d  (cost=0.00..2569.12 rows=215 width=8) (actual time=4.265..8.851 rows=365 loops=1)
                                                                                                        Filter: (d_year = 1998)
                                                                                                        Rows Removed by Filter: 72684
Planning Time: 1.256 ms
JIT:
  Functions: 193
  Options: Inlining true, Optimization true, Expressions true, Deforming true
  Timing: Generation 14.186 ms, Inlining 152.926 ms, Optimization 1266.254 ms, Emission 809.350 ms, Total 2242.715 ms
Execution Time: 11088.019 ms","Limit  (cost=666586.35..666600.85 rows=100 width=104) (actual time=12907.569..12984.551 rows=100 loops=1)
  ->  GroupAggregate  (cost=666586.35..666640.15 rows=371 width=104) (actual time=12182.451..12259.428 rows=100 loops=1)
        Group Key: _s8.ca_country, _s8.ca_state, _s8.ca_county, item.i_item_id
        ->  Sort  (cost=666586.35..666587.28 rows=371 width=328) (actual time=12182.372..12258.994 rows=101 loops=1)
              Sort Key: _s8.ca_country, _s8.ca_state, _s8.ca_county, item.i_item_id
              Sort Method: quicksort  Memory: 2985kB
              ->  Hash Join  (cost=656070.31..666570.52 rows=371 width=328) (actual time=12104.200..12221.217 rows=14405 loops=1)
                    Hash Cond: (item.i_item_sk = _s8.cs_item_sk)
                    ->  Seq Scan on item  (cost=0.00..5524.00 rows=102000 width=25) (actual time=0.348..17.398 rows=102000 loops=1)
                    ->  Hash  (cost=656065.67..656065.67 rows=371 width=319) (actual time=12103.788..12180.392 rows=14405 loops=1)
                          Buckets: 16384 (originally 1024)  Batches: 1 (originally 1)  Memory Usage: 2720kB
                          ->  Subquery Scan on _s8  (cost=655991.86..656065.67 rows=371 width=319) (actual time=12072.393..12175.067 rows=14405 loops=1)
                                ->  GroupAggregate  (cost=655991.86..656061.96 rows=371 width=319) (actual time=12072.389..12173.965 rows=14405 loops=1)
                                      Group Key: customer_address.ca_country, customer_address.ca_county, customer_address.ca_state, catalog_sales.cs_item_sk
                                      ->  Gather Merge  (cost=655991.86..656035.07 rows=371 width=84) (actual time=12072.329..12153.699 rows=14405 loops=1)
                                            Workers Planned: 2
                                            Workers Launched: 2
                                            ->  Sort  (cost=654991.83..654992.22 rows=155 width=84) (actual time=12053.998..12054.429 rows=4802 loops=3)
                                                  Sort Key: customer_address.ca_country, customer_address.ca_county, customer_address.ca_state, catalog_sales.cs_item_sk
                                                  Sort Method: quicksort  Memory: 736kB
                                                  Worker 0:  Sort Method: quicksort  Memory: 684kB
                                                  Worker 1:  Sort Method: quicksort  Memory: 879kB
                                                  ->  Parallel Hash Join  (cost=648615.57..654986.19 rows=155 width=84) (actual time=11988.983..12043.861 rows=4802 loops=3)
                                                        Hash Cond: (customer_address.ca_address_sk = customer.c_current_addr_sk)
                                                        ->  Parallel Seq Scan on customer_address  (cost=0.00..6310.92 rows=15750 width=39) (actual time=0.309..50.416 rows=12282 loops=3)
                                                              Filter: ((ca_state)::text = ANY ('{MS,IN,ND,OK,NM,VA}'::text[]))
                                                              Rows Removed by Filter: 71052
                                                        ->  Parallel Hash  (cost=648602.80..648602.80 rows=1022 width=61) (actual time=11988.401..11988.416 rows=32138 loops=3)
                                                              Buckets: 131072 (originally 4096)  Batches: 1 (originally 1)  Memory Usage: 11840kB
                                                              ->  Parallel Hash Join  (cost=632706.07..648602.80 rows=1022 width=61) (actual time=11788.380..11971.299 rows=32138 loops=3)
                                                                    Hash Cond: (customer.c_customer_sk = catalog_sales.cs_bill_customer_sk)
                                                                    ->  Parallel Seq Scan on customer  (cost=0.00..15517.83 rows=99903 width=24) (actual time=0.795..156.046 rows=79880 loops=3)
                                                                          Filter: (c_birth_month = ANY ('{1,2,6,8,9,12}'::bigint[]))
                                                                          Rows Removed by Filter: 86787
                                                                    ->  Parallel Hash  (cost=632679.31..632679.31 rows=2141 width=53) (actual time=11787.520..11787.532 rows=67467 loops=3)
                                                                          Buckets: 262144 (originally 8192)  Batches: 1 (originally 1)  Memory Usage: 23008kB
                                                                          ->  Parallel Hash Join  (cost=597376.94..632679.31 rows=2141 width=53) (actual time=11654.297..11757.361 rows=67467 loops=3)
                                                                                Hash Cond: (customer_demographics.cd_demo_sk = catalog_sales.cs_bill_cdemo_sk)
                                                                                ->  Parallel Seq Scan on customer_demographics  (cost=0.00..35077.00 rows=57719 width=16) (actual time=0.296..404.934 rows=45733 loops=3)
                                                                                      Filter: (((cd_education_status)::text = 'Unknown'::text) AND ((cd_gender)::text = 'F'::text))
                                                                                      Rows Removed by Filter: 594533
                                                                                ->  Parallel Hash  (cost=597004.04..597004.04 rows=29832 width=53) (actual time=11231.462..11231.468 rows=950367 loops=3)
                                                                                      Buckets: 65536 (originally 131072)  Batches: 64 (originally 1)  Memory Usage: 4864kB
                                                                                      ->  Parallel Hash Join  (cost=2571.81..597004.04 rows=29832 width=53) (actual time=1466.397..10724.206 rows=950367 loops=3)
                                                                                            Hash Cond: (catalog_sales.cs_sold_date_sk = date_dim.d_date_sk)
                                                                                            ->  Parallel Seq Scan on catalog_sales  (cost=0.00..571755.28 rows=6000328 width=61) (actual time=0.085..9765.429 rows=4800420 loops=3)
                                                                                            ->  Parallel Hash  (cost=2569.12..2569.12 rows=215 width=8) (actual time=2.540..2.542 rows=122 loops=3)
                                                                                                  Buckets: 1024  Batches: 1  Memory Usage: 40kB
                                                                                                  ->  Parallel Seq Scan on date_dim  (cost=0.00..2569.12 rows=215 width=8) (actual time=3.574..7.536 rows=365 loops=1)
                                                                                                        Filter: (d_year = 1998)
                                                                                                        Rows Removed by Filter: 72684
Planning Time: 0.597 ms
JIT:
  Functions: 154
  Options: Inlining true, Optimization true, Expressions true, Deforming true
  Timing: Generation 11.765 ms, Inlining 160.951 ms, Optimization 1101.719 ms, Emission 663.742 ms, Total 1938.177 ms
Execution Time: 12990.767 ms",SUCCESS
35,36,TPCDS,Q19,"select
       i.i_brand_id        as brand_id,
       i.i_brand           as brand,
       i.i_manufact_id,
       i.i_manufact,
       sum(ss.ss_ext_sales_price) as ext_price
from tpcds.date_dim d
join tpcds.store_sales ss
  on d.d_date_sk = ss.ss_sold_date_sk
join tpcds.item i
  on ss.ss_item_sk = i.i_item_sk
join tpcds.customer c
  on ss.ss_customer_sk = c.c_customer_sk
join tpcds.customer_address ca
  on c.c_current_addr_sk = ca.ca_address_sk
join tpcds.store s
  on ss.ss_store_sk = s.s_store_sk
where i.i_manager_id = 8
  and d.d_moy = 11
  and d.d_year = 1998
  and substr(ca.ca_zip, 1, 5) <> substr(s.s_zip, 1, 5)
group by
       i.i_brand,
       i.i_brand_id,
       i.i_manufact_id,
       i.i_manufact
order by
       ext_price desc,
       i.i_brand,
       i.i_brand_id,
       i.i_manufact_id,
       i.i_manufact
limit 100;","result = store_sales.WHERE(
    HAS(customer)
    & HAS(customer.current_address)
    & HAS(store)
    & (item.manager_id == 8)
    & (sold_date.month_of_year == 11)
    & (sold_date.year == 1998)
    & (customer.current_address.zip_code[:5] != store.zip_code[:5])
).CALCULATE(
    brand_id=item.brand_id,
    brand=item.brand,
    i_manufact_id=item.manufacturer_id,
    i_manufact=item.manufacturer
).PARTITION(
    name='brand_manufacture', by=(brand, brand_id, i_manufact_id, i_manufact)
).CALCULATE(
    brand_id,
    brand,
    i_manufact_id,
    i_manufact,
    ext_price=SUM(store_sales.ext_sales_price)
).TOP_K(100, by=(ext_price.DESC(), brand, brand_id, i_manufact_id, i_manufact))","SELECT
  item.i_brand_id AS brand_id,
  item.i_brand AS brand,
  item.i_manufact_id,
  item.i_manufact,
  COALESCE(SUM(store_sales.ss_ext_sales_price), 0) AS ext_price
FROM tpcds.store_sales AS store_sales
JOIN tpcds.customer AS customer
  ON customer.c_customer_sk = store_sales.ss_customer_sk
JOIN tpcds.customer_address AS customer_address
  ON customer.c_current_addr_sk = customer_address.ca_address_sk
JOIN tpcds.store AS store
  ON SUBSTRING(customer_address.ca_zip FROM 1 FOR 5) <> SUBSTRING(store.s_zip FROM 1 FOR 5)
  AND store.s_store_sk = store_sales.ss_store_sk
JOIN tpcds.item AS item
  ON item.i_item_sk = store_sales.ss_item_sk AND item.i_manager_id = 8
JOIN tpcds.date_dim AS date_dim
  ON date_dim.d_date_sk = store_sales.ss_sold_date_sk
  AND date_dim.d_moy = 11
  AND date_dim.d_year = 1998
GROUP BY
  1,
  2,
  3,
  4
ORDER BY
  5 DESC NULLS LAST,
  2 NULLS FIRST,
  1 NULLS FIRST,
  3 NULLS FIRST,
  4 NULLS FIRST
LIMIT 100",14.662173835999965,15.001917524999953,"Limit  (cost=872518.04..872518.29 rows=100 width=77) (actual time=13699.751..13700.439 rows=100 loops=1)
  ->  Sort  (cost=872518.04..872518.53 rows=195 width=77) (actual time=13234.911..13235.594 rows=100 loops=1)
        Sort Key: (sum(ss.ss_ext_sales_price)) DESC, i.i_brand, i.i_brand_id, i.i_manufact_id, i.i_manufact
        Sort Method: top-N heapsort  Memory: 47kB
        ->  GroupAggregate  (cost=872002.71..872510.63 rows=195 width=77) (actual time=13112.684..13234.904 rows=936 loops=1)
              Group Key: i.i_brand, i.i_brand_id, i.i_manufact_id, i.i_manufact
              ->  Nested Loop  (cost=872002.71..872505.75 rows=195 width=51) (actual time=13112.499..13232.407 rows=15051 loops=1)
                    Join Filter: ((ss.ss_store_sk = s.s_store_sk) AND (substr((ca.ca_zip)::text, 1, 5) <> substr((s.s_zip)::text, 1, 5)))
                    Rows Removed by Join Filter: 1593183
                    ->  Gather Merge  (cost=872002.71..872026.71 rows=206 width=65) (actual time=13112.396..13117.847 rows=15767 loops=1)
                          Workers Planned: 2
                          Workers Launched: 2
                          ->  Sort  (cost=871002.69..871002.91 rows=86 width=65) (actual time=13089.239..13090.005 rows=5256 loops=3)
                                Sort Key: i.i_brand, i.i_brand_id, i.i_manufact_id, i.i_manufact
                                Sort Method: quicksort  Memory: 648kB
                                Worker 0:  Sort Method: quicksort  Memory: 649kB
                                Worker 1:  Sort Method: quicksort  Memory: 804kB
                                ->  Parallel Hash Join  (cost=865079.27..870999.93 rows=86 width=65) (actual time=13026.365..13077.997 rows=5256 loops=3)
                                      Hash Cond: (ca.ca_address_sk = c.c_current_addr_sk)
                                      ->  Parallel Seq Scan on customer_address ca  (cost=0.00..5529.67 rows=104167 width=14) (actual time=0.266..37.628 rows=83333 loops=3)
                                      ->  Parallel Hash  (cost=865078.20..865078.20 rows=86 width=67) (actual time=13025.849..13025.861 rows=5256 loops=3)
                                            Buckets: 16384 (originally 1024)  Batches: 1 (originally 1)  Memory Usage: 1976kB
                                            ->  Parallel Hash Join  (cost=850341.26..865078.20 rows=86 width=67) (actual time=12844.764..13015.385 rows=5256 loops=3)
                                                  Hash Cond: (c.c_customer_sk = ss.ss_customer_sk)
                                                  ->  Parallel Seq Scan on customer c  (cost=0.00..13955.33 rows=208333 width=16) (actual time=0.206..142.634 rows=166667 loops=3)
                                                  ->  Parallel Hash  (cost=850340.13..850340.13 rows=90 width=67) (actual time=12844.316..12844.325 rows=5387 loops=3)
                                                        Buckets: 16384 (originally 1024)  Batches: 1 (originally 1)  Memory Usage: 1976kB
                                                        ->  Parallel Hash Join  (cost=7721.89..850340.13 rows=90 width=67) (actual time=414.647..12563.956 rows=5387 loops=3)
                                                              Hash Cond: (ss.ss_item_sk = i.i_item_sk)
                                                              ->  Parallel Hash Join  (cost=2676.78..845276.43 rows=4857 width=30) (actual time=4.544..12087.459 rows=294196 loops=3)
                                                                    Hash Cond: (ss.ss_sold_date_sk = d.d_date_sk)
                                                                    ->  Parallel Seq Scan on store_sales ss  (cost=0.00..797561.78 rows=12002578 width=38) (actual time=0.574..11326.565 rows=9600330 loops=3)
                                                                    ->  Parallel Hash  (cost=2676.55..2676.55 rows=18 width=8) (actual time=3.339..3.341 rows=10 loops=3)
                                                                          Buckets: 1024  Batches: 1  Memory Usage: 72kB
                                                                          ->  Parallel Seq Scan on date_dim d  (cost=0.00..2676.55 rows=18 width=8) (actual time=2.234..3.256 rows=10 loops=3)
                                                                                Filter: ((d_moy = 11) AND (d_year = 1998))
                                                                                Rows Removed by Filter: 24340
                                                              ->  Parallel Hash  (cost=5035.25..5035.25 rows=789 width=53) (actual time=409.750..409.751 rows=612 loops=3)
                                                                    Buckets: 2048  Batches: 1  Memory Usage: 272kB
                                                                    ->  Parallel Seq Scan on item i  (cost=0.00..5035.25 rows=789 width=53) (actual time=266.529..276.715 rows=612 loops=3)
                                                                          Filter: (i_manager_id = 8)
                                                                          Rows Removed by Filter: 33388
                    ->  Materialize  (cost=0.00..6.53 rows=102 width=14) (actual time=0.000..0.003 rows=102 loops=15767)
                          ->  Seq Scan on store s  (cost=0.00..6.02 rows=102 width=14) (actual time=0.055..0.085 rows=102 loops=1)
Planning Time: 0.718 ms
JIT:
  Functions: 129
  Options: Inlining true, Optimization true, Expressions true, Deforming true
  Timing: Generation 10.311 ms, Inlining 133.607 ms, Optimization 669.774 ms, Emission 459.802 ms, Total 1273.495 ms
Execution Time: 13704.876 ms","Limit  (cost=872518.11..872518.36 rows=100 width=77) (actual time=14304.889..14305.521 rows=100 loops=1)
  ->  Sort  (cost=872518.11..872518.60 rows=196 width=77) (actual time=13841.787..13842.413 rows=100 loops=1)
        Sort Key: (COALESCE(sum(store_sales.ss_ext_sales_price), '0'::numeric)) DESC NULLS LAST, item.i_brand NULLS FIRST, item.i_brand_id NULLS FIRST, item.i_manufact_id NULLS FIRST, item.i_manufact NULLS FIRST
        Sort Method: top-N heapsort  Memory: 47kB
        ->  GroupAggregate  (cost=872002.71..872510.65 rows=196 width=77) (actual time=13722.864..13841.649 rows=936 loops=1)
              Group Key: item.i_brand_id, item.i_brand, item.i_manufact_id, item.i_manufact
              ->  Nested Loop  (cost=872002.71..872505.75 rows=196 width=51) (actual time=13722.737..13839.137 rows=15051 loops=1)
                    Join Filter: ((store_sales.ss_store_sk = store.s_store_sk) AND (SUBSTRING(customer_address.ca_zip FROM 1 FOR 5) <> SUBSTRING(store.s_zip FROM 1 FOR 5)))
                    Rows Removed by Join Filter: 1593183
                    ->  Gather Merge  (cost=872002.71..872026.71 rows=206 width=65) (actual time=13722.652..13727.671 rows=15767 loops=1)
                          Workers Planned: 2
                          Workers Launched: 2
                          ->  Sort  (cost=871002.69..871002.91 rows=86 width=65) (actual time=13705.032..13705.748 rows=5256 loops=3)
                                Sort Key: item.i_brand_id NULLS FIRST, item.i_brand NULLS FIRST, item.i_manufact_id NULLS FIRST, item.i_manufact NULLS FIRST
                                Sort Method: quicksort  Memory: 681kB
                                Worker 0:  Sort Method: quicksort  Memory: 653kB
                                Worker 1:  Sort Method: quicksort  Memory: 779kB
                                ->  Parallel Hash Join  (cost=865079.27..870999.93 rows=86 width=65) (actual time=13645.312..13699.374 rows=5256 loops=3)
                                      Hash Cond: (customer_address.ca_address_sk = customer.c_current_addr_sk)
                                      ->  Parallel Seq Scan on customer_address  (cost=0.00..5529.67 rows=104167 width=14) (actual time=0.285..39.809 rows=83333 loops=3)
                                      ->  Parallel Hash  (cost=865078.20..865078.20 rows=86 width=67) (actual time=13644.763..13644.774 rows=5256 loops=3)
                                            Buckets: 16384 (originally 1024)  Batches: 1 (originally 1)  Memory Usage: 1976kB
                                            ->  Parallel Hash Join  (cost=850341.26..865078.20 rows=86 width=67) (actual time=13469.393..13634.430 rows=5256 loops=3)
                                                  Hash Cond: (customer.c_customer_sk = store_sales.ss_customer_sk)
                                                  ->  Parallel Seq Scan on customer  (cost=0.00..13955.33 rows=208333 width=16) (actual time=0.211..138.197 rows=166667 loops=3)
                                                  ->  Parallel Hash  (cost=850340.13..850340.13 rows=90 width=67) (actual time=13468.934..13468.942 rows=5387 loops=3)
                                                        Buckets: 16384 (originally 1024)  Batches: 1 (originally 1)  Memory Usage: 1976kB
                                                        ->  Parallel Hash Join  (cost=7721.89..850340.13 rows=90 width=67) (actual time=740.074..13142.182 rows=5387 loops=3)
                                                              Hash Cond: (store_sales.ss_item_sk = item.i_item_sk)
                                                              ->  Parallel Hash Join  (cost=2676.78..845276.43 rows=4857 width=30) (actual time=365.436..12704.025 rows=294196 loops=3)
                                                                    Hash Cond: (store_sales.ss_sold_date_sk = date_dim.d_date_sk)
                                                                    ->  Parallel Seq Scan on store_sales  (cost=0.00..797561.78 rows=12002578 width=38) (actual time=0.301..11582.292 rows=9600330 loops=3)
                                                                    ->  Parallel Hash  (cost=2676.55..2676.55 rows=18 width=8) (actual time=364.470..364.472 rows=10 loops=3)
                                                                          Buckets: 1024  Batches: 1  Memory Usage: 72kB
                                                                          ->  Parallel Seq Scan on date_dim  (cost=0.00..2676.55 rows=18 width=8) (actual time=122.978..124.381 rows=10 loops=3)
                                                                                Filter: ((d_moy = 11) AND (d_year = 1998))
                                                                                Rows Removed by Filter: 24340
                                                              ->  Parallel Hash  (cost=5035.25..5035.25 rows=789 width=53) (actual time=374.336..374.337 rows=612 loops=3)
                                                                    Buckets: 2048  Batches: 1  Memory Usage: 240kB
                                                                    ->  Parallel Seq Scan on item  (cost=0.00..5035.25 rows=789 width=53) (actual time=123.484..131.877 rows=612 loops=3)
                                                                          Filter: (i_manager_id = 8)
                                                                          Rows Removed by Filter: 33388
                    ->  Materialize  (cost=0.00..6.53 rows=102 width=14) (actual time=0.000..0.003 rows=102 loops=15767)
                          ->  Seq Scan on store  (cost=0.00..6.02 rows=102 width=14) (actual time=0.062..0.093 rows=102 loops=1)
Planning Time: 0.773 ms
JIT:
  Functions: 129
  Options: Inlining true, Optimization true, Expressions true, Deforming true
  Timing: Generation 8.749 ms, Inlining 106.203 ms, Optimization 660.845 ms, Emission 429.686 ms, Total 1205.483 ms
Execution Time: 14309.850 ms",SUCCESS
36,37,TPCDS,Q20,"select
       i.i_item_id,
       i.i_item_desc,
       i.i_category,
       i.i_class,
       i.i_current_price,
       sum(cs.cs_ext_sales_price) as itemrevenue,
       sum(cs.cs_ext_sales_price) * 100
         / sum(sum(cs.cs_ext_sales_price)) over (partition by i.i_class)
         as revenueratio
from tpcds.catalog_sales cs
join tpcds.item i
  on cs.cs_item_sk = i.i_item_sk
join tpcds.date_dim d
  on cs.cs_sold_date_sk = d.d_date_sk
where i.i_category in ('Sports','Books','Home')
  and d.d_date between date '1999-02-22'
                     and date '1999-02-22' + interval '30 days'
group by
       i.i_item_id,
       i.i_item_desc,
       i.i_category,
       i.i_class,
       i.i_current_price
order by
       i.i_category,
       i.i_class,
       i.i_item_id,
       i.i_item_desc,
       revenueratio
limit 100;","selected_catalog_sales = catalog_sales.WHERE(
    MONOTONIC(DATETIME('1999-02-22'), sold_date.date, DATETIME('1999-02-22', '+30 days'))
)
result = items.WHERE(
    HAS(selected_catalog_sales)
    & ISIN(category, ('Sports','Books','Home'))
).PARTITION(
    name='i_class', by=item_class
).items.CALCULATE(
    i_item_id=_id,
    i_item_desc=description,
    i_category=category,
    i_class=item_class,
    i_current_price=current_price,
    itemrevenue=SUM(selected_catalog_sales.ext_sales_price),
    revenueratio=(100*SUM(selected_catalog_sales.ext_sales_price)) / RELSUM(SUM(selected_catalog_sales.ext_sales_price), per='i_class')
).PARTITION(
    name='items_desc', by=(i_item_id, i_item_desc, i_category, i_class, i_current_price, itemrevenue, revenueratio)
).TOP_K(100, by=(i_category, i_class.ASC(na_pos='last'), i_item_id, i_item_desc.ASC(na_pos='last'), revenueratio))","WITH _t3 AS (
  SELECT
    d_date,
    d_date_sk
  FROM tpcds.date_dim
  WHERE
    d_date <= CAST('1999-03-24' AS DATE) AND d_date >= CAST('1999-02-22' AS DATE)
), _u_0 AS (
  SELECT
    catalog_sales.cs_item_sk AS _u_1
  FROM tpcds.catalog_sales AS catalog_sales
  JOIN _t3 AS _t3
    ON _t3.d_date_sk = catalog_sales.cs_sold_date_sk
  GROUP BY
    1
), _s7 AS (
  SELECT
    catalog_sales.cs_ext_sales_price,
    catalog_sales.cs_item_sk
  FROM tpcds.catalog_sales AS catalog_sales
  JOIN _t3 AS _t4
    ON _t4.d_date_sk = catalog_sales.cs_sold_date_sk
), _t0 AS (
  SELECT
    MAX(item.i_category) AS anything_i_category,
    MAX(item.i_class) AS anything_i_class,
    MAX(item.i_current_price) AS anything_i_current_price,
    MAX(item.i_item_desc) AS anything_i_item_desc,
    MAX(item.i_item_id) AS anything_i_item_id,
    SUM(_s7.cs_ext_sales_price) AS sum_cs_ext_sales_price
  FROM tpcds.item AS item
  LEFT JOIN _u_0 AS _u_0
    ON _u_0._u_1 = item.i_item_sk
  LEFT JOIN _s7 AS _s7
    ON _s7.cs_item_sk = item.i_item_sk
  WHERE
    NOT _u_0._u_1 IS NULL AND item.i_category IN ('Sports', 'Books', 'Home')
  GROUP BY
    item.i_item_sk
)
SELECT
  anything_i_item_id AS i_item_id,
  anything_i_item_desc AS i_item_desc,
  anything_i_category AS i_category,
  anything_i_class AS i_class,
  anything_i_current_price AS i_current_price,
  COALESCE(sum_cs_ext_sales_price, 0) AS itemrevenue,
  CAST((
    100 * COALESCE(sum_cs_ext_sales_price, 0)
  ) AS DOUBLE PRECISION) / SUM(COALESCE(sum_cs_ext_sales_price, 0)) OVER (PARTITION BY anything_i_class) AS revenueratio
FROM _t0
ORDER BY
  3 NULLS FIRST,
  4,
  1 NULLS FIRST,
  2,
  7 NULLS FIRST
LIMIT 100",10.294088769000155,19.763107057000525,"Limit  (cost=603612.44..603612.69 rows=100 width=204) (actual time=4990.556..4991.950 rows=100 loops=1)
  ->  Sort  (cost=603612.44..603616.99 rows=1823 width=204) (actual time=4668.120..4669.509 rows=100 loops=1)
        Sort Key: i.i_category, i.i_class, i.i_item_id, i.i_item_desc, ((((sum(cs.cs_ext_sales_price)) * '100'::numeric) / sum((sum(cs.cs_ext_sales_price))) OVER (?)))
        Sort Method: top-N heapsort  Memory: 67kB
        ->  WindowAgg  (cost=603501.75..603542.76 rows=1823 width=204) (actual time=4654.556..4665.503 rows=14107 loops=1)
              ->  Sort  (cost=603501.75..603506.30 rows=1823 width=172) (actual time=4654.403..4656.657 rows=14107 loops=1)
                    Sort Key: i.i_class
                    Sort Method: quicksort  Memory: 2811kB
                    ->  Finalize GroupAggregate  (cost=603155.38..603403.01 rows=1823 width=172) (actual time=4620.769..4649.249 rows=14107 loops=1)
                          Group Key: i.i_item_id, i.i_item_desc, i.i_category, i.i_class, i.i_current_price
                          ->  Gather Merge  (cost=603155.38..603353.62 rows=1520 width=172) (actual time=4620.744..4639.839 rows=14107 loops=1)
                                Workers Planned: 2
                                Workers Launched: 2
                                ->  Partial GroupAggregate  (cost=602155.35..602178.15 rows=760 width=172) (actual time=4600.111..4608.173 rows=4702 loops=3)
                                      Group Key: i.i_item_id, i.i_item_desc, i.i_category, i.i_class, i.i_current_price
                                      ->  Sort  (cost=602155.35..602157.25 rows=760 width=146) (actual time=4600.059..4601.232 rows=13570 loops=3)
                                            Sort Key: i.i_item_id, i.i_item_desc, i.i_category, i.i_class, i.i_current_price
                                            Sort Method: quicksort  Memory: 3517kB
                                            Worker 0:  Sort Method: quicksort  Memory: 2370kB
                                            Worker 1:  Sort Method: quicksort  Memory: 2356kB
                                            ->  Parallel Hash Join  (cost=596979.67..602118.99 rows=760 width=146) (actual time=4539.377..4556.769 rows=13570 loops=3)
                                                  Hash Cond: (i.i_item_sk = cs.cs_item_sk)
                                                  ->  Parallel Seq Scan on item i  (cost=0.00..5088.38 rows=12740 width=148) (actual time=0.083..12.102 rows=10145 loops=3)
                                                        Filter: ((i_category)::text = ANY ('{Sports,Books,Home}'::text[]))
                                                        Rows Removed by Filter: 23855
                                                  ->  Parallel Hash  (cost=596947.99..596947.99 rows=2534 width=14) (actual time=4539.135..4539.140 rows=45386 loops=3)
                                                        Buckets: 262144 (originally 8192)  Batches: 1 (originally 1)  Memory Usage: 10528kB
                                                        ->  Parallel Hash Join  (cost=2676.78..596947.99 rows=2534 width=14) (actual time=2992.888..4522.202 rows=45386 loops=3)
                                                              Hash Cond: (cs.cs_sold_date_sk = d.d_date_sk)
                                                              ->  Parallel Seq Scan on catalog_sales cs  (cost=0.00..571755.28 rows=6000328 width=22) (actual time=0.020..3873.617 rows=4800420 loops=3)
                                                              ->  Parallel Hash  (cost=2676.55..2676.55 rows=18 width=8) (actual time=2.505..2.506 rows=10 loops=3)
                                                                    Buckets: 1024  Batches: 1  Memory Usage: 40kB
                                                                    ->  Parallel Seq Scan on date_dim d  (cost=0.00..2676.55 rows=18 width=8) (actual time=3.549..7.491 rows=31 loops=1)
                                                                          Filter: ((d_date >= '1999-02-22'::date) AND (d_date <= '1999-03-24 00:00:00'::timestamp without time zone))
                                                                          Rows Removed by Filter: 73018
Planning Time: 0.267 ms
JIT:
  Functions: 93
  Options: Inlining true, Optimization true, Expressions true, Deforming true
  Timing: Generation 6.938 ms, Inlining 225.332 ms, Optimization 578.224 ms, Emission 369.095 ms, Total 1179.590 ms
Execution Time: 4995.396 ms","Limit  (cost=1455944.25..1455944.50 rows=100 width=200) (actual time=19895.842..19895.864 rows=100 loops=1)
  CTE _t3
    ->  Seq Scan on date_dim  (cost=0.00..3127.73 rows=31 width=12) (actual time=4.606..8.999 rows=31 loops=1)
          Filter: ((d_date <= '1999-03-24'::date) AND (d_date >= '1999-02-22'::date))
          Rows Removed by Filter: 73018
  ->  Sort  (cost=1452816.51..1452892.95 rows=30576 width=200) (actual time=19368.771..19368.786 rows=100 loops=1)
        Sort Key: _t0.anything_i_category NULLS FIRST, _t0.anything_i_class, _t0.anything_i_item_id NULLS FIRST, _t0.anything_i_item_desc, (((('100'::numeric * COALESCE(_t0.sum_cs_ext_sales_price, '0'::numeric)))::double precision / (sum(COALESCE(_t0.sum_cs_ext_sales_price, '0'::numeric)) OVER (?))::double precision)) NULLS FIRST
        Sort Method: top-N heapsort  Memory: 65kB
        ->  WindowAgg  (cost=1450807.08..1451647.92 rows=30576 width=200) (actual time=19353.929..19364.322 rows=14107 loops=1)
              ->  Sort  (cost=1450807.08..1450883.52 rows=30576 width=192) (actual time=19353.749..19354.534 rows=14107 loops=1)
                    Sort Key: _t0.anything_i_class
                    Sort Method: quicksort  Memory: 2804kB
                    ->  Subquery Scan on _t0  (cost=1443831.31..1445704.65 rows=30576 width=192) (actual time=19324.481..19347.821 rows=14107 loops=1)
                          ->  GroupAggregate  (cost=1443831.31..1445398.89 rows=30576 width=200) (actual time=19324.477..19347.037 rows=14107 loops=1)
                                Group Key: item.i_item_sk
                                ->  Sort  (cost=1443831.31..1443979.48 rows=59269 width=154) (actual time=19324.420..19329.081 rows=40709 loops=1)
                                      Sort Key: item.i_item_sk
                                      Sort Method: external merge  Disk: 6608kB
                                      ->  Hash Right Join  (cost=720786.84..1434470.77 rows=59269 width=154) (actual time=9487.061..19301.994 rows=40709 loops=1)
                                            Hash Cond: (catalog_sales.cs_item_sk = item.i_item_sk)
                                            ->  Hash Join  (cost=1.01..712184.50 rows=242067 width=14) (actual time=0.079..9790.461 rows=136158 loops=1)
                                                  Hash Cond: (catalog_sales.cs_sold_date_sk = _t4.d_date_sk)
                                                  ->  Seq Scan on catalog_sales  (cost=0.00..655759.87 rows=14400787 width=22) (actual time=0.017..9050.903 rows=14401261 loops=1)
                                                  ->  Hash  (cost=0.62..0.62 rows=31 width=8) (actual time=0.041..0.043 rows=31 loops=1)
                                                        Buckets: 1024  Batches: 1  Memory Usage: 10kB
                                                        ->  CTE Scan on _t3 _t4  (cost=0.00..0.62 rows=31 width=8) (actual time=0.031..0.035 rows=31 loops=1)
                                            ->  Hash  (cost=720473.66..720473.66 rows=24974 width=148) (actual time=9486.892..9486.898 rows=14107 loops=1)
                                                  Buckets: 32768  Batches: 1  Memory Usage: 2794kB
                                                  ->  Hash Join  (cost=719078.37..720473.66 rows=24974 width=148) (actual time=9455.348..9481.389 rows=14107 loops=1)
                                                        Hash Cond: (catalog_sales_1.cs_item_sk = item.i_item_sk)
                                                        ->  HashAggregate  (cost=712789.67..713622.80 rows=83313 width=8) (actual time=9414.144..9423.277 rows=47342 loops=1)
                                                              Group Key: catalog_sales_1.cs_item_sk
                                                              Batches: 1  Memory Usage: 5137kB
                                                              ->  Hash Join  (cost=1.01..712184.50 rows=242067 width=8) (actual time=9.100..9378.021 rows=136158 loops=1)
                                                                    Hash Cond: (catalog_sales_1.cs_sold_date_sk = _t3.d_date_sk)
                                                                    ->  Seq Scan on catalog_sales catalog_sales_1  (cost=0.00..655759.87 rows=14400787 width=16) (actual time=0.042..8693.872 rows=14401261 loops=1)
                                                                          Filter: (cs_item_sk IS NOT NULL)
                                                                    ->  Hash  (cost=0.62..0.62 rows=31 width=8) (actual time=9.025..9.026 rows=31 loops=1)
                                                                          Buckets: 1024  Batches: 1  Memory Usage: 10kB
                                                                          ->  CTE Scan on _t3  (cost=0.00..0.62 rows=31 width=8) (actual time=4.614..9.013 rows=31 loops=1)
                                                        ->  Hash  (cost=5906.50..5906.50 rows=30576 width=148) (actual time=41.111..41.112 rows=30436 loops=1)
                                                              Buckets: 32768  Batches: 1  Memory Usage: 5754kB
                                                              ->  Seq Scan on item  (cost=0.00..5906.50 rows=30576 width=148) (actual time=0.356..32.777 rows=30436 loops=1)
                                                                    Filter: ((i_category)::text = ANY ('{Sports,Books,Home}'::text[]))
                                                                    Rows Removed by Filter: 71564
Planning Time: 0.503 ms
JIT:
  Functions: 58
  Options: Inlining true, Optimization true, Expressions true, Deforming true
  Timing: Generation 4.628 ms, Inlining 19.004 ms, Optimization 299.680 ms, Emission 208.596 ms, Total 531.909 ms
Execution Time: 19902.435 ms",SUCCESS
37,38,TPCDS,Q21,"select * from (
    select
        w.w_warehouse_name,
        i.i_item_id,
        sum(
            case
                when d.d_date < date '2000-03-11'
                then inv.inv_quantity_on_hand
                else 0
            end
        ) as inv_before,
        sum(
            case
                when d.d_date >= date '2000-03-11'
                then inv.inv_quantity_on_hand
                else 0
            end
        ) as inv_after
    from tpcds.inventory inv
    join tpcds.warehouse w
      on inv.inv_warehouse_sk = w.w_warehouse_sk
    join tpcds.item i
      on inv.inv_item_sk = i.i_item_sk
    join tpcds.date_dim d
      on inv.inv_date_sk = d.d_date_sk
    where i.i_current_price between 0.99 and 1.49
      and d.d_date between date '2000-03-11' - interval '30 days'
                        and date '2000-03-11' + interval '30 days'
    group by
        w.w_warehouse_name,
        i.i_item_id
) x
where
    case
        when inv_before > 0
        then inv_after::numeric / inv_before
        else null
    end between 2.0/3.0 and 3.0/2.0
order by
    w_warehouse_name,
    i_item_id
limit 100;","result = inventory.WHERE(
    PRESENT(warehouse.name)
    & HAS(item)
    & MONOTONIC(0.99, item.current_price, 1.49)
    & MONOTONIC(DATETIME('2000-03-11', '-30 days'), snapshot_date.date, DATETIME('2000-03-11', '+30 days'))
).CALCULATE(
    w_warehouse_name=warehouse.name,
    i_item_id=item._id,
    inventory_date=snapshot_date.date
).PARTITION(
    name='warehouse_groups', by=(w_warehouse_name, i_item_id)
).CALCULATE(
    w_warehouse_name,
    i_item_id,
    inv_before=SUM(KEEP_IF(inventory.quantity_on_hand, inventory.inventory_date < DATETIME('2000-03-11'))),
    inv_after=SUM(KEEP_IF(inventory.quantity_on_hand, inventory.inventory_date > DATETIME('2000-03-11')))
).WHERE(
    MONOTONIC(2/3, IFF(inv_before > 0, inv_after/inv_before, None), 3/2)
).TOP_K(100, by=(w_warehouse_name, i_item_id))","WITH _t1 AS (
  SELECT
    item.i_item_id,
    warehouse.w_warehouse_name,
    SUM(
      CASE
        WHEN date_dim.d_date > CAST('2000-03-11' AS DATE)
        THEN inventory.inv_quantity_on_hand
        ELSE NULL
      END
    ) AS sum_expr,
    SUM(
      CASE
        WHEN date_dim.d_date < CAST('2000-03-11' AS DATE)
        THEN inventory.inv_quantity_on_hand
        ELSE NULL
      END
    ) AS sum_expr_3
  FROM tpcds.inventory AS inventory
  JOIN tpcds.warehouse AS warehouse
    ON NOT warehouse.w_warehouse_name IS NULL
    AND inventory.inv_warehouse_sk = warehouse.w_warehouse_sk
  JOIN tpcds.item AS item
    ON inventory.inv_item_sk = item.i_item_sk
    AND item.i_current_price <= 1.49
    AND item.i_current_price >= 0.99
  JOIN tpcds.date_dim AS date_dim
    ON date_dim.d_date <= CAST('2000-04-10' AS DATE)
    AND date_dim.d_date >= CAST('2000-02-10' AS DATE)
    AND date_dim.d_date_sk = inventory.inv_date_sk
  GROUP BY
    1,
    2
)
SELECT
  w_warehouse_name,
  i_item_id,
  sum_expr_3 AS inv_before,
  COALESCE(sum_expr, 0) AS inv_after
FROM _t1
WHERE
  CASE
    WHEN (
      NOT sum_expr_3 IS NULL AND sum_expr_3 > 0
    )
    THEN CAST(COALESCE(sum_expr, 0) AS DOUBLE PRECISION) / COALESCE(sum_expr_3, 0)
    ELSE NULL
  END <= 1.5
  AND CASE
    WHEN (
      NOT sum_expr_3 IS NULL AND sum_expr_3 > 0
    )
    THEN CAST(COALESCE(sum_expr, 0) AS DOUBLE PRECISION) / COALESCE(sum_expr_3, 0)
    ELSE NULL
  END >= 0.6666666666666666
ORDER BY
  1 NULLS FIRST,
  2 NULLS FIRST
LIMIT 100",19.429073481999694,19.842327067000042,"Limit  (cost=1747021.09..1747156.95 rows=100 width=151) (actual time=19516.449..19523.801 rows=100 loops=1)
  ->  Finalize GroupAggregate  (cost=1747021.09..1748007.45 rows=726 width=151) (actual time=19268.512..19275.856 rows=100 loops=1)
        Group Key: w.w_warehouse_name, i.i_item_id
        Filter: ((CASE WHEN (sum(CASE WHEN (d.d_date < '2000-03-11'::date) THEN inv.inv_quantity_on_hand ELSE 0 END) > 0) THEN ((sum(CASE WHEN (d.d_date >= '2000-03-11'::date) THEN inv.inv_quantity_on_hand ELSE 0 END))::numeric / (sum(CASE WHEN (d.d_date < '2000-03-11'::date) THEN inv.inv_quantity_on_hand ELSE 0 END))::numeric) ELSE NULL::numeric END >= 0.66666666666666666667) AND (CASE WHEN (sum(CASE WHEN (d.d_date < '2000-03-11'::date) THEN inv.inv_quantity_on_hand ELSE 0 END) > 0) THEN ((sum(CASE WHEN (d.d_date >= '2000-03-11'::date) THEN inv.inv_quantity_on_hand ELSE 0 END))::numeric / (sum(CASE WHEN (d.d_date < '2000-03-11'::date) THEN inv.inv_quantity_on_hand ELSE 0 END))::numeric) ELSE NULL::numeric END <= 1.5000000000000000))
        Rows Removed by Filter: 53
        ->  Gather Merge  (cost=1747021.09..1747724.32 rows=5444 width=151) (actual time=19268.484..19275.700 rows=460 loops=1)
              Workers Planned: 2
              Workers Launched: 2
              ->  Partial GroupAggregate  (cost=1746021.07..1746095.92 rows=2722 width=151) (actual time=19225.374..19226.195 rows=568 loops=3)
                    Group Key: w.w_warehouse_name, i.i_item_id
                    ->  Sort  (cost=1746021.07..1746027.87 rows=2722 width=143) (actual time=19225.317..19225.779 rows=1356 loops=3)
                          Sort Key: w.w_warehouse_name, i.i_item_id
                          Sort Method: external merge  Disk: 3776kB
                          Worker 0:  Sort Method: external merge  Disk: 3920kB
                          Worker 1:  Sort Method: external merge  Disk: 6832kB
                          ->  Hash Join  (cost=7863.58..1745865.77 rows=2722 width=143) (actual time=7972.706..18887.062 rows=96780 loops=3)
                                Hash Cond: (inv.inv_warehouse_sk = w.w_warehouse_sk)
                                ->  Parallel Hash Join  (cost=7851.33..1745816.09 rows=2722 width=33) (actual time=7744.010..18641.592 rows=96780 loops=3)
                                      Hash Cond: (inv.inv_item_sk = i.i_item_sk)
                                      ->  Parallel Hash Join  (cost=2676.98..1740465.26 rows=44037 width=24) (actual time=7732.158..18465.186 rows=1530000 loops=3)
                                            Hash Cond: (inv.inv_date_sk = d.d_date_sk)
                                            ->  Parallel Seq Scan on inventory inv  (cost=0.00..1529543.37 rows=55463137 width=28) (actual time=0.228..15100.872 rows=44370000 loops=3)
                                            ->  Parallel Hash  (cost=2676.55..2676.55 rows=34 width=12) (actual time=2.641..2.642 rows=20 loops=3)
                                                  Buckets: 1024  Batches: 1  Memory Usage: 40kB
                                                  ->  Parallel Seq Scan on date_dim d  (cost=0.00..2676.55 rows=34 width=12) (actual time=3.953..7.890 rows=61 loops=1)
                                                        Filter: ((d_date >= '2000-02-10 00:00:00'::timestamp without time zone) AND (d_date <= '2000-04-10 00:00:00'::timestamp without time zone))
                                                        Rows Removed by Filter: 72988
                                      ->  Parallel Hash  (cost=5141.50..5141.50 rows=2628 width=25) (actual time=11.692..11.693 rows=2155 loops=3)
                                            Buckets: 8192  Batches: 1  Memory Usage: 480kB
                                            ->  Parallel Seq Scan on item i  (cost=0.00..5141.50 rows=2628 width=25) (actual time=0.632..32.969 rows=6464 loops=1)
                                                  Filter: ((i_current_price >= 0.99) AND (i_current_price <= 1.49))
                                                  Rows Removed by Filter: 95536
                                ->  Hash  (cost=11.00..11.00 rows=100 width=126) (actual time=228.660..228.661 rows=10 loops=3)
                                      Buckets: 1024  Batches: 1  Memory Usage: 9kB
                                      ->  Seq Scan on warehouse w  (cost=0.00..11.00 rows=100 width=126) (actual time=228.633..228.637 rows=10 loops=3)
Planning Time: 0.341 ms
JIT:
  Functions: 113
  Options: Inlining true, Optimization true, Expressions true, Deforming true
  Timing: Generation 5.824 ms, Inlining 181.733 ms, Optimization 431.499 ms, Emission 320.901 ms, Total 939.957 ms
Execution Time: 19527.095 ms","Limit  (cost=1748042.46..1748042.71 rows=100 width=151) (actual time=19616.518..19620.738 rows=100 loops=1)
  ->  Sort  (cost=1748042.46..1748044.27 rows=726 width=151) (actual time=19355.406..19359.619 rows=100 loops=1)
        Sort Key: _t1.w_warehouse_name NULLS FIRST, _t1.i_item_id NULLS FIRST
        Sort Method: top-N heapsort  Memory: 38kB
        ->  Subquery Scan on _t1  (cost=1747021.09..1748014.71 rows=726 width=151) (actual time=19276.967..19354.962 rows=16926 loops=1)
              ->  Finalize GroupAggregate  (cost=1747021.09..1748007.45 rows=726 width=151) (actual time=19276.963..19353.606 rows=16926 loops=1)
                    Group Key: item.i_item_id, warehouse.w_warehouse_name
                    Filter: ((CASE WHEN ((sum(CASE WHEN (date_dim.d_date < '2000-03-11'::date) THEN inventory.inv_quantity_on_hand ELSE NULL::integer END) IS NOT NULL) AND (sum(CASE WHEN (date_dim.d_date < '2000-03-11'::date) THEN inventory.inv_quantity_on_hand ELSE NULL::integer END) > 0)) THEN ((COALESCE(sum(CASE WHEN (date_dim.d_date > '2000-03-11'::date) THEN inventory.inv_quantity_on_hand ELSE NULL::integer END), '0'::bigint))::double precision / (COALESCE(sum(CASE WHEN (date_dim.d_date < '2000-03-11'::date) THEN inventory.inv_quantity_on_hand ELSE NULL::integer END), '0'::bigint))::double precision) ELSE NULL::double precision END <= '1.5'::double precision) AND (CASE WHEN ((sum(CASE WHEN (date_dim.d_date < '2000-03-11'::date) THEN inventory.inv_quantity_on_hand ELSE NULL::integer END) IS NOT NULL) AND (sum(CASE WHEN (date_dim.d_date < '2000-03-11'::date) THEN inventory.inv_quantity_on_hand ELSE NULL::integer END) > 0)) THEN ((COALESCE(sum(CASE WHEN (date_dim.d_date > '2000-03-11'::date) THEN inventory.inv_quantity_on_hand ELSE NULL::integer END), '0'::bigint))::double precision / (COALESCE(sum(CASE WHEN (date_dim.d_date < '2000-03-11'::date) THEN inventory.inv_quantity_on_hand ELSE NULL::integer END), '0'::bigint))::double precision) ELSE NULL::double precision END >= '0.6666666666666666'::double precision))
                    Rows Removed by Filter: 12108
                    ->  Gather Merge  (cost=1747021.09..1747724.32 rows=5444 width=151) (actual time=19276.945..19340.367 rows=79839 loops=1)
                          Workers Planned: 2
                          Workers Launched: 2
                          ->  Partial GroupAggregate  (cost=1746021.07..1746095.92 rows=2722 width=151) (actual time=19245.362..19281.769 rows=26613 loops=3)
                                Group Key: item.i_item_id, warehouse.w_warehouse_name
                                ->  Sort  (cost=1746021.07..1746027.87 rows=2722 width=143) (actual time=19245.319..19263.863 rows=87102 loops=3)
                                      Sort Key: item.i_item_id, warehouse.w_warehouse_name
                                      Sort Method: external merge  Disk: 5944kB
                                      Worker 0:  Sort Method: external merge  Disk: 4080kB
                                      Worker 1:  Sort Method: external merge  Disk: 3408kB
                                      ->  Hash Join  (cost=7863.58..1745865.77 rows=2722 width=143) (actual time=7955.016..18930.477 rows=87102 loops=3)
                                            Hash Cond: (inventory.inv_warehouse_sk = warehouse.w_warehouse_sk)
                                            ->  Parallel Hash Join  (cost=7851.33..1745816.09 rows=2722 width=33) (actual time=7733.791..18693.379 rows=96780 loops=3)
                                                  Hash Cond: (inventory.inv_item_sk = item.i_item_sk)
                                                  ->  Parallel Hash Join  (cost=2676.98..1740465.26 rows=44037 width=24) (actual time=7722.301..18516.750 rows=1530000 loops=3)
                                                        Hash Cond: (inventory.inv_date_sk = date_dim.d_date_sk)
                                                        ->  Parallel Seq Scan on inventory  (cost=0.00..1529543.37 rows=55463137 width=28) (actual time=0.235..15140.356 rows=44370000 loops=3)
                                                        ->  Parallel Hash  (cost=2676.55..2676.55 rows=34 width=12) (actual time=2.565..2.566 rows=20 loops=3)
                                                              Buckets: 1024  Batches: 1  Memory Usage: 40kB
                                                              ->  Parallel Seq Scan on date_dim  (cost=0.00..2676.55 rows=34 width=12) (actual time=3.882..7.668 rows=61 loops=1)
                                                                    Filter: ((d_date <= '2000-04-10'::date) AND (d_date >= '2000-02-10'::date))
                                                                    Rows Removed by Filter: 72988
                                                  ->  Parallel Hash  (cost=5141.50..5141.50 rows=2628 width=25) (actual time=11.299..11.300 rows=2155 loops=3)
                                                        Buckets: 8192  Batches: 1  Memory Usage: 480kB
                                                        ->  Parallel Seq Scan on item  (cost=0.00..5141.50 rows=2628 width=25) (actual time=0.671..31.782 rows=6464 loops=1)
                                                              Filter: ((i_current_price <= 1.49) AND (i_current_price >= 0.99))
                                                              Rows Removed by Filter: 95536
                                            ->  Hash  (cost=11.00..11.00 rows=100 width=126) (actual time=221.181..221.181 rows=9 loops=3)
                                                  Buckets: 1024  Batches: 1  Memory Usage: 9kB
                                                  ->  Seq Scan on warehouse  (cost=0.00..11.00 rows=100 width=126) (actual time=221.161..221.165 rows=9 loops=3)
                                                        Filter: (w_warehouse_name IS NOT NULL)
                                                        Rows Removed by Filter: 1
Planning Time: 0.392 ms
JIT:
  Functions: 120
  Options: Inlining true, Optimization true, Expressions true, Deforming true
  Timing: Generation 6.171 ms, Inlining 164.972 ms, Optimization 435.789 ms, Emission 324.059 ms, Total 930.991 ms
Execution Time: 19624.498 ms",SUCCESS
38,39,TPCDS,Q22,"SELECT
    i.i_product_name,
    i.i_brand,
    i.i_class,
    i.i_category,
    AVG(inv.inv_quantity_on_hand) AS qoh
FROM tpcds.inventory inv
JOIN tpcds.date_dim d
  ON inv.inv_date_sk = d.d_date_sk
JOIN tpcds.item i
  ON inv.inv_item_sk = i.i_item_sk
WHERE d.d_month_seq BETWEEN 1190 AND 1190 + 11
GROUP BY ( -- ROLLUP DELETED
    i.i_product_name,
    i.i_brand,
    i.i_class,
    i.i_category
)
ORDER BY
    qoh,
    i.i_product_name,
    i.i_brand,
    i.i_class,
    i.i_category
LIMIT 100;","result = inventory.WHERE(MONOTONIC(1190, snapshot_date.month_seq, (1190 + 11))).CALCULATE(
    i_product_name=item.product_name,
    i_brand=item.brand,
    i_class=item.item_class,
    i_category=item.category
).PARTITION(
    name='item', by=(i_product_name, i_brand, i_class, i_category)
).CALCULATE(
    i_product_name,
    i_brand, 
    i_class, 
    i_category,
    qoh=AVG(inventory.quantity_on_hand)
).TOP_K(100, by=(qoh.ASC(), i_product_name, i_brand, i_class, i_category))","WITH _s2 AS (
  SELECT
    inventory.inv_item_sk,
    COUNT(inventory.inv_quantity_on_hand) AS count_inv_quantity_on_hand,
    SUM(inventory.inv_quantity_on_hand) AS sum_inv_quantity_on_hand
  FROM tpcds.inventory AS inventory
  JOIN tpcds.date_dim AS date_dim
    ON date_dim.d_date_sk = inventory.inv_date_sk
    AND date_dim.d_month_seq <= 1201
    AND date_dim.d_month_seq >= 1190
  GROUP BY
    1
)
SELECT
  item.i_product_name,
  item.i_brand,
  item.i_class,
  item.i_category,
  CAST(SUM(_s2.sum_inv_quantity_on_hand) AS DOUBLE PRECISION) / SUM(_s2.count_inv_quantity_on_hand) AS qoh
FROM _s2 AS _s2
JOIN tpcds.item AS item
  ON _s2.inv_item_sk = item.i_item_sk
GROUP BY
  1,
  2,
  3,
  4
ORDER BY
  5 NULLS FIRST,
  1 NULLS FIRST,
  2 NULLS FIRST,
  3 NULLS FIRST,
  4 NULLS FIRST
LIMIT 100",81.4079426369999,22.91403604199968,"Limit  (cost=1820044.54..1820044.79 rows=100 width=83) (actual time=86541.628..86597.760 rows=100 loops=1)
  ->  Sort  (cost=1820044.54..1820298.91 rows=101748 width=83) (actual time=86297.098..86353.223 rows=100 loops=1)
        Sort Key: (avg(inv.inv_quantity_on_hand)), i.i_product_name, i.i_brand, i.i_class, i.i_category
        Sort Method: top-N heapsort  Memory: 46kB
        ->  Finalize GroupAggregate  (cost=1783802.62..1816155.80 rows=101748 width=83) (actual time=79474.681..86312.630 rows=67967 loops=1)
              Group Key: i.i_product_name, i.i_brand, i.i_class, i.i_category
              ->  Gather Merge  (cost=1783802.62..1812340.25 rows=203496 width=83) (actual time=79474.514..86191.858 rows=203901 loops=1)
                    Workers Planned: 2
                    Workers Launched: 2
                    ->  Partial GroupAggregate  (cost=1782802.59..1787851.74 rows=101748 width=83) (actual time=72386.036..77857.166 rows=67967 loops=3)
                          Group Key: i.i_product_name, i.i_brand, i.i_class, i.i_category
                          ->  Sort  (cost=1782802.59..1783474.54 rows=268778 width=55) (actual time=72385.918..75961.558 rows=8840000 loops=3)
                                Sort Key: i.i_product_name, i.i_brand, i.i_class, i.i_category
                                Sort Method: external merge  Disk: 450872kB
                                Worker 0:  Sort Method: external merge  Disk: 537112kB
                                Worker 1:  Sort Method: external merge  Disk: 793472kB
                                ->  Parallel Hash Join  (cost=8139.40..1749376.62 rows=268778 width=55) (actual time=4518.618..24167.444 rows=8840000 loops=3)
                                      Hash Cond: (inv.inv_item_sk = i.i_item_sk)
                                      ->  Parallel Hash Join  (cost=2679.15..1741788.54 rows=268778 width=12) (actual time=4222.181..20168.563 rows=8840000 loops=3)
                                            Hash Cond: (inv.inv_date_sk = d.d_date_sk)
                                            ->  Parallel Seq Scan on inventory inv  (cost=0.00..1529543.37 rows=55463137 width=20) (actual time=0.317..16094.450 rows=44370000 loops=3)
                                            ->  Parallel Hash  (cost=2676.55..2676.55 rows=208 width=8) (actual time=3.292..3.294 rows=122 loops=3)
                                                  Buckets: 1024  Batches: 1  Memory Usage: 104kB
                                                  ->  Parallel Seq Scan on date_dim d  (cost=0.00..2676.55 rows=208 width=8) (actual time=1.623..3.200 rows=122 loops=3)
                                                        Filter: ((d_month_seq >= 1190) AND (d_month_seq <= 1201))
                                                        Rows Removed by Filter: 24228
                                      ->  Parallel Hash  (cost=4929.00..4929.00 rows=42500 width=59) (actual time=295.835..295.836 rows=34000 loops=3)
                                            Buckets: 131072  Batches: 1  Memory Usage: 10784kB
                                            ->  Parallel Seq Scan on item i  (cost=0.00..4929.00 rows=42500 width=59) (actual time=182.024..194.665 rows=34000 loops=3)
Planning Time: 0.235 ms
JIT:
  Functions: 79
  Options: Inlining true, Optimization true, Expressions true, Deforming true
  Timing: Generation 13.175 ms, Inlining 157.873 ms, Optimization 380.265 ms, Emission 252.542 ms, Total 803.855 ms
Execution Time: 86643.375 ms","Limit  (cost=1824841.08..1824841.33 rows=100 width=59) (actual time=23462.729..23462.961 rows=100 loops=1)
  ->  Sort  (cost=1824841.08..1825047.84 rows=82703 width=59) (actual time=23153.865..23154.092 rows=100 loops=1)
        Sort Key: (((sum(_s2.sum_inv_quantity_on_hand))::double precision / (sum(_s2.count_inv_quantity_on_hand))::double precision)) NULLS FIRST, item.i_product_name NULLS FIRST, item.i_brand NULLS FIRST, item.i_class NULLS FIRST, item.i_category NULLS FIRST
        Sort Method: top-N heapsort  Memory: 43kB
        ->  GroupAggregate  (cost=1818372.11..1821680.23 rows=82703 width=59) (actual time=23068.543..23141.516 rows=67967 loops=1)
              Group Key: item.i_product_name, item.i_brand, item.i_class, item.i_category
              ->  Sort  (cost=1818372.11..1818578.87 rows=82703 width=67) (actual time=23068.476..23093.498 rows=68000 loops=1)
                    Sort Key: item.i_product_name NULLS FIRST, item.i_brand NULLS FIRST, item.i_class NULLS FIRST, item.i_category NULLS FIRST
                    Sort Method: external merge  Disk: 5528kB
                    ->  Hash Join  (cost=1779517.54..1808222.08 rows=82703 width=67) (actual time=20608.404..22885.352 rows=68000 loops=1)
                          Hash Cond: (_s2.inv_item_sk = item.i_item_sk)
                          ->  Subquery Scan on _s2  (cost=1771622.54..1797123.91 rows=82703 width=24) (actual time=20540.125..22762.290 rows=68000 loops=1)
                                ->  Finalize GroupAggregate  (cost=1771622.54..1796296.88 rows=82703 width=24) (actual time=20540.120..22754.318 rows=68000 loops=1)
                                      Group Key: inventory.inv_item_sk
                                      ->  Gather Merge  (cost=1771622.54..1794229.31 rows=165406 width=24) (actual time=20540.068..22716.298 rows=204000 loops=1)
                                            Workers Planned: 2
                                            Workers Launched: 2
                                            ->  Partial GroupAggregate  (cost=1770622.52..1774137.33 rows=82703 width=24) (actual time=20354.405..22177.262 rows=68000 loops=3)
                                                  Group Key: inventory.inv_item_sk
                                                  ->  Sort  (cost=1770622.52..1771294.46 rows=268778 width=12) (actual time=20354.325..21463.471 rows=8840000 loops=3)
                                                        Sort Key: inventory.inv_item_sk
                                                        Sort Method: external merge  Disk: 187976kB
                                                        Worker 0:  Sort Method: external merge  Disk: 173608kB
                                                        Worker 1:  Sort Method: external merge  Disk: 204336kB
                                                        ->  Parallel Hash Join  (cost=2679.15..1741788.54 rows=268778 width=12) (actual time=4279.752..17690.883 rows=8840000 loops=3)
                                                              Hash Cond: (inventory.inv_date_sk = date_dim.d_date_sk)
                                                              ->  Parallel Seq Scan on inventory  (cost=0.00..1529543.37 rows=55463137 width=20) (actual time=0.289..13361.733 rows=44370000 loops=3)
                                                              ->  Parallel Hash  (cost=2676.55..2676.55 rows=208 width=8) (actual time=4.064..4.066 rows=122 loops=3)
                                                                    Buckets: 1024  Batches: 1  Memory Usage: 40kB
                                                                    ->  Parallel Seq Scan on date_dim  (cost=0.00..2676.55 rows=208 width=8) (actual time=5.543..12.010 rows=366 loops=1)
                                                                          Filter: ((d_month_seq <= 1201) AND (d_month_seq >= 1190))
                                                                          Rows Removed by Filter: 72683
                          ->  Hash  (cost=5524.00..5524.00 rows=102000 width=59) (actual time=67.784..67.785 rows=102000 loops=1)
                                Buckets: 131072  Batches: 2  Memory Usage: 5855kB
                                ->  Seq Scan on item  (cost=0.00..5524.00 rows=102000 width=59) (actual time=0.382..36.494 rows=102000 loops=1)
Planning Time: 0.289 ms
JIT:
  Functions: 69
  Options: Inlining true, Optimization true, Expressions true, Deforming true
  Timing: Generation 5.068 ms, Inlining 178.678 ms, Optimization 279.840 ms, Emission 209.310 ms, Total 672.897 ms
Execution Time: 23486.702 ms",SUCCESS
39,40,TPCDS,Q26,"SELECT
       i.i_item_id,
       AVG(cs.cs_quantity)      AS agg1,
       AVG(cs.cs_list_price)    AS agg2,
       AVG(cs.cs_coupon_amt)    AS agg3,
       AVG(cs.cs_sales_price)   AS agg4
FROM tpcds.catalog_sales cs
JOIN tpcds.date_dim d
  ON cs.cs_sold_date_sk = d.d_date_sk
JOIN tpcds.item i
  ON cs.cs_item_sk = i.i_item_sk
JOIN tpcds.customer_demographics cd
  ON cs.cs_bill_cdemo_sk = cd.cd_demo_sk
JOIN tpcds.promotion p
  ON cs.cs_promo_sk = p.p_promo_sk
WHERE d.d_year = 2000                     -- YEAR.01
  AND cd.cd_gender = 'M'                  -- GEN.01
  AND cd.cd_marital_status = 'S'          -- MS.01
  AND cd.cd_education_status = 'College'  -- ES.01
  AND p.p_channel_email = 'N'
  AND p.p_channel_event = 'N'
GROUP BY i.i_item_id
ORDER BY i.i_item_id
LIMIT 100;","result = catalog_sales.WHERE(
    (sold_date.year == 2000)
    & (bill_customer_demographics.gender == 'M')
    & (bill_customer_demographics.marital_status == 'S')
    & (bill_customer_demographics.education_status == 'College')
    & (promotion.channel_email == 'N')
    & (promotion.channel_event == 'N')
).CALCULATE(i_item_id=item._id).PARTITION(
    name='item_id', by=i_item_id
).CALCULATE(
    i_item_id,
    agg1=AVG(catalog_sales.quantity),
    agg2=AVG(catalog_sales.list_price),
    agg3=AVG(catalog_sales.coupon_amount),
    agg4=AVG(catalog_sales.sales_price)
).TOP_K(100, by=i_item_id)","WITH _s6 AS (
  SELECT
    catalog_sales.cs_item_sk,
    COUNT(catalog_sales.cs_coupon_amt) AS count_cs_coupon_amt,
    COUNT(catalog_sales.cs_list_price) AS count_cs_list_price,
    COUNT(catalog_sales.cs_quantity) AS count_cs_quantity,
    COUNT(catalog_sales.cs_sales_price) AS count_cs_sales_price,
    SUM(catalog_sales.cs_coupon_amt) AS sum_cs_coupon_amt,
    SUM(catalog_sales.cs_list_price) AS sum_cs_list_price,
    SUM(catalog_sales.cs_quantity) AS sum_cs_quantity,
    SUM(catalog_sales.cs_sales_price) AS sum_cs_sales_price
  FROM tpcds.catalog_sales AS catalog_sales
  JOIN tpcds.date_dim AS date_dim
    ON catalog_sales.cs_sold_date_sk = date_dim.d_date_sk AND date_dim.d_year = 2000
  JOIN tpcds.customer_demographics AS customer_demographics
    ON catalog_sales.cs_bill_cdemo_sk = customer_demographics.cd_demo_sk
    AND customer_demographics.cd_education_status = 'College'
    AND customer_demographics.cd_gender = 'M'
    AND customer_demographics.cd_marital_status = 'S'
  JOIN tpcds.promotion AS promotion
    ON catalog_sales.cs_promo_sk = promotion.p_promo_sk
    AND promotion.p_channel_email = 'N'
    AND promotion.p_channel_event = 'N'
  GROUP BY
    1
)
SELECT
  item.i_item_id,
  CAST(_s6.sum_cs_quantity AS DOUBLE PRECISION) / _s6.count_cs_quantity AS agg1,
  CAST(_s6.sum_cs_list_price AS DOUBLE PRECISION) / _s6.count_cs_list_price AS agg2,
  CAST(_s6.sum_cs_coupon_amt AS DOUBLE PRECISION) / _s6.count_cs_coupon_amt AS agg3,
  CAST(_s6.sum_cs_sales_price AS DOUBLE PRECISION) / _s6.count_cs_sales_price AS agg4
FROM _s6 AS _s6
JOIN tpcds.item AS item
  ON _s6.cs_item_sk = item.i_item_sk
ORDER BY
  1 NULLS FIRST
LIMIT 100",11.236074348999864,10.931172464000156,"Limit  (cost=50010.03..265931.31 rows=100 width=145) (actual time=10371.676..11922.602 rows=100 loops=1)
  ->  GroupAggregate  (cost=50010.03..2131491.14 rows=964 width=145) (actual time=10354.520..11905.374 rows=100 loops=1)
        Group Key: i.i_item_id
        ->  Nested Loop  (cost=50010.03..2131459.81 rows=964 width=40) (actual time=2937.776..11903.938 rows=142 loops=1)
              Join Filter: (cs.cs_item_sk = i.i_item_sk)
              Rows Removed by Join Filter: 18299072
              ->  Gather Merge  (cost=9196.25..21075.83 rows=102000 width=25) (actual time=147.683..154.608 rows=470 loops=1)
                    Workers Planned: 2
                    Workers Launched: 2
                    ->  Sort  (cost=8196.22..8302.47 rows=42500 width=25) (actual time=122.452..122.705 rows=860 loops=3)
                          Sort Key: i.i_item_id
                          Sort Method: external merge  Disk: 2168kB
                          Worker 0:  Sort Method: quicksort  Memory: 2114kB
                          Worker 1:  Sort Method: quicksort  Memory: 2134kB
                          ->  Parallel Seq Scan on item i  (cost=0.00..4929.00 rows=42500 width=25) (actual time=2.553..10.188 rows=34000 loops=3)
              ->  Materialize  (cost=40813.78..635466.39 rows=964 width=31) (actual time=4.018..22.828 rows=38934 loops=470)
                    ->  Gather  (cost=40813.78..635461.57 rows=964 width=31) (actual time=1888.224..10176.872 rows=39015 loops=1)
                          Workers Planned: 2
                          Workers Launched: 2
                          ->  Hash Join  (cost=39813.78..634365.17 rows=402 width=31) (actual time=1870.141..10163.977 rows=13005 loops=3)
                                Hash Cond: (cs.cs_promo_sk = p.p_promo_sk)
                                ->  Parallel Hash Join  (cost=39789.20..634335.02 rows=414 width=39) (actual time=1859.531..10146.357 rows=13324 loops=3)
                                      Hash Cond: (cs.cs_bill_cdemo_sk = cd.cd_demo_sk)
                                      ->  Parallel Hash Join  (cost=2571.81..597004.04 rows=29832 width=47) (actual time=1520.958..9689.509 rows=955783 loops=3)
                                            Hash Cond: (cs.cs_sold_date_sk = d.d_date_sk)
                                            ->  Parallel Seq Scan on catalog_sales cs  (cost=0.00..571755.28 rows=6000328 width=55) (actual time=0.094..8950.670 rows=4800420 loops=3)
                                            ->  Parallel Hash  (cost=2569.12..2569.12 rows=215 width=8) (actual time=4.001..4.002 rows=122 loops=3)
                                                  Buckets: 1024  Batches: 1  Memory Usage: 104kB
                                                  ->  Parallel Seq Scan on date_dim d  (cost=0.00..2569.12 rows=215 width=8) (actual time=2.018..3.858 rows=122 loops=3)
                                                        Filter: (d_year = 2000)
                                                        Rows Removed by Filter: 24228
                                      ->  Parallel Hash  (cost=37077.83..37077.83 rows=11164 width=8) (actual time=338.120..338.122 rows=9147 loops=3)
                                            Buckets: 32768  Batches: 1  Memory Usage: 1376kB
                                            ->  Parallel Seq Scan on customer_demographics cd  (cost=0.00..37077.83 rows=11164 width=8) (actual time=0.242..333.378 rows=9147 loops=3)
                                                  Filter: (((cd_gender)::text = 'M'::text) AND ((cd_marital_status)::text = 'S'::text) AND ((cd_education_status)::text = 'College'::text))
                                                  Rows Removed by Filter: 631120
                                ->  Hash  (cost=18.50..18.50 rows=487 width=8) (actual time=10.435..10.436 rows=489 loops=3)
                                      Buckets: 1024  Batches: 1  Memory Usage: 28kB
                                      ->  Seq Scan on promotion p  (cost=0.00..18.50 rows=487 width=8) (actual time=10.184..10.360 rows=489 loops=3)
                                            Filter: (((p_channel_email)::text = 'N'::text) AND ((p_channel_event)::text = 'N'::text))
                                            Rows Removed by Filter: 11
Planning Time: 0.365 ms
JIT:
  Functions: 104
  Options: Inlining false, Optimization false, Expressions true, Deforming true
  Timing: Generation 7.009 ms, Inlining 0.000 ms, Optimization 3.848 ms, Emission 51.518 ms, Total 62.375 ms
Execution Time: 11926.471 ms","Limit  (cost=641415.05..641415.30 rows=100 width=49) (actual time=10699.318..10699.751 rows=100 loops=1)
  ->  Sort  (cost=641415.05..641417.46 rows=964 width=49) (actual time=10339.412..10339.839 rows=100 loops=1)
        Sort Key: item.i_item_id NULLS FIRST
        Sort Method: top-N heapsort  Memory: 48kB
        ->  Hash Join  (cost=635557.52..641378.20 rows=964 width=49) (actual time=10270.486..10328.694 rows=27461 loops=1)
              Hash Cond: (item.i_item_sk = _s6.cs_item_sk)
              ->  Seq Scan on item  (cost=0.00..5524.00 rows=102000 width=25) (actual time=0.703..14.938 rows=102000 loops=1)
              ->  Hash  (cost=635545.47..635545.47 rows=964 width=168) (actual time=10269.703..10270.125 rows=27461 loops=1)
                    Buckets: 32768 (originally 1024)  Batches: 1 (originally 1)  Memory Usage: 3046kB
                    ->  Subquery Scan on _s6  (cost=635382.59..635545.47 rows=964 width=168) (actual time=10223.118..10263.628 rows=27461 loops=1)
                          ->  GroupAggregate  (cost=635382.59..635535.83 rows=964 width=168) (actual time=10223.114..10261.399 rows=27461 loops=1)
                                Group Key: catalog_sales.cs_item_sk
                                ->  Gather Merge  (cost=635382.59..635494.86 rows=964 width=31) (actual time=10223.041..10231.816 rows=39015 loops=1)
                                      Workers Planned: 2
                                      Workers Launched: 2
                                      ->  Sort  (cost=634382.56..634383.57 rows=402 width=31) (actual time=10203.858..10206.398 rows=13005 loops=3)
                                            Sort Key: catalog_sales.cs_item_sk
                                            Sort Method: quicksort  Memory: 1143kB
                                            Worker 0:  Sort Method: quicksort  Memory: 1262kB
                                            Worker 1:  Sort Method: quicksort  Memory: 1184kB
                                            ->  Hash Join  (cost=39813.78..634365.17 rows=402 width=31) (actual time=1907.170..10198.321 rows=13005 loops=3)
                                                  Hash Cond: (catalog_sales.cs_promo_sk = promotion.p_promo_sk)
                                                  ->  Parallel Hash Join  (cost=39789.20..634335.02 rows=414 width=39) (actual time=1680.461..9964.732 rows=13324 loops=3)
                                                        Hash Cond: (catalog_sales.cs_bill_cdemo_sk = customer_demographics.cd_demo_sk)
                                                        ->  Parallel Hash Join  (cost=2571.81..597004.04 rows=29832 width=47) (actual time=1579.546..9750.897 rows=955783 loops=3)
                                                              Hash Cond: (catalog_sales.cs_sold_date_sk = date_dim.d_date_sk)
                                                              ->  Parallel Seq Scan on catalog_sales  (cost=0.00..571755.28 rows=6000328 width=55) (actual time=0.070..9244.737 rows=4800420 loops=3)
                                                              ->  Parallel Hash  (cost=2569.12..2569.12 rows=215 width=8) (actual time=3.025..3.027 rows=122 loops=3)
                                                                    Buckets: 1024  Batches: 1  Memory Usage: 72kB
                                                                    ->  Parallel Seq Scan on date_dim  (cost=0.00..2569.12 rows=215 width=8) (actual time=2.273..4.400 rows=183 loops=2)
                                                                          Filter: (d_year = 2000)
                                                                          Rows Removed by Filter: 36342
                                                        ->  Parallel Hash  (cost=37077.83..37077.83 rows=11164 width=8) (actual time=100.449..100.449 rows=9147 loops=3)
                                                              Buckets: 32768  Batches: 1  Memory Usage: 1376kB
                                                              ->  Parallel Seq Scan on customer_demographics  (cost=0.00..37077.83 rows=11164 width=8) (actual time=0.206..144.150 rows=13720 loops=2)
                                                                    Filter: (((cd_education_status)::text = 'College'::text) AND ((cd_gender)::text = 'M'::text) AND ((cd_marital_status)::text = 'S'::text))
                                                                    Rows Removed by Filter: 946680
                                                  ->  Hash  (cost=18.50..18.50 rows=487 width=8) (actual time=226.637..226.638 rows=489 loops=3)
                                                        Buckets: 1024  Batches: 1  Memory Usage: 28kB
                                                        ->  Seq Scan on promotion  (cost=0.00..18.50 rows=487 width=8) (actual time=226.398..226.553 rows=489 loops=3)
                                                              Filter: (((p_channel_email)::text = 'N'::text) AND ((p_channel_event)::text = 'N'::text))
                                                              Rows Removed by Filter: 11
Planning Time: 0.419 ms
JIT:
  Functions: 104
  Options: Inlining true, Optimization true, Expressions true, Deforming true
  Timing: Generation 7.334 ms, Inlining 192.564 ms, Optimization 526.070 ms, Emission 320.716 ms, Total 1046.683 ms
Execution Time: 10703.684 ms",SUCCESS
40,41,TPCDS,Q27,"SELECT
       i.i_item_id,
       s.s_state,
       GROUPING(s.s_state) AS g_state,
       AVG(ss.ss_quantity)     AS agg1,
       AVG(ss.ss_list_price)   AS agg2,
       AVG(ss.ss_coupon_amt)   AS agg3,
       AVG(ss.ss_sales_price)  AS agg4
FROM tpcds.store_sales ss
JOIN tpcds.date_dim d
  ON ss.ss_sold_date_sk = d.d_date_sk
JOIN tpcds.item i
  ON ss.ss_item_sk = i.i_item_sk
JOIN tpcds.store s
  ON ss.ss_store_sk = s.s_store_sk
JOIN tpcds.customer_demographics cd
  ON ss.ss_cdemo_sk = cd.cd_demo_sk
WHERE d.d_year = 2002                 
  AND cd.cd_gender = 'M'               
  AND cd.cd_marital_status = 'S'       
  AND cd.cd_education_status = 'College' 
  AND s.s_state IN (                   
        'TN','TN','TN','TN','TN','TN'
      )
GROUP BY (i.i_item_id, s.s_state)
ORDER BY i.i_item_id,
         s.s_state
LIMIT 100;","result = store_sales.WHERE(
    (sold_date.year == 2002)
    & (customer_demographics.gender == 'M')
    & (customer_demographics.marital_status == 'S')
    & (customer_demographics.education_status == 'College')
    & (store.state == 'TN')
).CALCULATE(
    i_item_id=item._id,
    s_state=store.state
).PARTITION(
    name='item_state', by=(i_item_id, s_state)
).CALCULATE(
    i_item_id,
    s_state,
    g_state=0,
    agg1=AVG(store_sales.quantity),
    agg2=AVG(store_sales.list_price),
    agg3=AVG(store_sales.coupon_amount),
    agg4=AVG(store_sales.sales_price)
).TOP_K(100, by=(i_item_id, s_state))","WITH _s6 AS (
  SELECT
    store.s_state,
    store_sales.ss_item_sk,
    COUNT(store_sales.ss_coupon_amt) AS count_ss_coupon_amt,
    COUNT(store_sales.ss_list_price) AS count_ss_list_price,
    COUNT(store_sales.ss_quantity) AS count_ss_quantity,
    COUNT(store_sales.ss_sales_price) AS count_ss_sales_price,
    SUM(store_sales.ss_coupon_amt) AS sum_ss_coupon_amt,
    SUM(store_sales.ss_list_price) AS sum_ss_list_price,
    SUM(store_sales.ss_quantity) AS sum_ss_quantity,
    SUM(store_sales.ss_sales_price) AS sum_ss_sales_price
  FROM tpcds.store_sales AS store_sales
  JOIN tpcds.date_dim AS date_dim
    ON date_dim.d_date_sk = store_sales.ss_sold_date_sk AND date_dim.d_year = 2002
  JOIN tpcds.customer_demographics AS customer_demographics
    ON customer_demographics.cd_demo_sk = store_sales.ss_cdemo_sk
    AND customer_demographics.cd_education_status = 'College'
    AND customer_demographics.cd_gender = 'M'
    AND customer_demographics.cd_marital_status = 'S'
  JOIN tpcds.store AS store
    ON store.s_state = 'TN' AND store.s_store_sk = store_sales.ss_store_sk
  GROUP BY
    1,
    2
)
SELECT
  item.i_item_id,
  _s6.s_state,
  0 AS g_state,
  CAST(SUM(_s6.sum_ss_quantity) AS DOUBLE PRECISION) / SUM(_s6.count_ss_quantity) AS agg1,
  CAST(SUM(_s6.sum_ss_list_price) AS DOUBLE PRECISION) / SUM(_s6.count_ss_list_price) AS agg2,
  CAST(SUM(_s6.sum_ss_coupon_amt) AS DOUBLE PRECISION) / SUM(_s6.count_ss_coupon_amt) AS agg3,
  CAST(SUM(_s6.sum_ss_sales_price) AS DOUBLE PRECISION) / SUM(_s6.count_ss_sales_price) AS agg4
FROM _s6 AS _s6
JOIN tpcds.item AS item
  ON _s6.ss_item_sk = item.i_item_sk
GROUP BY
  1,
  2
ORDER BY
  1 NULLS FIRST,
  2 NULLS FIRST
LIMIT 100",14.384808136000174,14.573161186000107,"Limit  (cost=52074.92..260893.45 rows=100 width=152) (actual time=13803.236..14722.402 rows=100 loops=1)
  ->  GroupAggregate  (cost=52074.92..3253263.06 rows=1533 width=152) (actual time=13781.389..14700.546 rows=100 loops=1)
        Group Key: i.i_item_id, s.s_state
        ->  Incremental Sort  (cost=52074.92..3253205.57 rows=1533 width=43) (actual time=13781.323..14700.262 rows=126 loops=1)
              Sort Key: i.i_item_id, s.s_state
              Presorted Key: i.i_item_id
              Full-sort Groups: 4  Sort Method: quicksort  Average Memory: 27kB  Peak Memory: 27kB
              ->  Nested Loop  (cost=49985.44..3253136.59 rows=1533 width=43) (actual time=13489.903..14699.938 rows=129 loops=1)
                    Join Filter: (ss.ss_item_sk = i.i_item_sk)
                    Rows Removed by Join Filter: 14728590
                    ->  Gather Merge  (cost=9196.25..21075.83 rows=102000 width=25) (actual time=170.300..177.697 rows=589 loops=1)
                          Workers Planned: 2
                          Workers Launched: 2
                          ->  Sort  (cost=8196.22..8302.47 rows=42500 width=25) (actual time=108.042..108.286 rows=880 loops=3)
                                Sort Key: i.i_item_id
                                Sort Method: external merge  Disk: 2168kB
                                Worker 0:  Sort Method: quicksort  Memory: 3269kB
                                Worker 1:  Sort Method: quicksort  Memory: 1055kB
                                ->  Parallel Seq Scan on item i  (cost=0.00..4929.00 rows=42500 width=25) (actual time=2.224..10.380 rows=34000 loops=3)
                    ->  Materialize  (cost=40789.20..886574.59 rows=1533 width=34) (actual time=0.585..23.331 rows=25006 loops=589)
                          ->  Nested Loop  (cost=40789.20..886566.92 rows=1533 width=34) (actual time=344.505..13303.260 rows=25041 loops=1)
                                Join Filter: (ss.ss_store_sk = s.s_store_sk)
                                Rows Removed by Join Filter: 2327921
                                ->  Gather  (cost=40789.20..884097.51 rows=1824 width=39) (actual time=342.650..13059.266 rows=75902 loops=1)
                                      Workers Planned: 2
                                      Workers Launched: 2
                                      ->  Parallel Hash Join  (cost=39789.20..882915.11 rows=760 width=39) (actual time=323.214..13199.364 rows=25301 loops=3)
                                            Hash Cond: (ss.ss_cdemo_sk = cd.cd_demo_sk)
                                            ->  Parallel Hash Join  (cost=2571.81..845480.11 rows=57186 width=47) (actual time=4.373..12656.662 rows=1834706 loops=3)
                                                  Hash Cond: (ss.ss_sold_date_sk = d.d_date_sk)
                                                  ->  Parallel Seq Scan on store_sales ss  (cost=0.00..797561.78 rows=12002578 width=55) (actual time=0.283..11281.431 rows=9600330 loops=3)
                                                  ->  Parallel Hash  (cost=2569.12..2569.12 rows=215 width=8) (actual time=3.871..3.872 rows=122 loops=3)
                                                        Buckets: 1024  Batches: 1  Memory Usage: 104kB
                                                        ->  Parallel Seq Scan on date_dim d  (cost=0.00..2569.12 rows=215 width=8) (actual time=1.974..3.749 rows=122 loops=3)
                                                              Filter: (d_year = 2002)
                                                              Rows Removed by Filter: 24228
                                            ->  Parallel Hash  (cost=37077.83..37077.83 rows=11164 width=8) (actual time=316.097..316.098 rows=9147 loops=3)
                                                  Buckets: 32768  Batches: 1  Memory Usage: 1376kB
                                                  ->  Parallel Seq Scan on customer_demographics cd  (cost=0.00..37077.83 rows=11164 width=8) (actual time=9.369..311.460 rows=9147 loops=3)
                                                        Filter: (((cd_gender)::text = 'M'::text) AND ((cd_marital_status)::text = 'S'::text) AND ((cd_education_status)::text = 'College'::text))
                                                        Rows Removed by Filter: 631120
                                ->  Materialize  (cost=0.00..7.24 rows=90 width=11) (actual time=0.000..0.001 rows=31 loops=75902)
                                      ->  Seq Scan on store s  (cost=0.00..6.79 rows=90 width=11) (actual time=0.020..0.063 rows=31 loops=1)
                                            Filter: ((s_state)::text = ANY ('{TN,TN,TN,TN,TN,TN}'::text[]))
                                            Rows Removed by Filter: 71
Planning Time: 0.428 ms
JIT:
  Functions: 87
  Options: Inlining false, Optimization false, Expressions true, Deforming true
  Timing: Generation 6.836 ms, Inlining 0.000 ms, Optimization 3.718 ms, Emission 51.852 ms, Total 62.406 ms
Execution Time: 14726.815 ms","Limit  (cost=890854.76..890863.51 rows=100 width=56) (actual time=13849.034..13849.705 rows=100 loops=1)
  ->  GroupAggregate  (cost=890854.76..890900.96 rows=528 width=56) (actual time=13382.916..13383.581 rows=100 loops=1)
        Group Key: item.i_item_id, store.s_state
        ->  Sort  (cost=890854.76..890856.08 rows=528 width=180) (actual time=13382.843..13383.289 rows=101 loops=1)
              Sort Key: item.i_item_id NULLS FIRST, store.s_state NULLS FIRST
              Sort Method: quicksort  Memory: 2885kB
              ->  Hash Join  (cost=890734.41..890830.88 rows=528 width=180) (actual time=13293.744..13329.680 rows=19773 loops=1)
                    Hash Cond: (store_sales.ss_item_sk = item.i_item_sk)
                    ->  GroupAggregate  (cost=883935.41..884019.34 rows=528 width=171) (actual time=13250.714..13277.841 rows=19773 loops=1)
                          Group Key: store_sales.ss_item_sk
                          ->  Gather Merge  (cost=883935.41..883996.90 rows=528 width=34) (actual time=13250.645..13256.588 rows=25041 loops=1)
                                Workers Planned: 2
                                Workers Launched: 2
                                ->  Sort  (cost=882935.39..882935.94 rows=220 width=34) (actual time=13232.546..13234.152 rows=8347 loops=3)
                                      Sort Key: store_sales.ss_item_sk
                                      Sort Method: quicksort  Memory: 920kB
                                      Worker 0:  Sort Method: quicksort  Memory: 940kB
                                      Worker 1:  Sort Method: quicksort  Memory: 699kB
                                      ->  Hash Join  (cost=39795.86..882926.83 rows=220 width=34) (actual time=406.402..13227.657 rows=8347 loops=3)
                                            Hash Cond: (store_sales.ss_store_sk = store.s_store_sk)
                                            ->  Parallel Hash Join  (cost=39789.20..882915.11 rows=760 width=39) (actual time=104.527..12926.175 rows=25301 loops=3)
                                                  Hash Cond: (store_sales.ss_cdemo_sk = customer_demographics.cd_demo_sk)
                                                  ->  Parallel Hash Join  (cost=2571.81..845480.11 rows=57186 width=47) (actual time=2.891..12611.002 rows=1834706 loops=3)
                                                        Hash Cond: (store_sales.ss_sold_date_sk = date_dim.d_date_sk)
                                                        ->  Parallel Seq Scan on store_sales  (cost=0.00..797561.78 rows=12002578 width=55) (actual time=0.291..11563.033 rows=9600330 loops=3)
                                                        ->  Parallel Hash  (cost=2569.12..2569.12 rows=215 width=8) (actual time=2.470..2.471 rows=122 loops=3)
                                                              Buckets: 1024  Batches: 1  Memory Usage: 40kB
                                                              ->  Parallel Seq Scan on date_dim  (cost=0.00..2569.12 rows=215 width=8) (actual time=3.802..7.304 rows=365 loops=1)
                                                                    Filter: (d_year = 2002)
                                                                    Rows Removed by Filter: 72684
                                                  ->  Parallel Hash  (cost=37077.83..37077.83 rows=11164 width=8) (actual time=100.438..100.439 rows=9147 loops=3)
                                                        Buckets: 32768  Batches: 1  Memory Usage: 1344kB
                                                        ->  Parallel Seq Scan on customer_demographics  (cost=0.00..37077.83 rows=11164 width=8) (actual time=0.445..288.259 rows=27440 loops=1)
                                                              Filter: (((cd_education_status)::text = 'College'::text) AND ((cd_gender)::text = 'M'::text) AND ((cd_marital_status)::text = 'S'::text))
                                                              Rows Removed by Filter: 1893360
                                            ->  Hash  (cost=6.28..6.28 rows=31 width=11) (actual time=296.030..296.031 rows=31 loops=3)
                                                  Buckets: 1024  Batches: 1  Memory Usage: 10kB
                                                  ->  Seq Scan on store  (cost=0.00..6.28 rows=31 width=11) (actual time=295.955..296.008 rows=31 loops=3)
                                                        Filter: ((s_state)::text = 'TN'::text)
                                                        Rows Removed by Filter: 71
                    ->  Hash  (cost=5524.00..5524.00 rows=102000 width=25) (actual time=42.882..42.884 rows=102000 loops=1)
                          Buckets: 131072  Batches: 1  Memory Usage: 7399kB
                          ->  Seq Scan on item  (cost=0.00..5524.00 rows=102000 width=25) (actual time=0.381..19.522 rows=102000 loops=1)
Planning Time: 0.363 ms
JIT:
  Functions: 110
  Options: Inlining true, Optimization true, Expressions true, Deforming true
  Timing: Generation 8.817 ms, Inlining 177.051 ms, Optimization 685.434 ms, Emission 491.685 ms, Total 1362.988 ms
Execution Time: 13854.295 ms",SUCCESS
41,42,TPCDS,Q28,"SELECT * FROM
(
    SELECT
        AVG(ss_list_price)                 AS B1_LP,
        COUNT(ss_list_price)               AS B1_CNT,
        COUNT(DISTINCT ss_list_price)      AS B1_CNTD
    FROM tpcds.store_sales
    WHERE ss_quantity BETWEEN 0 AND 5
      AND (
            ss_list_price BETWEEN 8 AND 8 + 10 
         OR ss_coupon_amt BETWEEN 459 AND 459 + 1000             
         OR ss_wholesale_cost BETWEEN 57 AND 57 + 20             
      )
) B1,
(
    SELECT
        AVG(ss_list_price)                 AS B2_LP,
        COUNT(ss_list_price)               AS B2_CNT,
        COUNT(DISTINCT ss_list_price)      AS B2_CNTD
    FROM tpcds.store_sales
    WHERE ss_quantity BETWEEN 6 AND 10
      AND (
            ss_list_price BETWEEN 90 AND 90 + 10                 
         OR ss_coupon_amt BETWEEN 2323 AND 2323 + 1000           
         OR ss_wholesale_cost BETWEEN 31 AND 31 + 20             
      )
) B2,
(
    SELECT
        AVG(ss_list_price)                 AS B3_LP,
        COUNT(ss_list_price)               AS B3_CNT,
        COUNT(DISTINCT ss_list_price)      AS B3_CNTD
    FROM tpcds.store_sales
    WHERE ss_quantity BETWEEN 11 AND 15
      AND (
            ss_list_price BETWEEN 142 AND 142 + 10              
         OR ss_coupon_amt BETWEEN 12214 AND 12214 + 1000         
         OR ss_wholesale_cost BETWEEN 79 AND 79 + 20              
      )
) B3,
(
    SELECT
        AVG(ss_list_price)                 AS B4_LP,
        COUNT(ss_list_price)               AS B4_CNT,
        COUNT(DISTINCT ss_list_price)      AS B4_CNTD
    FROM tpcds.store_sales
    WHERE ss_quantity BETWEEN 16 AND 20
      AND (
            ss_list_price BETWEEN 135 AND 135 + 10               
         OR ss_coupon_amt BETWEEN 6071 AND 6071 + 1000            
         OR ss_wholesale_cost BETWEEN 38 AND 38 + 20              
      )
) B4,
(
    SELECT
        AVG(ss_list_price)                 AS B5_LP,
        COUNT(ss_list_price)               AS B5_CNT,
        COUNT(DISTINCT ss_list_price)      AS B5_CNTD
    FROM tpcds.store_sales
    WHERE ss_quantity BETWEEN 21 AND 25
      AND (
            ss_list_price BETWEEN 122 AND 122 + 10              
         OR ss_coupon_amt BETWEEN 836 AND 836 + 1000             
         OR ss_wholesale_cost BETWEEN 17 AND 17 + 20              
      )
) B5,
(
    SELECT
        AVG(ss_list_price)                 AS B6_LP,
        COUNT(ss_list_price)               AS B6_CNT,
        COUNT(DISTINCT ss_list_price)      AS B6_CNTD
    FROM tpcds.store_sales
    WHERE ss_quantity BETWEEN 26 AND 30
      AND (
            ss_list_price BETWEEN 154 AND 154 + 10              
         OR ss_coupon_amt BETWEEN 7326 AND 7326 + 1000           
         OR ss_wholesale_cost BETWEEN 7 AND 7 + 20                
      )
) B6
LIMIT 100;","bucket1_sales = store_sales.WHERE(
    MONOTONIC(0, quantity, 5)
    & (
        MONOTONIC(8, list_price, (8+10))
        | MONOTONIC(459, coupon_amount, (459 + 1000))
        | MONOTONIC(57, wholesale_cost, (57 + 20))
    )
)
bucket2_sales = store_sales.WHERE(
    MONOTONIC(6, quantity, 10)
    & (
        MONOTONIC(90, list_price, (90+10))
        | MONOTONIC(2323, coupon_amount, (2323 + 1000))
        | MONOTONIC(31, wholesale_cost, (31 + 20))
    )
)
bucket3_sales = store_sales.WHERE(
    MONOTONIC(11, quantity, 15)
    & (
        MONOTONIC(142, list_price, (142+10))
        | MONOTONIC(12214, coupon_amount, (12214 + 1000))
        | MONOTONIC(79, wholesale_cost, (79 + 20))
    )
)
bucket4_sales = store_sales.WHERE(
    MONOTONIC(16, quantity, 20)
    & (
        MONOTONIC(135, list_price, (135+10))
        | MONOTONIC(6071, coupon_amount, (6071 + 1000))
        | MONOTONIC(38, wholesale_cost, (38 + 20))
    )
)
bucket5_sales = store_sales.WHERE(
    MONOTONIC(21, quantity, 25)
    & (
        MONOTONIC(122, list_price, (122+10))
        | MONOTONIC(836, coupon_amount, (836 + 1000))
        | MONOTONIC(17, wholesale_cost, (17 + 20))
    )
)

bucket6_sales = store_sales.WHERE(
    MONOTONIC(26, quantity, 30)
    & (
        MONOTONIC(154, list_price, (154+10))
        | MONOTONIC(7326, coupon_amount, (7326 + 1000))
        | MONOTONIC(7, wholesale_cost, (7 + 20))
    )
)
result = TPCDS.CALCULATE(
    b1_lp=AVG(bucket1_sales.list_price),
    b1_cnt=COUNT(bucket1_sales.list_price),
    b1_cntd=NDISTINCT(bucket1_sales.list_price),

    b2_lp=AVG(bucket2_sales.list_price),
    b2_cnt=COUNT(bucket2_sales.list_price),
    b2_cntd=NDISTINCT(bucket2_sales.list_price),

    b3_lp=AVG(bucket3_sales.list_price),
    b3_cnt=COUNT(bucket3_sales.list_price),
    b3_cntd=NDISTINCT(bucket3_sales.list_price),

    b4_lp=AVG(bucket4_sales.list_price),
    b4_cnt=COUNT(bucket4_sales.list_price),
    b4_cntd=NDISTINCT(bucket4_sales.list_price),

    b5_lp=AVG(bucket5_sales.list_price),
    b5_cnt=COUNT(bucket5_sales.list_price),
    b5_cntd=NDISTINCT(bucket5_sales.list_price),

    b6_lp=AVG(bucket6_sales.list_price),
    b6_cnt=COUNT(bucket6_sales.list_price),
    b6_cntd=NDISTINCT(bucket6_sales.list_price)
)","WITH _s0 AS (
  SELECT
    AVG(CAST(ss_list_price AS DECIMAL)) AS avg_ss_list_price,
    COUNT(ss_list_price) AS count_ss_list_price,
    COUNT(DISTINCT ss_list_price) AS ndistinct_ss_list_price
  FROM tpcds.store_sales
  WHERE
    (
      ss_coupon_amt <= 1459 OR ss_list_price <= 18 OR ss_wholesale_cost <= 77
    )
    AND (
      ss_coupon_amt <= 1459 OR ss_list_price <= 18 OR ss_wholesale_cost >= 57
    )
    AND (
      ss_coupon_amt <= 1459 OR ss_list_price >= 8 OR ss_wholesale_cost <= 77
    )
    AND (
      ss_coupon_amt <= 1459 OR ss_list_price >= 8 OR ss_wholesale_cost >= 57
    )
    AND (
      ss_coupon_amt >= 459 OR ss_list_price <= 18 OR ss_wholesale_cost <= 77
    )
    AND (
      ss_coupon_amt >= 459 OR ss_list_price <= 18 OR ss_wholesale_cost >= 57
    )
    AND (
      ss_coupon_amt >= 459 OR ss_list_price >= 8 OR ss_wholesale_cost <= 77
    )
    AND (
      ss_coupon_amt >= 459 OR ss_list_price >= 8 OR ss_wholesale_cost >= 57
    )
    AND ss_quantity <= 5
    AND ss_quantity >= 0
), _s1 AS (
  SELECT
    AVG(CAST(ss_list_price AS DECIMAL)) AS avg_ss_list_price,
    COUNT(ss_list_price) AS count_ss_list_price,
    COUNT(DISTINCT ss_list_price) AS ndistinct_ss_list_price
  FROM tpcds.store_sales
  WHERE
    (
      ss_coupon_amt <= 3323 OR ss_list_price <= 100 OR ss_wholesale_cost <= 51
    )
    AND (
      ss_coupon_amt <= 3323 OR ss_list_price <= 100 OR ss_wholesale_cost >= 31
    )
    AND (
      ss_coupon_amt <= 3323 OR ss_list_price >= 90 OR ss_wholesale_cost <= 51
    )
    AND (
      ss_coupon_amt <= 3323 OR ss_list_price >= 90 OR ss_wholesale_cost >= 31
    )
    AND (
      ss_coupon_amt >= 2323 OR ss_list_price <= 100 OR ss_wholesale_cost <= 51
    )
    AND (
      ss_coupon_amt >= 2323 OR ss_list_price <= 100 OR ss_wholesale_cost >= 31
    )
    AND (
      ss_coupon_amt >= 2323 OR ss_list_price >= 90 OR ss_wholesale_cost <= 51
    )
    AND (
      ss_coupon_amt >= 2323 OR ss_list_price >= 90 OR ss_wholesale_cost >= 31
    )
    AND ss_quantity <= 10
    AND ss_quantity >= 6
), _s3 AS (
  SELECT
    AVG(CAST(ss_list_price AS DECIMAL)) AS avg_ss_list_price,
    COUNT(ss_list_price) AS count_ss_list_price,
    COUNT(DISTINCT ss_list_price) AS ndistinct_ss_list_price
  FROM tpcds.store_sales
  WHERE
    (
      ss_coupon_amt <= 13214 OR ss_list_price <= 152 OR ss_wholesale_cost <= 99
    )
    AND (
      ss_coupon_amt <= 13214 OR ss_list_price <= 152 OR ss_wholesale_cost >= 79
    )
    AND (
      ss_coupon_amt <= 13214 OR ss_list_price >= 142 OR ss_wholesale_cost <= 99
    )
    AND (
      ss_coupon_amt <= 13214 OR ss_list_price >= 142 OR ss_wholesale_cost >= 79
    )
    AND (
      ss_coupon_amt >= 12214 OR ss_list_price <= 152 OR ss_wholesale_cost <= 99
    )
    AND (
      ss_coupon_amt >= 12214 OR ss_list_price <= 152 OR ss_wholesale_cost >= 79
    )
    AND (
      ss_coupon_amt >= 12214 OR ss_list_price >= 142 OR ss_wholesale_cost <= 99
    )
    AND (
      ss_coupon_amt >= 12214 OR ss_list_price >= 142 OR ss_wholesale_cost >= 79
    )
    AND ss_quantity <= 15
    AND ss_quantity >= 11
), _s5 AS (
  SELECT
    AVG(CAST(ss_list_price AS DECIMAL)) AS avg_ss_list_price,
    COUNT(ss_list_price) AS count_ss_list_price,
    COUNT(DISTINCT ss_list_price) AS ndistinct_ss_list_price
  FROM tpcds.store_sales
  WHERE
    (
      ss_coupon_amt <= 7071 OR ss_list_price <= 145 OR ss_wholesale_cost <= 58
    )
    AND (
      ss_coupon_amt <= 7071 OR ss_list_price <= 145 OR ss_wholesale_cost >= 38
    )
    AND (
      ss_coupon_amt <= 7071 OR ss_list_price >= 135 OR ss_wholesale_cost <= 58
    )
    AND (
      ss_coupon_amt <= 7071 OR ss_list_price >= 135 OR ss_wholesale_cost >= 38
    )
    AND (
      ss_coupon_amt >= 6071 OR ss_list_price <= 145 OR ss_wholesale_cost <= 58
    )
    AND (
      ss_coupon_amt >= 6071 OR ss_list_price <= 145 OR ss_wholesale_cost >= 38
    )
    AND (
      ss_coupon_amt >= 6071 OR ss_list_price >= 135 OR ss_wholesale_cost <= 58
    )
    AND (
      ss_coupon_amt >= 6071 OR ss_list_price >= 135 OR ss_wholesale_cost >= 38
    )
    AND ss_quantity <= 20
    AND ss_quantity >= 16
), _s7 AS (
  SELECT
    AVG(CAST(ss_list_price AS DECIMAL)) AS avg_ss_list_price,
    COUNT(ss_list_price) AS count_ss_list_price,
    COUNT(DISTINCT ss_list_price) AS ndistinct_ss_list_price
  FROM tpcds.store_sales
  WHERE
    (
      ss_coupon_amt <= 1836 OR ss_list_price <= 132 OR ss_wholesale_cost <= 37
    )
    AND (
      ss_coupon_amt <= 1836 OR ss_list_price <= 132 OR ss_wholesale_cost >= 17
    )
    AND (
      ss_coupon_amt <= 1836 OR ss_list_price >= 122 OR ss_wholesale_cost <= 37
    )
    AND (
      ss_coupon_amt <= 1836 OR ss_list_price >= 122 OR ss_wholesale_cost >= 17
    )
    AND (
      ss_coupon_amt >= 836 OR ss_list_price <= 132 OR ss_wholesale_cost <= 37
    )
    AND (
      ss_coupon_amt >= 836 OR ss_list_price <= 132 OR ss_wholesale_cost >= 17
    )
    AND (
      ss_coupon_amt >= 836 OR ss_list_price >= 122 OR ss_wholesale_cost <= 37
    )
    AND (
      ss_coupon_amt >= 836 OR ss_list_price >= 122 OR ss_wholesale_cost >= 17
    )
    AND ss_quantity <= 25
    AND ss_quantity >= 21
), _s9 AS (
  SELECT
    AVG(CAST(ss_list_price AS DECIMAL)) AS avg_ss_list_price,
    COUNT(ss_list_price) AS count_ss_list_price,
    COUNT(DISTINCT ss_list_price) AS ndistinct_ss_list_price
  FROM tpcds.store_sales
  WHERE
    (
      ss_coupon_amt <= 8326 OR ss_list_price <= 164 OR ss_wholesale_cost <= 27
    )
    AND (
      ss_coupon_amt <= 8326 OR ss_list_price <= 164 OR ss_wholesale_cost >= 7
    )
    AND (
      ss_coupon_amt <= 8326 OR ss_list_price >= 154 OR ss_wholesale_cost <= 27
    )
    AND (
      ss_coupon_amt <= 8326 OR ss_list_price >= 154 OR ss_wholesale_cost >= 7
    )
    AND (
      ss_coupon_amt >= 7326 OR ss_list_price <= 164 OR ss_wholesale_cost <= 27
    )
    AND (
      ss_coupon_amt >= 7326 OR ss_list_price <= 164 OR ss_wholesale_cost >= 7
    )
    AND (
      ss_coupon_amt >= 7326 OR ss_list_price >= 154 OR ss_wholesale_cost <= 27
    )
    AND (
      ss_coupon_amt >= 7326 OR ss_list_price >= 154 OR ss_wholesale_cost >= 7
    )
    AND ss_quantity <= 30
    AND ss_quantity >= 26
)
SELECT
  _s0.avg_ss_list_price AS b1_lp,
  _s0.count_ss_list_price AS b1_cnt,
  _s0.ndistinct_ss_list_price AS b1_cntd,
  _s1.avg_ss_list_price AS b2_lp,
  _s1.count_ss_list_price AS b2_cnt,
  _s1.ndistinct_ss_list_price AS b2_cntd,
  _s3.avg_ss_list_price AS b3_lp,
  _s3.count_ss_list_price AS b3_cnt,
  _s3.ndistinct_ss_list_price AS b3_cntd,
  _s5.avg_ss_list_price AS b4_lp,
  _s5.count_ss_list_price AS b4_cnt,
  _s5.ndistinct_ss_list_price AS b4_cntd,
  _s7.avg_ss_list_price AS b5_lp,
  _s7.count_ss_list_price AS b5_cnt,
  _s7.ndistinct_ss_list_price AS b5_cntd,
  _s9.avg_ss_list_price AS b6_lp,
  _s9.count_ss_list_price AS b6_cnt,
  _s9.ndistinct_ss_list_price AS b6_cntd
FROM _s0 AS _s0
CROSS JOIN _s1 AS _s1
CROSS JOIN _s3 AS _s3
CROSS JOIN _s5 AS _s5
CROSS JOIN _s7 AS _s7
CROSS JOIN _s9 AS _s9",80.32217342900003,80.98730531199999,"Limit  (cost=6549084.46..6549084.57 rows=1 width=288) (actual time=80176.454..80183.461 rows=1 loops=1)
  ->  Nested Loop  (cost=6549084.46..6549084.57 rows=1 width=288) (actual time=79540.493..79547.498 rows=1 loops=1)
        ->  Nested Loop  (cost=5465081.56..5465081.65 rows=1 width=240) (actual time=66276.660..66276.967 rows=1 loops=1)
              ->  Nested Loop  (cost=4369141.35..4369141.42 rows=1 width=192) (actual time=52921.463..52921.733 rows=1 loops=1)
                    ->  Nested Loop  (cost=3282294.45..3282294.50 rows=1 width=144) (actual time=39614.044..39614.268 rows=1 loops=1)
                          ->  Nested Loop  (cost=2196979.97..2196980.00 rows=1 width=96) (actual time=26251.304..26251.479 rows=1 loops=1)
                                ->  Aggregate  (cost=1102296.69..1102296.70 rows=1 width=48) (actual time=12936.010..12936.132 rows=1 loops=1)
                                      ->  Gather Merge  (cost=1054648.69..1099413.97 rows=384362 width=6) (actual time=12825.294..12894.664 rows=367014 loops=1)
                                            Workers Planned: 2
                                            Workers Launched: 2
                                            ->  Sort  (cost=1053648.66..1054049.04 rows=160151 width=6) (actual time=12806.993..12824.674 rows=122338 loops=3)
                                                  Sort Key: store_sales.ss_list_price
                                                  Sort Method: external merge  Disk: 1384kB
                                                  Worker 0:  Sort Method: external merge  Disk: 1288kB
                                                  Worker 1:  Sort Method: external merge  Disk: 1280kB
                                                  ->  Parallel Seq Scan on store_sales  (cost=0.00..1037613.35 rows=160151 width=6) (actual time=154.807..12746.848 rows=122338 loops=3)
                                                        Filter: ((ss_quantity >= 0) AND (ss_quantity <= 5) AND (((ss_list_price >= '8'::numeric) AND (ss_list_price <= '18'::numeric)) OR ((ss_coupon_amt >= '459'::numeric) AND (ss_coupon_amt <= '1459'::numeric)) OR ((ss_wholesale_cost >= '57'::numeric) AND (ss_wholesale_cost <= '77'::numeric))))
                                                        Rows Removed by Filter: 9477992
                                ->  Aggregate  (cost=1094683.28..1094683.29 rows=1 width=48) (actual time=13315.286..13315.337 rows=1 loops=1)
                                      ->  Gather Merge  (cost=1052637.81..1092139.52 rows=339168 width=6) (actual time=13214.096..13275.415 rows=355872 loops=1)
                                            Workers Planned: 2
                                            Workers Launched: 2
                                            ->  Sort  (cost=1051637.79..1051991.09 rows=141320 width=6) (actual time=13185.465..13198.408 rows=118624 loops=3)
                                                  Sort Key: store_sales_1.ss_list_price
                                                  Sort Method: external sort  Disk: 1864kB
                                                  Worker 0:  Sort Method: external merge  Disk: 1224kB
                                                  Worker 1:  Sort Method: external merge  Disk: 1232kB
                                                  ->  Parallel Seq Scan on store_sales store_sales_1  (cost=0.00..1037613.35 rows=141320 width=6) (actual time=144.655..13120.118 rows=118624 loops=3)
                                                        Filter: ((ss_quantity >= 6) AND (ss_quantity <= 10) AND (((ss_list_price >= '90'::numeric) AND (ss_list_price <= '100'::numeric)) OR ((ss_coupon_amt >= '2323'::numeric) AND (ss_coupon_amt <= '3323'::numeric)) OR ((ss_wholesale_cost >= '31'::numeric) AND (ss_wholesale_cost <= '51'::numeric))))
                                                        Rows Removed by Filter: 9481706
                          ->  Aggregate  (cost=1085314.48..1085314.49 rows=1 width=48) (actual time=13362.731..13362.779 rows=1 loops=1)
                                ->  Gather Merge  (cost=1048943.09..1083114.00 rows=293397 width=6) (actual time=13254.642..13322.904 rows=282365 loops=1)
                                      Workers Planned: 2
                                      Workers Launched: 2
                                      ->  Sort  (cost=1047943.06..1048248.68 rows=122249 width=6) (actual time=13231.005..13235.941 rows=94122 loops=3)
                                            Sort Key: store_sales_2.ss_list_price
                                            Sort Method: quicksort  Memory: 3990kB
                                            Worker 0:  Sort Method: quicksort  Memory: 3863kB
                                            Worker 1:  Sort Method: quicksort  Memory: 3917kB
                                            ->  Parallel Seq Scan on store_sales store_sales_2  (cost=0.00..1037613.35 rows=122249 width=6) (actual time=130.763..13180.454 rows=94122 loops=3)
                                                  Filter: ((ss_quantity >= 11) AND (ss_quantity <= 15) AND (((ss_list_price >= '142'::numeric) AND (ss_list_price <= '152'::numeric)) OR ((ss_coupon_amt >= '12214'::numeric) AND (ss_coupon_amt <= '13214'::numeric)) OR ((ss_wholesale_cost >= '79'::numeric) AND (ss_wholesale_cost <= '99'::numeric))))
                                                  Rows Removed by Filter: 9506209
                    ->  Aggregate  (cost=1086846.90..1086846.91 rows=1 width=48) (actual time=13307.405..13307.451 rows=1 loops=1)
                          ->  Gather Merge  (cost=1049304.51..1084575.57 rows=302843 width=6) (actual time=13196.953..13263.341 rows=319172 loops=1)
                                Workers Planned: 2
                                Workers Launched: 2
                                ->  Sort  (cost=1048304.49..1048619.95 rows=126185 width=6) (actual time=13175.094..13182.587 rows=106391 loops=3)
                                      Sort Key: store_sales_3.ss_list_price
                                      Sort Method: external sort  Disk: 1640kB
                                      Worker 0:  Sort Method: quicksort  Memory: 4064kB
                                      Worker 1:  Sort Method: quicksort  Memory: 4077kB
                                      ->  Parallel Seq Scan on store_sales store_sales_3  (cost=0.00..1037613.35 rows=126185 width=6) (actual time=124.483..13116.090 rows=106391 loops=3)
                                            Filter: ((ss_quantity >= 16) AND (ss_quantity <= 20) AND (((ss_list_price >= '135'::numeric) AND (ss_list_price <= '145'::numeric)) OR ((ss_coupon_amt >= '6071'::numeric) AND (ss_coupon_amt <= '7071'::numeric)) OR ((ss_wholesale_cost >= '38'::numeric) AND (ss_wholesale_cost <= '58'::numeric))))
                                            Rows Removed by Filter: 9493940
              ->  Aggregate  (cost=1095940.21..1095940.22 rows=1 width=48) (actual time=13355.186..13355.222 rows=1 loops=1)
                    ->  Gather Merge  (cost=1052968.72..1093340.42 rows=346638 width=6) (actual time=13231.995..13306.561 rows=365262 loops=1)
                          Workers Planned: 2
                          Workers Launched: 2
                          ->  Sort  (cost=1051968.69..1052329.77 rows=144432 width=6) (actual time=13201.376..13215.972 rows=121754 loops=3)
                                Sort Key: store_sales_4.ss_list_price
                                Sort Method: external sort  Disk: 1960kB
                                Worker 0:  Sort Method: external merge  Disk: 1248kB
                                Worker 1:  Sort Method: external merge  Disk: 1240kB
                                ->  Parallel Seq Scan on store_sales store_sales_4  (cost=0.00..1037613.35 rows=144432 width=6) (actual time=136.469..13133.859 rows=121754 loops=3)
                                      Filter: ((ss_quantity >= 21) AND (ss_quantity <= 25) AND (((ss_list_price >= '122'::numeric) AND (ss_list_price <= '132'::numeric)) OR ((ss_coupon_amt >= '836'::numeric) AND (ss_coupon_amt <= '1836'::numeric)) OR ((ss_wholesale_cost >= '17'::numeric) AND (ss_wholesale_cost <= '37'::numeric))))
                                      Rows Removed by Filter: 9478576
        ->  Aggregate  (cost=1084002.90..1084002.91 rows=1 width=48) (actual time=13263.817..13270.514 rows=1 loops=1)
              ->  Gather Merge  (cost=1048634.27..1081863.08 rows=285308 width=6) (actual time=13179.297..13237.156 rows=302090 loops=1)
                    Workers Planned: 2
                    Workers Launched: 2
                    ->  Sort  (cost=1047634.24..1047931.44 rows=118878 width=6) (actual time=13148.144..13153.628 rows=100697 loops=3)
                          Sort Key: store_sales_5.ss_list_price
                          Sort Method: external sort  Disk: 1576kB
                          Worker 0:  Sort Method: quicksort  Memory: 3924kB
                          Worker 1:  Sort Method: quicksort  Memory: 4015kB
                          ->  Parallel Seq Scan on store_sales store_sales_5  (cost=0.00..1037613.35 rows=118878 width=6) (actual time=160.425..13095.547 rows=100697 loops=3)
                                Filter: ((ss_quantity >= 26) AND (ss_quantity <= 30) AND (((ss_list_price >= '154'::numeric) AND (ss_list_price <= '164'::numeric)) OR ((ss_coupon_amt >= '7326'::numeric) AND (ss_coupon_amt <= '8326'::numeric)) OR ((ss_wholesale_cost >= '7'::numeric) AND (ss_wholesale_cost <= '27'::numeric))))
                                Rows Removed by Filter: 9499634
Planning Time: 0.565 ms
JIT:
  Functions: 90
  Options: Inlining true, Optimization true, Expressions true, Deforming true
  Timing: Generation 16.820 ms, Inlining 1135.169 ms, Optimization 1270.363 ms, Emission 765.089 ms, Total 3187.441 ms
Execution Time: 80190.198 ms","Nested Loop  (cost=9890199.47..9890199.58 rows=1 width=288) (actual time=79878.639..79883.214 rows=1 loops=1)
  ->  Nested Loop  (cost=8258364.77..8258364.86 rows=1 width=240) (actual time=66604.450..66604.810 rows=1 loops=1)
        ->  Nested Loop  (cost=6603195.74..6603195.81 rows=1 width=192) (actual time=53337.137..53337.441 rows=1 loops=1)
              ->  Nested Loop  (cost=4948909.32..4948909.37 rows=1 width=144) (actual time=40063.101..40063.352 rows=1 loops=1)
                    ->  Nested Loop  (cost=3321131.04..3321131.07 rows=1 width=96) (actual time=26752.076..26752.276 rows=1 loops=1)
                          ->  Aggregate  (cost=1659201.02..1659201.03 rows=1 width=48) (actual time=13459.048..13459.189 rows=1 loops=1)
                                ->  Gather Merge  (cost=1599242.64..1655573.52 rows=483666 width=6) (actual time=13341.356..13414.493 rows=367014 loops=1)
                                      Workers Planned: 2
                                      Workers Launched: 2
                                      ->  Sort  (cost=1598242.62..1598746.44 rows=201528 width=6) (actual time=13313.146..13329.495 rows=122338 loops=3)
                                            Sort Key: store_sales.ss_list_price
                                            Sort Method: external merge  Disk: 1256kB
                                            Worker 0:  Sort Method: external merge  Disk: 1344kB
                                            Worker 1:  Sort Method: external merge  Disk: 1344kB
                                            ->  Parallel Seq Scan on store_sales  (cost=0.00..1577729.38 rows=201528 width=6) (actual time=469.762..13252.964 rows=122338 loops=3)
                                                  Filter: ((ss_quantity <= 5) AND (ss_quantity >= 0) AND ((ss_coupon_amt <= '1459'::numeric) OR (ss_list_price <= '18'::numeric) OR (ss_wholesale_cost <= '77'::numeric)) AND ((ss_coupon_amt <= '1459'::numeric) OR (ss_list_price <= '18'::numeric) OR (ss_wholesale_cost >= '57'::numeric)) AND ((ss_coupon_amt <= '1459'::numeric) OR (ss_list_price >= '8'::numeric) OR (ss_wholesale_cost <= '77'::numeric)) AND ((ss_coupon_amt <= '1459'::numeric) OR (ss_list_price >= '8'::numeric) OR (ss_wholesale_cost >= '57'::numeric)) AND ((ss_coupon_amt >= '459'::numeric) OR (ss_list_price <= '18'::numeric) OR (ss_wholesale_cost <= '77'::numeric)) AND ((ss_coupon_amt >= '459'::numeric) OR (ss_list_price <= '18'::numeric) OR (ss_wholesale_cost >= '57'::numeric)) AND ((ss_coupon_amt >= '459'::numeric) OR (ss_list_price >= '8'::numeric) OR (ss_wholesale_cost <= '77'::numeric)) AND ((ss_coupon_amt >= '459'::numeric) OR (ss_list_price >= '8'::numeric) OR (ss_wholesale_cost >= '57'::numeric)))
                                                  Rows Removed by Filter: 9477992
                          ->  Aggregate  (cost=1661930.02..1661930.03 rows=1 width=48) (actual time=13293.019..13293.077 rows=1 loops=1)
                                ->  Gather Merge  (cost=1599974.30..1658181.68 rows=499778 width=6) (actual time=13182.257..13248.941 rows=355872 loops=1)
                                      Workers Planned: 2
                                      Workers Launched: 2
                                      ->  Sort  (cost=1598974.28..1599494.88 rows=208241 width=6) (actual time=13150.578..13164.964 rows=118624 loops=3)
                                            Sort Key: store_sales_1.ss_list_price
                                            Sort Method: external sort  Disk: 1768kB
                                            Worker 0:  Sort Method: external merge  Disk: 1248kB
                                            Worker 1:  Sort Method: external merge  Disk: 1272kB
                                            ->  Parallel Seq Scan on store_sales store_sales_1  (cost=0.00..1577729.38 rows=208241 width=6) (actual time=179.764..13090.780 rows=118624 loops=3)
                                                  Filter: ((ss_quantity <= 10) AND (ss_quantity >= 6) AND ((ss_coupon_amt <= '3323'::numeric) OR (ss_list_price <= '100'::numeric) OR (ss_wholesale_cost <= '51'::numeric)) AND ((ss_coupon_amt <= '3323'::numeric) OR (ss_list_price <= '100'::numeric) OR (ss_wholesale_cost >= '31'::numeric)) AND ((ss_coupon_amt <= '3323'::numeric) OR (ss_list_price >= '90'::numeric) OR (ss_wholesale_cost <= '51'::numeric)) AND ((ss_coupon_amt <= '3323'::numeric) OR (ss_list_price >= '90'::numeric) OR (ss_wholesale_cost >= '31'::numeric)) AND ((ss_coupon_amt >= '2323'::numeric) OR (ss_list_price <= '100'::numeric) OR (ss_wholesale_cost <= '51'::numeric)) AND ((ss_coupon_amt >= '2323'::numeric) OR (ss_list_price <= '100'::numeric) OR (ss_wholesale_cost >= '31'::numeric)) AND ((ss_coupon_amt >= '2323'::numeric) OR (ss_list_price >= '90'::numeric) OR (ss_wholesale_cost <= '51'::numeric)) AND ((ss_coupon_amt >= '2323'::numeric) OR (ss_list_price >= '90'::numeric) OR (ss_wholesale_cost >= '31'::numeric)))
                                                  Rows Removed by Filter: 9481706
                    ->  Aggregate  (cost=1627778.28..1627778.29 rows=1 width=48) (actual time=13311.014..13311.065 rows=1 loops=1)
                          ->  Gather Merge  (cost=1589613.09..1625469.28 rows=307867 width=6) (actual time=13206.586..13273.135 rows=282365 loops=1)
                                Workers Planned: 2
                                Workers Launched: 2
                                ->  Sort  (cost=1588613.07..1588933.76 rows=128278 width=6) (actual time=13182.610..13187.525 rows=94122 loops=3)
                                      Sort Key: store_sales_2.ss_list_price
                                      Sort Method: quicksort  Memory: 4006kB
                                      Worker 0:  Sort Method: quicksort  Memory: 3880kB
                                      Worker 1:  Sort Method: quicksort  Memory: 3884kB
                                      ->  Parallel Seq Scan on store_sales store_sales_2  (cost=0.00..1577729.38 rows=128278 width=6) (actual time=142.953..13135.023 rows=94122 loops=3)
                                            Filter: ((ss_quantity <= 15) AND (ss_quantity >= 11) AND ((ss_coupon_amt <= '13214'::numeric) OR (ss_list_price <= '152'::numeric) OR (ss_wholesale_cost <= '99'::numeric)) AND ((ss_coupon_amt <= '13214'::numeric) OR (ss_list_price <= '152'::numeric) OR (ss_wholesale_cost >= '79'::numeric)) AND ((ss_coupon_amt <= '13214'::numeric) OR (ss_list_price >= '142'::numeric) OR (ss_wholesale_cost <= '99'::numeric)) AND ((ss_coupon_amt <= '13214'::numeric) OR (ss_list_price >= '142'::numeric) OR (ss_wholesale_cost >= '79'::numeric)) AND ((ss_coupon_amt >= '12214'::numeric) OR (ss_list_price <= '152'::numeric) OR (ss_wholesale_cost <= '99'::numeric)) AND ((ss_coupon_amt >= '12214'::numeric) OR (ss_list_price <= '152'::numeric) OR (ss_wholesale_cost >= '79'::numeric)) AND ((ss_coupon_amt >= '12214'::numeric) OR (ss_list_price >= '142'::numeric) OR (ss_wholesale_cost <= '99'::numeric)) AND ((ss_coupon_amt >= '12214'::numeric) OR (ss_list_price >= '142'::numeric) OR (ss_wholesale_cost >= '79'::numeric)))
                                            Rows Removed by Filter: 9506209
              ->  Aggregate  (cost=1654286.42..1654286.43 rows=1 width=48) (actual time=13274.026..13274.077 rows=1 loops=1)
                    ->  Gather Merge  (cost=1597924.93..1650876.53 rows=454651 width=6) (actual time=13162.521..13230.527 rows=319172 loops=1)
                          Workers Planned: 2
                          Workers Launched: 2
                          ->  Sort  (cost=1596924.91..1597398.50 rows=189438 width=6) (actual time=13139.553..13146.573 rows=106391 loops=3)
                                Sort Key: store_sales_3.ss_list_price
                                Sort Method: external sort  Disk: 1680kB
                                Worker 0:  Sort Method: quicksort  Memory: 4045kB
                                Worker 1:  Sort Method: quicksort  Memory: 4050kB
                                ->  Parallel Seq Scan on store_sales store_sales_3  (cost=0.00..1577729.38 rows=189438 width=6) (actual time=146.260..13082.331 rows=106391 loops=3)
                                      Filter: ((ss_quantity <= 20) AND (ss_quantity >= 16) AND ((ss_coupon_amt <= '7071'::numeric) OR (ss_list_price <= '145'::numeric) OR (ss_wholesale_cost <= '58'::numeric)) AND ((ss_coupon_amt <= '7071'::numeric) OR (ss_list_price <= '145'::numeric) OR (ss_wholesale_cost >= '38'::numeric)) AND ((ss_coupon_amt <= '7071'::numeric) OR (ss_list_price >= '135'::numeric) OR (ss_wholesale_cost <= '58'::numeric)) AND ((ss_coupon_amt <= '7071'::numeric) OR (ss_list_price >= '135'::numeric) OR (ss_wholesale_cost >= '38'::numeric)) AND ((ss_coupon_amt >= '6071'::numeric) OR (ss_list_price <= '145'::numeric) OR (ss_wholesale_cost <= '58'::numeric)) AND ((ss_coupon_amt >= '6071'::numeric) OR (ss_list_price <= '145'::numeric) OR (ss_wholesale_cost >= '38'::numeric)) AND ((ss_coupon_amt >= '6071'::numeric) OR (ss_list_price >= '135'::numeric) OR (ss_wholesale_cost <= '58'::numeric)) AND ((ss_coupon_amt >= '6071'::numeric) OR (ss_list_price >= '135'::numeric) OR (ss_wholesale_cost >= '38'::numeric)))
                                      Rows Removed by Filter: 9493940
        ->  Aggregate  (cost=1655169.03..1655169.04 rows=1 width=48) (actual time=13267.298..13267.353 rows=1 loops=1)
              ->  Gather Merge  (cost=1598162.30..1651720.11 rows=459856 width=6) (actual time=13161.129..13225.358 rows=365262 loops=1)
                    Workers Planned: 2
                    Workers Launched: 2
                    ->  Sort  (cost=1597162.27..1597641.29 rows=191607 width=6) (actual time=13136.791..13150.925 rows=121754 loops=3)
                          Sort Key: store_sales_4.ss_list_price
                          Sort Method: external sort  Disk: 1856kB
                          Worker 0:  Sort Method: external merge  Disk: 1280kB
                          Worker 1:  Sort Method: external merge  Disk: 1280kB
                          ->  Parallel Seq Scan on store_sales store_sales_4  (cost=0.00..1577729.38 rows=191607 width=6) (actual time=144.581..13074.854 rows=121754 loops=3)
                                Filter: ((ss_quantity <= 25) AND (ss_quantity >= 21) AND ((ss_coupon_amt <= '1836'::numeric) OR (ss_list_price <= '132'::numeric) OR (ss_wholesale_cost <= '37'::numeric)) AND ((ss_coupon_amt <= '1836'::numeric) OR (ss_list_price <= '132'::numeric) OR (ss_wholesale_cost >= '17'::numeric)) AND ((ss_coupon_amt <= '1836'::numeric) OR (ss_list_price >= '122'::numeric) OR (ss_wholesale_cost <= '37'::numeric)) AND ((ss_coupon_amt <= '1836'::numeric) OR (ss_list_price >= '122'::numeric) OR (ss_wholesale_cost >= '17'::numeric)) AND ((ss_coupon_amt >= '836'::numeric) OR (ss_list_price <= '132'::numeric) OR (ss_wholesale_cost <= '37'::numeric)) AND ((ss_coupon_amt >= '836'::numeric) OR (ss_list_price <= '132'::numeric) OR (ss_wholesale_cost >= '17'::numeric)) AND ((ss_coupon_amt >= '836'::numeric) OR (ss_list_price >= '122'::numeric) OR (ss_wholesale_cost <= '37'::numeric)) AND ((ss_coupon_amt >= '836'::numeric) OR (ss_list_price >= '122'::numeric) OR (ss_wholesale_cost >= '17'::numeric)))
                                Rows Removed by Filter: 9478576
  ->  Aggregate  (cost=1631834.70..1631834.71 rows=1 width=48) (actual time=13274.178..13278.391 rows=1 loops=1)
        ->  Gather Merge  (cost=1591972.91..1629423.05 rows=321553 width=6) (actual time=13169.787..13237.514 rows=302090 loops=1)
              Workers Planned: 2
              Workers Launched: 2
              ->  Sort  (cost=1590972.88..1591307.83 rows=133980 width=6) (actual time=13142.983..13149.678 rows=100697 loops=3)
                    Sort Key: store_sales_5.ss_list_price
                    Sort Method: external sort  Disk: 1576kB
                    Worker 0:  Sort Method: quicksort  Memory: 3959kB
                    Worker 1:  Sort Method: quicksort  Memory: 3983kB
                    ->  Parallel Seq Scan on store_sales store_sales_5  (cost=0.00..1577729.38 rows=133980 width=6) (actual time=155.682..13088.527 rows=100697 loops=3)
                          Filter: ((ss_quantity <= 30) AND (ss_quantity >= 26) AND ((ss_coupon_amt <= '8326'::numeric) OR (ss_list_price <= '164'::numeric) OR (ss_wholesale_cost <= '27'::numeric)) AND ((ss_coupon_amt <= '8326'::numeric) OR (ss_list_price <= '164'::numeric) OR (ss_wholesale_cost >= '7'::numeric)) AND ((ss_coupon_amt <= '8326'::numeric) OR (ss_list_price >= '154'::numeric) OR (ss_wholesale_cost <= '27'::numeric)) AND ((ss_coupon_amt <= '8326'::numeric) OR (ss_list_price >= '154'::numeric) OR (ss_wholesale_cost >= '7'::numeric)) AND ((ss_coupon_amt >= '7326'::numeric) OR (ss_list_price <= '164'::numeric) OR (ss_wholesale_cost <= '27'::numeric)) AND ((ss_coupon_amt >= '7326'::numeric) OR (ss_list_price <= '164'::numeric) OR (ss_wholesale_cost >= '7'::numeric)) AND ((ss_coupon_amt >= '7326'::numeric) OR (ss_list_price >= '154'::numeric) OR (ss_wholesale_cost <= '27'::numeric)) AND ((ss_coupon_amt >= '7326'::numeric) OR (ss_list_price >= '154'::numeric) OR (ss_wholesale_cost >= '7'::numeric)))
                          Rows Removed by Filter: 9499634
Planning Time: 1.268 ms
JIT:
  Functions: 89
  Options: Inlining true, Optimization true, Expressions true, Deforming true
  Timing: Generation 27.411 ms, Inlining 1100.518 ms, Optimization 1556.681 ms, Emission 1032.217 ms, Total 3716.827 ms
Execution Time: 79894.451 ms",SUCCESS
42,43,TPCDS,Q29,"SELECT
       i.i_item_id,
       i.i_item_desc,
       s.s_store_id,
       s.s_store_name,
       SUM(ss.ss_quantity)        AS store_sales_quantity,
       SUM(sr.sr_return_quantity) AS store_returns_quantity,
       SUM(cs.cs_quantity)        AS catalog_sales_quantity
FROM tpcds.store_sales      ss
JOIN tpcds.date_dim         d1 ON d1.d_date_sk = ss.ss_sold_date_sk
JOIN tpcds.item             i  ON i.i_item_sk  = ss.ss_item_sk
JOIN tpcds.store            s  ON s.s_store_sk = ss.ss_store_sk
JOIN tpcds.store_returns    sr ON sr.sr_customer_sk   = ss.ss_customer_sk
                               AND sr.sr_item_sk      = ss.ss_item_sk
                               AND sr.sr_ticket_number= ss.ss_ticket_number
JOIN tpcds.date_dim         d2 ON d2.d_date_sk = sr.sr_returned_date_sk
JOIN tpcds.catalog_sales    cs ON cs.cs_bill_customer_sk = sr.sr_customer_sk
                               AND cs.cs_item_sk          = sr.sr_item_sk
JOIN tpcds.date_dim         d3 ON d3.d_date_sk = cs.cs_sold_date_sk
WHERE d1.d_moy  = 9
  AND d1.d_year = 1999
  -- returned in the next six months of the same year
  AND d2.d_year = 1999
  AND d2.d_moy BETWEEN 9 AND 9 + 6
  -- re-purchased through catalog in the following three years
  AND d3.d_year IN (1999, 2000, 2001)
GROUP BY
       i.i_item_id,
       i.i_item_desc,
       s.s_store_id,
       s.s_store_name
ORDER BY
       i.i_item_id,
       i.i_item_desc,
       s.s_store_id,
       s.s_store_name
LIMIT 100;","selected_returns = store_sales.WHERE(
    (sold_date.month_of_year == 9)
    & (sold_date.year == 1999)
).CALCULATE(
    sale_customer_key=customer_key,
    sale_item_key=item_key,
    sale_ticket_number=ticket_number,
    i_item_id=item._id,
    i_item_desc=item.description,
    s_store_id=store._id,
    s_store_name=store.name,
    sale_quantity=quantity
).CROSS(store_returns).WHERE(
    (sale_customer_key==customer_key)
    & (sale_item_key==item_key)
    & (sale_ticket_number == ticket_number)
    & (returned_date.year == 1999)
    & MONOTONIC(9, returned_date.month_of_year, (9 + 6))
)
re_bought_catalog = selected_returns.CALCULATE(
    return_customer_key=customer_key,
    return_item_key=item_key,
    return_quantity=quantity
).CROSS(catalog_sales).WHERE(
    (return_customer_key==bill_customer_key)
    & (return_item_key==item_key)
    & ISIN(sold_date.year, (1999, 2000, 2001))
)
result = re_bought_catalog.PARTITION(
    name='item_store_groups', by=(i_item_id, i_item_desc, s_store_id, s_store_name)
).CALCULATE(
    i_item_id,
    i_item_desc,
    s_store_id, 
    s_store_name,
    store_sales_quantity=SUM(catalog_sales.sale_quantity),
    store_returns_quantity=SUM(catalog_sales.return_quantity),
    catalog_sales_quantity=SUM(catalog_sales.quantity)
).TOP_K(100, by=(i_item_id, i_item_desc, s_store_id, s_store_name))","SELECT
  item.i_item_id,
  item.i_item_desc,
  store.s_store_id,
  store.s_store_name,
  COALESCE(SUM(store_sales.ss_quantity), 0) AS store_sales_quantity,
  COALESCE(SUM(store_returns.sr_return_quantity), 0) AS store_returns_quantity,
  COALESCE(SUM(catalog_sales.cs_quantity), 0) AS catalog_sales_quantity
FROM tpcds.store_sales AS store_sales
JOIN tpcds.date_dim AS date_dim
  ON date_dim.d_date_sk = store_sales.ss_sold_date_sk
  AND date_dim.d_moy = 9
  AND date_dim.d_year = 1999
JOIN tpcds.item AS item
  ON item.i_item_sk = store_sales.ss_item_sk
LEFT JOIN tpcds.store AS store
  ON store.s_store_sk = store_sales.ss_store_sk
JOIN tpcds.store_returns AS store_returns
  ON store_returns.sr_customer_sk = store_sales.ss_customer_sk
  AND store_returns.sr_item_sk = store_sales.ss_item_sk
  AND store_returns.sr_ticket_number = store_sales.ss_ticket_number
JOIN tpcds.date_dim AS date_dim_2
  ON date_dim_2.d_date_sk = store_returns.sr_returned_date_sk
  AND date_dim_2.d_moy <= 15
  AND date_dim_2.d_moy >= 9
  AND date_dim_2.d_year = 1999
JOIN tpcds.catalog_sales AS catalog_sales
  ON catalog_sales.cs_bill_customer_sk = store_returns.sr_customer_sk
  AND catalog_sales.cs_item_sk = store_returns.sr_item_sk
LEFT JOIN tpcds.date_dim AS date_dim_3
  ON catalog_sales.cs_sold_date_sk = date_dim_3.d_date_sk
WHERE
  date_dim_3.d_year IN (1999, 2000, 2001)
GROUP BY
  1,
  2,
  3,
  4
ORDER BY
  1 NULLS FIRST,
  2 NULLS FIRST,
  3 NULLS FIRST,
  4 NULLS FIRST
LIMIT 100",26.472806146999574,26.05762110700016,"Limit  (cost=937258.86..1534130.41 rows=1 width=237) (actual time=25197.629..26456.510 rows=8 loops=1)
  ->  GroupAggregate  (cost=937258.86..1534130.41 rows=1 width=237) (actual time=24774.046..26032.916 rows=8 loops=1)
        Group Key: i.i_item_id, i.i_item_desc, s.s_store_id, s.s_store_name
        ->  Nested Loop  (cost=937258.86..1534130.38 rows=1 width=165) (actual time=24406.542..26032.785 rows=8 loops=1)
              Join Filter: ((i.i_item_sk = sr.sr_item_sk) AND (ss.ss_customer_sk = sr.sr_customer_sk) AND (ss.ss_ticket_number = sr.sr_ticket_number))
              Rows Removed by Join Filter: 21332009
              ->  Gather Merge  (cost=851764.37..852974.00 rows=10386 width=181) (actual time=13977.041..14361.186 rows=576541 loops=1)
                    Workers Planned: 2
                    Workers Launched: 2
                    ->  Sort  (cost=850764.35..850775.17 rows=4328 width=181) (actual time=13867.216..13968.351 rows=192180 loops=3)
                          Sort Key: i.i_item_id, i.i_item_desc, s.s_store_id, s.s_store_name
                          Sort Method: external merge  Disk: 52672kB
                          Worker 0:  Sort Method: external merge  Disk: 27952kB
                          Worker 1:  Sort Method: external merge  Disk: 29864kB
                          ->  Parallel Hash Join  (cost=845396.54..850502.95 rows=4328 width=181) (actual time=13044.583..13132.353 rows=192180 loops=3)
                                Hash Cond: (i.i_item_sk = ss.ss_item_sk)
                                ->  Parallel Seq Scan on item i  (cost=0.00..4929.00 rows=42500 width=128) (actual time=0.569..7.266 rows=34000 loops=3)
                                ->  Parallel Hash  (cost=845342.44..845342.44 rows=4328 width=53) (actual time=13018.879..13018.887 rows=192180 loops=3)
                                      Buckets: 131072 (originally 16384)  Batches: 8 (originally 1)  Memory Usage: 7264kB
                                      ->  Hash Join  (cost=2684.06..845342.44 rows=4328 width=53) (actual time=199.919..12859.026 rows=192180 loops=3)
                                            Hash Cond: (ss.ss_store_sk = s.s_store_sk)
                                            ->  Parallel Hash Join  (cost=2676.76..845274.84 rows=4543 width=40) (actual time=2.904..12617.576 rows=196794 loops=3)
                                                  Hash Cond: (ss.ss_sold_date_sk = d1.d_date_sk)
                                                  ->  Parallel Seq Scan on store_sales ss  (cost=0.00..797561.78 rows=12002578 width=48) (actual time=0.478..11863.830 rows=9600330 loops=3)
                                                  ->  Parallel Hash  (cost=2676.55..2676.55 rows=17 width=8) (actual time=1.989..1.990 rows=10 loops=3)
                                                        Buckets: 1024  Batches: 1  Memory Usage: 40kB
                                                        ->  Parallel Seq Scan on date_dim d1  (cost=0.00..2676.55 rows=17 width=8) (actual time=3.093..5.938 rows=30 loops=1)
                                                              Filter: ((d_moy = 9) AND (d_year = 1999))
                                                              Rows Removed by Filter: 73019
                                            ->  Hash  (cost=6.02..6.02 rows=102 width=29) (actual time=196.989..196.990 rows=102 loops=3)
                                                  Buckets: 1024  Batches: 1  Memory Usage: 15kB
                                                  ->  Seq Scan on store s  (cost=0.00..6.02 rows=102 width=29) (actual time=196.911..196.948 rows=102 loops=3)
              ->  Materialize  (cost=85494.49..680948.66 rows=1 width=56) (actual time=0.002..0.019 rows=37 loops=576541)
                    ->  Gather  (cost=85494.49..680948.66 rows=1 width=56) (actual time=847.208..10241.654 rows=37 loops=1)
                          Workers Planned: 2
                          Workers Launched: 2
                          ->  Parallel Hash Join  (cost=84494.49..679948.56 rows=1 width=56) (actual time=595.861..10217.866 rows=12 loops=3)
                                Hash Cond: ((cs.cs_item_sk = sr.sr_item_sk) AND (cs.cs_bill_customer_sk = sr.sr_customer_sk))
                                ->  Parallel Hash Join  (cost=2630.89..597413.74 rows=89495 width=24) (actual time=4.003..8684.417 rows=2856999 loops=3)
                                      Hash Cond: (cs.cs_sold_date_sk = d3.d_date_sk)
                                      ->  Parallel Seq Scan on catalog_sales cs  (cost=0.00..571755.28 rows=6000328 width=32) (actual time=0.069..8019.523 rows=4800420 loops=3)
                                      ->  Parallel Hash  (cost=2622.84..2622.84 rows=644 width=8) (actual time=3.857..3.859 rows=365 loops=3)
                                            Buckets: 2048  Batches: 1  Memory Usage: 112kB
                                            ->  Parallel Seq Scan on date_dim d3  (cost=0.00..2622.84 rows=644 width=8) (actual time=1.903..3.723 rows=365 loops=3)
                                                  Filter: (d_year = ANY ('{1999,2000,2001}'::bigint[]))
                                                  Rows Removed by Filter: 23984
                                ->  Parallel Hash  (cost=81834.41..81834.41 rows=1946 width=32) (actual time=443.599..443.603 rows=61011 loops=3)
                                      Buckets: 262144 (originally 8192)  Batches: 1 (originally 1)  Memory Usage: 15296kB
                                      ->  Parallel Hash Join  (cost=2784.88..81834.41 rows=1946 width=32) (actual time=148.435..347.290 rows=61011 loops=3)
                                            Hash Cond: (sr.sr_returned_date_sk = d2.d_date_sk)
                                            ->  Parallel Seq Scan on store_returns sr  (cost=0.00..74541.93 rows=1198992 width=40) (actual time=0.024..118.273 rows=959177 loops=3)
                                            ->  Parallel Hash  (cost=2783.97..2783.97 rows=72 width=8) (actual time=1.944..1.945 rows=41 loops=3)
                                                  Buckets: 1024  Batches: 1  Memory Usage: 40kB
                                                  ->  Parallel Seq Scan on date_dim d2  (cost=0.00..2783.97 rows=72 width=8) (actual time=2.959..5.800 rows=122 loops=1)
                                                        Filter: ((d_moy >= 9) AND (d_moy <= 15) AND (d_year = 1999))
                                                        Rows Removed by Filter: 72927
Planning Time: 5.455 ms
JIT:
  Functions: 191
  Options: Inlining true, Optimization true, Expressions true, Deforming true
  Timing: Generation 12.288 ms, Inlining 328.212 ms, Optimization 689.695 ms, Emission 436.271 ms, Total 1466.466 ms
Execution Time: 26467.428 ms","Limit  (cost=937277.02..1534219.26 rows=1 width=237) (actual time=25274.417..26642.061 rows=8 loops=1)
  ->  GroupAggregate  (cost=937277.02..1534219.26 rows=1 width=237) (actual time=24863.394..26231.027 rows=8 loops=1)
        Group Key: item.i_item_id, item.i_item_desc, store.s_store_id, store.s_store_name
        ->  Nested Loop  (cost=937277.02..1534219.23 rows=1 width=165) (actual time=24459.902..26230.878 rows=8 loops=1)
              Join Filter: ((item.i_item_sk = store_returns.sr_item_sk) AND (store_sales.ss_customer_sk = store_returns.sr_customer_sk) AND (store_sales.ss_ticket_number = store_returns.sr_ticket_number))
              Rows Removed by Join Filter: 21844089
              ->  Gather Merge  (cost=851782.54..853052.48 rows=10904 width=181) (actual time=13996.373..14429.996 rows=590381 loops=1)
                    Workers Planned: 2
                    Workers Launched: 2
                    ->  Sort  (cost=850782.51..850793.87 rows=4543 width=181) (actual time=13894.490..13991.606 rows=196794 loops=3)
                          Sort Key: item.i_item_id NULLS FIRST, item.i_item_desc NULLS FIRST, store.s_store_id NULLS FIRST, store.s_store_name NULLS FIRST
                          Sort Method: external merge  Disk: 29840kB
                          Worker 0:  Sort Method: external merge  Disk: 53216kB
                          Worker 1:  Sort Method: external merge  Disk: 29800kB
                          ->  Hash Left Join  (cost=845338.93..850506.54 rows=4543 width=181) (actual time=13025.964..13152.058 rows=196794 loops=3)
                                Hash Cond: (store_sales.ss_store_sk = store.s_store_sk)
                                ->  Parallel Hash Join  (cost=845331.63..850438.94 rows=4543 width=168) (actual time=13025.855..13119.540 rows=196794 loops=3)
                                      Hash Cond: (item.i_item_sk = store_sales.ss_item_sk)
                                      ->  Parallel Seq Scan on item  (cost=0.00..4929.00 rows=42500 width=128) (actual time=0.458..7.432 rows=34000 loops=3)
                                      ->  Parallel Hash  (cost=845274.84..845274.84 rows=4543 width=40) (actual time=12999.705..12999.792 rows=196794 loops=3)
                                            Buckets: 131072 (originally 16384)  Batches: 8 (originally 1)  Memory Usage: 6240kB
                                            ->  Parallel Hash Join  (cost=2676.76..845274.84 rows=4543 width=40) (actual time=200.975..12801.900 rows=196794 loops=3)
                                                  Hash Cond: (store_sales.ss_sold_date_sk = date_dim.d_date_sk)
                                                  ->  Parallel Seq Scan on store_sales  (cost=0.00..797561.78 rows=12002578 width=48) (actual time=0.473..11838.363 rows=9600330 loops=3)
                                                  ->  Parallel Hash  (cost=2676.55..2676.55 rows=17 width=8) (actual time=2.114..2.116 rows=10 loops=3)
                                                        Buckets: 1024  Batches: 1  Memory Usage: 40kB
                                                        ->  Parallel Seq Scan on date_dim  (cost=0.00..2676.55 rows=17 width=8) (actual time=3.441..6.308 rows=30 loops=1)
                                                              Filter: ((d_moy = 9) AND (d_year = 1999))
                                                              Rows Removed by Filter: 73019
                                ->  Hash  (cost=6.02..6.02 rows=102 width=29) (actual time=0.080..0.081 rows=102 loops=3)
                                      Buckets: 1024  Batches: 1  Memory Usage: 15kB
                                      ->  Seq Scan on store  (cost=0.00..6.02 rows=102 width=29) (actual time=0.025..0.050 rows=102 loops=3)
              ->  Materialize  (cost=85494.49..680948.66 rows=1 width=56) (actual time=0.001..0.019 rows=37 loops=590381)
                    ->  Gather  (cost=85494.49..680948.66 rows=1 width=56) (actual time=545.397..10258.341 rows=37 loops=1)
                          Workers Planned: 2
                          Workers Launched: 2
                          ->  Parallel Hash Join  (cost=84494.49..679948.56 rows=1 width=56) (actual time=615.871..10238.432 rows=12 loops=3)
                                Hash Cond: ((catalog_sales.cs_item_sk = store_returns.sr_item_sk) AND (catalog_sales.cs_bill_customer_sk = store_returns.sr_customer_sk))
                                ->  Parallel Hash Join  (cost=2630.89..597413.74 rows=89495 width=24) (actual time=4.263..8729.556 rows=2856999 loops=3)
                                      Hash Cond: (catalog_sales.cs_sold_date_sk = date_dim_3.d_date_sk)
                                      ->  Parallel Seq Scan on catalog_sales  (cost=0.00..571755.28 rows=6000328 width=32) (actual time=0.139..8073.379 rows=4800420 loops=3)
                                      ->  Parallel Hash  (cost=2622.84..2622.84 rows=644 width=8) (actual time=4.020..4.022 rows=365 loops=3)
                                            Buckets: 2048  Batches: 1  Memory Usage: 112kB
                                            ->  Parallel Seq Scan on date_dim date_dim_3  (cost=0.00..2622.84 rows=644 width=8) (actual time=2.005..3.878 rows=365 loops=3)
                                                  Filter: (d_year = ANY ('{1999,2000,2001}'::bigint[]))
                                                  Rows Removed by Filter: 23984
                                ->  Parallel Hash  (cost=81834.41..81834.41 rows=1946 width=32) (actual time=462.776..462.780 rows=61011 loops=3)
                                      Buckets: 262144 (originally 8192)  Batches: 1 (originally 1)  Memory Usage: 15296kB
                                      ->  Parallel Hash Join  (cost=2784.88..81834.41 rows=1946 width=32) (actual time=149.032..355.632 rows=61011 loops=3)
                                            Hash Cond: (store_returns.sr_returned_date_sk = date_dim_2.d_date_sk)
                                            ->  Parallel Seq Scan on store_returns  (cost=0.00..74541.93 rows=1198992 width=40) (actual time=0.038..121.564 rows=959177 loops=3)
                                            ->  Parallel Hash  (cost=2783.97..2783.97 rows=72 width=8) (actual time=3.007..3.008 rows=41 loops=3)
                                                  Buckets: 1024  Batches: 1  Memory Usage: 40kB
                                                  ->  Parallel Seq Scan on date_dim date_dim_2  (cost=0.00..2783.97 rows=72 width=8) (actual time=4.532..8.965 rows=122 loops=1)
                                                        Filter: ((d_moy <= 15) AND (d_moy >= 9) AND (d_year = 1999))
                                                        Rows Removed by Filter: 72927
Planning Time: 6.473 ms
JIT:
  Functions: 191
  Options: Inlining true, Optimization true, Expressions true, Deforming true
  Timing: Generation 11.450 ms, Inlining 315.239 ms, Optimization 677.327 ms, Emission 450.276 ms, Total 1454.293 ms
Execution Time: 26650.133 ms",SUCCESS
43,44,TPCDS,Q30,"WITH customer_total_return AS (
    SELECT
        wr.wr_returning_customer_sk AS ctr_customer_sk,
        ca.ca_state                 AS ctr_state,
        SUM(wr.wr_return_amt)       AS ctr_total_return
    FROM tpcds.web_returns wr
    JOIN tpcds.date_dim d
      ON wr.wr_returned_date_sk = d.d_date_sk
    JOIN tpcds.customer_address ca
      ON wr.wr_returning_addr_sk = ca.ca_address_sk
    WHERE d.d_year = 2002
    GROUP BY
        wr.wr_returning_customer_sk,
        ca.ca_state
),
customer_with_avg AS (
    SELECT
        ctr.*,
        AVG(ctr_total_return) OVER (PARTITION BY ctr_state) AS state_avg_return
    FROM customer_total_return ctr
)
SELECT
    c.c_customer_id,
    c.c_salutation,
    c.c_first_name,
    c.c_last_name,
    c.c_preferred_cust_flag,
    c.c_birth_day,
    c.c_birth_month,
    c.c_birth_year,
    c.c_birth_country,
    c.c_login,
    c.c_email_address,
    c.c_last_review_date_sk,
    cwa.ctr_total_return
FROM customer_with_avg cwa
JOIN tpcds.customer c
  ON cwa.ctr_customer_sk = c.c_customer_sk
JOIN tpcds.customer_address ca
  ON ca.ca_address_sk = c.c_current_addr_sk
WHERE cwa.ctr_total_return > cwa.state_avg_return * 1.2
		  AND ca.ca_state = 'GA'
ORDER BY
    c.c_customer_id,
    c.c_salutation,
    c.c_first_name,
    c.c_last_name,
    c.c_preferred_cust_flag,
    c.c_birth_day,
    c.c_birth_month,
    c.c_birth_year,
    c.c_birth_country,
    c.c_login,
    c.c_email_address,
    c.c_last_review_date_sk,
    cwa.ctr_total_return
LIMIT 100;","customer_access = CROSS(customers).WHERE(
    (returning_customer_key==key)
).SINGULAR()
result = web_returns.WHERE(
    HAS(returned_date)
    & (returned_date.year == 2002)
).CALCULATE(
    returning_customer_key,
    returning_state=DEFAULT_TO(returning_address.state, 'UNKNOWN')
).PARTITION(
    name='customer_returning_state_groups',
    by=(returning_customer_key, returning_state)
).CALCULATE(
    returning_customer_key,
    returning_state,
    c_total_return=SUM(web_returns.return_amount)
).WHERE(COUNT(web_returns.return_amount) > 0).PARTITION(
    name='returing_state_groups', by=returning_state
).customer_returning_state_groups.CALCULATE(
    returning_customer_key,
    returning_state,
    c_total_return,
    state_avg=RELAVG(c_total_return, per='returing_state_groups')
).WHERE(
    (c_total_return > 1.2 * state_avg)
).CALCULATE(
    returning_customer_key
).CALCULATE(
    c_customer_id=customer_access._id,
    c_salutation=customer_access.salutation,
    c_first_name=customer_access.first_name,
    c_last_name=customer_access.last_name,
    c_preferred_cust_flag=customer_access.preferred_customer_flag,
    c_birth_day=customer_access.birth_day,
    c_birth_month=customer_access.birth_month,
    c_birth_year=customer_access.birth_year,
    c_birth_country=customer_access.birth_country,
    c_login=customer_access.login,
    c_email_address=customer_access.email,
    c_last_review_date_sk=customer_access.last_review_date_key,
    ctr_total_return=c_total_return
).WHERE(
    (customer_access.current_address.state == 'GA')
).TOP_K(100, by=(
        c_customer_id,
        c_salutation,
        c_first_name,
        c_last_name,
        c_preferred_cust_flag,
        c_birth_day,
        c_birth_month,
        c_birth_year,
        c_birth_country,
        c_login,
        c_email_address,
        c_last_review_date_sk,
        ctr_total_return
    )
)","WITH _s0 AS (
  SELECT
    wr_return_amt,
    wr_returned_date_sk,
    wr_returning_addr_sk,
    wr_returning_customer_sk
  FROM tpcds.web_returns
), _t5 AS (
  SELECT
    d_date_sk,
    d_year
  FROM tpcds.date_dim
  WHERE
    d_year = 2002
), _s3 AS (
  SELECT
    ca_address_sk,
    ca_state
  FROM tpcds.customer_address
), _t3 AS (
  SELECT
    COALESCE(_s3.ca_state, 'UNKNOWN') AS returning_state,
    _s0.wr_returning_customer_sk,
    COUNT(_s0.wr_return_amt) AS count_wr_return_amt,
    SUM(_s0.wr_return_amt) AS sum_wr_return_amt
  FROM _s0 AS _s0
  JOIN _t5 AS _t5
    ON _s0.wr_returned_date_sk = _t5.d_date_sk
  LEFT JOIN _s3 AS _s3
    ON _s0.wr_returning_addr_sk = _s3.ca_address_sk
  GROUP BY
    1,
    2
), _t1 AS (
  SELECT
    returning_state,
    sum_wr_return_amt,
    wr_returning_customer_sk,
    AVG(CAST(COALESCE(sum_wr_return_amt, 0) AS DOUBLE PRECISION)) OVER (PARTITION BY returning_state) AS state_avg
  FROM _t3
  WHERE
    count_wr_return_amt > 0
), _t8 AS (
  SELECT
    COALESCE(_s7.ca_state, 'UNKNOWN') AS returning_state,
    _s4.wr_returning_customer_sk,
    COUNT(_s4.wr_return_amt) AS count_wr_return_amt,
    SUM(_s4.wr_return_amt) AS sum_wr_return_amt
  FROM _s0 AS _s4
  JOIN _t5 AS _t10
    ON _s4.wr_returned_date_sk = _t10.d_date_sk
  LEFT JOIN _s3 AS _s7
    ON _s4.wr_returning_addr_sk = _s7.ca_address_sk
  GROUP BY
    1,
    2
), _t6 AS (
  SELECT
    returning_state,
    sum_wr_return_amt,
    wr_returning_customer_sk,
    AVG(CAST(COALESCE(sum_wr_return_amt, 0) AS DOUBLE PRECISION)) OVER (PARTITION BY returning_state) AS state_avg
  FROM _t8
  WHERE
    count_wr_return_amt > 0
)
SELECT
  customer.c_customer_id,
  customer.c_salutation,
  customer.c_first_name,
  customer.c_last_name,
  customer.c_preferred_cust_flag,
  customer.c_birth_day,
  customer.c_birth_month,
  customer.c_birth_year,
  customer.c_birth_country,
  customer.c_login,
  customer.c_email_address,
  customer.c_last_review_date_sk,
  COALESCE(_t1.sum_wr_return_amt, 0) AS ctr_total_return
FROM _t1 AS _t1
JOIN _t6 AS _t6
  ON (
    1.2 * _t6.state_avg
  ) < COALESCE(_t6.sum_wr_return_amt, 0)
  AND _t1.returning_state = _t6.returning_state
  AND _t1.wr_returning_customer_sk = _t6.wr_returning_customer_sk
JOIN tpcds.customer AS customer
  ON _t6.wr_returning_customer_sk = customer.c_customer_sk
JOIN tpcds.customer_address AS customer_address
  ON customer.c_current_addr_sk = customer_address.ca_address_sk
  AND customer_address.ca_state = 'GA'
WHERE
  (
    1.2 * _t1.state_avg
  ) < COALESCE(_t1.sum_wr_return_amt, 0)
ORDER BY
  1 NULLS FIRST,
  2 NULLS FIRST,
  3 NULLS FIRST,
  4 NULLS FIRST,
  5 NULLS FIRST,
  6 NULLS FIRST,
  7 NULLS FIRST,
  8 NULLS FIRST,
  9 NULLS FIRST,
  10 NULLS FIRST,
  11 NULLS FIRST,
  12 NULLS FIRST,
  13 NULLS FIRST
LIMIT 100",0.7487760740004887,4.496666681000534,"Limit  (cost=57117.95..57118.08 rows=53 width=134) (actual time=521.724..523.060 rows=100 loops=1)
  ->  Sort  (cost=57117.95..57118.08 rows=53 width=134) (actual time=521.722..523.053 rows=100 loops=1)
        Sort Key: c.c_customer_id, c.c_salutation, c.c_first_name, c.c_last_name, c.c_preferred_cust_flag, c.c_birth_day, c.c_birth_month, c.c_birth_year, c.c_birth_country, c.c_login, c.c_email_address, c.c_last_review_date_sk, cwa.ctr_total_return
        Sort Method: top-N heapsort  Memory: 60kB
        ->  Hash Join  (cost=57005.14..57116.43 rows=53 width=134) (actual time=434.797..521.306 rows=1617 loops=1)
              Hash Cond: (cwa.ctr_customer_sk = c.c_customer_sk)
              ->  Subquery Scan on cwa  (cost=32666.59..32773.26 rows=1094 width=40) (actual time=350.883..428.071 rows=33338 loops=1)
                    Filter: (cwa.ctr_total_return > (cwa.state_avg_return * 1.2))
                    Rows Removed by Filter: 98417
                    ->  WindowAgg  (cost=32666.59..32724.03 rows=3282 width=75) (actual time=350.872..404.341 rows=131755 loops=1)
                          ->  Sort  (cost=32666.59..32674.80 rows=3282 width=43) (actual time=350.567..364.779 rows=131755 loops=1)
                                Sort Key: ctr.ctr_state
                                Sort Method: external merge  Disk: 4216kB
                                ->  Subquery Scan on ctr  (cost=32059.95..32474.92 rows=3282 width=43) (actual time=166.749..308.079 rows=131755 loops=1)
                                      ->  Finalize GroupAggregate  (cost=32059.95..32474.92 rows=3282 width=43) (actual time=166.747..300.132 rows=131755 loops=1)
                                            Group Key: wr.wr_returning_customer_sk, ca_1.ca_state
                                            ->  Gather Merge  (cost=32059.95..32406.53 rows=2736 width=43) (actual time=166.737..230.015 rows=132216 loops=1)
                                                  Workers Planned: 2
                                                  Workers Launched: 2
                                                  ->  Partial GroupAggregate  (cost=31059.92..31090.70 rows=1368 width=43) (actual time=149.110..188.972 rows=44072 loops=3)
                                                        Group Key: wr.wr_returning_customer_sk, ca_1.ca_state
                                                        ->  Sort  (cost=31059.92..31063.34 rows=1368 width=17) (actual time=149.088..157.847 rows=44708 loops=3)
                                                              Sort Key: wr.wr_returning_customer_sk, ca_1.ca_state
                                                              Sort Method: quicksort  Memory: 3903kB
                                                              Worker 0:  Sort Method: quicksort  Memory: 3211kB
                                                              Worker 1:  Sort Method: quicksort  Memory: 3211kB
                                                              ->  Parallel Hash Join  (cost=25062.67..30988.67 rows=1368 width=17) (actual time=86.625..136.230 rows=44708 loops=3)
                                                                    Hash Cond: (ca_1.ca_address_sk = wr.wr_returning_addr_sk)
                                                                    ->  Parallel Seq Scan on customer_address ca_1  (cost=0.00..5529.67 rows=104167 width=11) (actual time=0.028..11.341 rows=83333 loops=3)
                                                                    ->  Parallel Hash  (cost=25044.79..25044.79 rows=1431 width=22) (actual time=86.404..86.409 rows=45790 loops=3)
                                                                          Buckets: 262144 (originally 4096)  Batches: 1 (originally 1)  Memory Usage: 11424kB
                                                                          ->  Parallel Hash Join  (cost=2571.81..25044.79 rows=1431 width=22) (actual time=2.448..66.132 rows=45790 loops=3)
                                                                                Hash Cond: (wr.wr_returned_date_sk = d.d_date_sk)
                                                                                ->  Parallel Seq Scan on web_returns wr  (cost=0.00..21340.76 rows=299676 width=30) (actual time=0.016..32.439 rows=239741 loops=3)
                                                                                ->  Parallel Hash  (cost=2569.12..2569.12 rows=215 width=8) (actual time=2.414..2.415 rows=122 loops=3)
                                                                                      Buckets: 1024  Batches: 1  Memory Usage: 40kB
                                                                                      ->  Parallel Seq Scan on date_dim d  (cost=0.00..2569.12 rows=215 width=8) (actual time=4.266..7.182 rows=365 loops=1)
                                                                                            Filter: (d_year = 2002)
                                                                                            Rows Removed by Filter: 72684
              ->  Hash  (cost=24037.72..24037.72 rows=24066 width=110) (actual time=83.860..83.990 rows=24415 loops=1)
                    Buckets: 32768  Batches: 1  Memory Usage: 3803kB
                    ->  Gather  (cost=6852.76..24037.72 rows=24066 width=110) (actual time=29.782..75.107 rows=24415 loops=1)
                          Workers Planned: 2
                          Workers Launched: 2
                          ->  Parallel Hash Join  (cost=5852.76..20631.12 rows=10028 width=110) (actual time=16.205..63.820 rows=8138 loops=3)
                                Hash Cond: (c.c_current_addr_sk = ca.ca_address_sk)
                                ->  Parallel Seq Scan on customer c  (cost=0.00..13955.33 rows=208333 width=118) (actual time=0.023..22.171 rows=166667 loops=3)
                                ->  Parallel Hash  (cost=5790.08..5790.08 rows=5014 width=8) (actual time=15.844..15.845 rows=4029 loops=3)
                                      Buckets: 16384  Batches: 1  Memory Usage: 640kB
                                      ->  Parallel Seq Scan on customer_address ca  (cost=0.00..5790.08 rows=5014 width=8) (actual time=0.033..14.830 rows=4029 loops=3)
                                            Filter: ((ca_state)::text = 'GA'::text)
                                            Rows Removed by Filter: 79304
Planning Time: 0.360 ms
Execution Time: 523.628 ms","Limit  (cost=468838015.82..470395028.16 rows=24 width=134) (actual time=3947.299..6761.573 rows=100 loops=1)
  CTE _s0
    ->  Seq Scan on web_returns  (cost=0.00..25536.22 rows=719222 width=30) (actual time=0.021..95.876 rows=719222 loops=1)
  CTE _t5
    ->  Seq Scan on date_dim  (cost=0.00..2945.11 rows=365 width=16) (actual time=2.832..5.364 rows=365 loops=1)
          Filter: (d_year = 2002)
          Rows Removed by Filter: 72684
  CTE _s3
    ->  Seq Scan on customer_address customer_address_1  (cost=0.00..6988.00 rows=250000 width=11) (actual time=0.055..34.008 rows=250000 loops=1)
  ->  Incremental Sort  (cost=468802546.48..470359558.83 rows=24 width=134) (actual time=3328.545..6142.807 rows=100 loops=1)
        Sort Key: customer.c_customer_id NULLS FIRST, customer.c_salutation NULLS FIRST, customer.c_first_name NULLS FIRST, customer.c_last_name NULLS FIRST, customer.c_preferred_cust_flag NULLS FIRST, customer.c_birth_day NULLS FIRST, customer.c_birth_month NULLS FIRST, customer.c_birth_year NULLS FIRST, customer.c_birth_country NULLS FIRST, customer.c_login NULLS FIRST, customer.c_email_address NULLS FIRST, customer.c_last_review_date_sk NULLS FIRST, (COALESCE(_t1.sum_wr_return_amt, '0'::numeric)) NULLS FIRST
        Presorted Key: customer.c_customer_id, customer.c_salutation, customer.c_first_name, customer.c_last_name, customer.c_preferred_cust_flag, customer.c_birth_day, customer.c_birth_month, customer.c_birth_year, customer.c_birth_country, customer.c_login, customer.c_email_address, customer.c_last_review_date_sk
        Full-sort Groups: 4  Sort Method: quicksort  Average Memory: 32kB  Peak Memory: 32kB
        ->  Nested Loop  (cost=468734850.33..470359557.75 rows=24 width=134) (actual time=1905.213..6142.364 rows=101 loops=1)
              Join Filter: (((_t1.returning_state)::text = (_t6.returning_state)::text) AND (_t1.wr_returning_customer_sk = _t6.wr_returning_customer_sk))
              Rows Removed by Join Filter: 3368184
              ->  Nested Loop  (cost=234378573.96..235986127.50 rows=214 width=182) (actual time=1266.543..5233.405 rows=101 loops=1)
                    Join Filter: (_t1.wr_returning_customer_sk = customer.c_customer_sk)
                    Rows Removed by Join Filter: 51184096
                    ->  Gather Merge  (cost=22297.59..25100.48 rows=24066 width=110) (actual time=384.404..387.290 rows=1533 loops=1)
                          Workers Planned: 2
                          Workers Launched: 2
                          ->  Sort  (cost=21297.57..21322.64 rows=10028 width=110) (actual time=304.922..305.160 rows=523 loops=3)
                                Sort Key: customer.c_customer_id NULLS FIRST, customer.c_salutation NULLS FIRST, customer.c_first_name NULLS FIRST, customer.c_last_name NULLS FIRST, customer.c_preferred_cust_flag NULLS FIRST, customer.c_birth_day NULLS FIRST, customer.c_birth_month NULLS FIRST, customer.c_birth_year NULLS FIRST, customer.c_birth_country NULLS FIRST, customer.c_login NULLS FIRST, customer.c_email_address NULLS FIRST, customer.c_last_review_date_sk NULLS FIRST
                                Sort Method: quicksort  Memory: 3948kB
                                Worker 0:  Sort Method: quicksort  Memory: 27kB
                                Worker 1:  Sort Method: quicksort  Memory: 27kB
                                ->  Parallel Hash Join  (cost=5852.76..20631.12 rows=10028 width=110) (actual time=244.471..282.184 rows=8138 loops=3)
                                      Hash Cond: (customer.c_current_addr_sk = customer_address.ca_address_sk)
                                      ->  Parallel Seq Scan on customer  (cost=0.00..13955.33 rows=208333 width=118) (actual time=0.024..17.546 rows=166667 loops=3)
                                      ->  Parallel Hash  (cost=5790.08..5790.08 rows=5014 width=8) (actual time=9.544..9.545 rows=4029 loops=3)
                                            Buckets: 16384  Batches: 1  Memory Usage: 608kB
                                            ->  Parallel Seq Scan on customer_address  (cost=0.00..5790.08 rows=5014 width=8) (actual time=0.047..26.553 rows=12087 loops=1)
                                                  Filter: ((ca_state)::text = 'GA'::text)
                                                  Rows Removed by Filter: 237913
                    ->  Materialize  (cost=234356276.37..234356798.58 rows=4444 width=72) (actual time=0.505..1.815 rows=33388 loops=1533)
                          ->  Subquery Scan on _t1  (cost=234356276.37..234356776.36 rows=4444 width=72) (actual time=774.577..863.085 rows=33391 loops=1)
                                Filter: (('1.2'::double precision * _t1.state_avg) < (COALESCE(_t1.sum_wr_return_amt, '0'::numeric))::double precision)
                                Rows Removed by Filter: 98396
                                ->  WindowAgg  (cost=234356276.37..234356543.03 rows=13333 width=80) (actual time=774.570..839.918 rows=131787 loops=1)
                                      ->  Sort  (cost=234356276.37..234356309.70 rows=13333 width=72) (actual time=774.155..788.011 rows=131787 loops=1)
                                            Sort Key: _t3.returning_state
                                            Sort Method: external merge  Disk: 4344kB
                                            ->  Subquery Scan on _t3  (cost=202309219.39..234355362.88 rows=13333 width=72) (actual time=589.367..731.177 rows=131787 loops=1)
                                                  ->  HashAggregate  (cost=202309219.39..234355229.55 rows=13333 width=80) (actual time=589.355..724.334 rows=131787 loops=1)
                                                        Group Key: COALESCE(_s3.ca_state, 'UNKNOWN'::character varying), _s0.wr_returning_customer_sk
                                                        Filter: (count(_s0.wr_return_amt) > 0)
                                                        Planned Partitions: 4  Batches: 21  Memory Usage: 8249kB  Disk Usage: 7160kB
                                                        Rows Removed by Filter: 1630
                                                        ->  Merge Right Join  (cost=290422.32..24905828.77 rows=1640725000 width=54) (actual time=464.412..538.562 rows=137371 loops=1)
                                                              Merge Cond: (_s3.ca_address_sk = _s0.wr_returning_addr_sk)
                                                              ->  Sort  (cost=32541.96..33166.96 rows=250000 width=20) (actual time=113.220..131.811 rows=249999 loops=1)
                                                                    Sort Key: _s3.ca_address_sk
                                                                    Sort Method: external merge  Disk: 6320kB
                                                                    ->  CTE Scan on _s3  (cost=0.00..5000.00 rows=250000 width=20) (actual time=0.061..79.148 rows=250000 loops=1)
                                                              ->  Materialize  (cost=257880.36..264443.26 rows=1312580 width=30) (actual time=351.114..375.045 rows=137371 loops=1)
                                                                    ->  Sort  (cost=257880.36..261161.81 rows=1312580 width=30) (actual time=351.110..364.452 rows=137371 loops=1)
                                                                          Sort Key: _s0.wr_returning_addr_sk
                                                                          Sort Method: external merge  Disk: 4512kB
                                                                          ->  Hash Join  (cost=11.86..61685.15 rows=1312580 width=30) (actual time=5.535..313.299 rows=137371 loops=1)
                                                                                Hash Cond: (_s0.wr_returned_date_sk = _t5.d_date_sk)
                                                                                ->  CTE Scan on _s0  (cost=0.00..14384.44 rows=719222 width=38) (actual time=0.023..253.139 rows=719222 loops=1)
                                                                                ->  Hash  (cost=7.30..7.30 rows=365 width=8) (actual time=5.476..5.477 rows=365 loops=1)
                                                                                      Buckets: 1024  Batches: 1  Memory Usage: 23kB
                                                                                      ->  CTE Scan on _t5  (cost=0.00..7.30 rows=365 width=8) (actual time=2.838..5.429 rows=365 loops=1)
              ->  Materialize  (cost=234356276.37..234356798.58 rows=4444 width=40) (actual time=5.487..7.516 rows=33349 loops=101)
                    ->  Subquery Scan on _t6  (cost=234356276.37..234356776.36 rows=4444 width=40) (actual time=554.175..643.802 rows=33391 loops=1)
                          Filter: (('1.2'::double precision * _t6.state_avg) < (COALESCE(_t6.sum_wr_return_amt, '0'::numeric))::double precision)
                          Rows Removed by Filter: 98396
                          ->  WindowAgg  (cost=234356276.37..234356543.03 rows=13333 width=80) (actual time=554.166..620.514 rows=131787 loops=1)
                                ->  Sort  (cost=234356276.37..234356309.70 rows=13333 width=72) (actual time=553.590..567.511 rows=131787 loops=1)
                                      Sort Key: _t8.returning_state
                                      Sort Method: external merge  Disk: 4344kB
                                      ->  Subquery Scan on _t8  (cost=202309219.39..234355362.88 rows=13333 width=72) (actual time=337.139..507.436 rows=131787 loops=1)
                                            ->  HashAggregate  (cost=202309219.39..234355229.55 rows=13333 width=80) (actual time=337.121..500.432 rows=131787 loops=1)
                                                  Group Key: COALESCE(_s7.ca_state, 'UNKNOWN'::character varying), _s4.wr_returning_customer_sk
                                                  Filter: (count(_s4.wr_return_amt) > 0)
                                                  Planned Partitions: 4  Batches: 21  Memory Usage: 8249kB  Disk Usage: 7160kB
                                                  Rows Removed by Filter: 1630
                                                  ->  Merge Right Join  (cost=290422.32..24905828.77 rows=1640725000 width=54) (actual time=201.685..278.697 rows=137371 loops=1)
                                                        Merge Cond: (_s7.ca_address_sk = _s4.wr_returning_addr_sk)
                                                        ->  Sort  (cost=32541.96..33166.96 rows=250000 width=20) (actual time=54.054..73.702 rows=249999 loops=1)
                                                              Sort Key: _s7.ca_address_sk
                                                              Sort Method: external merge  Disk: 6320kB
                                                              ->  CTE Scan on _s3 _s7  (cost=0.00..5000.00 rows=250000 width=20) (actual time=0.042..21.292 rows=250000 loops=1)
                                                        ->  Materialize  (cost=257880.36..264443.26 rows=1312580 width=30) (actual time=147.543..172.967 rows=137371 loops=1)
                                                              ->  Sort  (cost=257880.36..261161.81 rows=1312580 width=30) (actual time=147.539..161.907 rows=137371 loops=1)
                                                                    Sort Key: _s4.wr_returning_addr_sk
                                                                    Sort Method: external merge  Disk: 4512kB
                                                                    ->  Hash Join  (cost=11.86..61685.15 rows=1312580 width=30) (actual time=0.098..102.822 rows=137371 loops=1)
                                                                          Hash Cond: (_s4.wr_returned_date_sk = _t10.d_date_sk)
                                                                          ->  CTE Scan on _s0 _s4  (cost=0.00..14384.44 rows=719222 width=38) (actual time=0.015..50.696 rows=719222 loops=1)
                                                                          ->  Hash  (cost=7.30..7.30 rows=365 width=8) (actual time=0.063..0.064 rows=365 loops=1)
                                                                                Buckets: 1024  Batches: 1  Memory Usage: 23kB
                                                                                ->  CTE Scan on _t5 _t10  (cost=0.00..7.30 rows=365 width=8) (actual time=0.005..0.028 rows=365 loops=1)
Planning Time: 0.530 ms
JIT:
  Functions: 138
  Options: Inlining true, Optimization true, Expressions true, Deforming true
  Timing: Generation 10.648 ms, Inlining 253.711 ms, Optimization 713.777 ms, Emission 456.351 ms, Total 1434.487 ms
Execution Time: 6776.649 ms",SUCCESS
44,45,TPCDS,Q31,"WITH ss AS (
    SELECT
        ca.ca_county,
        d.d_qoy,
        d.d_year,
        SUM(ss.ss_ext_sales_price) AS store_sales
    FROM tpcds.store_sales ss
    JOIN tpcds.date_dim d
      ON ss.ss_sold_date_sk = d.d_date_sk
    JOIN tpcds.customer_address ca
      ON ss.ss_addr_sk = ca.ca_address_sk
    GROUP BY
        ca.ca_county,
        d.d_qoy,
        d.d_year
),
ws AS (
    SELECT
        ca.ca_county,
        d.d_qoy,
        d.d_year,
        SUM(ws.ws_ext_sales_price) AS web_sales
    FROM tpcds.web_sales ws
    JOIN tpcds.date_dim d
      ON ws.ws_sold_date_sk = d.d_date_sk
    JOIN tpcds.customer_address ca
      ON ws.ws_bill_addr_sk = ca.ca_address_sk
    GROUP BY
        ca.ca_county,
        d.d_qoy,
        d.d_year
)
SELECT
    ss1.ca_county,
    ss1.d_year,
    ws2.web_sales / ws1.web_sales     AS web_q1_q2_increase,
    ss2.store_sales / ss1.store_sales AS store_q1_q2_increase,
    ws3.web_sales / ws2.web_sales     AS web_q2_q3_increase,
    ss3.store_sales / ss2.store_sales AS store_q2_q3_increase
FROM ss ss1
JOIN ss ss2
  ON ss1.ca_county = ss2.ca_county
JOIN ss ss3
  ON ss2.ca_county = ss3.ca_county
JOIN ws ws1
  ON ss1.ca_county = ws1.ca_county
JOIN ws ws2
  ON ws1.ca_county = ws2.ca_county
JOIN ws ws3
  ON ws1.ca_county = ws3.ca_county
WHERE ss1.d_qoy = 1
  AND ss1.d_year = 2000
  AND ss2.d_qoy = 2
  AND ss2.d_year = 2000
  AND ss3.d_qoy = 3
  AND ss3.d_year = 2000
  AND ws1.d_qoy = 1
  AND ws1.d_year = 2000
  AND ws2.d_qoy = 2
  AND ws2.d_year = 2000
  AND ws3.d_qoy = 3
  AND ws3.d_year = 2000
  AND CASE
          WHEN ws1.web_sales > 0
          THEN ws2.web_sales / ws1.web_sales
          ELSE NULL
      END >
      CASE
          WHEN ss1.store_sales > 0
          THEN ss2.store_sales / ss1.store_sales
          ELSE NULL
      END
  AND CASE
          WHEN ws2.web_sales > 0
          THEN ws3.web_sales / ws2.web_sales
          ELSE NULL
      END >
      CASE
          WHEN ss2.store_sales > 0
          THEN ss3.store_sales / ss2.store_sales
          ELSE NULL
      END
ORDER BY
    web_q1_q2_increase
LIMIT 100;","selected_ss = addresses.store_sales.WHERE(
    PRESENT(customer_address.county)
    & (sold_date.year == 2000)
).CALCULATE(
    ext_sales_price,
    sold_quarter=sold_date.quarter_of_year
)

selected_ws = addresses.web_sales_bill_addr.WHERE(
    PRESENT(bill_address.county)
    & (sold_date.year == 2000)
).CALCULATE(
    ext_sales_price,
    sold_quarter=sold_date.quarter_of_year
)
result = addresses.PARTITION(name='county_groups', by=(county)).CALCULATE(
    ca_county=county,
    d_year=2000,
    store_sales_q1=SUM(selected_ss.WHERE(sold_quarter == 1).ext_sales_price),
    store_sales_q2=SUM(selected_ss.WHERE(sold_quarter == 2).ext_sales_price),
    store_sales_q3=SUM(selected_ss.WHERE(sold_quarter == 3).ext_sales_price),
    web_sales_q1=SUM(selected_ws.WHERE(sold_quarter == 1).ext_sales_price),
    web_sales_q2=SUM(selected_ws.WHERE(sold_quarter == 2).ext_sales_price),
    web_sales_q3=SUM(selected_ws.WHERE(sold_quarter == 3).ext_sales_price)
).CALCULATE(
    ca_county,
    d_year,
    web_q1_q2_increase=KEEP_IF(web_sales_q2 / web_sales_q1, web_sales_q1 != 0),
    store_q1_q2_increase=KEEP_IF(store_sales_q2 / store_sales_q1, store_sales_q1 != 0),
    web_q2_q3_increase=KEEP_IF(web_sales_q3 / web_sales_q2, web_sales_q2 != 0),
    store_q2_q3_increase=KEEP_IF(store_sales_q3 / store_sales_q2, store_sales_q2 != 0)
).WHERE(
    (web_q1_q2_increase > store_q1_q2_increase)
    & (web_q2_q3_increase > store_q2_q3_increase)
).TOP_K(100, web_q1_q2_increase)","WITH _s4 AS (
  SELECT
    ca_address_sk,
    ca_county
  FROM tpcds.customer_address
), _s0 AS (
  SELECT
    ss_addr_sk,
    ss_ext_sales_price,
    ss_sold_date_sk
  FROM tpcds.store_sales
), _t10 AS (
  SELECT
    d_date_sk,
    d_qoy,
    d_year
  FROM tpcds.date_dim
  WHERE
    d_qoy = 1 AND d_year = 2000
), _s5 AS (
  SELECT
    _s0.ss_addr_sk,
    _s0.ss_ext_sales_price
  FROM _s0 AS _s0
  LEFT JOIN _s4 AS _s1
    ON _s0.ss_addr_sk = _s1.ca_address_sk
  JOIN _t10 AS _t10
    ON _s0.ss_sold_date_sk = _t10.d_date_sk
  WHERE
    NOT _s1.ca_county IS NULL
), _s10 AS (
  SELECT
    _s4.ca_address_sk,
    MAX(_s4.ca_county) AS anything_ca_county,
    SUM(_s5.ss_ext_sales_price) AS sum_ss_ext_sales_price
  FROM _s4 AS _s4
  LEFT JOIN _s5 AS _s5
    ON _s4.ca_address_sk = _s5.ss_addr_sk
  GROUP BY
    1
), _t12 AS (
  SELECT
    d_date_sk,
    d_qoy,
    d_year
  FROM tpcds.date_dim
  WHERE
    d_qoy = 2 AND d_year = 2000
), _s11 AS (
  SELECT
    _s6.ss_addr_sk,
    _s6.ss_ext_sales_price
  FROM _s0 AS _s6
  LEFT JOIN _s4 AS _s7
    ON _s6.ss_addr_sk = _s7.ca_address_sk
  JOIN _t12 AS _t12
    ON _s6.ss_sold_date_sk = _t12.d_date_sk
  WHERE
    NOT _s7.ca_county IS NULL
), _s16 AS (
  SELECT
    _s10.ca_address_sk,
    MAX(_s10.anything_ca_county) AS anything_anything_ca_county,
    MAX(_s10.sum_ss_ext_sales_price) AS anything_sum_ss_ext_sales_price,
    SUM(_s11.ss_ext_sales_price) AS sum_ss_ext_sales_price
  FROM _s10 AS _s10
  LEFT JOIN _s11 AS _s11
    ON _s10.ca_address_sk = _s11.ss_addr_sk
  GROUP BY
    1
), _t14 AS (
  SELECT
    d_date_sk,
    d_qoy,
    d_year
  FROM tpcds.date_dim
  WHERE
    d_qoy = 3 AND d_year = 2000
), _s17 AS (
  SELECT
    _s12.ss_addr_sk,
    _s12.ss_ext_sales_price
  FROM _s0 AS _s12
  LEFT JOIN _s4 AS _s13
    ON _s12.ss_addr_sk = _s13.ca_address_sk
  JOIN _t14 AS _t14
    ON _s12.ss_sold_date_sk = _t14.d_date_sk
  WHERE
    NOT _s13.ca_county IS NULL
), _s22 AS (
  SELECT
    _s16.ca_address_sk,
    MAX(_s16.anything_anything_ca_county) AS anything_anything_anything_ca_county,
    MAX(_s16.anything_sum_ss_ext_sales_price) AS anything_anything_sum_ss_ext_sales_price,
    MAX(_s16.sum_ss_ext_sales_price) AS anything_sum_ss_ext_sales_price,
    SUM(_s17.ss_ext_sales_price) AS sum_ss_ext_sales_price
  FROM _s16 AS _s16
  LEFT JOIN _s17 AS _s17
    ON _s16.ca_address_sk = _s17.ss_addr_sk
  GROUP BY
    1
), _s18 AS (
  SELECT
    ws_bill_addr_sk,
    ws_ext_sales_price,
    ws_sold_date_sk
  FROM tpcds.web_sales
), _s23 AS (
  SELECT
    _s18.ws_bill_addr_sk,
    _s18.ws_ext_sales_price
  FROM _s18 AS _s18
  LEFT JOIN _s4 AS _s19
    ON _s18.ws_bill_addr_sk = _s19.ca_address_sk
  JOIN _t10 AS _t16
    ON _s18.ws_sold_date_sk = _t16.d_date_sk
  WHERE
    NOT _s19.ca_county IS NULL
), _s28 AS (
  SELECT
    _s22.ca_address_sk,
    MAX(_s22.anything_anything_anything_ca_county) AS anything_anything_anything_anything_ca_county,
    MAX(_s22.anything_anything_sum_ss_ext_sales_price) AS anything_anything_anything_sum_ss_ext_sales_price,
    MAX(_s22.anything_sum_ss_ext_sales_price) AS anything_anything_sum_ss_ext_sales_price,
    MAX(_s22.sum_ss_ext_sales_price) AS anything_sum_ss_ext_sales_price,
    SUM(_s23.ws_ext_sales_price) AS sum_ws_ext_sales_price
  FROM _s22 AS _s22
  LEFT JOIN _s23 AS _s23
    ON _s22.ca_address_sk = _s23.ws_bill_addr_sk
  GROUP BY
    1
), _s29 AS (
  SELECT
    _s24.ws_bill_addr_sk,
    _s24.ws_ext_sales_price
  FROM _s18 AS _s24
  LEFT JOIN _s4 AS _s25
    ON _s24.ws_bill_addr_sk = _s25.ca_address_sk
  JOIN _t12 AS _t18
    ON _s24.ws_sold_date_sk = _t18.d_date_sk
  WHERE
    NOT _s25.ca_county IS NULL
), _s34 AS (
  SELECT
    _s28.ca_address_sk,
    MAX(_s28.anything_anything_anything_anything_ca_county) AS anything_anything_anything_anything_anything_ca_county,
    MAX(_s28.anything_anything_anything_sum_ss_ext_sales_price) AS anything_anything_anything_anything_sum_ss_ext_sales_price,
    MAX(_s28.anything_anything_sum_ss_ext_sales_price) AS anything_anything_anything_sum_ss_ext_sales_price,
    MAX(_s28.anything_sum_ss_ext_sales_price) AS anything_anything_sum_ss_ext_sales_price,
    MAX(_s28.sum_ws_ext_sales_price) AS anything_sum_ws_ext_sales_price,
    SUM(_s29.ws_ext_sales_price) AS sum_ws_ext_sales_price
  FROM _s28 AS _s28
  LEFT JOIN _s29 AS _s29
    ON _s28.ca_address_sk = _s29.ws_bill_addr_sk
  GROUP BY
    1
), _s35 AS (
  SELECT
    _s30.ws_bill_addr_sk,
    _s30.ws_ext_sales_price
  FROM _s18 AS _s30
  LEFT JOIN _s4 AS _s31
    ON _s30.ws_bill_addr_sk = _s31.ca_address_sk
  JOIN _t14 AS _t20
    ON _s30.ws_sold_date_sk = _t20.d_date_sk
  WHERE
    NOT _s31.ca_county IS NULL
), _t2 AS (
  SELECT
    MAX(_s34.anything_anything_anything_anything_anything_ca_county) AS anything_anything_anything_anything_anything_anything_ca_county,
    MAX(_s34.anything_anything_anything_anything_sum_ss_ext_sales_price) AS anything_anything_anything_anything_anything_sum_ss_ext_sales_price,
    MAX(_s34.anything_anything_anything_sum_ss_ext_sales_price) AS anything_anything_anything_anything_sum_ss_ext_sales_price,
    MAX(_s34.anything_anything_sum_ss_ext_sales_price) AS anything_anything_anything_sum_ss_ext_sales_price,
    MAX(_s34.anything_sum_ws_ext_sales_price) AS anything_anything_sum_ws_ext_sales_price,
    MAX(_s34.sum_ws_ext_sales_price) AS anything_sum_ws_ext_sales_price,
    SUM(_s35.ws_ext_sales_price) AS sum_ws_ext_sales_price
  FROM _s34 AS _s34
  LEFT JOIN _s35 AS _s35
    ON _s34.ca_address_sk = _s35.ws_bill_addr_sk
  GROUP BY
    _s34.ca_address_sk
), _t1 AS (
  SELECT
    anything_anything_anything_anything_anything_anything_ca_county,
    SUM(anything_anything_anything_anything_anything_sum_ss_ext_sales_price) AS sum_anything_anything_anything_anything_anything_sum_ss_ext_sales_price,
    SUM(anything_anything_anything_anything_sum_ss_ext_sales_price) AS sum_anything_anything_anything_anything_sum_ss_ext_sales_price,
    SUM(anything_anything_anything_sum_ss_ext_sales_price) AS sum_anything_anything_anything_sum_ss_ext_sales_price,
    SUM(anything_anything_sum_ws_ext_sales_price) AS sum_anything_anything_sum_ws_ext_sales_price,
    SUM(anything_sum_ws_ext_sales_price) AS sum_anything_sum_ws_ext_sales_price,
    SUM(sum_ws_ext_sales_price) AS sum_sum_ws_ext_sales_price
  FROM _t2
  GROUP BY
    1
)
SELECT
  anything_anything_anything_anything_anything_anything_ca_county AS ca_county,
  2000 AS d_year,
  CASE
    WHEN sum_anything_anything_sum_ws_ext_sales_price <> 0
    THEN CAST(sum_anything_sum_ws_ext_sales_price AS DOUBLE PRECISION) / sum_anything_anything_sum_ws_ext_sales_price
    ELSE NULL
  END AS web_q1_q2_increase,
  CASE
    WHEN sum_anything_anything_anything_anything_anything_sum_ss_ext_sales_price <> 0
    THEN CAST(sum_anything_anything_anything_anything_sum_ss_ext_sales_price AS DOUBLE PRECISION) / sum_anything_anything_anything_anything_anything_sum_ss_ext_sales_price
    ELSE NULL
  END AS store_q1_q2_increase,
  CASE
    WHEN sum_anything_sum_ws_ext_sales_price <> 0
    THEN CAST(COALESCE(sum_sum_ws_ext_sales_price, 0) AS DOUBLE PRECISION) / sum_anything_sum_ws_ext_sales_price
    ELSE NULL
  END AS web_q2_q3_increase,
  CASE
    WHEN sum_anything_anything_anything_anything_sum_ss_ext_sales_price <> 0
    THEN CAST(COALESCE(sum_anything_anything_anything_sum_ss_ext_sales_price, 0) AS DOUBLE PRECISION) / sum_anything_anything_anything_anything_sum_ss_ext_sales_price
    ELSE NULL
  END AS store_q2_q3_increase
FROM _t1
WHERE
  CASE
    WHEN (
      NOT sum_anything_anything_anything_anything_anything_sum_ss_ext_sales_price IS NULL
      AND sum_anything_anything_anything_anything_anything_sum_ss_ext_sales_price <> 0
    )
    THEN CAST(COALESCE(sum_anything_anything_anything_anything_sum_ss_ext_sales_price, 0) AS DOUBLE PRECISION) / COALESCE(sum_anything_anything_anything_anything_anything_sum_ss_ext_sales_price, 0)
    ELSE NULL
  END < CASE
    WHEN (
      NOT sum_anything_anything_sum_ws_ext_sales_price IS NULL
      AND sum_anything_anything_sum_ws_ext_sales_price <> 0
    )
    THEN CAST(COALESCE(sum_anything_sum_ws_ext_sales_price, 0) AS DOUBLE PRECISION) / COALESCE(sum_anything_anything_sum_ws_ext_sales_price, 0)
    ELSE NULL
  END
  AND CASE
    WHEN (
      NOT sum_anything_anything_anything_anything_sum_ss_ext_sales_price IS NULL
      AND sum_anything_anything_anything_anything_sum_ss_ext_sales_price <> 0
    )
    THEN CAST(COALESCE(sum_anything_anything_anything_sum_ss_ext_sales_price, 0) AS DOUBLE PRECISION) / COALESCE(sum_anything_anything_anything_anything_sum_ss_ext_sales_price, 0)
    ELSE NULL
  END < CASE
    WHEN (
      NOT sum_anything_sum_ws_ext_sales_price IS NULL
      AND sum_anything_sum_ws_ext_sales_price <> 0
    )
    THEN CAST(COALESCE(sum_sum_ws_ext_sales_price, 0) AS DOUBLE PRECISION) / COALESCE(sum_anything_sum_ws_ext_sales_price, 0)
    ELSE NULL
  END
ORDER BY
  3 NULLS FIRST
LIMIT 100",36.39350638900032,27.878821453000455,"Limit  (cost=4379476.78..4379476.78 rows=1 width=214) (actual time=36046.192..36050.755 rows=100 loops=1)
  CTE ss
    ->  Finalize GroupAggregate  (cost=2469464.54..2869238.59 rows=1476000 width=62) (actual time=14358.778..14441.743 rows=38504 loops=1)
          Group Key: ca.ca_county, d.d_qoy, d.d_year
          ->  Gather Merge  (cost=2469464.54..2813888.59 rows=2952000 width=62) (actual time=14358.707..14392.482 rows=113559 loops=1)
                Workers Planned: 2
                Workers Launched: 2
                ->  Sort  (cost=2468464.52..2472154.52 rows=1476000 width=62) (actual time=14205.290..14213.289 rows=37853 loops=3)
                      Sort Key: ca.ca_county, d.d_qoy, d.d_year
                      Sort Method: external merge  Disk: 4112kB
                      Worker 0:  Sort Method: external merge  Disk: 4120kB
                      Worker 1:  Sort Method: external merge  Disk: 4112kB
                      ->  Partial HashAggregate  (cost=2017188.30..2206232.25 rows=1476000 width=62) (actual time=13463.328..14146.560 rows=37853 loops=3)
                            Group Key: ca.ca_county, d.d_qoy, d.d_year
                            Planned Partitions: 64  Batches: 65  Memory Usage: 8209kB  Disk Usage: 193568kB
                            Worker 0:  Batches: 65  Memory Usage: 8209kB  Disk Usage: 201736kB
                            Worker 1:  Batches: 65  Memory Usage: 8209kB  Disk Usage: 189464kB
                            ->  Parallel Hash Join  (cost=9830.58..1007272.09 rows=10918013 width=36) (actual time=325.017..9691.863 rows=8951984 loops=3)
                                  Hash Cond: (ss.ss_sold_date_sk = d.d_date_sk)
                                  ->  Parallel Hash Join  (cost=6831.75..897111.93 rows=11450060 width=28) (actual time=51.702..7460.147 rows=9168133 loops=3)
                                        Hash Cond: (ss.ss_addr_sk = ca.ca_address_sk)
                                        ->  Parallel Seq Scan on store_sales ss  (cost=0.00..797561.78 rows=12002578 width=22) (actual time=0.352..4706.704 rows=9600330 loops=3)
                                        ->  Parallel Hash  (cost=5529.67..5529.67 rows=104167 width=22) (actual time=50.851..50.853 rows=83333 loops=3)
                                              Buckets: 262144  Batches: 1  Memory Usage: 16032kB
                                              ->  Parallel Seq Scan on customer_address ca  (cost=0.00..5529.67 rows=104167 width=22) (actual time=0.084..16.264 rows=83333 loops=3)
                                  ->  Parallel Hash  (cost=2461.70..2461.70 rows=42970 width=24) (actual time=272.402..272.403 rows=24350 loops=3)
                                        Buckets: 131072  Batches: 1  Memory Usage: 5088kB
                                        ->  Parallel Seq Scan on date_dim d  (cost=0.00..2461.70 rows=42970 width=24) (actual time=173.144..177.798 rows=24350 loops=3)
  CTE ws
    ->  Finalize GroupAggregate  (cost=836800.78..1288799.97 rows=1476000 width=62) (actual time=5036.532..6501.953 rows=37641 loops=1)
          Group Key: ca_1.ca_county, d_1.d_qoy, d_1.d_year
          ->  Gather Merge  (cost=836800.78..1233449.97 rows=2952000 width=62) (actual time=5036.504..6435.611 rows=102092 loops=1)
                Workers Planned: 2
                Workers Launched: 2
                ->  Partial GroupAggregate  (cost=835800.76..891715.90 rows=1476000 width=62) (actual time=4997.340..6193.785 rows=34031 loops=3)
                      Group Key: ca_1.ca_county, d_1.d_qoy, d_1.d_year
                      ->  Sort  (cost=835800.76..843293.79 rows=2997211 width=36) (actual time=4997.269..5726.491 rows=2398318 loops=3)
                            Sort Key: ca_1.ca_county, d_1.d_qoy, d_1.d_year
                            Sort Method: external merge  Disk: 91424kB
                            Worker 0:  Sort Method: external merge  Disk: 90912kB
                            Worker 1:  Sort Method: external merge  Disk: 169696kB
                            ->  Parallel Hash Join  (cost=9830.58..349460.95 rows=2997211 width=36) (actual time=330.765..1904.742 rows=2398318 loops=3)
                                  Hash Cond: (ws.ws_sold_date_sk = d_1.d_date_sk)
                                  ->  Parallel Hash Join  (cost=6831.75..317589.69 rows=2997810 width=28) (actual time=41.177..1160.752 rows=2398621 loops=3)
                                        Hash Cond: (ws.ws_bill_addr_sk = ca_1.ca_address_sk)
                                        ->  Parallel Seq Scan on web_sales ws  (cost=0.00..287021.10 rows=2998910 width=22) (actual time=0.031..452.066 rows=2399189 loops=3)
                                        ->  Parallel Hash  (cost=5529.67..5529.67 rows=104167 width=22) (actual time=40.739..40.741 rows=83333 loops=3)
                                              Buckets: 262144  Batches: 1  Memory Usage: 16064kB
                                              ->  Parallel Seq Scan on customer_address ca_1  (cost=0.00..5529.67 rows=104167 width=22) (actual time=0.073..14.399 rows=83333 loops=3)
                                  ->  Parallel Hash  (cost=2461.70..2461.70 rows=42970 width=24) (actual time=288.981..288.982 rows=24350 loops=3)
                                        Buckets: 131072  Batches: 1  Memory Usage: 5088kB
                                        ->  Parallel Seq Scan on date_dim d_1  (cost=0.00..2461.70 rows=42970 width=24) (actual time=185.190..189.170 rows=24350 loops=3)
  ->  Sort  (cost=221438.22..221438.23 rows=1 width=214) (actual time=35306.909..35306.920 rows=100 loops=1)
        Sort Key: ((ws2.web_sales / ws1.web_sales))
        Sort Method: top-N heapsort  Memory: 46kB
        ->  Nested Loop  (cost=0.00..221438.21 rows=1 width=214) (actual time=21068.159..35305.663 rows=307 loops=1)
              Join Filter: (((ss1.ca_county)::text = (ws3.ca_county)::text) AND (CASE WHEN (ws2.web_sales > '0'::numeric) THEN (ws3.web_sales / ws2.web_sales) ELSE NULL::numeric END > CASE WHEN (ss2.store_sales > '0'::numeric) THEN (ss3.store_sales / ss2.store_sales) ELSE NULL::numeric END))
              Rows Removed by Join Filter: 1717403
              ->  Nested Loop  (cost=0.00..184537.28 rows=1 width=558) (actual time=20993.364..33700.687 rows=930 loops=1)
                    Join Filter: (((ss1.ca_county)::text = (ws2.ca_county)::text) AND (CASE WHEN (ws1.web_sales > '0'::numeric) THEN (ws2.web_sales / ws1.web_sales) ELSE NULL::numeric END > CASE WHEN (ss1.store_sales > '0'::numeric) THEN (ss2.store_sales / ss1.store_sales) ELSE NULL::numeric END))
                    Rows Removed by Join Filter: 3397560
                    ->  Nested Loop  (cost=0.00..147636.35 rows=1 width=448) (actual time=19395.404..29043.973 rows=1842 loops=1)
                          Join Filter: ((ss1.ca_county)::text = (ws1.ca_county)::text)
                          Rows Removed by Join Filter: 3400336
                          ->  Nested Loop  (cost=0.00..110735.89 rows=1 width=338) (actual time=14358.851..21110.780 rows=1846 loops=1)
                                Join Filter: ((ss1.ca_county)::text = (ss3.ca_county)::text)
                                Rows Removed by Join Filter: 3407716
                                ->  Nested Loop  (cost=0.00..73830.43 rows=7 width=228) (actual time=14358.824..17675.996 rows=1846 loops=1)
                                      Join Filter: ((ss1.ca_county)::text = (ss2.ca_county)::text)
                                      Rows Removed by Join Filter: 3409563
                                      ->  CTE Scan on ss ss1  (cost=0.00..36900.00 rows=37 width=118) (actual time=14358.795..14361.618 rows=1847 loops=1)
                                            Filter: ((d_qoy = 1) AND (d_year = 2000))
                                            Rows Removed by Filter: 36657
                                      ->  CTE Scan on ss ss2  (cost=0.00..36900.00 rows=37 width=110) (actual time=0.001..1.721 rows=1847 loops=1847)
                                            Filter: ((d_year = 2000) AND (d_qoy = 2))
                                            Rows Removed by Filter: 36657
                                ->  CTE Scan on ss ss3  (cost=0.00..36900.00 rows=37 width=110) (actual time=0.001..1.787 rows=1847 loops=1846)
                                      Filter: ((d_year = 2000) AND (d_qoy = 3))
                                      Rows Removed by Filter: 36657
                          ->  CTE Scan on ws ws1  (cost=0.00..36900.00 rows=37 width=110) (actual time=2.729..4.228 rows=1843 loops=1846)
                                Filter: ((d_qoy = 1) AND (d_year = 2000))
                                Rows Removed by Filter: 35798
                    ->  CTE Scan on ws ws2  (cost=0.00..36900.00 rows=37 width=110) (actual time=0.001..2.439 rows=1845 loops=1842)
                          Filter: ((d_year = 2000) AND (d_qoy = 2))
                          Rows Removed by Filter: 35796
              ->  CTE Scan on ws ws3  (cost=0.00..36900.00 rows=37 width=110) (actual time=0.001..1.647 rows=1847 loops=930)
                    Filter: ((d_year = 2000) AND (d_qoy = 3))
                    Rows Removed by Filter: 35794
Planning Time: 1.568 ms
JIT:
  Functions: 191
  Options: Inlining true, Optimization true, Expressions true, Deforming true
  Timing: Generation 15.796 ms, Inlining 338.018 ms, Optimization 929.093 ms, Emission 690.331 ms, Total 1973.238 ms
Execution Time: 36086.663 ms","Limit  (cost=455621813781.57..455621813781.63 rows=22 width=68) (actual time=31262.774..31262.839 rows=100 loops=1)
  CTE _s4
    ->  Seq Scan on customer_address  (cost=0.00..6988.00 rows=250000 width=22) (actual time=0.068..31.004 rows=250000 loops=1)
  CTE _s0
    ->  Seq Scan on store_sales  (cost=0.00..965597.88 rows=28806188 width=22) (actual time=0.326..5378.459 rows=28800991 loops=1)
  CTE _t10
    ->  Seq Scan on date_dim  (cost=0.00..3127.73 rows=90 width=24) (actual time=2.630..5.153 rows=91 loops=1)
          Filter: ((d_qoy = 1) AND (d_year = 2000))
          Rows Removed by Filter: 72958
  CTE _t12
    ->  Seq Scan on date_dim date_dim_1  (cost=0.00..3127.73 rows=91 width=24) (actual time=2.820..5.513 rows=91 loops=1)
          Filter: ((d_qoy = 2) AND (d_year = 2000))
          Rows Removed by Filter: 72958
  CTE _t14
    ->  Seq Scan on date_dim date_dim_2  (cost=0.00..3127.73 rows=91 width=24) (actual time=2.752..5.354 rows=92 loops=1)
          Filter: ((d_qoy = 3) AND (d_year = 2000))
          Rows Removed by Filter: 72957
  CTE _s18
    ->  Seq Scan on web_sales  (cost=0.00..329005.84 rows=7197384 width=22) (actual time=0.031..1201.895 rows=7197566 loops=1)
  ->  Sort  (cost=455620502806.65..455620502806.70 rows=22 width=68) (actual time=30038.966..30039.021 rows=100 loops=1)
        Sort Key: (CASE WHEN (_t1.sum_anything_anything_sum_ws_ext_sales_price <> '0'::numeric) THEN ((_t1.sum_anything_sum_ws_ext_sales_price)::double precision / (_t1.sum_anything_anything_sum_ws_ext_sales_price)::double precision) ELSE NULL::double precision END) NULLS FIRST
        Sort Method: top-N heapsort  Memory: 46kB
        ->  Subquery Scan on _t1  (cost=455620502787.06..455620502806.16 rows=22 width=68) (actual time=29962.596..30038.900 rows=307 loops=1)
              ->  GroupAggregate  (cost=455620502787.06..455620502805.06 rows=22 width=224) (actual time=29962.588..30038.531 rows=307 loops=1)
                    Group Key: _t2.anything_anything_anything_anything_anything_anything_ca_county
                    Filter: ((CASE WHEN ((sum(_t2.anything_anything_anything_anything_anything_sum_ss_ext_sales_p) IS NOT NULL) AND (sum(_t2.anything_anything_anything_anything_anything_sum_ss_ext_sales_p) <> '0'::numeric)) THEN ((COALESCE(sum(_t2.anything_anything_anything_anything_sum_ss_ext_sales_price), '0'::numeric))::double precision / (COALESCE(sum(_t2.anything_anything_anything_anything_anything_sum_ss_ext_sales_p), '0'::numeric))::double precision) ELSE NULL::double precision END < CASE WHEN ((sum(_t2.anything_anything_sum_ws_ext_sales_price) IS NOT NULL) AND (sum(_t2.anything_anything_sum_ws_ext_sales_price) <> '0'::numeric)) THEN ((COALESCE(sum(_t2.anything_sum_ws_ext_sales_price), '0'::numeric))::double precision / (COALESCE(sum(_t2.anything_anything_sum_ws_ext_sales_price), '0'::numeric))::double precision) ELSE NULL::double precision END) AND (CASE WHEN ((sum(_t2.anything_anything_anything_anything_sum_ss_ext_sales_price) IS NOT NULL) AND (sum(_t2.anything_anything_anything_anything_sum_ss_ext_sales_price) <> '0'::numeric)) THEN ((COALESCE(sum(_t2.anything_anything_anything_sum_ss_ext_sales_price), '0'::numeric))::double precision / (COALESCE(sum(_t2.anything_anything_anything_anything_sum_ss_ext_sales_price), '0'::numeric))::double precision) ELSE NULL::double precision END < CASE WHEN ((sum(_t2.anything_sum_ws_ext_sales_price) IS NOT NULL) AND (sum(_t2.anything_sum_ws_ext_sales_price) <> '0'::numeric)) THEN ((COALESCE(sum(_t2.sum_ws_ext_sales_price), '0'::numeric))::double precision / (COALESCE(sum(_t2.anything_sum_ws_ext_sales_price), '0'::numeric))::double precision) ELSE NULL::double precision END))
                    Rows Removed by Filter: 1540
                    ->  Sort  (cost=455620502787.06..455620502787.56 rows=200 width=224) (actual time=29961.861..29989.589 rows=250000 loops=1)
                          Sort Key: _t2.anything_anything_anything_anything_anything_anything_ca_county
                          Sort Method: external merge  Disk: 8440kB
                          ->  Subquery Scan on _t2  (cost=10976176.15..455620502779.41 rows=200 width=224) (actual time=26224.766..29769.154 rows=250000 loops=1)
                                ->  GroupAggregate  (cost=10976176.15..455620502777.41 rows=200 width=232) (actual time=26224.763..29747.023 rows=250000 loops=1)
                                      Group Key: _s4.ca_address_sk
                                      ->  Merge Left Join  (cost=10976176.15..455539041883.13 rows=4073044589 width=214) (actual time=26224.719..29528.178 rows=594015 loops=1)
                                            Merge Cond: (_s4.ca_address_sk = _s30.ws_bill_addr_sk)
                                            ->  GroupAggregate  (cost=10253085.60..455416118016.40 rows=200 width=200) (actual time=25239.273..28291.407 rows=250000 loops=1)
                                                  Group Key: _s4.ca_address_sk
                                                  ->  Merge Left Join  (cost=10253085.60..455344839733.59 rows=4073044589 width=182) (actual time=25239.212..28118.168 rows=436544 loops=1)
                                                        Merge Cond: (_s4.ca_address_sk = _s24.ws_bill_addr_sk)
                                                        ->  GroupAggregate  (cost=9529995.05..455221915868.86 rows=200 width=168) (actual time=24297.263..27016.691 rows=250000 loops=1)
                                                              Group Key: _s4.ca_address_sk
                                                              ->  Merge Left Join  (cost=9529995.05..455161491578.49 rows=4028285858 width=150) (actual time=24297.205..26858.589 rows=444366 loops=1)
                                                                    Merge Cond: (_s4.ca_address_sk = _s18.ws_bill_addr_sk)
                                                                    ->  GroupAggregate  (cost=8812893.88..455039916556.55 rows=200 width=136) (actual time=21088.872..23486.734 rows=250000 loops=1)
                                                                          Group Key: _s4.ca_address_sk
                                                                          ->  Merge Left Join  (cost=8812893.88..454836146531.20 rows=16301601828 width=118) (actual time=21088.820..23164.271 rows=1540400 loops=1)
                                                                                Merge Cond: (_s4.ca_address_sk = _s12.ss_addr_sk)
                                                                                ->  GroupAggregate  (cost=5879918.81..454344131481.43 rows=200 width=104) (actual time=17100.368..18414.933 rows=250000 loops=1)
                                                                                      Group Key: _s4.ca_address_sk
                                                                                      ->  Merge Left Join  (cost=5879918.81..454181115460.65 rows=16301601828 width=86) (actual time=17100.344..18218.222 rows=940049 loops=1)
                                                                                            Merge Cond: (_s4.ca_address_sk = _s6.ss_addr_sk)
                                                                                            ->  GroupAggregate  (cost=2946943.74..453689100410.87 rows=200 width=72) (actual time=13323.063..13996.423 rows=250000 loops=1)
                                                                                                  Group Key: _s4.ca_address_sk
                                                                                                  ->  Merge Left Join  (cost=2946943.74..302541006539.62 rows=20153079182500 width=100) (actual time=13323.028..13812.412 rows=982173 loops=1)
                                                                                                        Merge Cond: (_s4.ca_address_sk = _s0.ss_addr_sk)
                                                                                                        ->  Sort  (cost=39377.46..40002.46 rows=250000 width=86) (actual time=110.451..132.577 rows=250000 loops=1)
                                                                                                              Sort Key: _s4.ca_address_sk
                                                                                                              Sort Method: external merge  Disk: 7976kB
                                                                                                              ->  CTE Scan on _s4  (cost=0.00..5000.00 rows=250000 width=86) (actual time=0.073..87.003 rows=250000 loops=1)
                                                                                                        ->  Materialize  (cost=2907566.28..285084333.02 rows=16122463346 width=22) (actual time=13212.534..13579.511 rows=793573 loops=1)
                                                                                                              ->  Merge Join  (cost=2907566.28..244778174.65 rows=16122463346 width=22) (actual time=13212.531..13458.996 rows=793573 loops=1)
                                                                                                                    Merge Cond: (_s1.ca_address_sk = _s0.ss_addr_sk)
                                                                                                                    ->  Sort  (cost=30695.39..31317.27 rows=248750 width=8) (actual time=39.688..54.550 rows=242498 loops=1)
                                                                                                                          Sort Key: _s1.ca_address_sk
                                                                                                                          Sort Method: external merge  Disk: 2856kB
                                                                                                                          ->  CTE Scan on _s4 _s1  (cost=0.00..5000.00 rows=248750 width=8) (actual time=0.021..20.287 rows=242498 loops=1)
                                                                                                                                Filter: (ca_county IS NOT NULL)
                                                                                                                                Rows Removed by Filter: 7502
                                                                                                                    ->  Materialize  (cost=2876870.89..2941684.81 rows=12962785 width=22) (actual time=13172.776..13316.194 rows=819009 loops=1)
                                                                                                                          ->  Sort  (cost=2876870.89..2909277.85 rows=12962785 width=22) (actual time=13172.772..13254.508 rows=819009 loops=1)
                                                                                                                                Sort Key: _s0.ss_addr_sk
                                                                                                                                Sort Method: external merge  Disk: 21176kB
                                                                                                                                ->  Hash Join  (cost=2.92..813777.74 rows=12962785 width=22) (actual time=5.950..13015.360 rows=838762 loops=1)
                                                                                                                                      Hash Cond: (_s0.ss_sold_date_sk = _t10.d_date_sk)
                                                                                                                                      ->  CTE Scan on _s0  (cost=0.00..576123.76 rows=28806188 width=30) (actual time=0.331..11315.445 rows=28800991 loops=1)
                                                                                                                                      ->  Hash  (cost=1.80..1.80 rows=90 width=8) (actual time=5.195..5.196 rows=91 loops=1)
                                                                                                                                            Buckets: 1024  Batches: 1  Memory Usage: 12kB
                                                                                                                                            ->  CTE Scan on _t10  (cost=0.00..1.80 rows=90 width=8) (actual time=2.635..5.177 rows=91 loops=1)
                                                                                            ->  Materialize  (cost=2932975.07..288245026.43 rows=16301601828 width=22) (actual time=3777.271..4128.158 rows=748583 loops=1)
                                                                                                  ->  Merge Join  (cost=2932975.07..247491021.86 rows=16301601828 width=22) (actual time=3777.267..4014.379 rows=748583 loops=1)
                                                                                                        Merge Cond: (_s7.ca_address_sk = _s6.ss_addr_sk)
                                                                                                        ->  Sort  (cost=30695.39..31317.27 rows=248750 width=8) (actual time=40.748..56.135 rows=242495 loops=1)
                                                                                                              Sort Key: _s7.ca_address_sk
                                                                                                              Sort Method: external merge  Disk: 2856kB
                                                                                                              ->  CTE Scan on _s4 _s7  (cost=0.00..5000.00 rows=248750 width=8) (actual time=0.020..21.061 rows=242498 loops=1)
                                                                                                                    Filter: (ca_county IS NOT NULL)
                                                                                                                    Rows Removed by Filter: 7502
                                                                                                        ->  Materialize  (cost=2902279.68..2967813.76 rows=13106816 width=22) (actual time=3736.437..3873.220 rows=772346 loops=1)
                                                                                                              ->  Sort  (cost=2902279.68..2935046.72 rows=13106816 width=22) (actual time=3736.431..3814.217 rows=772346 loops=1)
                                                                                                                    Sort Key: _s6.ss_addr_sk
                                                                                                                    Sort Method: external merge  Disk: 19968kB
                                                                                                                    ->  Hash Join  (cost=2.96..815218.08 rows=13106816 width=22) (actual time=5.720..3588.036 rows=791057 loops=1)
                                                                                                                          Hash Cond: (_s6.ss_sold_date_sk = _t12.d_date_sk)
                                                                                                                          ->  CTE Scan on _s0 _s6  (cost=0.00..576123.76 rows=28806188 width=30) (actual time=0.023..1920.693 rows=28800991 loops=1)
                                                                                                                          ->  Hash  (cost=1.82..1.82 rows=91 width=8) (actual time=5.563..5.564 rows=91 loops=1)
                                                                                                                                Buckets: 1024  Batches: 1  Memory Usage: 12kB
                                                                                                                                ->  CTE Scan on _t12  (cost=0.00..1.82 rows=91 width=8) (actual time=2.827..5.540 rows=91 loops=1)
                                                                                ->  Materialize  (cost=2932975.07..288245026.43 rows=16301601828 width=22) (actual time=3988.442..4595.601 rows=1387452 loops=1)
                                                                                      ->  Merge Join  (cost=2932975.07..247491021.86 rows=16301601828 width=22) (actual time=3988.437..4380.434 rows=1387452 loops=1)
                                                                                            Merge Cond: (_s13.ca_address_sk = _s12.ss_addr_sk)
                                                                                            ->  Sort  (cost=30695.39..31317.27 rows=248750 width=8) (actual time=41.430..57.448 rows=242498 loops=1)
                                                                                                  Sort Key: _s13.ca_address_sk
                                                                                                  Sort Method: external merge  Disk: 2856kB
                                                                                                  ->  CTE Scan on _s4 _s13  (cost=0.00..5000.00 rows=248750 width=8) (actual time=0.011..21.972 rows=242498 loops=1)
                                                                                                        Filter: (ca_county IS NOT NULL)
                                                                                                        Rows Removed by Filter: 7502
                                                                                            ->  Materialize  (cost=2902279.68..2967813.76 rows=13106816 width=22) (actual time=3946.933..4180.544 rows=1431272 loops=1)
                                                                                                  ->  Sort  (cost=2902279.68..2935046.72 rows=13106816 width=22) (actual time=3946.927..4073.151 rows=1431272 loops=1)
                                                                                                        Sort Key: _s12.ss_addr_sk
                                                                                                        Sort Method: external merge  Disk: 36944kB
                                                                                                        ->  Hash Join  (cost=2.96..815218.08 rows=13106816 width=22) (actual time=5.439..3581.679 rows=1465854 loops=1)
                                                                                                              Hash Cond: (_s12.ss_sold_date_sk = _t14.d_date_sk)
                                                                                                              ->  CTE Scan on _s0 _s12  (cost=0.00..576123.76 rows=28806188 width=30) (actual time=0.006..1890.897 rows=28800991 loops=1)
                                                                                                              ->  Hash  (cost=1.82..1.82 rows=91 width=8) (actual time=5.402..5.403 rows=92 loops=1)
                                                                                                                    Buckets: 1024  Batches: 1  Memory Usage: 12kB
                                                                                                                    ->  CTE Scan on _t14  (cost=0.00..1.82 rows=91 width=8) (actual time=2.759..5.379 rows=92 loops=1)
                                                                    ->  Materialize  (cost=717101.16..71221448.21 rows=4028285858 width=22) (actual time=3208.324..3322.504 rows=211467 loops=1)
                                                                          ->  Merge Join  (cost=717101.16..61150733.56 rows=4028285858 width=22) (actual time=3208.320..3289.937 rows=211467 loops=1)
                                                                                Merge Cond: (_s19.ca_address_sk = _s18.ws_bill_addr_sk)
                                                                                ->  Sort  (cost=30695.39..31317.27 rows=248750 width=8) (actual time=42.045..55.840 rows=242494 loops=1)
                                                                                      Sort Key: _s19.ca_address_sk
                                                                                      Sort Method: external merge  Disk: 2856kB
                                                                                      ->  CTE Scan on _s4 _s19  (cost=0.00..5000.00 rows=248750 width=8) (actual time=0.012..21.487 rows=242498 loops=1)
                                                                                            Filter: (ca_county IS NOT NULL)
                                                                                            Rows Removed by Filter: 7502
                                                                                ->  Materialize  (cost=686405.77..702599.88 rows=3238823 width=22) (actual time=3166.187..3202.649 rows=218521 loops=1)
                                                                                      ->  Sort  (cost=686405.77..694502.83 rows=3238823 width=22) (actual time=3166.182..3186.345 rows=218521 loops=1)
                                                                                            Sort Key: _s18.ws_bill_addr_sk
                                                                                            Sort Method: external merge  Disk: 5632kB
                                                                                            ->  Hash Join  (cost=2.92..203329.02 rows=3238823 width=22) (actual time=0.173..3122.501 rows=218549 loops=1)
                                                                                                  Hash Cond: (_s18.ws_sold_date_sk = _t16.d_date_sk)
                                                                                                  ->  CTE Scan on _s18  (cost=0.00..143947.68 rows=7197384 width=30) (actual time=0.035..2683.971 rows=7197566 loops=1)
                                                                                                  ->  Hash  (cost=1.80..1.80 rows=90 width=8) (actual time=0.023..0.024 rows=91 loops=1)
                                                                                                        Buckets: 1024  Batches: 1  Memory Usage: 12kB
                                                                                                        ->  CTE Scan on _t10 _t16  (cost=0.00..1.80 rows=90 width=8) (actual time=0.003..0.011 rows=91 loops=1)
                                                        ->  Materialize  (cost=723090.55..72010806.87 rows=4073044589 width=22) (actual time=941.940..1051.545 rows=202862 loops=1)
                                                              ->  Merge Join  (cost=723090.55..61828195.40 rows=4073044589 width=22) (actual time=941.936..1020.597 rows=202862 loops=1)
                                                                    Merge Cond: (_s25.ca_address_sk = _s24.ws_bill_addr_sk)
                                                                    ->  Sort  (cost=30695.39..31317.27 rows=248750 width=8) (actual time=41.508..54.849 rows=242489 loops=1)
                                                                          Sort Key: _s25.ca_address_sk
                                                                          Sort Method: external merge  Disk: 2856kB
                                                                          ->  CTE Scan on _s4 _s25  (cost=0.00..5000.00 rows=248750 width=8) (actual time=0.011..20.847 rows=242498 loops=1)
                                                                                Filter: (ca_county IS NOT NULL)
                                                                                Rows Removed by Filter: 7502
                                                                    ->  Materialize  (cost=692395.16..708769.21 rows=3274810 width=22) (actual time=900.349..935.605 rows=208375 loops=1)
                                                                          ->  Sort  (cost=692395.16..700582.19 rows=3274810 width=22) (actual time=900.342..919.653 rows=208375 loops=1)
                                                                                Sort Key: _s24.ws_bill_addr_sk
                                                                                Sort Method: external merge  Disk: 5368kB
                                                                                ->  Hash Join  (cost=2.96..203688.93 rows=3274810 width=22) (actual time=0.127..859.714 rows=208401 loops=1)
                                                                                      Hash Cond: (_s24.ws_sold_date_sk = _t18.d_date_sk)
                                                                                      ->  CTE Scan on _s18 _s24  (cost=0.00..143947.68 rows=7197384 width=30) (actual time=0.020..467.063 rows=7197566 loops=1)
                                                                                      ->  Hash  (cost=1.82..1.82 rows=91 width=8) (actual time=0.024..0.025 rows=91 loops=1)
                                                                                            Buckets: 1024  Batches: 1  Memory Usage: 12kB
                                                                                            ->  CTE Scan on _t12 _t18  (cost=0.00..1.82 rows=91 width=8) (actual time=0.004..0.012 rows=91 loops=1)
                                            ->  Materialize  (cost=723090.55..72010806.87 rows=4073044589 width=22) (actual time=985.436..1169.816 rows=373250 loops=1)
                                                  ->  Merge Join  (cost=723090.55..61828195.40 rows=4073044589 width=22) (actual time=985.433..1112.415 rows=373250 loops=1)
                                                        Merge Cond: (_s31.ca_address_sk = _s30.ws_bill_addr_sk)
                                                        ->  Sort  (cost=30695.39..31317.27 rows=248750 width=8) (actual time=41.152..55.111 rows=242491 loops=1)
                                                              Sort Key: _s31.ca_address_sk
                                                              Sort Method: external merge  Disk: 2856kB
                                                              ->  CTE Scan on _s4 _s31  (cost=0.00..5000.00 rows=248750 width=8) (actual time=0.011..20.444 rows=242498 loops=1)
                                                                    Filter: (ca_county IS NOT NULL)
                                                                    Rows Removed by Filter: 7502
                                                        ->  Materialize  (cost=692395.16..708769.21 rows=3274810 width=22) (actual time=944.204..1010.065 rows=384796 loops=1)
                                                              ->  Sort  (cost=692395.16..700582.19 rows=3274810 width=22) (actual time=944.199..981.167 rows=384796 loops=1)
                                                                    Sort Key: _s30.ws_bill_addr_sk
                                                                    Sort Method: external merge  Disk: 9912kB
                                                                    ->  Hash Join  (cost=2.96..203688.93 rows=3274810 width=22) (actual time=0.051..874.053 rows=384834 loops=1)
                                                                          Hash Cond: (_s30.ws_sold_date_sk = _t20.d_date_sk)
                                                                          ->  CTE Scan on _s18 _s30  (cost=0.00..143947.68 rows=7197384 width=30) (actual time=0.007..470.028 rows=7197566 loops=1)
                                                                          ->  Hash  (cost=1.82..1.82 rows=91 width=8) (actual time=0.024..0.025 rows=92 loops=1)
                                                                                Buckets: 1024  Batches: 1  Memory Usage: 12kB
                                                                                ->  CTE Scan on _t14 _t20  (cost=0.00..1.82 rows=91 width=8) (actual time=0.004..0.010 rows=92 loops=1)
Planning Time: 1.523 ms
JIT:
  Functions: 197
  Options: Inlining true, Optimization true, Expressions true, Deforming true
  Timing: Generation 9.566 ms, Inlining 17.119 ms, Optimization 681.261 ms, Emission 526.037 ms, Total 1233.983 ms
Execution Time: 31402.261 ms",SUCCESS
