,index,benchmark,question_id,ground_truth,pydough_code,pydough_sql,exec_time,pydough_exec_time,exec_plan,pydough_exec_plan,status
0,1,TPCH,Q1,"SELECT
    l_returnflag,
    l_linestatus,
    SUM(l_quantity) AS sum_qty,
    SUM(l_extendedprice) AS sum_base_price,
    SUM(l_extendedprice * (1 - l_discount)) AS sum_disc_price,
    SUM(l_extendedprice * (1 - l_discount) * (1 + l_tax)) AS sum_charge,
    AVG(l_quantity) AS avg_qty,
    AVG(l_extendedprice) AS avg_price,
    AVG(l_discount) AS avg_disc,
    COUNT(*) AS count_order
FROM
    tpch.lineitem
WHERE
    l_shipdate <= DATE '1998-12-01' - INTERVAL '90 days'
GROUP BY
    l_returnflag,
    l_linestatus
ORDER BY
    l_returnflag,
    l_linestatus;","result = (
        lines.WHERE(ship_date <= DATETIME('1998-12-1', '-90 days'))
        .PARTITION(name=""groups"", by=(return_flag, status))
        .CALCULATE(
            L_RETURNFLAG=return_flag,
            L_LINESTATUS=status,
            SUM_QTY=SUM(lines.quantity),
            SUM_BASE_PRICE=SUM(lines.extended_price),
            SUM_DISC_PRICE=SUM(lines.extended_price * (1 - lines.discount)),
            SUM_CHARGE=SUM(
                lines.extended_price * (1 - lines.discount) * (1 + lines.tax)
            ),
            AVG_QTY=AVG(lines.quantity),
            AVG_PRICE=AVG(lines.extended_price),
            AVG_DISC=AVG(lines.discount),
            COUNT_ORDER=COUNT(lines),
        )
        .ORDER_BY(L_RETURNFLAG.ASC(), L_LINESTATUS.ASC())
    )","SELECT
  l_returnflag AS L_RETURNFLAG,
  l_linestatus AS L_LINESTATUS,
  COALESCE(SUM(l_quantity), 0) AS SUM_QTY,
  COALESCE(SUM(l_extendedprice), 0) AS SUM_BASE_PRICE,
  COALESCE(SUM(l_extendedprice * (
    1 - l_discount
  )), 0) AS SUM_DISC_PRICE,
  COALESCE(SUM(l_extendedprice * (
    1 - l_discount
  ) * (
    1 + l_tax
  )), 0) AS SUM_CHARGE,
  AVG(CAST(l_quantity AS DECIMAL)) AS AVG_QTY,
  AVG(CAST(l_extendedprice AS DECIMAL)) AS AVG_PRICE,
  AVG(CAST(l_discount AS DECIMAL)) AS AVG_DISC,
  COUNT(*) AS COUNT_ORDER
FROM tpch.lineitem
WHERE
  l_shipdate <= CAST('1998-09-02' AS DATE)
GROUP BY
  1,
  2
ORDER BY
  1 NULLS FIRST,
  2 NULLS FIRST",25.480738785000085,25.12222703400016,"Finalize GroupAggregate  (cost=1685201.13..1698235.12 rows=40000 width=248) (actual time=24926.513..24932.500 rows=4 loops=1)
  Group Key: l_returnflag, l_linestatus
  ->  Gather Merge  (cost=1685201.13..1694535.12 rows=80000 width=248) (actual time=24926.466..24932.425 rows=12 loops=1)
        Workers Planned: 2
        Workers Launched: 2
        ->  Sort  (cost=1684201.11..1684301.11 rows=40000 width=248) (actual time=24912.871..24912.872 rows=4 loops=3)
              Sort Key: l_returnflag, l_linestatus
              Sort Method: quicksort  Memory: 27kB
              Worker 0:  Sort Method: quicksort  Memory: 27kB
              Worker 1:  Sort Method: quicksort  Memory: 27kB
              ->  Partial HashAggregate  (cost=1593260.22..1676492.06 rows=40000 width=248) (actual time=24912.822..24912.844 rows=4 loops=3)
                    Group Key: l_returnflag, l_linestatus
                    Planned Partitions: 8  Batches: 1  Memory Usage: 217kB
                    Worker 0:  Batches: 1  Memory Usage: 217kB
                    Worker 1:  Batches: 1  Memory Usage: 217kB
                    ->  Parallel Seq Scan on lineitem  (cost=0.00..1098328.25 rows=3010993 width=88) (actual time=237.589..3558.758 rows=19714203 loops=3)
                          Filter: (l_shipdate <= '1998-09-02 00:00:00'::timestamp without time zone)
                          Rows Removed by Filter: 281148
Planning Time: 0.123 ms
JIT:
  Functions: 27
  Options: Inlining true, Optimization true, Expressions true, Deforming true
  Timing: Generation 2.871 ms, Inlining 163.565 ms, Optimization 310.034 ms, Emission 239.190 ms, Total 715.660 ms
Execution Time: 24933.558 ms","Finalize GroupAggregate  (cost=1700456.10..1714290.08 rows=40000 width=248) (actual time=27811.012..27817.153 rows=4 loops=1)
  Group Key: l_returnflag, l_linestatus
  ->  Gather Merge  (cost=1700456.10..1709790.08 rows=80000 width=248) (actual time=27810.962..27817.045 rows=12 loops=1)
        Workers Planned: 2
        Workers Launched: 2
        ->  Sort  (cost=1699456.07..1699556.07 rows=40000 width=248) (actual time=27793.809..27793.811 rows=4 loops=3)
              Sort Key: l_returnflag NULLS FIRST, l_linestatus NULLS FIRST
              Sort Method: quicksort  Memory: 27kB
              Worker 0:  Sort Method: quicksort  Memory: 27kB
              Worker 1:  Sort Method: quicksort  Memory: 27kB
              ->  Partial HashAggregate  (cost=1608315.19..1691747.03 rows=40000 width=248) (actual time=27793.750..27793.774 rows=4 loops=3)
                    Group Key: l_returnflag, l_linestatus
                    Planned Partitions: 8  Batches: 1  Memory Usage: 225kB
                    Worker 0:  Batches: 1  Memory Usage: 225kB
                    Worker 1:  Batches: 1  Memory Usage: 225kB
                    ->  Parallel Seq Scan on lineitem  (cost=0.00..1098328.25 rows=3010993 width=88) (actual time=223.713..4826.775 rows=19714203 loops=3)
                          Filter: (l_shipdate <= '1998-09-02'::date)
                          Rows Removed by Filter: 281148
Planning Time: 0.135 ms
JIT:
  Functions: 27
  Options: Inlining true, Optimization true, Expressions true, Deforming true
  Timing: Generation 3.351 ms, Inlining 169.697 ms, Optimization 283.801 ms, Emission 217.609 ms, Total 674.458 ms
Execution Time: 27818.357 ms",SUCCESS
1,2,TPCH,Q2,"SELECT
    s.s_acctbal,
    s.s_name,
    n.n_name,
    p.p_partkey,
    p.p_mfgr,
    s.s_address,
    s.s_phone,
    s.s_comment
FROM
    tpch.part p
JOIN tpch.partsupp ps
    ON p.p_partkey = ps.ps_partkey
JOIN tpch.supplier s
    ON s.s_suppkey = ps.ps_suppkey
JOIN tpch.nation n
    ON s.s_nationkey = n.n_nationkey
JOIN tpch.region r
    ON n.n_regionkey = r.r_regionkey
WHERE
    p.p_size = 15
    AND p.p_type LIKE '%BRASS'
    AND r.r_name = 'EUROPE'
    AND ps.ps_supplycost = (
        SELECT
            MIN(ps2.ps_supplycost)
        FROM
            tpch.partsupp ps2
        JOIN tpch.supplier s2
            ON s2.s_suppkey = ps2.ps_suppkey
        JOIN tpch.nation n2
            ON s2.s_nationkey = n2.n_nationkey
        JOIN tpch.region r2
            ON n2.n_regionkey = r2.r_regionkey
        WHERE
            ps2.ps_partkey = p.p_partkey
            AND r2.r_name = 'EUROPE'
    )
ORDER BY
    s.s_acctbal DESC,
    n.n_name,
    s.s_name,
    p.p_partkey
LIMIT 10;","result = (
        parts.WHERE(ENDSWITH(part_type, ""BRASS"") & (size == 15))
        .CALCULATE(P_PARTKEY=key, P_MFGR=manufacturer)
        .supply_records.WHERE(supplier.nation.region.name == ""EUROPE"")
        .BEST(by=supply_cost.ASC(), per=""parts"", allow_ties=True)
        .CALCULATE(
            S_ACCTBAL=supplier.account_balance,
            S_NAME=supplier.name,
            N_NAME=supplier.nation.name,
            P_PARTKEY=P_PARTKEY,
            P_MFGR=P_MFGR,
            S_ADDRESS=supplier.address,
            S_PHONE=supplier.phone,
            S_COMMENT=supplier.comment,
        )
        .TOP_K(
            10,
            by=(S_ACCTBAL.DESC(), N_NAME.ASC(), S_NAME.ASC(), P_PARTKEY.ASC()),
        )
    )","WITH _t AS (
  SELECT
    nation.n_name,
    part.p_mfgr,
    part.p_partkey,
    supplier.s_acctbal,
    supplier.s_address,
    supplier.s_comment,
    supplier.s_name,
    supplier.s_phone,
    RANK() OVER (PARTITION BY partsupp.ps_partkey ORDER BY partsupp.ps_supplycost) AS _w
  FROM tpch.part AS part
  JOIN tpch.partsupp AS partsupp
    ON part.p_partkey = partsupp.ps_partkey
  JOIN tpch.supplier AS supplier
    ON partsupp.ps_suppkey = supplier.s_suppkey
  JOIN tpch.nation AS nation
    ON nation.n_nationkey = supplier.s_nationkey
  JOIN tpch.region AS region
    ON nation.n_regionkey = region.r_regionkey AND region.r_name = 'EUROPE'
  WHERE
    part.p_size = 15 AND part.p_type LIKE '%BRASS'
)
SELECT
  s_acctbal AS S_ACCTBAL,
  s_name AS S_NAME,
  n_name AS N_NAME,
  p_partkey AS P_PARTKEY,
  p_mfgr AS P_MFGR,
  s_address AS S_ADDRESS,
  s_phone AS S_PHONE,
  s_comment AS S_COMMENT
FROM _t
WHERE
  _w = 1
ORDER BY
  1 DESC NULLS LAST,
  3 NULLS FIRST,
  2 NULLS FIRST,
  4 NULLS FIRST
LIMIT 10",190.52887646299996,0.5537916010000572,"Limit  (cost=351038.89..351038.90 rows=1 width=216) (actual time=2231.373..2232.514 rows=10 loops=1)
  ->  Sort  (cost=351038.89..351038.90 rows=1 width=216) (actual time=2208.960..2210.099 rows=10 loops=1)
        Sort Key: s.s_acctbal DESC, n.n_name, s.s_name, p.p_partkey
        Sort Method: top-N heapsort  Memory: 29kB
        ->  Merge Join  (cost=237595.55..351038.88 rows=1 width=216) (actual time=1548.577..2208.413 rows=4667 loops=1)
              Merge Cond: (p.p_partkey = ps.ps_partkey)
              Join Filter: (ps.ps_supplycost = (SubPlan 1))
              Rows Removed by Join Filter: 1684
              ->  Gather Merge  (cost=1000.45..83490.42 rows=7337 width=19) (actual time=55.473..57.700 rows=7854 loops=1)
                    Workers Planned: 2
                    Workers Launched: 2
                    ->  Parallel Index Scan using part_pkey on part p  (cost=0.43..81643.53 rows=3057 width=19) (actual time=2.406..223.960 rows=2618 loops=3)
                          Filter: (((p_type)::text ~~ '%BRASS'::text) AND (p_size = 15))
                          Rows Removed by Filter: 664049
              ->  Materialize  (cost=236595.10..236805.61 rows=42102 width=207) (actual time=1491.619..1855.105 rows=1602443 loops=1)
                    ->  Sort  (cost=236595.10..236700.35 rows=42102 width=207) (actual time=1491.612..1677.734 rows=1602443 loops=1)
                          Sort Key: ps.ps_partkey
                          Sort Method: external merge  Disk: 253032kB
                          ->  Gather  (cost=3976.60..229185.83 rows=42102 width=207) (actual time=38.409..847.545 rows=1602640 loops=1)
                                Workers Planned: 2
                                Workers Launched: 2
                                ->  Parallel Hash Join  (cost=2976.60..223975.63 rows=17542 width=207) (actual time=42.120..820.026 rows=534213 loops=3)
                                      Hash Cond: (ps.ps_suppkey = s.s_suppkey)
                                      ->  Parallel Seq Scan on partsupp ps  (cost=0.00..208396.94 rows=3333094 width=14) (actual time=0.019..323.218 rows=2666667 loops=3)
                                      ->  Parallel Hash  (cost=2972.74..2972.74 rows=309 width=201) (actual time=12.471..12.474 rows=6678 loops=3)
                                            Buckets: 32768 (originally 1024)  Batches: 1 (originally 1)  Memory Usage: 4056kB
                                            ->  Hash Join  (cost=24.81..2972.74 rows=309 width=201) (actual time=0.130..26.597 rows=20033 loops=1)
                                                  Hash Cond: (s.s_nationkey = n.n_nationkey)
                                                  ->  Parallel Seq Scan on supplier s  (cost=0.00..2724.24 rows=58824 width=137) (actual time=0.004..8.748 rows=100000 loops=1)
                                                  ->  Hash  (cost=24.80..24.80 rows=1 width=72) (actual time=0.106..0.108 rows=5 loops=1)
                                                        Buckets: 1024  Batches: 1  Memory Usage: 9kB
                                                        ->  Hash Join  (cost=12.39..24.80 rows=1 width=72) (actual time=0.093..0.099 rows=5 loops=1)
                                                              Hash Cond: (n.n_regionkey = r.r_regionkey)
                                                              ->  Seq Scan on nation n  (cost=0.00..11.90 rows=190 width=76) (actual time=0.021..0.023 rows=25 loops=1)
                                                              ->  Hash  (cost=12.38..12.38 rows=1 width=4) (actual time=0.052..0.053 rows=1 loops=1)
                                                                    Buckets: 1024  Batches: 1  Memory Usage: 9kB
                                                                    ->  Seq Scan on region r  (cost=0.00..12.38 rows=1 width=4) (actual time=0.033..0.043 rows=1 loops=1)
                                                                          Filter: ((r_name)::text = 'EUROPE'::text)
                                                                          Rows Removed by Filter: 4
              SubPlan 1
                ->  Aggregate  (cost=198.80..198.81 rows=1 width=32) (actual time=0.026..0.026 rows=1 loops=6351)
                      ->  Nested Loop  (cost=1.01..198.80 rows=1 width=6) (actual time=0.016..0.025 rows=2 loops=6351)
                            ->  Nested Loop  (cost=0.87..191.01 rows=18 width=10) (actual time=0.011..0.021 rows=4 loops=6351)
                                  ->  Nested Loop  (cost=0.72..188.08 rows=18 width=10) (actual time=0.010..0.017 rows=4 loops=6351)
                                        ->  Index Scan using partsupp_pkey on partsupp ps2  (cost=0.43..38.50 rows=18 width=10) (actual time=0.007..0.007 rows=4 loops=6351)
                                              Index Cond: (ps_partkey = p.p_partkey)
                                        ->  Index Scan using supplier_pkey on supplier s2  (cost=0.29..8.31 rows=1 width=8) (actual time=0.002..0.002 rows=1 loops=25404)
                                              Index Cond: (s_suppkey = ps2.ps_suppkey)
                                  ->  Index Scan using nation_pkey on nation n2  (cost=0.14..0.16 rows=1 width=8) (actual time=0.001..0.001 rows=1 loops=25404)
                                        Index Cond: (n_nationkey = s2.s_nationkey)
                            ->  Index Scan using region_pkey on region r2  (cost=0.14..0.42 rows=1 width=4) (actual time=0.001..0.001 rows=0 loops=25404)
                                  Index Cond: (r_regionkey = n2.n_regionkey)
                                  Filter: ((r_name)::text = 'EUROPE'::text)
                                  Rows Removed by Filter: 1
Planning Time: 2.131 ms
JIT:
  Functions: 133
  Options: Inlining false, Optimization false, Expressions true, Deforming true
  Timing: Generation 11.178 ms, Inlining 0.000 ms, Optimization 5.477 ms, Emission 109.453 ms, Total 126.108 ms
Execution Time: 2266.094 ms","Limit  (cost=143723.43..143723.43 rows=1 width=216) (actual time=232.740..238.667 rows=10 loops=1)
  ->  Sort  (cost=143723.43..143723.43 rows=1 width=216) (actual time=216.392..222.318 rows=10 loops=1)
        Sort Key: _t.s_acctbal DESC NULLS LAST, _t.n_name NULLS FIRST, _t.s_name NULLS FIRST, _t.p_partkey NULLS FIRST
        Sort Method: top-N heapsort  Memory: 29kB
        ->  Subquery Scan on _t  (cost=143700.86..143723.42 rows=1 width=216) (actual time=210.309..221.101 rows=4667 loops=1)
              Filter: (_t._w = 1)
              ->  WindowAgg  (cost=143700.86..143721.49 rows=154 width=234) (actual time=210.303..220.634 rows=4667 loops=1)
                    Run Condition: (rank() OVER (?) <= 1)
                    ->  Gather Merge  (cost=143700.86..143718.80 rows=154 width=226) (actual time=210.256..217.366 rows=6351 loops=1)
                          Workers Planned: 2
                          Workers Launched: 2
                          ->  Sort  (cost=142700.84..142701.00 rows=64 width=226) (actual time=196.197..196.305 rows=2117 loops=3)
                                Sort Key: partsupp.ps_partkey, partsupp.ps_supplycost
                                Sort Method: quicksort  Memory: 426kB
                                Worker 0:  Sort Method: quicksort  Memory: 391kB
                                Worker 1:  Sort Method: quicksort  Memory: 622kB
                                ->  Parallel Hash Join  (cost=2977.03..142698.92 rows=64 width=226) (actual time=28.977..194.911 rows=2117 loops=3)
                                      Hash Cond: (partsupp.ps_suppkey = supplier.s_suppkey)
                                      ->  Nested Loop  (cost=0.43..139676.09 rows=12228 width=33) (actual time=0.155..162.862 rows=10472 loops=3)
                                            ->  Parallel Seq Scan on part  (cost=0.00..49696.06 rows=3057 width=19) (actual time=0.101..131.214 rows=2618 loops=3)
                                                  Filter: (((p_type)::text ~~ '%BRASS'::text) AND (p_size = 15))
                                                  Rows Removed by Filter: 664049
                                            ->  Index Scan using partsupp_pkey on partsupp  (cost=0.43..29.25 rows=18 width=14) (actual time=0.010..0.011 rows=4 loops=7854)
                                                  Index Cond: (ps_partkey = part.p_partkey)
                                      ->  Parallel Hash  (cost=2972.74..2972.74 rows=309 width=201) (actual time=28.402..28.405 rows=6678 loops=3)
                                            Buckets: 32768 (originally 1024)  Batches: 1 (originally 1)  Memory Usage: 4088kB
                                            ->  Hash Join  (cost=24.81..2972.74 rows=309 width=201) (actual time=10.890..20.445 rows=6678 loops=3)
                                                  Hash Cond: (supplier.s_nationkey = nation.n_nationkey)
                                                  ->  Parallel Seq Scan on supplier  (cost=0.00..2724.24 rows=58824 width=137) (actual time=0.008..3.138 rows=33333 loops=3)
                                                  ->  Hash  (cost=24.80..24.80 rows=1 width=72) (actual time=10.862..10.865 rows=5 loops=3)
                                                        Buckets: 1024  Batches: 1  Memory Usage: 9kB
                                                        ->  Hash Join  (cost=12.39..24.80 rows=1 width=72) (actual time=10.853..10.859 rows=5 loops=3)
                                                              Hash Cond: (nation.n_regionkey = region.r_regionkey)
                                                              ->  Seq Scan on nation  (cost=0.00..11.90 rows=190 width=76) (actual time=0.011..0.013 rows=25 loops=3)
                                                              ->  Hash  (cost=12.38..12.38 rows=1 width=4) (actual time=10.822..10.822 rows=1 loops=3)
                                                                    Buckets: 1024  Batches: 1  Memory Usage: 9kB
                                                                    ->  Seq Scan on region  (cost=0.00..12.38 rows=1 width=4) (actual time=10.815..10.816 rows=1 loops=3)
                                                                          Filter: ((r_name)::text = 'EUROPE'::text)
                                                                          Rows Removed by Filter: 4
Planning Time: 0.622 ms
JIT:
  Functions: 113
  Options: Inlining false, Optimization false, Expressions true, Deforming true
  Timing: Generation 5.025 ms, Inlining 0.000 ms, Optimization 2.077 ms, Emission 46.846 ms, Total 53.948 ms
Execution Time: 240.207 ms",SUCCESS
2,3,TPCH,Q3,"SELECT
    l.l_orderkey,
    SUM(l.l_extendedprice * (1 - l.l_discount)) AS revenue,
    o.o_orderdate,
    o.o_shippriority
FROM
    tpch.customer c
JOIN tpch.orders o
    ON c.c_custkey = o.o_custkey
JOIN tpch.lineitem l
    ON l.l_orderkey = o.o_orderkey
WHERE
    c.c_mktsegment = 'BUILDING'
    AND o.o_orderdate < DATE '1995-03-15'
    AND l.l_shipdate > DATE '1995-03-15'
GROUP BY
    l.l_orderkey,
    o.o_orderdate,
    o.o_shippriority
ORDER BY
    revenue DESC,
    o.o_orderdate
LIMIT 10;","result = (
        orders.CALCULATE(order_date, ship_priority)
        .WHERE(
            (customer.market_segment == ""BUILDING"")
            & (order_date < DATETIME('1995-3-15'))
        )
        .lines.WHERE(ship_date > DATETIME('1995-3-15'))
        .PARTITION(name=""groups"", by=(order_key, order_date, ship_priority))
        .CALCULATE(
            L_ORDERKEY=order_key,
            REVENUE=SUM(lines.extended_price * (1 - lines.discount)),
            O_ORDERDATE=order_date,
            O_SHIPPRIORITY=ship_priority,
        )
        .TOP_K(10, by=(REVENUE.DESC(), O_ORDERDATE.ASC(), L_ORDERKEY.ASC()))
    )","SELECT
  lineitem.l_orderkey AS L_ORDERKEY,
  COALESCE(SUM(lineitem.l_extendedprice * (
    1 - lineitem.l_discount
  )), 0) AS REVENUE,
  orders.o_orderdate AS O_ORDERDATE,
  orders.o_shippriority AS O_SHIPPRIORITY
FROM tpch.orders AS orders
JOIN tpch.customer AS customer
  ON customer.c_custkey = orders.o_custkey AND customer.c_mktsegment = 'BUILDING'
JOIN tpch.lineitem AS lineitem
  ON lineitem.l_orderkey = orders.o_orderkey
  AND lineitem.l_shipdate > CAST('1995-03-15' AS DATE)
WHERE
  orders.o_orderdate < CAST('1995-03-15' AS DATE)
GROUP BY
  1,
  3,
  4
ORDER BY
  2 DESC NULLS LAST,
  3 NULLS FIRST,
  1 NULLS FIRST
LIMIT 10",33.75232797300009,19.663072030999956,"Limit  (cost=1542181.08..1542181.11 rows=10 width=44) (actual time=31197.888..31434.640 rows=10 loops=1)
  ->  Sort  (cost=1542181.08..1543401.94 rows=488343 width=44) (actual time=30978.230..31214.980 rows=10 loops=1)
        Sort Key: (sum((l.l_extendedprice * ('1'::numeric - l.l_discount)))) DESC, o.o_orderdate
        Sort Method: top-N heapsort  Memory: 26kB
        ->  Finalize GroupAggregate  (cost=1467360.34..1531628.16 rows=488343 width=44) (actual time=30793.320..31192.611 rows=114003 loops=1)
              Group Key: l.l_orderkey, o.o_orderdate, o.o_shippriority
              ->  Gather Merge  (cost=1467360.34..1520436.98 rows=406952 width=44) (actual time=30793.291..31117.071 rows=114036 loops=1)
                    Workers Planned: 2
                    Workers Launched: 2
                    ->  Partial GroupAggregate  (cost=1466360.31..1472464.59 rows=203476 width=44) (actual time=30775.609..30845.252 rows=38012 loops=3)
                          Group Key: l.l_orderkey, o.o_orderdate, o.o_shippriority
                          ->  Sort  (cost=1466360.31..1466869.00 rows=203476 width=48) (actual time=30775.571..30786.081 rows=100705 loops=3)
                                Sort Key: l.l_orderkey, o.o_orderdate, o.o_shippriority
                                Sort Method: external merge  Disk: 3672kB
                                Worker 0:  Sort Method: external merge  Disk: 3536kB
                                Worker 1:  Sort Method: external merge  Disk: 3312kB
                                ->  Parallel Hash Join  (cost=331690.53..1442157.83 rows=203476 width=48) (actual time=25064.451..30733.359 rows=100705 loops=3)
                                      Hash Cond: (l.l_orderkey = o.o_orderkey)
                                      ->  Parallel Seq Scan on lineitem l  (cost=0.00..1098328.25 rows=3010993 width=40) (actual time=0.051..18372.658 rows=10778083 loops=3)
                                            Filter: (l_shipdate > '1995-03-15'::date)
                                            Rows Removed by Filter: 9217267
                                      ->  Parallel Hash  (cost=329649.03..329649.03 rows=163320 width=12) (actual time=4359.390..4359.393 rows=487308 loops=3)
                                            Buckets: 131072 (originally 524288)  Batches: 16 (originally 1)  Memory Usage: 5376kB
                                            ->  Parallel Hash Join  (cost=45140.81..329649.03 rows=163320 width=12) (actual time=527.401..4162.577 rows=487308 loops=3)
                                                  Hash Cond: (o.o_custkey = c.c_custkey)
                                                  ->  Parallel Seq Scan on orders o  (cost=0.00..282393.54 rows=805588 width=16) (actual time=0.253..3102.153 rows=2429814 loops=3)
                                                        Filter: (o_orderdate < '1995-03-15'::date)
                                                        Rows Removed by Filter: 2570186
                                                  ->  Parallel Hash  (cost=43556.88..43556.88 rows=126715 width=4) (actual time=525.770..525.770 rows=100092 loops=3)
                                                        Buckets: 524288  Batches: 1  Memory Usage: 15904kB
                                                        ->  Parallel Seq Scan on customer c  (cost=0.00..43556.88 rows=126715 width=4) (actual time=213.035..496.651 rows=100092 loops=3)
                                                              Filter: ((c_mktsegment)::text = 'BUILDING'::text)
                                                              Rows Removed by Filter: 399908
Planning Time: 0.361 ms
JIT:
  Functions: 94
  Options: Inlining true, Optimization true, Expressions true, Deforming true
  Timing: Generation 4.409 ms, Inlining 156.650 ms, Optimization 424.014 ms, Emission 277.646 ms, Total 862.719 ms
Execution Time: 31436.692 ms","Limit  (cost=1694554.10..1694554.13 rows=10 width=44) (actual time=19293.806..19478.323 rows=10 loops=1)
  ->  Sort  (cost=1694554.10..1695757.10 rows=481200 width=44) (actual time=19089.033..19273.548 rows=10 loops=1)
        Sort Key: (COALESCE(sum((lineitem.l_extendedprice * ('1'::numeric - lineitem.l_discount))), '0'::numeric)) DESC NULLS LAST, orders.o_orderdate NULLS FIRST, lineitem.l_orderkey NULLS FIRST
        Sort Method: top-N heapsort  Memory: 26kB
        ->  Finalize GroupAggregate  (cost=1592639.49..1684155.55 rows=481200 width=44) (actual time=18899.884..19252.037 rows=114003 loops=1)
              Group Key: lineitem.l_orderkey, orders.o_orderdate, orders.o_shippriority
              ->  Gather Merge  (cost=1592639.49..1670662.75 rows=598224 width=44) (actual time=18899.862..19178.537 rows=114008 loops=1)
                    Workers Planned: 2
                    Workers Launched: 2
                    ->  Partial GroupAggregate  (cost=1591639.47..1600612.83 rows=299112 width=44) (actual time=18884.211..18949.826 rows=38003 loops=3)
                          Group Key: lineitem.l_orderkey, orders.o_orderdate, orders.o_shippriority
                          ->  Sort  (cost=1591639.47..1592387.25 rows=299112 width=48) (actual time=18884.159..18894.355 rows=100705 loops=3)
                                Sort Key: lineitem.l_orderkey NULLS FIRST, orders.o_orderdate NULLS FIRST, orders.o_shippriority
                                Sort Method: external merge  Disk: 4272kB
                                Worker 0:  Sort Method: external merge  Disk: 3248kB
                                Worker 1:  Sort Method: external merge  Disk: 3000kB
                                ->  Parallel Hash Join  (cost=394287.47..1555233.24 rows=299112 width=48) (actual time=17466.561..18846.899 rows=100705 loops=3)
                                      Hash Cond: (lineitem.l_orderkey = orders.o_orderkey)
                                      ->  Parallel Seq Scan on lineitem  (cost=0.00..1098328.25 rows=3010993 width=40) (actual time=0.059..10768.538 rows=10778083 loops=3)
                                            Filter: (l_shipdate > '1995-03-15'::date)
                                            Rows Removed by Filter: 9217267
                                      ->  Parallel Hash  (cost=383494.06..383494.06 rows=620913 width=12) (actual time=4589.717..4589.721 rows=487308 loops=3)
                                            Buckets: 262144  Batches: 16  Memory Usage: 6400kB
                                            ->  Parallel Hash Join  (cost=45140.81..383494.06 rows=620913 width=12) (actual time=517.641..4458.998 rows=487308 loops=3)
                                                  Hash Cond: (orders.o_custkey = customer.c_custkey)
                                                  ->  Parallel Seq Scan on orders  (cost=0.00..330313.62 rows=3062704 width=16) (actual time=0.214..3232.652 rows=2429814 loops=3)
                                                        Filter: (o_orderdate < '1995-03-15'::date)
                                                        Rows Removed by Filter: 2570186
                                                  ->  Parallel Hash  (cost=43556.88..43556.88 rows=126715 width=4) (actual time=516.054..516.055 rows=100092 loops=3)
                                                        Buckets: 524288  Batches: 1  Memory Usage: 15904kB
                                                        ->  Parallel Seq Scan on customer  (cost=0.00..43556.88 rows=126715 width=4) (actual time=193.952..483.006 rows=100092 loops=3)
                                                              Filter: ((c_mktsegment)::text = 'BUILDING'::text)
                                                              Rows Removed by Filter: 399908
Planning Time: 0.351 ms
JIT:
  Functions: 91
  Options: Inlining true, Optimization true, Expressions true, Deforming true
  Timing: Generation 4.487 ms, Inlining 154.348 ms, Optimization 383.774 ms, Emission 248.292 ms, Total 790.901 ms
Execution Time: 19480.384 ms",SUCCESS
3,4,TPCH,Q4,"SELECT
    o.o_orderpriority,
    COUNT(*) AS order_count
FROM
    tpch.orders o
WHERE
    o.o_orderdate >= DATE '1993-07-01'
    AND o.o_orderdate < DATE '1993-07-01' + INTERVAL '3 months'
    AND EXISTS (
        SELECT
            1
        FROM
            tpch.lineitem l
        WHERE
            l.l_orderkey = o.o_orderkey
            AND l.l_commitdate < l.l_receiptdate
    )
GROUP BY
    o.o_orderpriority
ORDER BY
    o.o_orderpriority;","result = (
        orders.WHERE(
            (YEAR(order_date) == 1993)
            & (QUARTER(order_date) == 3)
            & HAS(lines.WHERE(commit_date < receipt_date))
        )
        .PARTITION(name=""priorities"", by=order_priority)
        .CALCULATE(
            O_ORDERPRIORITY=order_priority,
            ORDER_COUNT=COUNT(orders),
        )
        .ORDER_BY(O_ORDERPRIORITY.ASC())
    )","WITH _u_0 AS (
  SELECT
    l_orderkey AS _u_1
  FROM tpch.lineitem
  WHERE
    l_commitdate < l_receiptdate
  GROUP BY
    1
)
SELECT
  orders.o_orderpriority AS O_ORDERPRIORITY,
  COUNT(*) AS ORDER_COUNT
FROM tpch.orders AS orders
LEFT JOIN _u_0 AS _u_0
  ON _u_0._u_1 = orders.o_orderkey
WHERE
  EXTRACT(MONTH FROM CAST(orders.o_orderdate AS TIMESTAMP)) IN (7, 8, 9)
  AND EXTRACT(YEAR FROM CAST(orders.o_orderdate AS TIMESTAMP)) = 1993
  AND NOT _u_0._u_1 IS NULL
GROUP BY
  1
ORDER BY
  1 NULLS FIRST",136.9843691059998,27.335998923999796,"Sort  (cost=1277549.31..1277549.33 rows=5 width=17) (actual time=115439.521..115439.523 rows=5 loops=1)
  Sort Key: o.o_orderpriority
  Sort Method: quicksort  Memory: 25kB
  ->  HashAggregate  (cost=1277549.20..1277549.25 rows=5 width=17) (actual time=115439.510..115439.513 rows=5 loops=1)
        Group Key: o.o_orderpriority
        Batches: 1  Memory Usage: 24kB
        ->  Nested Loop  (cost=1274471.79..1276165.82 rows=276677 width=9) (actual time=18828.187..115281.185 rows=526040 loops=1)
              ->  HashAggregate  (cost=1274471.36..1274473.36 rows=200 width=4) (actual time=18823.900..36234.807 rows=13753474 loops=1)
                    Group Key: l.l_orderkey
                    Batches: 1093  Memory Usage: 10305kB  Disk Usage: 1240176kB
                    ->  Seq Scan on lineitem l  (cost=0.00..1256405.40 rows=7226384 width=4) (actual time=97.089..8393.894 rows=37929348 loops=1)
                          Filter: (l_commitdate < l_receiptdate)
                          Rows Removed by Filter: 22056704
              ->  Index Scan using orders_pkey on orders o  (cost=0.43..8.46 rows=1 width=13) (actual time=0.006..0.006 rows=0 loops=13753474)
                    Index Cond: (o_orderkey = l.l_orderkey)
                    Filter: ((o_orderdate >= '1993-07-01'::date) AND (o_orderdate < '1993-10-01 00:00:00'::timestamp without time zone))
                    Rows Removed by Filter: 1
Planning Time: 1.244 ms
JIT:
  Functions: 20
  Options: Inlining true, Optimization true, Expressions true, Deforming true
  Timing: Generation 0.896 ms, Inlining 12.064 ms, Optimization 52.962 ms, Emission 36.329 ms, Total 102.252 ms
Execution Time: 115554.219 ms","GroupAggregate  (cost=2405865.82..2405866.13 rows=5 width=17) (actual time=26988.839..27046.252 rows=5 loops=1)
  Group Key: orders.o_orderpriority
  ->  Sort  (cost=2405865.82..2405865.91 rows=35 width=9) (actual time=26974.390..27017.650 rows=526040 loops=1)
        Sort Key: orders.o_orderpriority NULLS FIRST
        Sort Method: external merge  Disk: 6920kB
        ->  Hash Join  (cost=1987648.26..2405864.92 rows=35 width=9) (actual time=24198.260..26899.886 rows=526040 loops=1)
              Hash Cond: (orders.o_orderkey = lineitem.l_orderkey)
              ->  Gather  (cost=1000.00..417368.71 rows=1125 width=13) (actual time=151.305..1465.887 rows=573671 loops=1)
                    Workers Planned: 2
                    Workers Launched: 2
                    ->  Parallel Seq Scan on orders  (cost=0.00..416256.21 rows=469 width=13) (actual time=121.521..1468.690 rows=191224 loops=3)
                          Filter: ((EXTRACT(year FROM (o_orderdate)::timestamp without time zone) = '1993'::numeric) AND (EXTRACT(month FROM (o_orderdate)::timestamp without time zone) = ANY ('{7,8,9}'::numeric[])))
                          Rows Removed by Filter: 4808776
              ->  Hash  (cost=1978951.07..1978951.07 rows=469135 width=4) (actual time=24046.124..24046.182 rows=13753474 loops=1)
                    Buckets: 262144 (originally 262144)  Batches: 128 (originally 4)  Memory Usage: 6145kB
                    ->  Group  (cost=1867132.92..1978951.07 rows=469135 width=4) (actual time=19862.605..22570.083 rows=13753474 loops=1)
                          Group Key: lineitem.l_orderkey
                          ->  Gather Merge  (cost=1867132.92..1976605.40 rows=938270 width=4) (actual time=19862.577..21446.752 rows=13759116 loops=1)
                                Workers Planned: 2
                                Workers Launched: 2
                                ->  Sort  (cost=1866132.90..1867305.73 rows=469135 width=4) (actual time=18244.417..18586.651 rows=4586372 loops=3)
                                      Sort Key: lineitem.l_orderkey
                                      Sort Method: external merge  Disk: 52912kB
                                      Worker 0:  Sort Method: external merge  Disk: 47872kB
                                      Worker 1:  Sort Method: external merge  Disk: 61072kB
                                      ->  Partial HashAggregate  (cost=1745738.28..1815525.72 rows=469135 width=4) (actual time=10613.106..17104.383 rows=4586372 loops=3)
                                            Group Key: lineitem.l_orderkey
                                            Planned Partitions: 8  Batches: 257  Memory Usage: 10321kB  Disk Usage: 383808kB
                                            Worker 0:  Batches: 305  Memory Usage: 10065kB  Disk Usage: 347096kB
                                            Worker 1:  Batches: 209  Memory Usage: 10321kB  Disk Usage: 451496kB
                                            ->  Parallel Seq Scan on lineitem  (cost=0.00..1297877.21 rows=8332299 width=4) (actual time=71.755..5724.141 rows=12643116 loops=3)
                                                  Filter: ((l_orderkey IS NOT NULL) AND (l_commitdate < l_receiptdate))
                                                  Rows Removed by Filter: 7352235
Planning Time: 0.235 ms
JIT:
  Functions: 50
  Options: Inlining true, Optimization true, Expressions true, Deforming true
  Timing: Generation 3.067 ms, Inlining 293.723 ms, Optimization 170.260 ms, Emission 128.326 ms, Total 595.377 ms
Execution Time: 27099.914 ms",SUCCESS
4,5,TPCH,Q5,"SELECT
    n.n_name,
    SUM(l.l_extendedprice * (1 - l.l_discount)) AS revenue
FROM
    tpch.customer c
JOIN tpch.orders o
    ON c.c_custkey = o.o_custkey
JOIN tpch.lineitem l
    ON l.l_orderkey = o.o_orderkey
JOIN tpch.supplier s
    ON l.l_suppkey = s.s_suppkey
    AND c.c_nationkey = s.s_nationkey
JOIN tpch.nation n
    ON s.s_nationkey = n.n_nationkey
JOIN tpch.region r
    ON n.n_regionkey = r.r_regionkey
WHERE
    r.r_name = 'ASIA'
    AND o.o_orderdate >= DATE '1994-01-01'
    AND o.o_orderdate < DATE '1994-01-01' + INTERVAL '1 year'
GROUP BY
    n.n_name
ORDER BY
    revenue DESC;","selected_lines = (
    customers.orders.WHERE(
        (order_date >= DATETIME('1994-1-1'))
        & (order_date < DATETIME('1995-1-1'))
    )
    .lines.WHERE(supplier.nation.name == nation_name)
    .CALCULATE(value=extended_price * (1 - discount))
)
result = (nations.CALCULATE(nation_name=name)
    .WHERE(region.name == ""ASIA"")
    .WHERE(HAS(selected_lines))
    .CALCULATE(N_NAME=name, REVENUE=SUM(selected_lines.value))
    .ORDER_BY(REVENUE.DESC())
)","WITH _s11 AS (
  SELECT
    nation.n_name,
    supplier.s_suppkey
  FROM tpch.supplier AS supplier
  JOIN tpch.nation AS nation
    ON nation.n_nationkey = supplier.s_nationkey
)
SELECT
  MAX(nation.n_name) AS N_NAME,
  COALESCE(SUM(lineitem.l_extendedprice * (
    1 - lineitem.l_discount
  )), 0) AS REVENUE
FROM tpch.nation AS nation
JOIN tpch.region AS region
  ON nation.n_regionkey = region.r_regionkey AND region.r_name = 'ASIA'
JOIN tpch.customer AS customer
  ON customer.c_nationkey = nation.n_nationkey
JOIN tpch.orders AS orders
  ON customer.c_custkey = orders.o_custkey
  AND orders.o_orderdate < CAST('1995-01-01' AS DATE)
  AND orders.o_orderdate >= CAST('1994-01-01' AS DATE)
JOIN tpch.lineitem AS lineitem
  ON lineitem.l_orderkey = orders.o_orderkey
JOIN _s11 AS _s11
  ON _s11.n_name = nation.n_name AND _s11.s_suppkey = lineitem.l_suppkey
GROUP BY
  nation.n_nationkey
ORDER BY
  2 DESC NULLS LAST",19.019637961999933,17.305836908999936,"Sort  (cost=1155251.45..1155251.92 rows=190 width=100) (actual time=19016.356..19084.906 rows=5 loops=1)
  Sort Key: (sum((l.l_extendedprice * ('1'::numeric - l.l_discount)))) DESC
  Sort Method: quicksort  Memory: 25kB
  ->  Finalize GroupAggregate  (cost=1155203.16..1155244.26 rows=190 width=100) (actual time=19011.123..19084.899 rows=5 loops=1)
        Group Key: n.n_name
        ->  Gather Merge  (cost=1155203.16..1155240.46 rows=190 width=100) (actual time=19008.966..19084.872 rows=10 loops=1)
              Workers Planned: 1
              Workers Launched: 1
              ->  Partial GroupAggregate  (cost=1154203.15..1154219.07 rows=190 width=100) (actual time=18983.905..18992.784 rows=5 loops=2)
                    Group Key: n.n_name
                    ->  Sort  (cost=1154203.15..1154205.86 rows=1084 width=80) (actual time=18981.663..18983.170 rows=36492 loops=2)
                          Sort Key: n.n_name
                          Sort Method: quicksort  Memory: 2132kB
                          Worker 0:  Sort Method: quicksort  Memory: 3419kB
                          ->  Parallel Hash Join  (cost=1150978.57..1154148.50 rows=1084 width=80) (actual time=18912.781..18975.092 rows=36492 loops=2)
                                Hash Cond: ((s.s_suppkey = l.l_suppkey) AND (s.s_nationkey = c.c_nationkey))
                                ->  Parallel Seq Scan on supplier s  (cost=0.00..2724.24 rows=58824 width=8) (actual time=0.184..30.894 rows=50000 loops=2)
                                ->  Parallel Hash  (cost=1150682.91..1150682.91 rows=19711 width=92) (actual time=18860.943..18860.950 rows=912928 loops=2)
                                      Buckets: 131072 (originally 65536)  Batches: 16 (originally 1)  Memory Usage: 8960kB
                                      ->  Nested Loop  (cost=44437.56..1150682.91 rows=19711 width=92) (actual time=1893.422..18462.354 rows=912928 loops=2)
                                            ->  Parallel Hash Join  (cost=44437.00..393908.80 rows=4929 width=80) (actual time=1893.279..2365.376 rows=228386 loops=2)
                                                  Hash Cond: (o.o_custkey = c.c_custkey)
                                                  ->  Parallel Seq Scan on orders o  (cost=0.00..345939.55 rows=936457 width=8) (actual time=0.228..632.366 rows=1137960 loops=2)
                                                        Filter: ((o_orderdate >= '1994-01-01'::date) AND (o_orderdate < '1995-01-01 00:00:00'::timestamp without time zone))
                                                        Rows Removed by Filter: 6362040
                                                  ->  Parallel Hash  (cost=44395.87..44395.87 rows=3290 width=80) (actual time=1073.207..1073.211 rows=150135 loops=2)
                                                        Buckets: 131072 (originally 8192)  Batches: 4 (originally 1)  Memory Usage: 5184kB
                                                        ->  Hash Join  (cost=24.81..44395.87 rows=3290 width=80) (actual time=365.770..998.929 rows=150135 loops=2)
                                                              Hash Cond: (c.c_nationkey = n.n_nationkey)
                                                              ->  Parallel Seq Scan on customer c  (cost=0.00..41994.30 rows=625030 width=8) (actual time=0.195..563.711 rows=750000 loops=2)
                                                              ->  Hash  (cost=24.80..24.80 rows=1 width=72) (actual time=365.553..365.555 rows=5 loops=2)
                                                                    Buckets: 1024  Batches: 1  Memory Usage: 9kB
                                                                    ->  Hash Join  (cost=12.39..24.80 rows=1 width=72) (actual time=365.544..365.550 rows=5 loops=2)
                                                                          Hash Cond: (n.n_regionkey = r.r_regionkey)
                                                                          ->  Seq Scan on nation n  (cost=0.00..11.90 rows=190 width=76) (actual time=0.093..0.095 rows=25 loops=2)
                                                                          ->  Hash  (cost=12.38..12.38 rows=1 width=4) (actual time=365.432..365.433 rows=1 loops=2)
                                                                                Buckets: 1024  Batches: 1  Memory Usage: 9kB
                                                                                ->  Seq Scan on region r  (cost=0.00..12.38 rows=1 width=4) (actual time=365.420..365.422 rows=1 loops=2)
                                                                                      Filter: ((r_name)::text = 'ASIA'::text)
                                                                                      Rows Removed by Filter: 4
                                            ->  Index Scan using lineitem_pkey on lineitem l  (cost=0.56..152.26 rows=128 width=20) (actual time=0.067..0.070 rows=4 loops=456771)
                                                  Index Cond: (l_orderkey = o.o_orderkey)
Planning Time: 4.977 ms
JIT:
  Functions: 109
  Options: Inlining true, Optimization true, Expressions true, Deforming true
  Timing: Generation 5.134 ms, Inlining 73.903 ms, Optimization 389.681 ms, Emission 267.372 ms, Total 736.090 ms
Execution Time: 19086.755 ms","Sort  (cost=1155183.37..1155183.84 rows=190 width=68) (actual time=19551.637..19587.711 rows=5 loops=1)
  Sort Key: (COALESCE(sum((lineitem.l_extendedprice * ('1'::numeric - lineitem.l_discount))), '0'::numeric)) DESC NULLS LAST
  Sort Method: quicksort  Memory: 25kB
  ->  Finalize GroupAggregate  (cost=1155152.50..1155176.18 rows=190 width=68) (actual time=19544.141..19587.702 rows=5 loops=1)
        Group Key: nation.n_nationkey
        ->  Gather Merge  (cost=1155152.50..1155172.38 rows=142 width=68) (actual time=19541.250..19587.668 rows=10 loops=1)
              Workers Planned: 1
              Workers Launched: 1
              ->  Partial GroupAggregate  (cost=1154152.49..1154156.40 rows=142 width=68) (actual time=19518.428..19528.052 rows=5 loops=2)
                    Group Key: nation.n_nationkey
                    ->  Sort  (cost=1154152.49..1154152.85 rows=142 width=84) (actual time=19515.918..19517.799 rows=36492 loops=2)
                          Sort Key: nation.n_nationkey
                          Sort Method: quicksort  Memory: 3181kB
                          Worker 0:  Sort Method: quicksort  Memory: 3067kB
                          ->  Hash Join  (cost=1150947.50..1154147.41 rows=142 width=84) (actual time=19295.681..19510.599 rows=36492 loops=2)
                                Hash Cond: ((supplier.s_nationkey = nation_1.n_nationkey) AND ((nation.n_name)::text = (nation_1.n_name)::text))
                                ->  Parallel Hash Join  (cost=1150932.75..1153990.44 rows=27088 width=88) (actual time=18907.452..19048.008 rows=912928 loops=2)
                                      Hash Cond: (supplier.s_suppkey = lineitem.l_suppkey)
                                      ->  Parallel Seq Scan on supplier  (cost=0.00..2724.24 rows=58824 width=8) (actual time=0.200..30.476 rows=50000 loops=2)
                                      ->  Parallel Hash  (cost=1150686.36..1150686.36 rows=19711 width=88) (actual time=18861.963..18861.975 rows=912928 loops=2)
                                            Buckets: 131072 (originally 65536)  Batches: 16 (originally 1)  Memory Usage: 8448kB
                                            ->  Nested Loop  (cost=44437.56..1150686.36 rows=19711 width=88) (actual time=1500.291..18484.628 rows=912928 loops=2)
                                                  ->  Parallel Hash Join  (cost=44437.00..393908.80 rows=4929 width=76) (actual time=1500.123..1928.125 rows=228386 loops=2)
                                                        Hash Cond: (orders.o_custkey = customer.c_custkey)
                                                        ->  Parallel Seq Scan on orders  (cost=0.00..345939.55 rows=936457 width=8) (actual time=0.203..654.787 rows=1137960 loops=2)
                                                              Filter: ((o_orderdate < '1995-01-01'::date) AND (o_orderdate >= '1994-01-01'::date))
                                                              Rows Removed by Filter: 6362040
                                                        ->  Parallel Hash  (cost=44395.87..44395.87 rows=3290 width=76) (actual time=656.254..656.257 rows=150135 loops=2)
                                                              Buckets: 262144 (originally 8192)  Batches: 4 (originally 1)  Memory Usage: 5728kB
                                                              ->  Hash Join  (cost=24.81..44395.87 rows=3290 width=76) (actual time=0.571..607.328 rows=150135 loops=2)
                                                                    Hash Cond: (customer.c_nationkey = nation.n_nationkey)
                                                                    ->  Parallel Seq Scan on customer  (cost=0.00..41994.30 rows=625030 width=8) (actual time=0.323..534.346 rows=750000 loops=2)
                                                                    ->  Hash  (cost=24.80..24.80 rows=1 width=72) (actual time=0.231..0.234 rows=5 loops=2)
                                                                          Buckets: 1024  Batches: 1  Memory Usage: 9kB
                                                                          ->  Hash Join  (cost=12.39..24.80 rows=1 width=72) (actual time=0.225..0.230 rows=5 loops=2)
                                                                                Hash Cond: (nation.n_regionkey = region.r_regionkey)
                                                                                ->  Seq Scan on nation  (cost=0.00..11.90 rows=190 width=76) (actual time=0.023..0.025 rows=25 loops=2)
                                                                                ->  Hash  (cost=12.38..12.38 rows=1 width=4) (actual time=0.191..0.192 rows=1 loops=2)
                                                                                      Buckets: 1024  Batches: 1  Memory Usage: 9kB
                                                                                      ->  Seq Scan on region  (cost=0.00..12.38 rows=1 width=4) (actual time=0.187..0.188 rows=1 loops=2)
                                                                                            Filter: ((r_name)::text = 'ASIA'::text)
                                                                                            Rows Removed by Filter: 4
                                                  ->  Index Scan using lineitem_pkey on lineitem  (cost=0.56..152.26 rows=128 width=20) (actual time=0.069..0.072 rows=4 loops=456771)
                                                        Index Cond: (l_orderkey = orders.o_orderkey)
                                ->  Hash  (cost=11.90..11.90 rows=190 width=72) (actual time=388.090..388.090 rows=25 loops=2)
                                      Buckets: 1024  Batches: 1  Memory Usage: 10kB
                                      ->  Seq Scan on nation nation_1  (cost=0.00..11.90 rows=190 width=72) (actual time=388.054..388.063 rows=25 loops=2)
Planning Time: 4.308 ms
JIT:
  Functions: 123
  Options: Inlining true, Optimization true, Expressions true, Deforming true
  Timing: Generation 5.384 ms, Inlining 71.544 ms, Optimization 417.372 ms, Emission 287.319 ms, Total 781.619 ms
Execution Time: 19589.737 ms",SUCCESS
5,6,TPCH,Q6,"SELECT
    SUM(l.l_extendedprice * l.l_discount) AS revenue
FROM
    tpch.lineitem l
WHERE
    l.l_shipdate >= DATE '1994-01-01'
    AND l.l_shipdate < DATE '1994-01-01' + INTERVAL '1 year'
    AND l.l_discount BETWEEN 0.06 - 0.01 AND 0.06 + 0.01
    AND l.l_quantity < 24;","selected_lines = lines.WHERE(
    (ship_date >= DATETIME('1994-1-1'))
    & (ship_date < DATETIME('1995-1-1'))
    & (0.05 <= discount)
    & (discount <= 0.07)
    & (quantity < 24)
).CALCULATE(amt=extended_price * discount)
result = TPCH.CALCULATE(REVENUE=SUM(selected_lines.amt))","SELECT
  COALESCE(SUM(l_extendedprice * l_discount), 0) AS REVENUE
FROM tpch.lineitem
WHERE
  l_discount <= 0.07
  AND l_discount >= 0.05
  AND l_quantity < 24
  AND l_shipdate < CAST('1995-01-01' AS DATE)
  AND l_shipdate >= CAST('1994-01-01' AS DATE)",6.888387254999998,8.746907042000203,"Finalize Aggregate  (cost=1551267.82..1551267.83 rows=1 width=32) (actual time=8438.920..8447.311 rows=1 loops=1)
  ->  Gather  (cost=1551267.60..1551267.81 rows=2 width=32) (actual time=8438.750..8447.279 rows=3 loops=1)
        Workers Planned: 2
        Workers Launched: 2
        ->  Partial Aggregate  (cost=1550267.60..1550267.61 rows=1 width=32) (actual time=8425.823..8425.824 rows=1 loops=3)
              ->  Parallel Seq Scan on lineitem l  (cost=0.00..1547846.18 rows=484285 width=12) (actual time=129.901..8313.561 rows=379755 loops=3)
                    Filter: ((l_shipdate >= '1994-01-01'::date) AND (l_shipdate < '1995-01-01 00:00:00'::timestamp without time zone) AND (l_discount >= 0.05) AND (l_discount <= 0.07) AND (l_quantity < '24'::numeric))
                    Rows Removed by Filter: 19615596
Planning Time: 0.085 ms
JIT:
  Functions: 17
  Options: Inlining true, Optimization true, Expressions true, Deforming true
  Timing: Generation 1.689 ms, Inlining 164.820 ms, Optimization 134.426 ms, Emission 90.415 ms, Total 391.350 ms
Execution Time: 8447.896 ms","Finalize Aggregate  (cost=1551267.82..1551267.83 rows=1 width=32) (actual time=9072.424..9081.059 rows=1 loops=1)
  ->  Gather  (cost=1551267.60..1551267.81 rows=2 width=32) (actual time=9072.260..9081.029 rows=3 loops=1)
        Workers Planned: 2
        Workers Launched: 2
        ->  Partial Aggregate  (cost=1550267.60..1550267.61 rows=1 width=32) (actual time=9059.598..9059.599 rows=1 loops=3)
              ->  Parallel Seq Scan on lineitem  (cost=0.00..1547846.18 rows=484285 width=12) (actual time=122.469..8950.658 rows=379755 loops=3)
                    Filter: ((l_discount <= 0.07) AND (l_discount >= 0.05) AND (l_quantity < '24'::numeric) AND (l_shipdate < '1995-01-01'::date) AND (l_shipdate >= '1994-01-01'::date))
                    Rows Removed by Filter: 19615596
Planning Time: 0.077 ms
JIT:
  Functions: 17
  Options: Inlining true, Optimization true, Expressions true, Deforming true
  Timing: Generation 1.839 ms, Inlining 154.928 ms, Optimization 127.135 ms, Emission 85.290 ms, Total 369.192 ms
Execution Time: 9081.669 ms",SUCCESS
6,7,TPCH,Q7,"SELECT
    supp_nation,
    cust_nation,
    l_year,
    SUM(volume) AS revenue
FROM (
    SELECT
        n1.n_name AS supp_nation,
        n2.n_name AS cust_nation,
        EXTRACT(YEAR FROM l.l_shipdate) AS l_year,
        l.l_extendedprice * (1 - l.l_discount) AS volume
    FROM
        tpch.supplier s
    JOIN tpch.lineitem l
        ON s.s_suppkey = l.l_suppkey
    JOIN tpch.orders o
        ON o.o_orderkey = l.l_orderkey
    JOIN tpch.customer c
        ON c.c_custkey = o.o_custkey
    JOIN tpch.nation n1
        ON s.s_nationkey = n1.n_nationkey
    JOIN tpch.nation n2
        ON c.c_nationkey = n2.n_nationkey
    WHERE
        (
            (n1.n_name = 'FRANCE' AND n2.n_name = 'GERMANY')
            OR
            (n1.n_name = 'GERMANY' AND n2.n_name = 'FRANCE')
        )
        AND l.l_shipdate BETWEEN DATE '1995-01-01'
                            AND DATE '1996-12-31'
) AS shipping
GROUP BY
    supp_nation,
    cust_nation,
    l_year
ORDER BY
    supp_nation,
    cust_nation,
    l_year;","result = (
        lines.CALCULATE(
            supp_nation=supplier.nation.name,
            cust_nation=order.customer.nation.name,
            l_year=YEAR(ship_date),
            volume=extended_price * (1 - discount),
        )
        .WHERE(
            ISIN(YEAR(ship_date), (1995, 1996))
            & (
                ((supp_nation == ""FRANCE"") & (cust_nation == ""GERMANY""))
                | ((supp_nation == ""GERMANY"") & (cust_nation == ""FRANCE""))
            )
        )
        .PARTITION(name=""groups"", by=(supp_nation, cust_nation, l_year))
        .CALCULATE(
            SUPP_NATION=supp_nation,
            CUST_NATION=cust_nation,
            L_YEAR=l_year,
            REVENUE=SUM(lines.volume),
        )
        .ORDER_BY(SUPP_NATION.ASC(), CUST_NATION.ASC(), L_YEAR.ASC())
    )","WITH _s9 AS (
  SELECT
    nation.n_name,
    orders.o_orderkey
  FROM tpch.orders AS orders
  JOIN tpch.customer AS customer
    ON customer.c_custkey = orders.o_custkey
  JOIN tpch.nation AS nation
    ON customer.c_nationkey = nation.n_nationkey
    AND (
      nation.n_name = 'FRANCE' OR nation.n_name = 'GERMANY'
    )
)
SELECT
  nation.n_name AS SUPP_NATION,
  _s9.n_name AS CUST_NATION,
  EXTRACT(YEAR FROM CAST(lineitem.l_shipdate AS TIMESTAMP)) AS L_YEAR,
  COALESCE(SUM(lineitem.l_extendedprice * (
    1 - lineitem.l_discount
  )), 0) AS REVENUE
FROM tpch.lineitem AS lineitem
JOIN tpch.supplier AS supplier
  ON lineitem.l_suppkey = supplier.s_suppkey
JOIN tpch.nation AS nation
  ON nation.n_nationkey = supplier.s_nationkey
JOIN _s9 AS _s9
  ON (
    _s9.n_name = 'FRANCE' OR nation.n_name = 'FRANCE'
  )
  AND (
    _s9.n_name = 'GERMANY' OR nation.n_name = 'GERMANY'
  )
  AND _s9.o_orderkey = lineitem.l_orderkey
  AND (
    nation.n_name = 'FRANCE' OR nation.n_name = 'GERMANY'
  )
WHERE
  EXTRACT(YEAR FROM CAST(lineitem.l_shipdate AS TIMESTAMP)) IN (1995, 1996)
GROUP BY
  1,
  2,
  3
ORDER BY
  1 NULLS FIRST,
  2 NULLS FIRST,
  3 NULLS FIRST",17.051041469999973,26.09425751999993,"Finalize GroupAggregate  (cost=1776205.94..1776338.59 rows=981 width=200) (actual time=17535.615..17711.787 rows=4 loops=1)
  Group Key: n1.n_name, n2.n_name, (EXTRACT(year FROM l.l_shipdate))
  ->  Gather Merge  (cost=1776205.94..1776313.65 rows=818 width=200) (actual time=17532.439..17711.748 rows=12 loops=1)
        Workers Planned: 2
        Workers Launched: 2
        ->  Partial GroupAggregate  (cost=1775205.91..1775219.21 rows=409 width=200) (actual time=17511.738..17518.623 rows=4 loops=3)
              Group Key: n1.n_name, n2.n_name, (EXTRACT(year FROM l.l_shipdate))
              ->  Sort  (cost=1775205.91..1775206.94 rows=409 width=180) (actual time=17509.151..17510.155 rows=19455 loops=3)
                    Sort Key: n1.n_name, n2.n_name, (EXTRACT(year FROM l.l_shipdate))
                    Sort Method: quicksort  Memory: 1883kB
                    Worker 0:  Sort Method: quicksort  Memory: 1824kB
                    Worker 1:  Sort Method: quicksort  Memory: 2133kB
                    ->  Parallel Hash Join  (cost=385892.56..1775188.17 rows=409 width=180) (actual time=14504.539..17497.915 rows=19455 loops=3)
                          Hash Cond: (l.l_suppkey = s.s_suppkey)
                          Join Filter: ((((n1.n_name)::text = 'FRANCE'::text) AND ((n2.n_name)::text = 'GERMANY'::text)) OR (((n1.n_name)::text = 'GERMANY'::text) AND ((n2.n_name)::text = 'FRANCE'::text)))
                          Rows Removed by Join Filter: 19550
                          ->  Parallel Hash Join  (cost=382989.85..1771977.12 rows=79402 width=88) (actual time=13918.595..16841.211 rows=487923 loops=3)
                                Hash Cond: (l.l_orderkey = o.o_orderkey)
                                ->  Parallel Seq Scan on lineitem l  (cost=0.00..1360369.45 rows=7543196 width=24) (actual time=0.049..10751.196 rows=6076775 loops=3)
                                      Filter: ((l_shipdate >= '1995-01-01'::date) AND (l_shipdate <= '1996-12-31'::date))
                                      Rows Removed by Filter: 13918576
                                ->  Parallel Hash  (cost=382167.44..382167.44 rows=65793 width=72) (actual time=1851.678..1851.683 rows=401936 loops=3)
                                      Buckets: 131072 (originally 262144)  Batches: 8 (originally 1)  Memory Usage: 8192kB
                                      ->  Parallel Hash Join  (cost=43766.72..382167.44 rows=65793 width=72) (actual time=502.263..1737.336 rows=401936 loops=3)
                                            Hash Cond: (o.o_custkey = c.c_custkey)
                                            ->  Parallel Seq Scan on orders o  (cost=0.00..314687.70 rows=6250370 width=8) (actual time=0.200..528.245 rows=5000000 loops=3)
                                            ->  Parallel Hash  (cost=43684.48..43684.48 rows=6579 width=72) (actual time=501.974..501.977 rows=40156 loops=3)
                                                  Buckets: 131072 (originally 16384)  Batches: 1 (originally 1)  Memory Usage: 7616kB
                                                  ->  Hash Join  (cost=12.88..43684.48 rows=6579 width=72) (actual time=0.302..483.511 rows=40156 loops=3)
                                                        Hash Cond: (c.c_nationkey = n2.n_nationkey)
                                                        ->  Parallel Seq Scan on customer c  (cost=0.00..41994.30 rows=625030 width=8) (actual time=0.261..436.277 rows=500000 loops=3)
                                                        ->  Hash  (cost=12.85..12.85 rows=2 width=72) (actual time=0.027..0.027 rows=2 loops=3)
                                                              Buckets: 1024  Batches: 1  Memory Usage: 9kB
                                                              ->  Seq Scan on nation n2  (cost=0.00..12.85 rows=2 width=72) (actual time=0.020..0.022 rows=2 loops=3)
                                                                    Filter: (((n_name)::text = 'GERMANY'::text) OR ((n_name)::text = 'FRANCE'::text))
                                                                    Rows Removed by Filter: 23
                          ->  Parallel Hash  (cost=2894.97..2894.97 rows=619 width=72) (actual time=585.632..585.634 rows=2670 loops=3)
                                Buckets: 8192 (originally 2048)  Batches: 1 (originally 1)  Memory Usage: 528kB
                                ->  Hash Join  (cost=12.88..2894.97 rows=619 width=72) (actual time=505.760..512.495 rows=2670 loops=3)
                                      Hash Cond: (s.s_nationkey = n1.n_nationkey)
                                      ->  Parallel Seq Scan on supplier s  (cost=0.00..2724.24 rows=58824 width=8) (actual time=0.007..3.234 rows=33333 loops=3)
                                      ->  Hash  (cost=12.85..12.85 rows=2 width=72) (actual time=505.731..505.731 rows=2 loops=3)
                                            Buckets: 1024  Batches: 1  Memory Usage: 9kB
                                            ->  Seq Scan on nation n1  (cost=0.00..12.85 rows=2 width=72) (actual time=505.718..505.721 rows=2 loops=3)
                                                  Filter: (((n_name)::text = 'FRANCE'::text) OR ((n_name)::text = 'GERMANY'::text))
                                                  Rows Removed by Filter: 23
Planning Time: 0.837 ms
JIT:
  Functions: 180
  Options: Inlining true, Optimization true, Expressions true, Deforming true
  Timing: Generation 8.155 ms, Inlining 173.801 ms, Optimization 884.100 ms, Emission 459.582 ms, Total 1525.638 ms
Execution Time: 17714.194 ms","GroupAggregate  (cost=1427773.74..1427783.67 rows=1 width=200) (actual time=13528.244..21752.708 rows=4 loops=1)
  Group Key: nation.n_name, nation_1.n_name, EXTRACT(year FROM (lineitem.l_shipdate)::timestamp without time zone)
  ->  Nested Loop  (cost=1427773.74..1427783.64 rows=1 width=180) (actual time=10649.200..21716.250 rows=58365 loops=1)
        Join Filter: (nation_1.n_nationkey = customer.c_nationkey)
        Rows Removed by Join Filter: 1401892
        ->  Nested Loop  (cost=1427773.31..1427778.46 rows=1 width=160) (actual time=10649.069..15505.667 rows=1460257 loops=1)
              ->  Gather Merge  (cost=1427772.87..1427772.99 rows=1 width=160) (actual time=10649.019..11317.008 rows=1460257 loops=1)
                    Workers Planned: 2
                    Workers Launched: 2
                    ->  Sort  (cost=1426772.85..1426772.86 rows=1 width=160) (actual time=10627.416..10869.534 rows=486752 loops=3)
                          Sort Key: nation.n_name NULLS FIRST, nation_1.n_name NULLS FIRST, (EXTRACT(year FROM (lineitem.l_shipdate)::timestamp without time zone)) NULLS FIRST
                          Sort Method: external merge  Disk: 25928kB
                          Worker 0:  Sort Method: external merge  Disk: 23480kB
                          Worker 1:  Sort Method: external merge  Disk: 33616kB
                          ->  Parallel Hash Join  (cost=2973.75..1426772.84 rows=1 width=160) (actual time=424.374..10262.024 rows=486752 loops=3)
                                Hash Cond: (lineitem.l_suppkey = supplier.s_suppkey)
                                ->  Parallel Seq Scan on lineitem  (cost=0.00..1422861.69 rows=249969 width=24) (actual time=0.047..8966.537 rows=6076775 loops=3)
                                      Filter: (EXTRACT(year FROM (l_shipdate)::timestamp without time zone) = ANY ('{1995,1996}'::numeric[]))
                                      Rows Removed by Filter: 13918576
                                ->  Parallel Hash  (cost=2973.73..2973.73 rows=1 width=144) (actual time=423.679..423.683 rows=2670 loops=3)
                                      Buckets: 8192 (originally 1024)  Batches: 1 (originally 1)  Memory Usage: 632kB
                                      ->  Hash Join  (cost=25.81..2973.73 rows=1 width=144) (actual time=355.304..388.310 rows=2670 loops=3)
                                            Hash Cond: (supplier.s_nationkey = nation.n_nationkey)
                                            ->  Parallel Seq Scan on supplier  (cost=0.00..2724.24 rows=58824 width=8) (actual time=0.141..29.551 rows=33333 loops=3)
                                            ->  Hash  (cost=25.79..25.79 rows=1 width=144) (actual time=355.139..355.141 rows=2 loops=3)
                                                  Buckets: 1024  Batches: 1  Memory Usage: 9kB
                                                  ->  Nested Loop  (cost=0.00..25.79 rows=1 width=144) (actual time=355.130..355.136 rows=2 loops=3)
                                                        Join Filter: ((((nation_1.n_name)::text = 'FRANCE'::text) OR ((nation.n_name)::text = 'FRANCE'::text)) AND (((nation_1.n_name)::text = 'GERMANY'::text) OR ((nation.n_name)::text = 'GERMANY'::text)))
                                                        Rows Removed by Join Filter: 2
                                                        ->  Seq Scan on nation  (cost=0.00..12.85 rows=2 width=72) (actual time=355.100..355.102 rows=2 loops=3)
                                                              Filter: (((n_name)::text = 'FRANCE'::text) OR ((n_name)::text = 'GERMANY'::text))
                                                              Rows Removed by Filter: 23
                                                        ->  Materialize  (cost=0.00..12.86 rows=2 width=72) (actual time=0.011..0.013 rows=2 loops=6)
                                                              ->  Seq Scan on nation nation_1  (cost=0.00..12.85 rows=2 width=72) (actual time=0.017..0.018 rows=2 loops=3)
                                                                    Filter: (((n_name)::text = 'FRANCE'::text) OR ((n_name)::text = 'GERMANY'::text))
                                                                    Rows Removed by Filter: 23
              ->  Index Scan using orders_pkey on orders  (cost=0.43..5.46 rows=1 width=8) (actual time=0.003..0.003 rows=1 loops=1460257)
                    Index Cond: (o_orderkey = lineitem.l_orderkey)
        ->  Index Scan using customer_pkey on customer  (cost=0.43..5.17 rows=1 width=8) (actual time=0.004..0.004 rows=1 loops=1460257)
              Index Cond: (c_custkey = orders.o_custkey)
Planning Time: 3.873 ms
JIT:
  Functions: 111
  Options: Inlining true, Optimization true, Expressions true, Deforming true
  Timing: Generation 8.536 ms, Inlining 183.684 ms, Optimization 566.197 ms, Emission 315.362 ms, Total 1073.780 ms
Execution Time: 21758.017 ms",SUCCESS
7,8,TPCH,Q8,"SELECT
    o_year,
    SUM(
        CASE
            WHEN nation = 'BRAZIL' THEN volume
            ELSE 0
        END
    ) / SUM(volume) AS mkt_share
FROM (
    SELECT
        EXTRACT(YEAR FROM o.o_orderdate) AS o_year,
        l.l_extendedprice * (1 - l.l_discount) AS volume,
        n2.n_name AS nation
    FROM
        tpch.part p
    JOIN tpch.lineitem l
        ON p.p_partkey = l.l_partkey
    JOIN tpch.supplier s
        ON s.s_suppkey = l.l_suppkey
    JOIN tpch.orders o
        ON o.o_orderkey = l.l_orderkey
    JOIN tpch.customer c
        ON c.c_custkey = o.o_custkey
    JOIN tpch.nation n1
        ON c.c_nationkey = n1.n_nationkey
    JOIN tpch.region r
        ON n1.n_regionkey = r.r_regionkey
    JOIN tpch.nation n2
        ON s.s_nationkey = n2.n_nationkey
    WHERE
        r.r_name = 'AMERICA'
        AND o.o_orderdate BETWEEN DATE '1995-01-01'
                              AND DATE '1996-12-31'
        AND p.p_type = 'ECONOMY ANODIZED STEEL'
) AS all_nations
GROUP BY
    o_year
ORDER BY
    o_year;","vol_metric = extended_price * (1 - discount)
is_brazilian = supplier.nation.name == ""BRAZIL""
result = (
    lines.WHERE(
        (part.part_type == ""ECONOMY ANODIZED STEEL"")
        & ISIN(YEAR(order.order_date), (1995, 1996))
        & (order.customer.nation.region.name == ""AMERICA"")
    )
    .CALCULATE(
        O_YEAR=YEAR(order.order_date),
        volume=vol_metric,
        brazil_volume=IFF(is_brazilian, vol_metric, 0),
    )
    .PARTITION(name=""years"", by=O_YEAR)
    .CALCULATE(
        O_YEAR,
        MKT_SHARE=SUM(lines.brazil_volume) / SUM(lines.volume),
    )
)","SELECT
  EXTRACT(YEAR FROM CAST(orders.o_orderdate AS TIMESTAMP)) AS O_YEAR,
  CAST(COALESCE(
    SUM(
      CASE
        WHEN nation_2.n_name = 'BRAZIL'
        THEN lineitem.l_extendedprice * (
          1 - lineitem.l_discount
        )
        ELSE 0
      END
    ),
    0
  ) AS DOUBLE PRECISION) / COALESCE(SUM(lineitem.l_extendedprice * (
    1 - lineitem.l_discount
  )), 0) AS MKT_SHARE
FROM tpch.lineitem AS lineitem
JOIN tpch.part AS part
  ON lineitem.l_partkey = part.p_partkey AND part.p_type = 'ECONOMY ANODIZED STEEL'
JOIN tpch.orders AS orders
  ON EXTRACT(YEAR FROM CAST(orders.o_orderdate AS TIMESTAMP)) IN (1995, 1996)
  AND lineitem.l_orderkey = orders.o_orderkey
JOIN tpch.customer AS customer
  ON customer.c_custkey = orders.o_custkey
JOIN tpch.nation AS nation
  ON customer.c_nationkey = nation.n_nationkey
JOIN tpch.region AS region
  ON nation.n_regionkey = region.r_regionkey AND region.r_name = 'AMERICA'
JOIN tpch.supplier AS supplier
  ON lineitem.l_suppkey = supplier.s_suppkey
JOIN tpch.nation AS nation_2
  ON nation_2.n_nationkey = supplier.s_nationkey
GROUP BY
  1",10.390454561999832,14.941022657999838,"Finalize GroupAggregate  (cost=1749317.60..1749406.29 rows=618 width=64) (actual time=10962.543..10982.774 rows=2 loops=1)
  Group Key: (EXTRACT(year FROM o.o_orderdate))
  ->  Gather Merge  (cost=1749317.60..1749387.48 rows=516 width=96) (actual time=10960.204..10982.739 rows=6 loops=1)
        Workers Planned: 2
        Workers Launched: 2
        ->  Partial GroupAggregate  (cost=1748317.57..1748327.89 rows=258 width=96) (actual time=10943.760..10945.557 rows=2 loops=3)
              Group Key: (EXTRACT(year FROM o.o_orderdate))
              ->  Sort  (cost=1748317.57..1748318.22 rows=258 width=112) (actual time=10941.705..10942.106 rows=8085 loops=3)
                    Sort Key: (EXTRACT(year FROM o.o_orderdate))
                    Sort Method: quicksort  Memory: 563kB
                    Worker 0:  Sort Method: quicksort  Memory: 953kB
                    Worker 1:  Sort Method: quicksort  Memory: 548kB
                    ->  Hash Join  (cost=445327.24..1748307.24 rows=258 width=112) (actual time=10884.860..10939.096 rows=8085 loops=3)
                          Hash Cond: (s.s_nationkey = n2.n_nationkey)
                          ->  Nested Loop  (cost=445312.96..1748291.63 rows=258 width=20) (actual time=10375.963..10427.454 rows=8085 loops=3)
                                ->  Parallel Hash Join  (cost=445312.67..1746939.08 rows=265 width=20) (actual time=10375.932..10410.301 rows=8085 loops=3)
                                      Hash Cond: (l.l_orderkey = o.o_orderkey)
                                      ->  Parallel Hash Join  (cost=47681.99..1348683.94 rows=166229 width=20) (actual time=129.158..9250.054 rows=134496 loops=3)
                                            Hash Cond: (l.l_partkey = p.p_partkey)
                                            ->  Parallel Seq Scan on lineitem l  (cost=0.00..1235384.97 rows=24996897 width=24) (actual time=0.017..6804.982 rows=19995351 loops=3)
                                            ->  Parallel Hash  (cost=47612.71..47612.71 rows=5542 width=4) (actual time=128.943..128.944 rows=4484 loops=3)
                                                  Buckets: 16384  Batches: 1  Memory Usage: 704kB
                                                  ->  Parallel Seq Scan on part p  (cost=0.00..47612.71 rows=5542 width=4) (actual time=0.061..128.010 rows=4484 loops=3)
                                                        Filter: ((p_type)::text = 'ECONOMY ANODIZED STEEL'::text)
                                                        Rows Removed by Filter: 662183
                                      ->  Parallel Hash  (cost=397506.33..397506.33 rows=9948 width=8) (actual time=1073.868..1073.873 rows=303453 loops=3)
                                            Buckets: 262144 (originally 32768)  Batches: 8 (originally 1)  Memory Usage: 6592kB
                                            ->  Parallel Hash Join  (cost=44437.00..397506.33 rows=9948 width=8) (actual time=124.579..973.925 rows=303453 loops=3)
                                                  Hash Cond: (o.o_custkey = c.c_custkey)
                                                  ->  Parallel Seq Scan on orders o  (cost=0.00..345939.55 rows=1890220 width=12) (actual time=0.276..576.648 rows=1519171 loops=3)
                                                        Filter: ((o_orderdate >= '1995-01-01'::date) AND (o_orderdate <= '1996-12-31'::date))
                                                        Rows Removed by Filter: 3480829
                                                  ->  Parallel Hash  (cost=44395.87..44395.87 rows=3290 width=4) (actual time=124.257..124.260 rows=99812 loops=3)
                                                        Buckets: 524288 (originally 8192)  Batches: 1 (originally 1)  Memory Usage: 19872kB
                                                        ->  Hash Join  (cost=24.81..44395.87 rows=3290 width=4) (actual time=0.093..101.096 rows=99812 loops=3)
                                                              Hash Cond: (c.c_nationkey = n1.n_nationkey)
                                                              ->  Parallel Seq Scan on customer c  (cost=0.00..41994.30 rows=625030 width=8) (actual time=0.023..54.514 rows=500000 loops=3)
                                                              ->  Hash  (cost=24.80..24.80 rows=1 width=4) (actual time=0.057..0.059 rows=5 loops=3)
                                                                    Buckets: 1024  Batches: 1  Memory Usage: 9kB
                                                                    ->  Hash Join  (cost=12.39..24.80 rows=1 width=4) (actual time=0.049..0.054 rows=5 loops=3)
                                                                          Hash Cond: (n1.n_regionkey = r.r_regionkey)
                                                                          ->  Seq Scan on nation n1  (cost=0.00..11.90 rows=190 width=8) (actual time=0.006..0.008 rows=25 loops=3)
                                                                          ->  Hash  (cost=12.38..12.38 rows=1 width=4) (actual time=0.029..0.030 rows=1 loops=3)
                                                                                Buckets: 1024  Batches: 1  Memory Usage: 9kB
                                                                                ->  Seq Scan on region r  (cost=0.00..12.38 rows=1 width=4) (actual time=0.024..0.025 rows=1 loops=3)
                                                                                      Filter: ((r_name)::text = 'AMERICA'::text)
                                                                                      Rows Removed by Filter: 4
                                ->  Index Scan using supplier_pkey on supplier s  (cost=0.29..5.10 rows=1 width=8) (actual time=0.002..0.002 rows=1 loops=24254)
                                      Index Cond: (s_suppkey = l.l_suppkey)
                          ->  Hash  (cost=11.90..11.90 rows=190 width=72) (actual time=508.859..508.859 rows=25 loops=3)
                                Buckets: 1024  Batches: 1  Memory Usage: 10kB
                                ->  Seq Scan on nation n2  (cost=0.00..11.90 rows=190 width=72) (actual time=508.817..508.835 rows=25 loops=3)
Planning Time: 1.095 ms
JIT:
  Functions: 201
  Options: Inlining true, Optimization true, Expressions true, Deforming true
  Timing: Generation 7.785 ms, Inlining 180.504 ms, Optimization 796.799 ms, Emission 549.584 ms, Total 1534.672 ms
Execution Time: 10985.151 ms","Finalize GroupAggregate  (cost=466167.53..466170.46 rows=20 width=40) (actual time=14271.743..14279.398 rows=2 loops=1)
  Group Key: (EXTRACT(year FROM (orders.o_orderdate)::timestamp without time zone))
  ->  Gather Merge  (cost=466167.53..466169.71 rows=16 width=96) (actual time=14268.648..14279.351 rows=6 loops=1)
        Workers Planned: 2
        Workers Launched: 2
        ->  Partial GroupAggregate  (cost=465167.50..465167.84 rows=8 width=96) (actual time=14247.659..14250.044 rows=2 loops=3)
              Group Key: (EXTRACT(year FROM (orders.o_orderdate)::timestamp without time zone))
              ->  Sort  (cost=465167.50..465167.52 rows=8 width=112) (actual time=14245.394..14246.180 rows=8085 loops=3)
                    Sort Key: (EXTRACT(year FROM (orders.o_orderdate)::timestamp without time zone))
                    Sort Method: quicksort  Memory: 615kB
                    Worker 0:  Sort Method: quicksort  Memory: 847kB
                    Worker 1:  Sort Method: quicksort  Memory: 602kB
                    ->  Hash Join  (cost=44452.56..465167.38 rows=8 width=112) (actual time=184.929..14238.268 rows=8085 loops=3)
                          Hash Cond: (supplier.s_nationkey = nation_2.n_nationkey)
                          ->  Nested Loop  (cost=44438.28..465153.05 rows=8 width=20) (actual time=156.810..14201.913 rows=8085 loops=3)
                                ->  Nested Loop  (cost=44437.99..465107.11 rows=9 width=20) (actual time=156.718..14087.392 rows=8085 loops=3)
                                      ->  Nested Loop  (cost=44437.56..458177.33 rows=1316 width=24) (actual time=152.609..6897.243 rows=1212976 loops=3)
                                            ->  Parallel Hash Join  (cost=44437.00..406238.23 rows=329 width=8) (actual time=151.649..2409.172 rows=303453 loops=3)
                                                  Hash Cond: (orders.o_custkey = customer.c_custkey)
                                                  ->  Parallel Seq Scan on orders  (cost=0.00..361565.48 rows=62504 width=12) (actual time=0.287..1656.815 rows=1519171 loops=3)
                                                        Filter: (EXTRACT(year FROM (o_orderdate)::timestamp without time zone) = ANY ('{1995,1996}'::numeric[]))
                                                        Rows Removed by Filter: 3480829
                                                  ->  Parallel Hash  (cost=44395.87..44395.87 rows=3290 width=4) (actual time=151.134..151.138 rows=99812 loops=3)
                                                        Buckets: 524288 (originally 8192)  Batches: 1 (originally 1)  Memory Usage: 19904kB
                                                        ->  Hash Join  (cost=24.81..44395.87 rows=3290 width=4) (actual time=0.150..122.505 rows=99812 loops=3)
                                                              Hash Cond: (customer.c_nationkey = nation.n_nationkey)
                                                              ->  Parallel Seq Scan on customer  (cost=0.00..41994.30 rows=625030 width=8) (actual time=0.022..62.068 rows=500000 loops=3)
                                                              ->  Hash  (cost=24.80..24.80 rows=1 width=4) (actual time=0.113..0.115 rows=5 loops=3)
                                                                    Buckets: 1024  Batches: 1  Memory Usage: 9kB
                                                                    ->  Hash Join  (cost=12.39..24.80 rows=1 width=4) (actual time=0.104..0.111 rows=5 loops=3)
                                                                          Hash Cond: (nation.n_regionkey = region.r_regionkey)
                                                                          ->  Seq Scan on nation  (cost=0.00..11.90 rows=190 width=8) (actual time=0.004..0.006 rows=25 loops=3)
                                                                          ->  Hash  (cost=12.38..12.38 rows=1 width=4) (actual time=0.088..0.089 rows=1 loops=3)
                                                                                Buckets: 1024  Batches: 1  Memory Usage: 9kB
                                                                                ->  Seq Scan on region  (cost=0.00..12.38 rows=1 width=4) (actual time=0.084..0.084 rows=1 loops=3)
                                                                                      Filter: ((r_name)::text = 'AMERICA'::text)
                                                                                      Rows Removed by Filter: 4
                                            ->  Index Scan using lineitem_pkey on lineitem  (cost=0.56..156.59 rows=128 width=24) (actual time=0.013..0.014 rows=4 loops=910360)
                                                  Index Cond: (l_orderkey = orders.o_orderkey)
                                      ->  Index Scan using part_pkey on part  (cost=0.43..5.27 rows=1 width=4) (actual time=0.006..0.006 rows=0 loops=3638929)
                                            Index Cond: (p_partkey = lineitem.l_partkey)
                                            Filter: ((p_type)::text = 'ECONOMY ANODIZED STEEL'::text)
                                            Rows Removed by Filter: 1
                                ->  Index Scan using supplier_pkey on supplier  (cost=0.29..5.10 rows=1 width=8) (actual time=0.013..0.013 rows=1 loops=24254)
                                      Index Cond: (s_suppkey = lineitem.l_suppkey)
                          ->  Hash  (cost=11.90..11.90 rows=190 width=72) (actual time=27.969..27.969 rows=25 loops=3)
                                Buckets: 1024  Batches: 1  Memory Usage: 10kB
                                ->  Seq Scan on nation nation_2  (cost=0.00..11.90 rows=190 width=72) (actual time=27.944..27.949 rows=25 loops=3)
Planning Time: 3.843 ms
JIT:
  Functions: 180
  Options: Inlining false, Optimization false, Expressions true, Deforming true
  Timing: Generation 10.142 ms, Inlining 0.000 ms, Optimization 2.535 ms, Emission 81.485 ms, Total 94.161 ms
Execution Time: 14281.421 ms",SUCCESS
8,9,TPCH,Q9,"SELECT
    nation,
    o_year,
    SUM(amount) AS sum_profit
FROM (
    SELECT
        n.n_name AS nation,
        EXTRACT(YEAR FROM o.o_orderdate) AS o_year,
        l.l_extendedprice * (1 - l.l_discount)
            - ps.ps_supplycost * l.l_quantity AS amount
    FROM
        tpch.part p
    JOIN tpch.lineitem l
        ON p.p_partkey = l.l_partkey
    JOIN tpch.partsupp ps
        ON ps.ps_partkey = l.l_partkey
        AND ps.ps_suppkey = l.l_suppkey
    JOIN tpch.supplier s
        ON s.s_suppkey = l.l_suppkey
    JOIN tpch.orders o
        ON o.o_orderkey = l.l_orderkey
    JOIN tpch.nation n
        ON s.s_nationkey = n.n_nationkey
    WHERE
        p.p_name LIKE '%green%'
) AS profit
GROUP BY
    nation,
    o_year
ORDER BY
    nation,
    o_year DESC;","result = (
    lines.WHERE(CONTAINS(part.name, 'green'))
    .CALCULATE(
        nation_name=supplier.nation.name,
        o_year=YEAR(order.order_date),
        value=extended_price * (1 - discount)
        - part_and_supplier.supply_cost * quantity,
    ).PARTITION(name='groups', by=(nation_name, o_year))
    .CALCULATE(NATION=nation_name, O_YEAR=o_year, sum_profit=SUM(lines.value))
    .ORDER_BY(NATION.ASC(), O_YEAR.DESC())
)","SELECT
  nation.n_name AS NATION,
  EXTRACT(YEAR FROM CAST(orders.o_orderdate AS TIMESTAMP)) AS O_YEAR,
  COALESCE(
    SUM(
      lineitem.l_extendedprice * (
        1 - lineitem.l_discount
      ) - partsupp.ps_supplycost * lineitem.l_quantity
    ),
    0
  ) AS sum_profit
FROM tpch.lineitem AS lineitem
JOIN tpch.part AS part
  ON lineitem.l_partkey = part.p_partkey AND part.p_name LIKE '%green%'
JOIN tpch.supplier AS supplier
  ON lineitem.l_suppkey = supplier.s_suppkey
JOIN tpch.nation AS nation
  ON nation.n_nationkey = supplier.s_nationkey
JOIN tpch.orders AS orders
  ON lineitem.l_orderkey = orders.o_orderkey
JOIN tpch.partsupp AS partsupp
  ON lineitem.l_partkey = partsupp.ps_partkey
  AND lineitem.l_suppkey = partsupp.ps_suppkey
GROUP BY
  1,
  2
ORDER BY
  1 NULLS FIRST,
  2 DESC NULLS LAST",23.414066820000244,25.49684381499992,"Finalize GroupAggregate  (cost=1667997.97..1668013.75 rows=118 width=132) (actual time=24153.454..24814.894 rows=175 loops=1)
  Group Key: n.n_name, (EXTRACT(year FROM o.o_orderdate))
  ->  Gather Merge  (cost=1667997.97..1668011.00 rows=98 width=132) (actual time=24149.675..24814.544 rows=525 loops=1)
        Workers Planned: 2
        Workers Launched: 2
        ->  Partial GroupAggregate  (cost=1666997.95..1666999.66 rows=49 width=132) (actual time=23415.982..24094.095 rows=175 loops=3)
              Group Key: n.n_name, (EXTRACT(year FROM o.o_orderdate))
              ->  Sort  (cost=1666997.95..1666998.07 rows=49 width=123) (actual time=23413.057..23601.113 rows=1087204 loops=3)
                    Sort Key: n.n_name, (EXTRACT(year FROM o.o_orderdate)) DESC
                    Sort Method: external merge  Disk: 45024kB
                    Worker 0:  Sort Method: external merge  Disk: 65224kB
                    Worker 1:  Sort Method: external merge  Disk: 44760kB
                    ->  Hash Join  (cost=322822.16..1666996.57 rows=49 width=123) (actual time=11720.178..22054.230 rows=1087204 loops=3)
                          Hash Cond: (s.s_nationkey = n.n_nationkey)
                          ->  Nested Loop  (cost=322807.89..1666982.05 rows=49 width=31) (actual time=11335.991..21238.358 rows=1087204 loops=3)
                                ->  Nested Loop  (cost=322807.45..1666705.45 rows=49 width=31) (actual time=11335.892..14706.416 rows=1087204 loops=3)
                                      ->  Parallel Hash Join  (cost=322807.16..1666440.11 rows=49 width=35) (actual time=11335.781..12154.885 rows=1087204 loops=3)
                                            Hash Cond: ((p.p_partkey = ps.ps_partkey) AND (l.l_suppkey = ps.ps_suppkey))
                                            ->  Parallel Hash Join  (cost=48138.81..1349140.77 rows=1262475 width=33) (actual time=131.294..9234.635 rows=1087204 loops=3)
                                                  Hash Cond: (l.l_partkey = p.p_partkey)
                                                  ->  Parallel Seq Scan on lineitem l  (cost=0.00..1235384.97 rows=24996897 width=29) (actual time=0.019..6398.456 rows=19995351 loops=3)
                                                  ->  Parallel Hash  (cost=47612.71..47612.71 rows=42088 width=4) (actual time=131.059..131.061 rows=36261 loops=3)
                                                        Buckets: 131072  Batches: 1  Memory Usage: 5312kB
                                                        ->  Parallel Seq Scan on part p  (cost=0.00..47612.71 rows=42088 width=4) (actual time=0.066..120.100 rows=36261 loops=3)
                                                              Filter: ((p_name)::text ~~ '%green%'::text)
                                                              Rows Removed by Filter: 630406
                                            ->  Parallel Hash  (cost=208396.94..208396.94 rows=3333094 width=14) (actual time=1688.817..1688.818 rows=2666667 loops=3)
                                                  Buckets: 262144  Batches: 64  Memory Usage: 8000kB
                                                  ->  Parallel Seq Scan on partsupp ps  (cost=0.00..208396.94 rows=3333094 width=14) (actual time=0.087..1111.625 rows=2666667 loops=3)
                                      ->  Index Scan using supplier_pkey on supplier s  (cost=0.29..5.42 rows=1 width=8) (actual time=0.002..0.002 rows=1 loops=3261613)
                                            Index Cond: (s_suppkey = ps.ps_suppkey)
                                ->  Index Scan using orders_pkey on orders o  (cost=0.43..5.64 rows=1 width=8) (actual time=0.006..0.006 rows=1 loops=3261613)
                                      Index Cond: (o_orderkey = l.l_orderkey)
                          ->  Hash  (cost=11.90..11.90 rows=190 width=72) (actual time=384.153..384.154 rows=25 loops=3)
                                Buckets: 1024  Batches: 1  Memory Usage: 10kB
                                ->  Seq Scan on nation n  (cost=0.00..11.90 rows=190 width=72) (actual time=384.125..384.132 rows=25 loops=3)
Planning Time: 5.213 ms
JIT:
  Functions: 141
  Options: Inlining true, Optimization true, Expressions true, Deforming true
  Timing: Generation 8.549 ms, Inlining 177.164 ms, Optimization 563.370 ms, Emission 412.039 ms, Total 1161.122 ms
Execution Time: 24822.740 ms","Finalize GroupAggregate  (cost=1655325.74..1655342.24 rows=119 width=132) (actual time=25614.553..26265.226 rows=175 loops=1)
  Group Key: nation.n_name, (EXTRACT(year FROM (orders.o_orderdate)::timestamp without time zone))
  ->  Gather Merge  (cost=1655325.74..1655339.16 rows=100 width=132) (actual time=25610.746..26264.879 rows=525 loops=1)
        Workers Planned: 2
        Workers Launched: 2
        ->  Partial GroupAggregate  (cost=1654325.72..1654327.60 rows=50 width=132) (actual time=24862.164..25552.451 rows=175 loops=3)
              Group Key: nation.n_name, (EXTRACT(year FROM (orders.o_orderdate)::timestamp without time zone))
              ->  Sort  (cost=1654325.72..1654325.85 rows=50 width=123) (actual time=24858.683..25046.010 rows=1087204 loops=3)
                    Sort Key: nation.n_name NULLS FIRST, (EXTRACT(year FROM (orders.o_orderdate)::timestamp without time zone)) DESC NULLS LAST
                    Sort Method: external merge  Disk: 45424kB
                    Worker 0:  Sort Method: external merge  Disk: 64640kB
                    Worker 1:  Sort Method: external merge  Disk: 44992kB
                    ->  Nested Loop  (cost=1377956.90..1654324.31 rows=50 width=123) (actual time=11746.441..23596.941 rows=1087204 loops=3)
                          ->  Hash Join  (cost=1377956.46..1654041.82 rows=50 width=95) (actual time=11746.320..15199.176 rows=1087204 loops=3)
                                Hash Cond: (supplier.s_nationkey = nation.n_nationkey)
                                ->  Nested Loop  (cost=1377942.19..1654027.41 rows=50 width=31) (actual time=11320.594..14530.769 rows=1087204 loops=3)
                                      ->  Parallel Hash Join  (cost=1377941.89..1653751.25 rows=51 width=35) (actual time=11320.480..12552.641 rows=1087204 loops=3)
                                            Hash Cond: ((partsupp.ps_partkey = lineitem.l_partkey) AND (partsupp.ps_suppkey = lineitem.l_suppkey))
                                            ->  Parallel Seq Scan on partsupp  (cost=0.00..208396.94 rows=3333094 width=14) (actual time=0.173..1149.619 rows=2666667 loops=3)
                                            ->  Parallel Hash  (cost=1349140.77..1349140.77 rows=1262475 width=33) (actual time=9615.116..9615.120 rows=1087204 loops=3)
                                                  Buckets: 131072  Batches: 32  Memory Usage: 8384kB
                                                  ->  Parallel Hash Join  (cost=48138.81..1349140.77 rows=1262475 width=33) (actual time=117.020..9220.213 rows=1087204 loops=3)
                                                        Hash Cond: (lineitem.l_partkey = part.p_partkey)
                                                        ->  Parallel Seq Scan on lineitem  (cost=0.00..1235384.97 rows=24996897 width=29) (actual time=0.021..6414.041 rows=19995351 loops=3)
                                                        ->  Parallel Hash  (cost=47612.71..47612.71 rows=42088 width=4) (actual time=116.535..116.536 rows=36261 loops=3)
                                                              Buckets: 131072  Batches: 1  Memory Usage: 5312kB
                                                              ->  Parallel Seq Scan on part  (cost=0.00..47612.71 rows=42088 width=4) (actual time=0.042..109.295 rows=36261 loops=3)
                                                                    Filter: ((p_name)::text ~~ '%green%'::text)
                                                                    Rows Removed by Filter: 630406
                                      ->  Index Scan using supplier_pkey on supplier  (cost=0.29..5.42 rows=1 width=8) (actual time=0.001..0.001 rows=1 loops=3261613)
                                            Index Cond: (s_suppkey = lineitem.l_suppkey)
                                ->  Hash  (cost=11.90..11.90 rows=190 width=72) (actual time=425.694..425.695 rows=25 loops=3)
                                      Buckets: 1024  Batches: 1  Memory Usage: 10kB
                                      ->  Seq Scan on nation  (cost=0.00..11.90 rows=190 width=72) (actual time=425.665..425.672 rows=25 loops=3)
                          ->  Index Scan using orders_pkey on orders  (cost=0.43..5.64 rows=1 width=8) (actual time=0.007..0.007 rows=1 loops=3261613)
                                Index Cond: (o_orderkey = lineitem.l_orderkey)
Planning Time: 5.719 ms
JIT:
  Functions: 141
  Options: Inlining true, Optimization true, Expressions true, Deforming true
  Timing: Generation 8.373 ms, Inlining 194.349 ms, Optimization 620.345 ms, Emission 462.472 ms, Total 1285.540 ms
Execution Time: 26272.872 ms",SUCCESS
9,10,TPCH,Q10,"SELECT
    c.c_custkey,
    c.c_name,
    SUM(l.l_extendedprice * (1 - l.l_discount)) AS revenue,
    c.c_acctbal,
    n.n_name,
    c.c_address,
    c.c_phone,
    c.c_comment
FROM
    tpch.customer c
JOIN tpch.orders o
    ON c.c_custkey = o.o_custkey
JOIN tpch.lineitem l
    ON l.l_orderkey = o.o_orderkey
JOIN tpch.nation n
    ON c.c_nationkey = n.n_nationkey
WHERE
    o.o_orderdate >= DATE '1993-10-01'
    AND o.o_orderdate < DATE '1993-10-01' + INTERVAL '3 months'
    AND l.l_returnflag = 'R'
GROUP BY
    c.c_custkey,
    c.c_name,
    c.c_acctbal,
    c.c_phone,
    n.n_name,
    c.c_address,
    c.c_comment
ORDER BY
    revenue DESC
LIMIT 20;","selected_lines = orders.WHERE(
    (YEAR(order_date) == 1993) & (QUARTER(order_date) == 4)
).lines.WHERE(return_flag == ""R"")
result = customers.CALCULATE(
    C_CUSTKEY=key,
    C_NAME=name,
    REVENUE=SUM(selected_lines.extended_price * (1 - selected_lines.discount)),
    C_ACCTBAL=account_balance,
    N_NAME=nation.name,
    C_ADDRESS=address,
    C_PHONE=phone,
    C_COMMENT=comment,
).TOP_K(20, by=(REVENUE.DESC(), C_CUSTKEY.ASC()))","WITH _s3 AS (
  SELECT
    orders.o_custkey,
    SUM(lineitem.l_extendedprice * (
      1 - lineitem.l_discount
    )) AS sum_expr
  FROM tpch.orders AS orders
  JOIN tpch.lineitem AS lineitem
    ON lineitem.l_orderkey = orders.o_orderkey AND lineitem.l_returnflag = 'R'
  WHERE
    EXTRACT(MONTH FROM CAST(orders.o_orderdate AS TIMESTAMP)) IN (10, 11, 12)
    AND EXTRACT(YEAR FROM CAST(orders.o_orderdate AS TIMESTAMP)) = 1993
  GROUP BY
    1
)
SELECT
  customer.c_custkey AS C_CUSTKEY,
  customer.c_name AS C_NAME,
  COALESCE(_s3.sum_expr, 0) AS REVENUE,
  customer.c_acctbal AS C_ACCTBAL,
  nation.n_name AS N_NAME,
  customer.c_address AS C_ADDRESS,
  customer.c_phone AS C_PHONE,
  customer.c_comment AS C_COMMENT
FROM tpch.customer AS customer
LEFT JOIN _s3 AS _s3
  ON _s3.o_custkey = customer.c_custkey
JOIN tpch.nation AS nation
  ON customer.c_nationkey = nation.n_nationkey
ORDER BY
  3 DESC NULLS LAST,
  1 NULLS FIRST
LIMIT 20",13.705414511999606,12.508475340000132,"Limit  (cost=1945440.53..1945440.58 rows=20 width=244) (actual time=13939.610..14025.146 rows=20 loops=1)
  ->  Sort  (cost=1945440.53..1946901.04 rows=584205 width=244) (actual time=13690.470..13776.004 rows=20 loops=1)
        Sort Key: (sum((l.l_extendedprice * ('1'::numeric - l.l_discount)))) DESC
        Sort Method: top-N heapsort  Memory: 34kB
        ->  Finalize GroupAggregate  (cost=1854836.90..1929895.05 rows=584205 width=244) (actual time=12951.807..13664.767 rows=381105 loops=1)
              Group Key: c.c_custkey, n.n_name
              ->  Gather Merge  (cost=1854836.90..1917724.10 rows=486838 width=244) (actual time=12951.787..13358.685 rows=381658 loops=1)
                    Workers Planned: 2
                    Workers Launched: 2
                    ->  Partial GroupAggregate  (cost=1853836.87..1860530.90 rows=243419 width=244) (actual time=12930.867..13218.867 rows=127219 loops=3)
                          Group Key: c.c_custkey, n.n_name
                          ->  Sort  (cost=1853836.87..1854445.42 rows=243419 width=224) (actual time=12930.822..12981.727 rows=382361 loops=3)
                                Sort Key: c.c_custkey, n.n_name
                                Sort Method: external merge  Disk: 61264kB
                                Worker 0:  Sort Method: external merge  Disk: 63376kB
                                Worker 1:  Sort Method: external merge  Disk: 74120kB
                                ->  Hash Join  (cost=413200.10..1806264.29 rows=243419 width=224) (actual time=12277.439..12666.523 rows=382361 loops=3)
                                      Hash Cond: (c.c_nationkey = n.n_nationkey)
                                      ->  Parallel Hash Join  (cost=413185.82..1805596.79 rows=243419 width=160) (actual time=12052.422..12381.925 rows=382361 loops=3)
                                            Hash Cond: (o.o_custkey = c.c_custkey)
                                            ->  Parallel Hash Join  (cost=349949.65..1725914.64 rows=243419 width=16) (actual time=10954.699..11650.491 rows=382361 loops=3)
                                                  Hash Cond: (l.l_orderkey = o.o_orderkey)
                                                  ->  Parallel Seq Scan on lineitem l  (cost=0.00..1297877.21 rows=6225060 width=16) (actual time=0.050..9439.588 rows=4936061 loops=3)
                                                        Filter: (l_returnflag = 'R'::bpchar)
                                                        Rows Removed by Filter: 15059290
                                                  ->  Parallel Hash  (cost=345939.55..345939.55 rows=244408 width=8) (actual time=530.050..530.051 rows=191052 loops=3)
                                                        Buckets: 262144  Batches: 4  Memory Usage: 7680kB
                                                        ->  Parallel Seq Scan on orders o  (cost=0.00..345939.55 rows=244408 width=8) (actual time=0.056..484.633 rows=191052 loops=3)
                                                              Filter: ((o_orderdate >= '1993-10-01'::date) AND (o_orderdate < '1994-01-01 00:00:00'::timestamp without time zone))
                                                              Rows Removed by Filter: 4808948
                                            ->  Parallel Hash  (cost=41994.30..41994.30 rows=625030 width=148) (actual time=308.524..308.525 rows=500000 loops=3)
                                                  Buckets: 65536  Batches: 64  Memory Usage: 4832kB
                                                  ->  Parallel Seq Scan on customer c  (cost=0.00..41994.30 rows=625030 width=148) (actual time=0.044..89.965 rows=500000 loops=3)
                                      ->  Hash  (cost=11.90..11.90 rows=190 width=72) (actual time=224.973..224.974 rows=25 loops=3)
                                            Buckets: 1024  Batches: 1  Memory Usage: 10kB
                                            ->  Seq Scan on nation n  (cost=0.00..11.90 rows=190 width=72) (actual time=224.950..224.954 rows=25 loops=3)
Planning Time: 0.498 ms
JIT:
  Functions: 109
  Options: Inlining true, Optimization true, Expressions true, Deforming true
  Timing: Generation 5.126 ms, Inlining 167.362 ms, Optimization 447.248 ms, Emission 309.743 ms, Total 929.478 ms
Execution Time: 14034.495 ms","Limit  (cost=620631.69..620631.74 rows=20 width=244) (actual time=12656.188..12656.292 rows=20 loops=1)
  ->  Sort  (cost=620631.69..624381.87 rows=1500072 width=244) (actual time=12448.449..12448.551 rows=20 loops=1)
        Sort Key: (COALESCE(_s3.sum_expr, '0'::numeric)) DESC NULLS LAST, customer.c_custkey NULLS FIRST
        Sort Method: top-N heapsort  Memory: 31kB
        ->  Hash Join  (cost=522007.37..580715.31 rows=1500072 width=244) (actual time=11062.937..12116.648 rows=1500000 loops=1)
              Hash Cond: (customer.c_nationkey = nation.n_nationkey)
              ->  Hash Left Join  (cost=521993.10..576675.52 rows=1500072 width=180) (actual time=11062.677..11931.138 rows=1500000 loops=1)
                    Hash Cond: (customer.c_custkey = _s3.o_custkey)
                    ->  Seq Scan on customer  (cost=0.00..50744.72 rows=1500072 width=148) (actual time=0.009..150.757 rows=1500000 loops=1)
                    ->  Hash  (cost=521979.10..521979.10 rows=1120 width=36) (actual time=11062.601..11062.701 rows=381105 loops=1)
                          Buckets: 262144 (originally 2048)  Batches: 4 (originally 1)  Memory Usage: 6514kB
                          ->  Subquery Scan on _s3  (cost=521827.41..521979.10 rows=1120 width=36) (actual time=10482.877..11001.376 rows=381105 loops=1)
                                ->  Finalize GroupAggregate  (cost=521827.41..521967.90 rows=1120 width=36) (actual time=10482.874..10974.349 rows=381105 loops=1)
                                      Group Key: orders.o_custkey
                                      ->  Gather Merge  (cost=521827.41..521946.89 rows=934 width=36) (actual time=10482.864..10754.452 rows=450332 loops=1)
                                            Workers Planned: 2
                                            Workers Launched: 2
                                            ->  Partial GroupAggregate  (cost=520827.39..520839.06 rows=467 width=36) (actual time=10462.879..10699.088 rows=150111 loops=3)
                                                  Group Key: orders.o_custkey
                                                  ->  Sort  (cost=520827.39..520828.56 rows=467 width=16) (actual time=10462.841..10505.857 rows=382361 loops=3)
                                                        Sort Key: orders.o_custkey
                                                        Sort Method: external merge  Disk: 10488kB
                                                        Worker 0:  Sort Method: external merge  Disk: 10928kB
                                                        Worker 1:  Sort Method: external merge  Disk: 9536kB
                                                        ->  Nested Loop  (cost=0.56..520806.68 rows=467 width=16) (actual time=137.411..10325.099 rows=382361 loops=3)
                                                              ->  Parallel Seq Scan on orders  (cost=0.00..416256.21 rows=469 width=8) (actual time=137.231..1536.282 rows=191052 loops=3)
                                                                    Filter: ((EXTRACT(year FROM (o_orderdate)::timestamp without time zone) = '1993'::numeric) AND (EXTRACT(month FROM (o_orderdate)::timestamp without time zone) = ANY ('{10,11,12}'::numeric[])))
                                                                    Rows Removed by Filter: 4808948
                                                              ->  Index Scan using lineitem_pkey on lineitem  (cost=0.56..222.60 rows=32 width=16) (actual time=0.044..0.045 rows=2 loops=573157)
                                                                    Index Cond: (l_orderkey = orders.o_orderkey)
                                                                    Filter: (l_returnflag = 'R'::bpchar)
                                                                    Rows Removed by Filter: 2
              ->  Hash  (cost=11.90..11.90 rows=190 width=72) (actual time=0.247..0.247 rows=25 loops=1)
                    Buckets: 1024  Batches: 1  Memory Usage: 10kB
                    ->  Seq Scan on nation  (cost=0.00..11.90 rows=190 width=72) (actual time=0.237..0.239 rows=25 loops=1)
Planning Time: 1.693 ms
JIT:
  Functions: 67
  Options: Inlining true, Optimization true, Expressions true, Deforming true
  Timing: Generation 7.068 ms, Inlining 170.664 ms, Optimization 263.956 ms, Emission 184.863 ms, Total 626.551 ms
Execution Time: 12659.271 ms",SUCCESS
10,11,TPCH,Q11,"SELECT
    ps.ps_partkey,
    SUM(ps.ps_supplycost * ps.ps_availqty) AS value
FROM
    tpch.partsupp ps
JOIN tpch.supplier s
    ON ps.ps_suppkey = s.s_suppkey
JOIN tpch.nation n
    ON s.s_nationkey = n.n_nationkey
WHERE
    n.n_name = 'GERMANY'
GROUP BY
    ps.ps_partkey
HAVING
    SUM(ps.ps_supplycost * ps.ps_availqty) > (
        SELECT
            SUM(ps2.ps_supplycost * ps2.ps_availqty) * 0.0001
        FROM
            tpch.partsupp ps2
        JOIN tpch.supplier s2
            ON ps2.ps_suppkey = s2.s_suppkey
        JOIN tpch.nation n2
            ON s2.s_nationkey = n2.n_nationkey
        WHERE
            n2.n_name = 'GERMANY'
    )
ORDER BY
    value DESC;","is_german_supplier = supplier.nation.name == ""GERMANY""
selected_records = supply_records.WHERE(is_german_supplier).CALCULATE(
    metric=supply_cost * available_quantity
)
result = (
    TPCH.CALCULATE(min_market_share=SUM(selected_records.metric) * 0.0001)
    .supply_records.WHERE(is_german_supplier)
    .PARTITION(name=""parts"", by=part_key)
    .CALCULATE(
        PS_PARTKEY=part_key,
        VALUE=SUM(supply_records.supply_cost * supply_records.available_quantity),
    )
    .WHERE(VALUE > min_market_share)
    .TOP_K(10, by=VALUE.DESC())
)","WITH _s0 AS (
  SELECT
    s_nationkey,
    s_suppkey
  FROM tpch.supplier
), _t2 AS (
  SELECT
    n_name,
    n_nationkey
  FROM tpch.nation
  WHERE
    n_name = 'GERMANY'
), _s8 AS (
  SELECT
    SUM(partsupp.ps_supplycost * partsupp.ps_availqty) AS sum_metric
  FROM tpch.partsupp AS partsupp
  JOIN _s0 AS _s0
    ON _s0.s_suppkey = partsupp.ps_suppkey
  JOIN _t2 AS _t2
    ON _s0.s_nationkey = _t2.n_nationkey
), _s9 AS (
  SELECT
    partsupp.ps_partkey,
    SUM(partsupp.ps_supplycost * partsupp.ps_availqty) AS sum_expr
  FROM tpch.partsupp AS partsupp
  JOIN _s0 AS _s4
    ON _s4.s_suppkey = partsupp.ps_suppkey
  JOIN _t2 AS _t4
    ON _s4.s_nationkey = _t4.n_nationkey
  GROUP BY
    1
)
SELECT
  _s9.ps_partkey AS PS_PARTKEY,
  COALESCE(_s9.sum_expr, 0) AS VALUE
FROM _s8 AS _s8
JOIN _s9 AS _s9
  ON (
    COALESCE(_s8.sum_metric, 0) * 0.0001
  ) < COALESCE(_s9.sum_expr, 0)
ORDER BY
  2 DESC NULLS LAST
LIMIT 10",2.5393050150000818,5.108523949999835,"Sort  (cost=457512.64..457547.73 rows=14034 width=36) (actual time=1679.595..1684.707 rows=0 loops=1)
  Sort Key: (sum((ps.ps_supplycost * (ps.ps_availqty)::numeric))) DESC
  Sort Method: quicksort  Memory: 25kB
  InitPlan 1 (returns $1)
    ->  Finalize Aggregate  (cost=225029.17..225029.18 rows=1 width=32) (actual time=684.143..684.413 rows=1 loops=1)
          ->  Gather  (cost=225028.94..225029.15 rows=2 width=32) (actual time=683.965..684.399 rows=3 loops=1)
                Workers Planned: 2
                Workers Launched: 2
                ->  Partial Aggregate  (cost=224028.94..224028.95 rows=1 width=32) (actual time=667.161..667.165 rows=1 loops=3)
                      ->  Parallel Hash Join  (cost=2898.35..223897.38 rows=17542 width=10) (actual time=12.816..633.409 rows=107973 loops=3)
                            Hash Cond: (ps2.ps_suppkey = s2.s_suppkey)
                            ->  Parallel Seq Scan on partsupp ps2  (cost=0.00..208396.94 rows=3333094 width=14) (actual time=0.028..299.099 rows=2666667 loops=3)
                            ->  Parallel Hash  (cost=2894.48..2894.48 rows=309 width=4) (actual time=4.976..4.978 rows=1350 loops=3)
                                  Buckets: 4096 (originally 1024)  Batches: 1 (originally 1)  Memory Usage: 216kB
                                  ->  Hash Join  (cost=12.39..2894.48 rows=309 width=4) (actual time=0.048..14.370 rows=4049 loops=1)
                                        Hash Cond: (s2.s_nationkey = n2.n_nationkey)
                                        ->  Parallel Seq Scan on supplier s2  (cost=0.00..2724.24 rows=58824 width=8) (actual time=0.003..6.144 rows=100000 loops=1)
                                        ->  Hash  (cost=12.38..12.38 rows=1 width=4) (actual time=0.023..0.024 rows=1 loops=1)
                                              Buckets: 1024  Batches: 1  Memory Usage: 9kB
                                              ->  Seq Scan on nation n2  (cost=0.00..12.38 rows=1 width=4) (actual time=0.017..0.019 rows=1 loops=1)
                                                    Filter: ((n_name)::text = 'GERMANY'::text)
                                                    Rows Removed by Filter: 24
  ->  Finalize GroupAggregate  (cost=226133.98..231516.76 rows=14034 width=36) (actual time=1679.592..1684.432 rows=0 loops=1)
        Group Key: ps.ps_partkey
        Filter: (sum((ps.ps_supplycost * (ps.ps_availqty)::numeric)) > $1)
        Rows Removed by Filter: 304774
        ->  Gather Merge  (cost=226133.98..230622.10 rows=35084 width=36) (actual time=700.920..834.887 rows=304794 loops=1)
              Workers Planned: 2
              Workers Launched: 2
              ->  Partial GroupAggregate  (cost=225133.96..225572.51 rows=17542 width=36) (actual time=683.088..769.412 rows=101598 loops=3)
                    Group Key: ps.ps_partkey
                    ->  Sort  (cost=225133.96..225177.81 rows=17542 width=14) (actual time=683.050..692.743 rows=107973 loops=3)
                          Sort Key: ps.ps_partkey
                          Sort Method: external merge  Disk: 3424kB
                          Worker 0:  Sort Method: external merge  Disk: 2416kB
                          Worker 1:  Sort Method: external merge  Disk: 2432kB
                          ->  Parallel Hash Join  (cost=2898.35..223897.38 rows=17542 width=14) (actual time=26.899..653.325 rows=107973 loops=3)
                                Hash Cond: (ps.ps_suppkey = s.s_suppkey)
                                ->  Parallel Seq Scan on partsupp ps  (cost=0.00..208396.94 rows=3333094 width=18) (actual time=0.031..301.815 rows=2666667 loops=3)
                                ->  Parallel Hash  (cost=2894.48..2894.48 rows=309 width=4) (actual time=26.614..26.616 rows=1350 loops=3)
                                      Buckets: 4096 (originally 1024)  Batches: 1 (originally 1)  Memory Usage: 280kB
                                      ->  Hash Join  (cost=12.39..2894.48 rows=309 width=4) (actual time=15.570..21.940 rows=1350 loops=3)
                                            Hash Cond: (s.s_nationkey = n.n_nationkey)
                                            ->  Parallel Seq Scan on supplier s  (cost=0.00..2724.24 rows=58824 width=8) (actual time=0.005..3.031 rows=33333 loops=3)
                                            ->  Hash  (cost=12.38..12.38 rows=1 width=4) (actual time=15.544..15.544 rows=1 loops=3)
                                                  Buckets: 1024  Batches: 1  Memory Usage: 9kB
                                                  ->  Seq Scan on nation n  (cost=0.00..12.38 rows=1 width=4) (actual time=15.536..15.538 rows=1 loops=3)
                                                        Filter: ((n_name)::text = 'GERMANY'::text)
                                                        Rows Removed by Filter: 24
Planning Time: 0.332 ms
JIT:
  Functions: 147
  Options: Inlining false, Optimization false, Expressions true, Deforming true
  Timing: Generation 6.506 ms, Inlining 0.000 ms, Optimization 2.810 ms, Emission 66.545 ms, Total 75.861 ms
Execution Time: 1687.005 ms","Limit  (cost=896079.40..896079.43 rows=10 width=36) (actual time=5697.796..5697.805 rows=0 loops=1)
  CTE _s0
    ->  Seq Scan on supplier  (cost=0.00..3136.00 rows=100000 width=8) (actual time=0.013..8.433 rows=100000 loops=1)
  CTE _t2
    ->  Seq Scan on nation  (cost=0.00..12.38 rows=1 width=72) (actual time=0.009..0.010 rows=1 loops=1)
          Filter: ((n_name)::text = 'GERMANY'::text)
          Rows Removed by Filter: 24
  ->  Sort  (cost=892931.03..892964.59 rows=13425 width=36) (actual time=5486.093..5486.100 rows=0 loops=1)
        Sort Key: (COALESCE((sum((partsupp_1.ps_supplycost * (partsupp_1.ps_availqty)::numeric))), '0'::numeric)) DESC NULLS LAST
        Sort Method: quicksort  Memory: 25kB
        ->  Nested Loop  (cost=891029.95..892640.92 rows=13425 width=36) (actual time=5486.084..5486.091 rows=0 loops=1)
              Join Filter: ((COALESCE((sum((partsupp.ps_supplycost * (partsupp.ps_availqty)::numeric))), '0'::numeric) * 0.0001) < COALESCE((sum((partsupp_1.ps_supplycost * (partsupp_1.ps_availqty)::numeric))), '0'::numeric))
              Rows Removed by Join Filter: 304774
              ->  Aggregate  (cost=436313.77..436313.78 rows=1 width=32) (actual time=2749.313..2749.317 rows=1 loops=1)
                    ->  Hash Join  (cost=394113.09..436011.71 rows=40274 width=10) (actual time=1958.965..2690.970 rows=323920 loops=1)
                          Hash Cond: (_s0.s_suppkey = partsupp.ps_suppkey)
                          ->  Hash Join  (cost=0.03..2380.03 rows=500 width=4) (actual time=0.051..33.048 rows=4049 loops=1)
                                Hash Cond: (_s0.s_nationkey = _t2.n_nationkey)
                                ->  CTE Scan on _s0  (cost=0.00..2000.00 rows=100000 width=8) (actual time=0.016..26.888 rows=100000 loops=1)
                                ->  Hash  (cost=0.02..0.02 rows=1 width=4) (actual time=0.016..0.017 rows=1 loops=1)
                                      Buckets: 1024  Batches: 1  Memory Usage: 9kB
                                      ->  CTE Scan on _t2  (cost=0.00..0.02 rows=1 width=4) (actual time=0.011..0.013 rows=1 loops=1)
                          ->  Hash  (cost=255060.25..255060.25 rows=7999425 width=14) (actual time=1956.341..1956.342 rows=8000000 loops=1)
                                Buckets: 262144 (originally 262144)  Batches: 128 (originally 64)  Memory Usage: 8116kB
                                ->  Seq Scan on partsupp  (cost=0.00..255060.25 rows=7999425 width=14) (actual time=0.036..817.110 rows=8000000 loops=1)
              ->  GroupAggregate  (cost=454716.18..455723.03 rows=40274 width=36) (actual time=2504.224..2694.189 rows=304774 loops=1)
                    Group Key: partsupp_1.ps_partkey
                    ->  Sort  (cost=454716.18..454816.86 rows=40274 width=14) (actual time=2504.186..2525.674 rows=323920 loops=1)
                          Sort Key: partsupp_1.ps_partkey
                          Sort Method: external sort  Disk: 9544kB
                          ->  Hash Join  (cost=401925.09..451635.71 rows=40274 width=14) (actual time=1965.477..2405.077 rows=323920 loops=1)
                                Hash Cond: (_s4.s_suppkey = partsupp_1.ps_suppkey)
                                ->  Hash Join  (cost=0.03..2380.03 rows=500 width=4) (actual time=0.039..12.538 rows=4049 loops=1)
                                      Hash Cond: (_s4.s_nationkey = _t4.n_nationkey)
                                      ->  CTE Scan on _s0 _s4  (cost=0.00..2000.00 rows=100000 width=8) (actual time=0.014..6.645 rows=100000 loops=1)
                                      ->  Hash  (cost=0.02..0.02 rows=1 width=4) (actual time=0.009..0.010 rows=1 loops=1)
                                            Buckets: 1024  Batches: 1  Memory Usage: 9kB
                                            ->  CTE Scan on _t2 _t4  (cost=0.00..0.02 rows=1 width=4) (actual time=0.004..0.004 rows=1 loops=1)
                                ->  Hash  (cost=255060.25..255060.25 rows=7999425 width=18) (actual time=1964.317..1964.317 rows=8000000 loops=1)
                                      Buckets: 131072  Batches: 64  Memory Usage: 7403kB
                                      ->  Seq Scan on partsupp partsupp_1  (cost=0.00..255060.25 rows=7999425 width=18) (actual time=0.042..824.815 rows=8000000 loops=1)
Planning Time: 0.242 ms
JIT:
  Functions: 52
  Options: Inlining true, Optimization true, Expressions true, Deforming true
  Timing: Generation 1.542 ms, Inlining 10.437 ms, Optimization 119.543 ms, Emission 81.859 ms, Total 213.382 ms
Execution Time: 5701.206 ms",SUCCESS
11,12,TPCH,Q12,"SELECT
    l.l_shipmode,
    SUM(
        CASE
            WHEN o.o_orderpriority = '1-URGENT'
              OR o.o_orderpriority = '2-HIGH'
            THEN 1
            ELSE 0
        END
    ) AS high_line_count,
    SUM(
        CASE
            WHEN o.o_orderpriority <> '1-URGENT'
             AND o.o_orderpriority <> '2-HIGH'
            THEN 1
            ELSE 0
        END
    ) AS low_line_count
FROM
    tpch.orders o
JOIN tpch.lineitem l
    ON o.o_orderkey = l.l_orderkey
WHERE
    l.l_shipmode IN ('MAIL', 'SHIP')
    AND l.l_commitdate < l.l_receiptdate
    AND l.l_shipdate < l.l_commitdate
    AND l.l_receiptdate >= DATE '1994-01-01'
    AND l.l_receiptdate < DATE '1994-01-01' + INTERVAL '1 year'
GROUP BY
    l.l_shipmode
ORDER BY
    l.l_shipmode;","result = (
        lines.WHERE(
            ((ship_mode == ""MAIL"") | (ship_mode == ""SHIP""))
            & (ship_date < commit_date)
            & (commit_date < receipt_date)
            & (YEAR(receipt_date) == 1994)
        )
        .CALCULATE(
            is_high_priority=ISIN(order.order_priority, (""1-URGENT"", ""2-HIGH"")),
        )
        .PARTITION(""modes"", by=ship_mode)
        .CALCULATE(
            L_SHIPMODE=ship_mode,
            HIGH_LINE_COUNT=SUM(lines.is_high_priority),
            LOW_LINE_COUNT=SUM(~(lines.is_high_priority)),
        )
        .ORDER_BY(L_SHIPMODE.ASC())
    )","SELECT
  lineitem.l_shipmode AS L_SHIPMODE,
  COALESCE(
    SUM(CASE WHEN orders.o_orderpriority IN ('1-URGENT', '2-HIGH') THEN 1 ELSE 0 END),
    0
  ) AS HIGH_LINE_COUNT,
  COALESCE(
    SUM(CASE WHEN NOT orders.o_orderpriority IN ('1-URGENT', '2-HIGH') THEN 1 ELSE 0 END),
    0
  ) AS LOW_LINE_COUNT
FROM tpch.lineitem AS lineitem
JOIN tpch.orders AS orders
  ON lineitem.l_orderkey = orders.o_orderkey
WHERE
  EXTRACT(YEAR FROM CAST(lineitem.l_receiptdate AS TIMESTAMP)) = 1994
  AND lineitem.l_commitdate < lineitem.l_receiptdate
  AND lineitem.l_commitdate > lineitem.l_shipdate
  AND (
    lineitem.l_shipmode = 'MAIL' OR lineitem.l_shipmode = 'SHIP'
  )
GROUP BY
  1
ORDER BY
  1 NULLS FIRST",12.898616232000222,9.087238805000197,"Finalize GroupAggregate  (cost=2016685.53..2019140.19 rows=7 width=21) (actual time=13416.799..13474.387 rows=2 loops=1)
  Group Key: l.l_shipmode
  ->  Gather Merge  (cost=2016685.53..2019140.02 rows=14 width=21) (actual time=13406.371..13474.364 rows=6 loops=1)
        Workers Planned: 2
        Workers Launched: 2
        ->  Partial GroupAggregate  (cost=2015685.51..2018138.38 rows=7 width=21) (actual time=13377.876..13388.214 rows=2 loops=3)
              Group Key: l.l_shipmode
              ->  Sort  (cost=2015685.51..2015992.11 rows=122640 width=14) (actual time=13362.294..13371.570 rows=103601 loops=3)
                    Sort Key: l.l_shipmode
                    Sort Method: external merge  Disk: 2488kB
                    Worker 0:  Sort Method: external merge  Disk: 2368kB
                    Worker 1:  Sort Method: external merge  Disk: 2576kB
                    ->  Parallel Hash Join  (cost=423337.33..2003223.43 rows=122640 width=14) (actual time=12274.807..13340.612 rows=103601 loops=3)
                          Hash Cond: (l.l_orderkey = o.o_orderkey)
                          ->  Parallel Seq Scan on lineitem l  (cost=0.00..1547846.18 rows=122640 width=9) (actual time=0.115..10157.247 rows=103601 loops=3)
                                Filter: (((l_shipmode)::text = ANY ('{MAIL,SHIP}'::text[])) AND (l_commitdate < l_receiptdate) AND (l_shipdate < l_commitdate) AND (l_receiptdate >= '1994-01-01'::date) AND (l_receiptdate < '1995-01-01 00:00:00'::timestamp without time zone))
                                Rows Removed by Filter: 19891750
                          ->  Parallel Hash  (cost=314687.70..314687.70 rows=6250370 width=13) (actual time=2056.483..2056.484 rows=5000000 loops=3)
                                Buckets: 262144  Batches: 128  Memory Usage: 7808kB
                                ->  Parallel Seq Scan on orders o  (cost=0.00..314687.70 rows=6250370 width=13) (actual time=231.669..943.327 rows=5000000 loops=3)
Planning Time: 0.236 ms
JIT:
  Functions: 54
  Options: Inlining true, Optimization true, Expressions true, Deforming true
  Timing: Generation 3.462 ms, Inlining 173.897 ms, Optimization 302.498 ms, Emission 218.767 ms, Total 698.623 ms
Execution Time: 13475.862 ms","Finalize GroupAggregate  (cost=1703642.96..1703700.35 rows=7 width=21) (actual time=9059.762..9059.836 rows=2 loops=1)
  Group Key: lineitem.l_shipmode
  ->  Gather Merge  (cost=1703642.96..1703700.18 rows=14 width=21) (actual time=9042.815..9059.807 rows=6 loops=1)
        Workers Planned: 2
        Workers Launched: 2
        ->  Partial GroupAggregate  (cost=1702642.94..1702698.54 rows=7 width=21) (actual time=9007.576..9021.491 rows=2 loops=3)
              Group Key: lineitem.l_shipmode
              ->  Sort  (cost=1702642.94..1702652.19 rows=3702 width=14) (actual time=8989.336..8999.189 rows=103601 loops=3)
                    Sort Key: lineitem.l_shipmode NULLS FIRST
                    Sort Method: external merge  Disk: 2416kB
                    Worker 0:  Sort Method: external merge  Disk: 2288kB
                    Worker 1:  Sort Method: external merge  Disk: 2736kB
                    ->  Nested Loop  (cost=0.43..1702423.52 rows=3702 width=14) (actual time=255.420..8954.283 rows=103601 loops=3)
                          ->  Parallel Seq Scan on lineitem  (cost=0.00..1672830.66 rows=3702 width=9) (actual time=255.282..8476.474 rows=103601 loops=3)
                                Filter: ((l_commitdate < l_receiptdate) AND (l_commitdate > l_shipdate) AND (((l_shipmode)::text = 'MAIL'::text) OR ((l_shipmode)::text = 'SHIP'::text)) AND (EXTRACT(year FROM (l_receiptdate)::timestamp without time zone) = '1994'::numeric))
                                Rows Removed by Filter: 19891750
                          ->  Index Scan using orders_pkey on orders  (cost=0.43..7.99 rows=1 width=13) (actual time=0.004..0.004 rows=1 loops=310803)
                                Index Cond: (o_orderkey = lineitem.l_orderkey)
Planning Time: 2.084 ms
JIT:
  Functions: 42
  Options: Inlining true, Optimization true, Expressions true, Deforming true
  Timing: Generation 5.726 ms, Inlining 186.851 ms, Optimization 338.734 ms, Emission 240.146 ms, Total 771.456 ms
Execution Time: 9061.272 ms",SUCCESS
12,13,TPCH,Q13,"SELECT
    c_count,
    COUNT(*) AS custdist
FROM (
    SELECT
        c.c_custkey,
        COUNT(o.o_orderkey) AS c_count
    FROM
        tpch.customer c
    LEFT JOIN tpch.orders o
        ON c.c_custkey = o.o_custkey
        AND o.o_comment NOT LIKE '%special%requests%'
    GROUP BY
        c.c_custkey
) AS c_orders
GROUP BY
    c_count
ORDER BY
    custdist DESC,
    c_count DESC
LIMIT 10;","selected_orders = orders.WHERE(~(LIKE(comment, ""%special%requests%"")))
result = (
    customers.CALCULATE(num_non_special_orders=COUNT(selected_orders))
    .PARTITION(name=""num_order_groups"", by=num_non_special_orders)
    .CALCULATE(C_COUNT=num_non_special_orders, CUSTDIST=COUNT(customers))
    .TOP_K(10, by=(CUSTDIST.DESC(), C_COUNT.DESC()))
)","WITH _s1 AS (
  SELECT
    o_custkey,
    COUNT(*) AS n_rows
  FROM tpch.orders
  WHERE
    NOT o_comment LIKE '%special%requests%'
  GROUP BY
    1
)
SELECT
  COALESCE(_s1.n_rows, 0) AS C_COUNT,
  COUNT(*) AS CUSTDIST
FROM tpch.customer AS customer
LEFT JOIN _s1 AS _s1
  ON _s1.o_custkey = customer.c_custkey
GROUP BY
  1
ORDER BY
  2 DESC NULLS LAST,
  1 DESC NULLS LAST
LIMIT 10",6.19536994200007,5.228130998999859,"Limit  (cost=1404499.80..1404499.82 rows=10 width=16) (actual time=7027.712..7093.723 rows=10 loops=1)
  ->  Sort  (cost=1404499.80..1404500.30 rows=200 width=16) (actual time=6951.589..7017.598 rows=10 loops=1)
        Sort Key: (count(*)) DESC, (count(o.o_orderkey)) DESC
        Sort Method: top-N heapsort  Memory: 25kB
        ->  HashAggregate  (cost=1404493.48..1404495.48 rows=200 width=16) (actual time=6951.541..7017.555 rows=46 loops=1)
              Group Key: count(o.o_orderkey)
              Batches: 1  Memory Usage: 40kB
              ->  Finalize HashAggregate  (cost=1337693.40..1381992.40 rows=1500072 width=12) (actual time=6298.227..6880.036 rows=1500000 loops=1)
                    Group Key: c.c_custkey
                    Planned Partitions: 32  Batches: 161  Memory Usage: 9233kB  Disk Usage: 63304kB
                    ->  Gather  (cost=782637.02..1145496.67 rows=3000144 width=12) (actual time=5049.576..5920.960 rows=1677484 loops=1)
                          Workers Planned: 2
                          Workers Launched: 2
                          ->  Partial HashAggregate  (cost=781637.02..844482.27 rows=1500072 width=12) (actual time=5026.346..5674.071 rows=559161 loops=3)
                                Group Key: c.c_custkey
                                Planned Partitions: 32  Batches: 33  Memory Usage: 8209kB  Disk Usage: 128632kB
                                Worker 0:  Batches: 33  Memory Usage: 8209kB  Disk Usage: 96032kB
                                Worker 1:  Batches: 33  Memory Usage: 8209kB  Disk Usage: 154632kB
                                ->  Parallel Hash Right Join  (cost=40478.96..437156.40 rows=6124100 width=8) (actual time=2609.807..3817.290 rows=5112535 loops=3)
                                      Hash Cond: (o.o_custkey = c.c_custkey)
                                      ->  Parallel Seq Scan on orders o  (cost=0.00..330313.62 rows=6124100 width=8) (actual time=0.061..1601.328 rows=4945861 loops=3)
                                            Filter: ((o_comment)::text !~~ '%special%requests%'::text)
                                            Rows Removed by Filter: 54139
                                      ->  Parallel Hash  (cost=30224.09..30224.09 rows=625030 width=4) (actual time=202.037..202.038 rows=500000 loops=3)
                                            Buckets: 262144  Batches: 16  Memory Usage: 5760kB
                                            ->  Parallel Index Only Scan using customer_pkey on customer c  (cost=0.43..30224.09 rows=625030 width=4) (actual time=0.046..46.381 rows=500000 loops=3)
                                                  Heap Fetches: 0
Planning Time: 0.207 ms
JIT:
  Functions: 63
  Options: Inlining true, Optimization true, Expressions true, Deforming true
  Timing: Generation 3.591 ms, Inlining 176.241 ms, Optimization 164.748 ms, Emission 124.449 ms, Total 469.029 ms
Execution Time: 7119.086 ms","Limit  (cost=1143024.01..1143024.04 rows=10 width=16) (actual time=5812.700..5847.594 rows=10 loops=1)
  ->  Sort  (cost=1143024.01..1143024.51 rows=200 width=16) (actual time=5742.630..5777.522 rows=10 loops=1)
        Sort Key: (count(*)) DESC NULLS LAST, (COALESCE((count(*)), '0'::bigint)) DESC NULLS LAST
        Sort Method: top-N heapsort  Memory: 25kB
        ->  HashAggregate  (cost=1143017.69..1143019.69 rows=200 width=16) (actual time=5742.604..5777.503 rows=46 loops=1)
              Group Key: COALESCE((count(*)), '0'::bigint)
              Batches: 1  Memory Usage: 40kB
              ->  Merge Left Join  (cost=839473.74..1135517.33 rows=1500072 width=8) (actual time=4511.145..5618.172 rows=1500000 loops=1)
                    Merge Cond: (customer.c_custkey = orders.o_custkey)
                    ->  Index Only Scan using customer_pkey on customer  (cost=0.43..38974.51 rows=1500072 width=4) (actual time=0.021..139.667 rows=1500000 loops=1)
                          Heap Fetches: 0
                    ->  Finalize GroupAggregate  (cost=839473.31..1072130.35 rows=918324 width=12) (actual time=4511.113..5240.411 rows=999979 loops=1)
                          Group Key: orders.o_custkey
                          ->  Gather Merge  (cost=839473.31..1053763.87 rows=1836648 width=12) (actual time=4511.079..4962.097 rows=2926646 loops=1)
                                Workers Planned: 2
                                Workers Launched: 2
                                ->  Sort  (cost=838473.29..840769.10 rows=918324 width=12) (actual time=4464.736..4552.069 rows=975549 loops=3)
                                      Sort Key: orders.o_custkey
                                      Sort Method: external merge  Disk: 24696kB
                                      Worker 0:  Sort Method: external merge  Disk: 24568kB
                                      Worker 1:  Sort Method: external merge  Disk: 25320kB
                                      ->  Partial HashAggregate  (cost=674794.25..731822.02 rows=918324 width=12) (actual time=3225.190..4108.597 rows=975549 loops=3)
                                            Group Key: orders.o_custkey
                                            Planned Partitions: 16  Batches: 17  Memory Usage: 8337kB  Disk Usage: 129304kB
                                            Worker 0:  Batches: 17  Memory Usage: 8337kB  Disk Usage: 115720kB
                                            Worker 1:  Batches: 17  Memory Usage: 8337kB  Disk Usage: 194824kB
                                            ->  Parallel Seq Scan on orders  (cost=0.00..330313.62 rows=6124100 width=4) (actual time=76.622..1665.548 rows=4945861 loops=3)
                                                  Filter: ((o_comment)::text !~~ '%special%requests%'::text)
                                                  Rows Removed by Filter: 54139
Planning Time: 0.197 ms
JIT:
  Functions: 38
  Options: Inlining true, Optimization true, Expressions true, Deforming true
  Timing: Generation 2.432 ms, Inlining 149.162 ms, Optimization 105.289 ms, Emission 88.892 ms, Total 345.776 ms
Execution Time: 5867.945 ms",SUCCESS
13,14,TPCH,Q14,"SELECT
    100.00 * SUM(
        CASE
            WHEN p.p_type LIKE 'PROMO%'
            THEN l.l_extendedprice * (1 - l.l_discount)
            ELSE 0
        END
    ) / SUM(l.l_extendedprice * (1 - l.l_discount)) AS promo_revenue
FROM
    tpch.lineitem l
JOIN tpch.part p
    ON l.l_partkey = p.p_partkey
WHERE
    l.l_shipdate >= DATE '1995-09-01'
    AND l.l_shipdate < DATE '1995-09-01' + INTERVAL '1 month';","value_metric = extended_price * (1 - discount)
selected_lines = lines.WHERE(
    (YEAR(ship_date) == 1995) & (MONTH(ship_date) == 9)
).CALCULATE(
    value=value_metric,
    promo_value=IFF(STARTSWITH(part.part_type, ""PROMO""), value_metric, 0),
)
result = TPCH.CALCULATE(
    PROMO_REVENUE=100.0
    * SUM(selected_lines.promo_value)
    / SUM(selected_lines.value)
)","SELECT
  (
    100.0 * COALESCE(
      SUM(
        CASE
          WHEN part.p_type LIKE 'PROMO%'
          THEN lineitem.l_extendedprice * (
            1 - lineitem.l_discount
          )
          ELSE 0
        END
      ),
      0
    )
  ) / COALESCE(SUM(lineitem.l_extendedprice * (
    1 - lineitem.l_discount
  )), 0) AS PROMO_REVENUE
FROM tpch.lineitem AS lineitem
JOIN tpch.part AS part
  ON lineitem.l_partkey = part.p_partkey
WHERE
  EXTRACT(MONTH FROM CAST(lineitem.l_shipdate AS TIMESTAMP)) = 9
  AND EXTRACT(YEAR FROM CAST(lineitem.l_shipdate AS TIMESTAMP)) = 1995",8.858912619999955,10.433903339000153,"Finalize Aggregate  (cost=1437958.39..1437958.40 rows=1 width=32) (actual time=8882.681..8908.024 rows=1 loops=1)
  ->  Gather  (cost=1437958.15..1437958.36 rows=2 width=64) (actual time=8882.652..8908.003 rows=3 loops=1)
        Workers Planned: 2
        Workers Launched: 2
        ->  Partial Aggregate  (cost=1436958.15..1436958.16 rows=1 width=64) (actual time=8868.474..8868.477 rows=1 loops=3)
              ->  Parallel Hash Join  (cost=61643.08..1431543.70 rows=309397 width=33) (actual time=8666.443..8767.733 rows=249741 loops=3)
                    Hash Cond: (l.l_partkey = p.p_partkey)
                    ->  Parallel Seq Scan on lineitem l  (cost=0.00..1360369.45 rows=309397 width=16) (actual time=0.083..8178.074 rows=249741 loops=3)
                          Filter: ((l_shipdate >= '1995-09-01'::date) AND (l_shipdate < '1995-10-01 00:00:00'::timestamp without time zone))
                          Rows Removed by Filter: 19745610
                    ->  Parallel Hash  (cost=45529.37..45529.37 rows=833337 width=25) (actual time=397.420..397.421 rows=666667 loops=3)
                          Buckets: 131072  Batches: 32  Memory Usage: 4864kB
                          ->  Parallel Seq Scan on part p  (cost=0.00..45529.37 rows=833337 width=25) (actual time=167.099..260.957 rows=666667 loops=3)
Planning Time: 0.176 ms
JIT:
  Functions: 44
  Options: Inlining true, Optimization true, Expressions true, Deforming true
  Timing: Generation 2.711 ms, Inlining 173.122 ms, Optimization 189.990 ms, Emission 138.304 ms, Total 504.128 ms
Execution Time: 8908.916 ms","Finalize Aggregate  (cost=1616279.39..1616279.40 rows=1 width=32) (actual time=10372.426..10385.409 rows=1 loops=1)
  ->  Gather  (cost=1616279.15..1616279.36 rows=2 width=64) (actual time=10372.223..10385.390 rows=3 loops=1)
        Workers Planned: 2
        Workers Launched: 2
        ->  Partial Aggregate  (cost=1615279.15..1615279.16 rows=1 width=64) (actual time=10354.631..10354.633 rows=1 loops=3)
              ->  Nested Loop  (cost=0.43..1615268.21 rows=625 width=33) (actual time=187.102..10211.387 rows=249741 loops=3)
                    ->  Parallel Seq Scan on lineitem  (cost=0.00..1610338.42 rows=625 width=16) (actual time=186.947..8854.242 rows=249741 loops=3)
                          Filter: ((EXTRACT(month FROM (l_shipdate)::timestamp without time zone) = '9'::numeric) AND (EXTRACT(year FROM (l_shipdate)::timestamp without time zone) = '1995'::numeric))
                          Rows Removed by Filter: 19745610
                    ->  Index Scan using part_pkey on part  (cost=0.43..7.89 rows=1 width=25) (actual time=0.005..0.005 rows=1 loops=749223)
                          Index Cond: (p_partkey = lineitem.l_partkey)
Planning Time: 0.578 ms
JIT:
  Functions: 32
  Options: Inlining true, Optimization true, Expressions true, Deforming true
  Timing: Generation 6.223 ms, Inlining 187.153 ms, Optimization 210.740 ms, Emission 162.711 ms, Total 566.827 ms
Execution Time: 10386.330 ms",SUCCESS
14,15,TPCH,Q15,"WITH revenue AS (
    SELECT
        l.l_suppkey AS supplier_no,
        SUM(l.l_extendedprice * (1 - l.l_discount)) AS total_revenue
    FROM
        tpch.lineitem l
    WHERE
        l.l_shipdate >= DATE '1996-01-01'
        AND l.l_shipdate < DATE '1996-01-01' + INTERVAL '3 months'
    GROUP BY
        l.l_suppkey
)
SELECT
    s.s_suppkey,
    s.s_name,
    s.s_address,
    s.s_phone,
    r.total_revenue
FROM
    tpch.supplier s
JOIN revenue r
    ON s.s_suppkey = r.supplier_no
WHERE
    r.total_revenue = (
        SELECT
            MAX(total_revenue)
        FROM
            revenue
    )
ORDER BY
    s.s_suppkey;","selected_lines = lines.WHERE(
    (ship_date >= DATETIME('1996-1-1'))
    & (ship_date < DATETIME('1996-4-1'))
)
total = SUM(selected_lines.extended_price * (1 - selected_lines.discount))
result = (
    TPCH.CALCULATE(
        max_revenue=MAX(
            suppliers.WHERE(HAS(selected_lines))
            .CALCULATE(total_revenue=total)
            .total_revenue
        )
    )
    .suppliers.WHERE(HAS(selected_lines) & (total == max_revenue))
    .CALCULATE(
        S_SUPPKEY=key,
        S_NAME=name,
        S_ADDRESS=address,
        S_PHONE=phone,
        TOTAL_REVENUE=total,
    )
    .ORDER_BY(S_SUPPKEY.ASC())
)","WITH _t3 AS (
  SELECT
    l_discount,
    l_extendedprice,
    l_shipdate,
    l_suppkey
  FROM tpch.lineitem
  WHERE
    l_shipdate < CAST('1996-04-01' AS DATE)
    AND l_shipdate >= CAST('1996-01-01' AS DATE)
), _t1 AS (
  SELECT
    SUM(l_extendedprice * (
      1 - l_discount
    )) AS sum_expr
  FROM _t3
  GROUP BY
    l_suppkey
), _s0 AS (
  SELECT
    MAX(COALESCE(sum_expr, 0)) AS max_total_revenue
  FROM _t1
), _s3 AS (
  SELECT
    l_suppkey,
    SUM(l_extendedprice * (
      1 - l_discount
    )) AS sum_expr
  FROM _t3
  GROUP BY
    1
)
SELECT
  supplier.s_suppkey AS S_SUPPKEY,
  supplier.s_name AS S_NAME,
  supplier.s_address AS S_ADDRESS,
  supplier.s_phone AS S_PHONE,
  COALESCE(_s3.sum_expr, 0) AS TOTAL_REVENUE
FROM _s0 AS _s0
CROSS JOIN tpch.supplier AS supplier
JOIN _s3 AS _s3
  ON _s0.max_total_revenue = COALESCE(_s3.sum_expr, 0)
  AND _s3.l_suppkey = supplier.s_suppkey
ORDER BY
  1 NULLS FIRST",9.368416595000326,11.241936476999854,"Sort  (cost=1481740.36..1481741.65 rows=514 width=96) (actual time=9380.874..9383.309 rows=1 loops=1)
  Sort Key: s.s_suppkey
  Sort Method: quicksort  Memory: 25kB
  CTE revenue
    ->  Finalize GroupAggregate  (cost=1447233.63..1474030.97 rows=102731 width=36) (actual time=9195.951..9344.435 rows=100000 loops=1)
          Group Key: l.l_suppkey
          ->  Gather Merge  (cost=1447233.63..1471205.87 rows=205462 width=36) (actual time=9195.912..9241.374 rows=299804 loops=1)
                Workers Planned: 2
                Workers Launched: 2
                ->  Sort  (cost=1446233.61..1446490.43 rows=102731 width=36) (actual time=9147.095..9157.252 rows=99935 loops=3)
                      Sort Key: l.l_suppkey
                      Sort Method: external merge  Disk: 7936kB
                      Worker 0:  Sort Method: external merge  Disk: 7928kB
                      Worker 1:  Sort Method: external merge  Disk: 7936kB
                      ->  Partial HashAggregate  (cost=1424516.77..1434871.51 rows=102731 width=36) (actual time=8725.631..9113.458 rows=99935 loops=3)
                            Group Key: l.l_suppkey
                            Planned Partitions: 4  Batches: 21  Memory Usage: 8249kB  Disk Usage: 25416kB
                            Worker 0:  Batches: 21  Memory Usage: 8249kB  Disk Usage: 24176kB
                            Worker 1:  Batches: 21  Memory Usage: 8249kB  Disk Usage: 31944kB
                            ->  Parallel Seq Scan on lineitem l  (cost=0.00..1360369.45 rows=928830 width=16) (actual time=198.327..8101.220 rows=755238 loops=3)
                                  Filter: ((l_shipdate >= '1996-01-01'::date) AND (l_shipdate < '1996-04-01 00:00:00'::timestamp without time zone))
                                  Rows Removed by Filter: 19240113
  InitPlan 2 (returns $2)
    ->  Aggregate  (cost=2311.45..2311.46 rows=1 width=32) (actual time=172.995..172.996 rows=1 loops=1)
          ->  CTE Scan on revenue  (cost=0.00..2054.62 rows=102731 width=32) (actual time=0.001..165.122 rows=100000 loops=1)
  ->  Nested Loop  (cost=0.29..5374.79 rows=514 width=96) (actual time=9377.357..9380.871 rows=1 loops=1)
        ->  CTE Scan on revenue r  (cost=0.00..2311.45 rows=514 width=36) (actual time=9377.322..9380.836 rows=1 loops=1)
              Filter: (total_revenue = $2)
              Rows Removed by Filter: 99999
        ->  Index Scan using supplier_pkey on supplier s  (cost=0.29..5.96 rows=1 width=64) (actual time=0.017..0.017 rows=1 loops=1)
              Index Cond: (s_suppkey = r.supplier_no)
Planning Time: 0.202 ms
JIT:
  Functions: 50
  Options: Inlining true, Optimization true, Expressions true, Deforming true
  Timing: Generation 4.542 ms, Inlining 218.243 ms, Optimization 410.157 ms, Emission 276.318 ms, Total 909.260 ms
Execution Time: 9389.370 ms","Sort  (cost=1718057.49..1718057.49 rows=1 width=96) (actual time=11398.092..11398.212 rows=1 loops=1)
  Sort Key: supplier.s_suppkey NULLS FIRST
  Sort Method: quicksort  Memory: 25kB
  CTE _t3
    ->  Gather  (cost=1000.00..1584288.75 rows=2229193 width=20) (actual time=217.892..6772.826 rows=2265714 loops=1)
          Workers Planned: 2
          Workers Launched: 2
          ->  Parallel Seq Scan on lineitem  (cost=0.00..1360369.45 rows=928830 width=20) (actual time=139.202..7880.106 rows=755238 loops=3)
                Filter: ((l_shipdate < '1996-04-01'::date) AND (l_shipdate >= '1996-01-01'::date))
                Rows Removed by Filter: 19240113
  ->  Nested Loop  (cost=133756.89..133768.73 rows=1 width=96) (actual time=11216.453..11398.089 rows=1 loops=1)
        ->  Hash Join  (cost=133756.60..133761.64 rows=1 width=36) (actual time=11216.423..11398.058 rows=1 loops=1)
              Hash Cond: (COALESCE((sum((_t3.l_extendedprice * ('1'::numeric - _t3.l_discount)))), '0'::numeric) = (max(COALESCE((sum((_t3_1.l_extendedprice * ('1'::numeric - _t3_1.l_discount)))), '0'::numeric))))
              ->  HashAggregate  (cost=66875.79..66878.29 rows=200 width=36) (actual time=8865.834..9550.498 rows=100000 loops=1)
                    Group Key: _t3.l_suppkey
                    Batches: 21  Memory Usage: 8265kB  Disk Usage: 69488kB
                    ->  CTE Scan on _t3  (cost=0.00..44583.86 rows=2229193 width=40) (actual time=217.895..7319.707 rows=2265714 loops=1)
              ->  Hash  (cost=66880.80..66880.80 rows=1 width=32) (actual time=1841.078..1841.080 rows=1 loops=1)
                    Buckets: 1024  Batches: 1  Memory Usage: 9kB
                    ->  Aggregate  (cost=66880.79..66880.80 rows=1 width=32) (actual time=1841.072..1841.073 rows=1 loops=1)
                          ->  HashAggregate  (cost=66875.79..66878.29 rows=200 width=36) (actual time=1153.108..1836.807 rows=100000 loops=1)
                                Group Key: _t3_1.l_suppkey
                                Batches: 21  Memory Usage: 8265kB  Disk Usage: 69488kB
                                ->  CTE Scan on _t3 _t3_1  (cost=0.00..44583.86 rows=2229193 width=40) (actual time=0.013..178.294 rows=2265714 loops=1)
        ->  Index Scan using supplier_pkey on supplier  (cost=0.29..7.09 rows=1 width=64) (actual time=0.020..0.020 rows=1 loops=1)
              Index Cond: (s_suppkey = _t3.l_suppkey)
Planning Time: 0.247 ms
JIT:
  Functions: 44
  Options: Inlining true, Optimization true, Expressions true, Deforming true
  Timing: Generation 2.978 ms, Inlining 169.152 ms, Optimization 237.654 ms, Emission 129.928 ms, Total 539.711 ms
Execution Time: 11427.149 ms",SUCCESS
15,16,TPCH,Q16,"SELECT
    p.p_brand,
    p.p_type,
    p.p_size,
    COUNT(DISTINCT ps.ps_suppkey) AS supplier_count
FROM
    tpch.part p
JOIN tpch.partsupp ps
    ON p.p_partkey = ps.ps_partkey
WHERE
    p.p_brand <> 'Brand#45'
    AND p.p_type NOT LIKE 'MEDIUM POLISHED%'
    AND p.p_size IN (49, 14, 23, 45, 19, 3, 36, 9)
    AND ps.ps_suppkey NOT IN (
        SELECT
            s.s_suppkey
        FROM
            tpch.supplier s
        WHERE
            s.s_comment LIKE '%Customer%Complaints%'
    )
GROUP BY
    p.p_brand,
    p.p_type,
    p.p_size
ORDER BY
    supplier_count DESC,
    p.p_brand,
    p.p_type,
    p.p_size
LIMIT 10;","valid_part = part.WHERE(
    (brand != ""BRAND#45"")
    & ~STARTSWITH(part_type, ""MEDIUM POLISHED%"")
    & ISIN(size, [49, 14, 23, 45, 19, 3, 36, 9])
)
result = (
    supply_records.WHERE(
        ~LIKE(supplier.comment, ""%Customer%Complaints%"") & HAS(valid_part)
    )
    .CALCULATE(
        P_BRAND=valid_part.brand,
        P_TYPE=valid_part.part_type,
        P_SIZE=valid_part.size,
    )
    .PARTITION(name=""groups"", by=(P_BRAND, P_TYPE, P_SIZE))
    .CALCULATE(
        P_BRAND,
        P_TYPE,
        P_SIZE,
        SUPPLIER_COUNT=NDISTINCT(supply_records.supplier_key),
    )
    .TOP_K(
        10, by=(SUPPLIER_COUNT.DESC(), P_BRAND.ASC(), P_TYPE.ASC(), P_SIZE.ASC())
    )
)","SELECT
  part.p_brand AS P_BRAND,
  part.p_type AS P_TYPE,
  part.p_size AS P_SIZE,
  COUNT(DISTINCT partsupp.ps_suppkey) AS SUPPLIER_COUNT
FROM tpch.partsupp AS partsupp
JOIN tpch.supplier AS supplier
  ON NOT supplier.s_comment LIKE '%Customer%Complaints%'
  AND partsupp.ps_suppkey = supplier.s_suppkey
JOIN tpch.part AS part
  ON NOT part.p_type LIKE 'MEDIUM POLISHED%%'
  AND part.p_brand <> 'BRAND#45'
  AND part.p_partkey = partsupp.ps_partkey
  AND part.p_size IN (49, 14, 23, 45, 19, 3, 36, 9)
GROUP BY
  1,
  2,
  3
ORDER BY
  4 DESC NULLS LAST,
  1 NULLS FIRST,
  2 NULLS FIRST,
  3 NULLS FIRST
LIMIT 10",3.4058141890000115,2.356271124000159,"Limit  (cost=361114.21..361114.24 rows=10 width=42) (actual time=3558.686..3595.897 rows=10 loops=1)
  ->  Sort  (cost=361114.21..361497.08 rows=153147 width=42) (actual time=3550.026..3587.235 rows=10 loops=1)
        Sort Key: (count(DISTINCT ps.ps_suppkey)) DESC, p.p_brand, p.p_type, p.p_size
        Sort Method: top-N heapsort  Memory: 26kB
        ->  GroupAggregate  (cost=281870.41..357804.76 rows=153147 width=42) (actual time=2771.198..3582.489 rows=27840 loops=1)
              Group Key: p.p_brand, p.p_type, p.p_size
              ->  Gather Merge  (cost=281870.41..350390.08 rows=588321 width=38) (actual time=2771.133..3444.471 rows=1186602 loops=1)
                    Workers Planned: 2
                    Workers Launched: 2
                    ->  Sort  (cost=280870.38..281483.22 rows=245134 width=38) (actual time=2731.657..2989.497 rows=395534 loops=3)
                          Sort Key: p.p_brand, p.p_type, p.p_size, ps.ps_suppkey
                          Sort Method: external merge  Disk: 27096kB
                          Worker 0:  Sort Method: external merge  Disk: 15600kB
                          Worker 1:  Sort Method: external merge  Disk: 15600kB
                          ->  Parallel Hash Join  (cost=63906.08..252220.95 rows=245134 width=38) (actual time=1311.511..1630.351 rows=395534 loops=3)
                                Hash Cond: (ps.ps_partkey = p.p_partkey)
                                ->  Parallel Index Only Scan using partsupp_pkey on partsupp ps  (cost=3386.46..173348.63 rows=1666547 width=8) (actual time=25.468..667.879 rows=2665173 loops=3)
                                      Filter: (NOT (hashed SubPlan 1))
                                      Rows Removed by Filter: 1493
                                      Heap Fetches: 0
                                      SubPlan 1
                                        ->  Seq Scan on supplier s  (cost=0.00..3386.00 rows=10 width=4) (actual time=0.321..25.039 rows=56 loops=3)
                                              Filter: ((s_comment)::text ~~ '%Customer%Complaints%'::text)
                                              Rows Removed by Filter: 99944
                                ->  Parallel Hash  (cost=58029.43..58029.43 rows=122576 width=38) (actual time=205.062..205.063 rows=98941 loops=3)
                                      Buckets: 131072  Batches: 4  Memory Usage: 6432kB
                                      ->  Parallel Seq Scan on part p  (cost=0.00..58029.43 rows=122576 width=38) (actual time=6.773..174.733 rows=98941 loops=3)
                                            Filter: (((p_brand)::text <> 'Brand#45'::text) AND ((p_type)::text !~~ 'MEDIUM POLISHED%'::text) AND (p_size = ANY ('{49,14,23,45,19,3,36,9}'::integer[])))
                                            Rows Removed by Filter: 567725
Planning Time: 0.347 ms
JIT:
  Functions: 79
  Options: Inlining false, Optimization false, Expressions true, Deforming true
  Timing: Generation 3.854 ms, Inlining 0.000 ms, Optimization 1.888 ms, Emission 27.854 ms, Total 33.596 ms
Execution Time: 3600.599 ms","Limit  (cost=441043.92..441043.94 rows=10 width=42) (actual time=2587.973..2597.959 rows=10 loops=1)
  ->  Sort  (cost=441043.92..441432.94 rows=155608 width=42) (actual time=2581.348..2591.333 rows=10 loops=1)
        Sort Key: (count(DISTINCT partsupp.ps_suppkey)) DESC NULLS LAST, part.p_brand NULLS FIRST, part.p_type NULLS FIRST, part.p_size NULLS FIRST
        Sort Method: top-N heapsort  Memory: 26kB
        ->  GroupAggregate  (cost=281343.89..437681.28 rows=155608 width=42) (actual time=1770.083..2586.493 rows=29000 loops=1)
              Group Key: part.p_brand, part.p_type, part.p_size
              ->  Gather Merge  (cost=281343.89..423886.28 rows=1223892 width=38) (actual time=1770.017..2445.544 rows=1235619 loops=1)
                    Workers Planned: 2
                    Workers Launched: 2
                    ->  Sort  (cost=280343.87..281618.75 rows=509955 width=38) (actual time=1743.467..2017.730 rows=411873 loops=3)
                          Sort Key: part.p_brand NULLS FIRST, part.p_type NULLS FIRST, part.p_size NULLS FIRST, partsupp.ps_suppkey
                          Sort Method: external merge  Disk: 28880kB
                          Worker 0:  Sort Method: external merge  Disk: 15920kB
                          Worker 1:  Sort Method: external merge  Disk: 15928kB
                          ->  Parallel Hash Join  (cost=3606.95..218052.61 rows=509955 width=38) (actual time=21.762..571.849 rows=411873 loops=3)
                                Hash Cond: (partsupp.ps_suppkey = supplier.s_suppkey)
                                ->  Nested Loop  (cost=0.43..213107.27 rows=510006 width=38) (actual time=0.102..445.146 rows=412112 loops=3)
                                      ->  Parallel Seq Scan on part  (cost=0.00..58029.43 rows=127511 width=38) (actual time=0.052..172.189 rows=103028 loops=3)
                                            Filter: (((p_type)::text !~~ 'MEDIUM POLISHED%%'::text) AND ((p_brand)::text <> 'BRAND#45'::text) AND (p_size = ANY ('{49,14,23,45,19,3,36,9}'::integer[])))
                                            Rows Removed by Filter: 563639
                                      ->  Index Only Scan using partsupp_pkey on partsupp  (cost=0.43..1.04 rows=18 width=8) (actual time=0.002..0.002 rows=4 loops=309084)
                                            Index Cond: (ps_partkey = part.p_partkey)
                                            Heap Fetches: 0
                                ->  Parallel Hash  (cost=2871.29..2871.29 rows=58818 width=4) (actual time=20.496..20.497 rows=33315 loops=3)
                                      Buckets: 131072  Batches: 1  Memory Usage: 5024kB
                                      ->  Parallel Seq Scan on supplier  (cost=0.00..2871.29 rows=58818 width=4) (actual time=5.830..13.766 rows=33315 loops=3)
                                            Filter: ((s_comment)::text !~~ '%Customer%Complaints%'::text)
                                            Rows Removed by Filter: 19
Planning Time: 0.448 ms
JIT:
  Functions: 49
  Options: Inlining false, Optimization false, Expressions true, Deforming true
  Timing: Generation 4.623 ms, Inlining 0.000 ms, Optimization 1.157 ms, Emission 22.978 ms, Total 28.758 ms
Execution Time: 2602.559 ms",SUCCESS
16,17,TPCH,Q17,"WITH avg_qty AS (
  SELECT
    l_partkey,
    0.2 * AVG(l_quantity) AS avg_q
  FROM tpch.lineitem
  GROUP BY l_partkey
)
SELECT
  SUM(l.l_extendedprice) / 7.0 AS avg_yearly
FROM tpch.lineitem l
JOIN tpch.part p
  ON p.p_partkey = l.l_partkey
JOIN avg_qty a
  ON a.l_partkey = l.l_partkey
WHERE p.p_brand = 'Brand#23'
  AND p.p_container = 'MED BOX'
  AND l.l_quantity < a.avg_q;","selected_lines = parts.WHERE(
    (brand == ""Brand#23"") & (container == ""MED BOX"")
).lines.WHERE(quantity < 0.2 * RELAVG(quantity, per=""parts""))
result = TPCH.CALCULATE(AVG_YEARLY=SUM(selected_lines.extended_price) / 7.0)","WITH _t AS (
  SELECT
    lineitem.l_extendedprice,
    lineitem.l_quantity,
    AVG(CAST(lineitem.l_quantity AS DOUBLE PRECISION)) OVER (PARTITION BY lineitem.l_partkey) AS _w
  FROM tpch.part AS part
  JOIN tpch.lineitem AS lineitem
    ON lineitem.l_partkey = part.p_partkey
  WHERE
    part.p_brand = 'Brand#23' AND part.p_container = 'MED BOX'
)
SELECT
  CAST(COALESCE(SUM(l_extendedprice), 0) AS DOUBLE PRECISION) / 7.0 AS AVG_YEARLY
FROM _t
WHERE
  l_quantity < (
    0.2 * _w
  )",34.595520121999925,7.587404701999731,"Aggregate  (cost=5336431.64..5336431.66 rows=1 width=32) (actual time=35618.401..35618.725 rows=1 loops=1)
  ->  Hash Join  (cost=4013252.02..5336382.20 rows=19777 width=8) (actual time=26338.549..35618.042 rows=5526 loops=1)
        Hash Cond: (p.p_partkey = lineitem.l_partkey)
        Join Filter: (l.l_quantity < ((0.2 * avg(lineitem.l_quantity))))
        Rows Removed by Join Filter: 55859
        ->  Gather  (cost=50706.71..1357842.86 rows=61342 width=21) (actual time=271.627..9407.931 rows=61385 loops=1)
              Workers Planned: 2
              Workers Launched: 2
              ->  Parallel Hash Join  (cost=49706.71..1350708.66 rows=25559 width=21) (actual time=258.715..9650.640 rows=20462 loops=3)
                    Hash Cond: (l.l_partkey = p.p_partkey)
                    ->  Parallel Seq Scan on lineitem l  (cost=0.00..1235384.97 rows=24996897 width=17) (actual time=0.025..7227.706 rows=19995351 loops=3)
                    ->  Parallel Hash  (cost=49696.06..49696.06 rows=852 width=4) (actual time=258.131..258.132 rows=681 loops=3)
                          Buckets: 2048  Batches: 1  Memory Usage: 144kB
                          ->  Parallel Seq Scan on part p  (cost=0.00..49696.06 rows=852 width=4) (actual time=189.089..257.864 rows=681 loops=3)
                                Filter: (((p_brand)::text = 'Brand#23'::text) AND ((p_container)::text = 'MED BOX'::text))
                                Rows Removed by Filter: 665985
        ->  Hash  (cost=3923251.88..3923251.88 rows=1934435 width=36) (actual time=26065.843..26065.900 rows=2000000 loops=1)
              Buckets: 131072  Batches: 32  Memory Usage: 4029kB
              ->  Finalize GroupAggregate  (cost=3413819.15..3923251.88 rows=1934435 width=36) (actual time=22239.454..25714.872 rows=2000000 loops=1)
                    Group Key: lineitem.l_partkey
                    ->  Gather Merge  (cost=3413819.15..3865218.83 rows=3868870 width=36) (actual time=22239.406..23220.995 rows=5999720 loops=1)
                          Workers Planned: 2
                          Workers Launched: 2
                          ->  Sort  (cost=3412819.12..3417655.21 rows=1934435 width=36) (actual time=21780.138..22051.393 rows=1999907 loops=3)
                                Sort Key: lineitem.l_partkey
                                Sort Method: external merge  Disk: 150728kB
                                Worker 0:  Sort Method: external merge  Disk: 150736kB
                                Worker 1:  Sort Method: external merge  Disk: 150744kB
                                ->  Partial HashAggregate  (cost=2836748.68..3105039.44 rows=1934435 width=36) (actual time=14619.750..20828.234 rows=1999907 loops=3)
                                      Group Key: lineitem.l_partkey
                                      Planned Partitions: 128  Batches: 129  Memory Usage: 8209kB  Disk Usage: 777360kB
                                      Worker 0:  Batches: 129  Memory Usage: 8209kB  Disk Usage: 777784kB
                                      Worker 1:  Batches: 129  Memory Usage: 8209kB  Disk Usage: 777832kB
                                      ->  Parallel Seq Scan on lineitem  (cost=0.00..1235384.97 rows=24996897 width=9) (actual time=0.015..5437.103 rows=19995351 loops=3)
Planning Time: 0.236 ms
JIT:
  Functions: 81
  Options: Inlining true, Optimization true, Expressions true, Deforming true
  Timing: Generation 4.653 ms, Inlining 419.572 ms, Optimization 416.414 ms, Emission 290.251 ms, Total 1130.889 ms
Execution Time: 35671.735 ms","Aggregate  (cost=1362922.18..1362922.19 rows=1 width=8) (actual time=7489.904..7495.226 rows=1 loops=1)
  ->  Subquery Scan on _t  (cost=1353579.80..1362871.06 rows=20447 width=8) (actual time=7450.945..7494.759 rows=5526 loops=1)
        Filter: ((_t.l_quantity)::double precision < ('0.2'::double precision * _t._w))
        Rows Removed by Filter: 55859
        ->  WindowAgg  (cost=1353579.80..1361797.57 rows=61342 width=25) (actual time=7450.939..7486.342 rows=61385 loops=1)
              ->  Gather Merge  (cost=1353579.80..1360724.09 rows=61342 width=17) (actual time=7450.883..7464.400 rows=61385 loops=1)
                    Workers Planned: 2
                    Workers Launched: 2
                    ->  Sort  (cost=1352579.78..1352643.67 rows=25559 width=17) (actual time=7437.791..7439.499 rows=20462 loops=3)
                          Sort Key: lineitem.l_partkey
                          Sort Method: quicksort  Memory: 1640kB
                          Worker 0:  Sort Method: quicksort  Memory: 1703kB
                          Worker 1:  Sort Method: quicksort  Memory: 1756kB
                          ->  Parallel Hash Join  (cost=49706.71..1350708.66 rows=25559 width=17) (actual time=242.296..7429.164 rows=20462 loops=3)
                                Hash Cond: (lineitem.l_partkey = part.p_partkey)
                                ->  Parallel Seq Scan on lineitem  (cost=0.00..1235384.97 rows=24996897 width=17) (actual time=0.009..5106.151 rows=19995351 loops=3)
                                ->  Parallel Hash  (cost=49696.06..49696.06 rows=852 width=4) (actual time=241.810..241.811 rows=681 loops=3)
                                      Buckets: 2048  Batches: 1  Memory Usage: 144kB
                                      ->  Parallel Seq Scan on part  (cost=0.00..49696.06 rows=852 width=4) (actual time=172.304..241.556 rows=681 loops=3)
                                            Filter: (((p_brand)::text = 'Brand#23'::text) AND ((p_container)::text = 'MED BOX'::text))
                                            Rows Removed by Filter: 665985
Planning Time: 0.201 ms
JIT:
  Functions: 44
  Options: Inlining true, Optimization true, Expressions true, Deforming true
  Timing: Generation 2.192 ms, Inlining 159.894 ms, Optimization 206.560 ms, Emission 148.764 ms, Total 517.410 ms
Execution Time: 7496.167 ms",SUCCESS
17,18,TPCH,Q18,"SELECT
    c.c_name,
    c.c_custkey,
    o.o_orderkey,
    o.o_orderdate,
    o.o_totalprice,
    SUM(l.l_quantity) AS total_quantity
FROM
    tpch.customer c
JOIN tpch.orders o
    ON c.c_custkey = o.o_custkey
JOIN tpch.lineitem l
    ON o.o_orderkey = l.l_orderkey
WHERE
    o.o_orderkey IN (
        SELECT
            l2.l_orderkey
        FROM
            tpch.lineitem l2
        GROUP BY
            l2.l_orderkey
        HAVING
            SUM(l2.l_quantity) > 300
    )
GROUP BY
    c.c_name,
    c.c_custkey,
    o.o_orderkey,
    o.o_orderdate,
    o.o_totalprice
ORDER BY
    o.o_totalprice DESC,
    o.o_orderdate
LIMIT 10;","result = (
        orders.CALCULATE(
            C_NAME=customer.name,
            C_CUSTKEY=customer.key,
            O_ORDERKEY=key,
            O_ORDERDATE=order_date,
            O_TOTALPRICE=total_price,
            TOTAL_QUANTITY=SUM(lines.quantity),
        )
        .WHERE(TOTAL_QUANTITY > 300)
        .TOP_K(
            10,
            by=(O_TOTALPRICE.DESC(), O_ORDERDATE.ASC()),
        )
    )","WITH _t1 AS (
  SELECT
    l_orderkey,
    SUM(l_quantity) AS sum_l_quantity
  FROM tpch.lineitem
  GROUP BY
    1
)
SELECT
  customer.c_name AS C_NAME,
  customer.c_custkey AS C_CUSTKEY,
  orders.o_orderkey AS O_ORDERKEY,
  orders.o_orderdate AS O_ORDERDATE,
  orders.o_totalprice AS O_TOTALPRICE,
  _t1.sum_l_quantity AS TOTAL_QUANTITY
FROM tpch.orders AS orders
JOIN tpch.customer AS customer
  ON customer.c_custkey = orders.o_custkey
JOIN _t1 AS _t1
  ON NOT _t1.sum_l_quantity IS NULL
  AND _t1.l_orderkey = orders.o_orderkey
  AND _t1.sum_l_quantity > 300
ORDER BY
  5 DESC NULLS LAST,
  4 NULLS FIRST
LIMIT 10",62.33064089100026,45.07150608200027,"Limit  (cost=6513873.13..6513873.16 rows=10 width=71) (actual time=65749.140..65749.268 rows=10 loops=1)
  ->  Sort  (cost=6513873.13..6515436.62 rows=625397 width=71) (actual time=65553.448..65553.574 rows=10 loops=1)
        Sort Key: o.o_totalprice DESC, o.o_orderdate
        Sort Method: top-N heapsort  Memory: 26kB
        ->  GroupAggregate  (cost=6370239.75..6500358.53 rows=625397 width=71) (actual time=65246.523..65553.397 rows=624 loops=1)
              Group Key: c.c_custkey, o.o_orderkey
              ->  Incremental Sort  (cost=6370239.75..6487850.59 rows=625397 width=44) (actual time=65246.505..65552.597 rows=4368 loops=1)
                    Sort Key: c.c_custkey, o.o_orderkey
                    Presorted Key: c.c_custkey
                    Full-sort Groups: 125  Sort Method: quicksort  Average Memory: 27kB  Peak Memory: 27kB
                    ->  Merge Join  (cost=6370239.60..6459707.72 rows=625397 width=44) (actual time=65244.848..65551.662 rows=4368 loops=1)
                          Merge Cond: (c.c_custkey = o.o_custkey)
                          ->  Index Scan using customer_pkey on customer c  (cost=0.43..74785.65 rows=1500072 width=23) (actual time=0.025..232.616 rows=1499744 loops=1)
                          ->  Materialize  (cost=6370227.91..6373354.90 rows=625397 width=25) (actual time=65243.773..65244.739 rows=4368 loops=1)
                                ->  Sort  (cost=6370227.91..6371791.41 rows=625397 width=25) (actual time=65243.769..65244.292 rows=4368 loops=1)
                                      Sort Key: o.o_custkey
                                      Sort Method: quicksort  Memory: 431kB
                                      ->  Hash Join  (cost=3891703.09..6295053.65 rows=625397 width=25) (actual time=48480.184..65242.798 rows=4368 loops=1)
                                            Hash Cond: (l.l_orderkey = o.o_orderkey)
                                            ->  Seq Scan on lineitem l  (cost=0.00..1585341.52 rows=59992552 width=9) (actual time=0.012..8699.160 rows=59986052 loops=1)
                                            ->  Hash  (cost=3888831.37..3888831.37 rows=156378 width=24) (actual time=48478.606..48478.730 rows=624 loops=1)
                                                  Buckets: 131072  Batches: 2  Memory Usage: 1042kB
                                                  ->  Hash Join  (cost=3270858.15..3888831.37 rows=156378 width=24) (actual time=44489.002..48478.326 rows=624 loops=1)
                                                        Hash Cond: (o.o_orderkey = l2.l_orderkey)
                                                        ->  Seq Scan on orders o  (cost=0.00..402192.88 rows=15000888 width=20) (actual time=0.011..1501.067 rows=15000000 loops=1)
                                                        ->  Hash  (cost=3268292.42..3268292.42 rows=156378 width=4) (actual time=44486.018..44486.141 rows=624 loops=1)
                                                              Buckets: 262144  Batches: 2  Memory Usage: 2060kB
                                                              ->  Finalize GroupAggregate  (cost=3144745.90..3268292.42 rows=156378 width=4) (actual time=35089.970..44485.580 rows=624 loops=1)
                                                                    Group Key: l2.l_orderkey
                                                                    Filter: (sum(l2.l_quantity) > '300'::numeric)
                                                                    Rows Removed by Filter: 14999376
                                                                    ->  Gather Merge  (cost=3144745.90..3254218.37 rows=938270 width=36) (actual time=35088.907..37588.383 rows=15008249 loops=1)
                                                                          Workers Planned: 2
                                                                          Workers Launched: 2
                                                                          ->  Sort  (cost=3143745.87..3144918.71 rows=469135 width=36) (actual time=32060.980..32736.193 rows=5002750 loops=3)
                                                                                Sort Key: l2.l_orderkey
                                                                                Sort Method: external merge  Disk: 457456kB
                                                                                Worker 0:  Sort Method: external merge  Disk: 330416kB
                                                                                Worker 1:  Sort Method: external merge  Disk: 343152kB
                                                                                ->  Partial HashAggregate  (cost=2836748.68..3086723.19 rows=469135 width=36) (actual time=14546.417..29609.967 rows=5002750 loops=3)
                                                                                      Group Key: l2.l_orderkey
                                                                                      Planned Partitions: 32  Batches: 609  Memory Usage: 8345kB  Disk Usage: 888568kB
                                                                                      Worker 0:  Batches: 505  Memory Usage: 8345kB  Disk Usage: 652456kB
                                                                                      Worker 1:  Batches: 497  Memory Usage: 8345kB  Disk Usage: 681992kB
                                                                                      ->  Parallel Seq Scan on lineitem l2  (cost=0.00..1235384.97 rows=24996897 width=9) (actual time=0.011..5938.368 rows=19995351 loops=3)
Planning Time: 5.811 ms
JIT:
  Functions: 63
  Options: Inlining true, Optimization true, Expressions true, Deforming true
  Timing: Generation 5.638 ms, Inlining 199.406 ms, Optimization 274.801 ms, Emission 181.995 ms, Total 661.841 ms
Execution Time: 65830.078 ms","Limit  (cost=3965843.89..3965843.91 rows=10 width=71) (actual time=48243.774..48243.868 rows=10 loops=1)
  ->  Sort  (cost=3965843.89..3966232.88 rows=155596 width=71) (actual time=48138.016..48138.109 rows=10 loops=1)
        Sort Key: orders.o_totalprice DESC NULLS LAST, orders.o_orderdate NULLS FIRST
        Sort Method: top-N heapsort  Memory: 26kB
        ->  Nested Loop  (cost=3273009.76..3962481.52 rows=155596 width=71) (actual time=44248.686..48137.766 rows=624 loops=1)
              ->  Hash Join  (cost=3273009.33..3891587.55 rows=155596 width=52) (actual time=44248.657..48134.588 rows=624 loops=1)
                    Hash Cond: (orders.o_orderkey = _t1.l_orderkey)
                    ->  Seq Scan on orders  (cost=0.00..402192.88 rows=15000888 width=20) (actual time=0.022..1485.493 rows=15000000 loops=1)
                    ->  Hash  (cost=3269848.38..3269848.38 rows=155596 width=36) (actual time=44247.775..44247.866 rows=624 loops=1)
                          Buckets: 131072  Batches: 2  Memory Usage: 1037kB
                          ->  Subquery Scan on _t1  (cost=3144745.90..3269848.38 rows=155596 width=36) (actual time=35055.805..44247.338 rows=624 loops=1)
                                ->  Finalize GroupAggregate  (cost=3144745.90..3268292.42 rows=155596 width=36) (actual time=35055.802..44247.184 rows=624 loops=1)
                                      Group Key: lineitem.l_orderkey
                                      Filter: ((sum(lineitem.l_quantity) IS NOT NULL) AND (sum(lineitem.l_quantity) > '300'::numeric))
                                      Rows Removed by Filter: 14999376
                                      ->  Gather Merge  (cost=3144745.90..3254218.37 rows=938270 width=36) (actual time=35054.753..37533.548 rows=15008299 loops=1)
                                            Workers Planned: 2
                                            Workers Launched: 2
                                            ->  Sort  (cost=3143745.87..3144918.71 rows=469135 width=36) (actual time=33149.678..33823.495 rows=5002766 loops=3)
                                                  Sort Key: lineitem.l_orderkey
                                                  Sort Method: external merge  Disk: 483648kB
                                                  Worker 0:  Sort Method: external merge  Disk: 330184kB
                                                  Worker 1:  Sort Method: external merge  Disk: 317192kB
                                                  ->  Partial HashAggregate  (cost=2836748.68..3086723.19 rows=469135 width=36) (actual time=14204.281..29819.696 rows=5002766 loops=3)
                                                        Group Key: lineitem.l_orderkey
                                                        Planned Partitions: 32  Batches: 641  Memory Usage: 8345kB  Disk Usage: 947416kB
                                                        Worker 0:  Batches: 505  Memory Usage: 8345kB  Disk Usage: 652464kB
                                                        Worker 1:  Batches: 417  Memory Usage: 8345kB  Disk Usage: 619936kB
                                                        ->  Parallel Seq Scan on lineitem  (cost=0.00..1235384.97 rows=24996897 width=9) (actual time=0.033..5547.879 rows=19995351 loops=3)
              ->  Index Scan using customer_pkey on customer  (cost=0.43..0.46 rows=1 width=23) (actual time=0.004..0.004 rows=1 loops=624)
                    Index Cond: (c_custkey = orders.o_custkey)
Planning Time: 0.300 ms
JIT:
  Functions: 49
  Options: Inlining true, Optimization true, Expressions true, Deforming true
  Timing: Generation 2.893 ms, Inlining 204.076 ms, Optimization 213.773 ms, Emission 143.152 ms, Total 563.894 ms
Execution Time: 48344.548 ms",SUCCESS
18,19,TPCH,Q19,"SELECT
    SUM(l.l_extendedprice * (1 - l.l_discount)) AS revenue
FROM
    tpch.lineitem l
JOIN tpch.part p
    ON p.p_partkey = l.l_partkey
WHERE
    (
        p.p_brand = 'Brand#12'
        AND p.p_container IN (
            'SM CASE', 'SM BOX', 'SM PACK', 'SM PKG'
        )
        AND l.l_quantity BETWEEN 1 AND 11
        AND p.p_size BETWEEN 1 AND 5
        AND l.l_shipmode IN ('AIR', 'AIR REG')
        AND l.l_shipinstruct = 'DELIVER IN PERSON'
    )
    OR (
        p.p_brand = 'Brand#23'
        AND p.p_container IN (
            'MED BAG', 'MED BOX', 'MED PKG', 'MED PACK'
        )
        AND l.l_quantity BETWEEN 10 AND 20
        AND p.p_size BETWEEN 1 AND 10
        AND l.l_shipmode IN ('AIR', 'AIR REG')
        AND l.l_shipinstruct = 'DELIVER IN PERSON'
    )
    OR (
        p.p_brand = 'Brand#34'
        AND p.p_container IN (
            'LG CASE', 'LG BOX', 'LG PACK', 'LG PKG'
        )
        AND l.l_quantity BETWEEN 20 AND 30
        AND p.p_size BETWEEN 1 AND 15
        AND l.l_shipmode IN ('AIR', 'AIR REG')
        AND l.l_shipinstruct = 'DELIVER IN PERSON'
    );","selected_lines = lines.WHERE(
    (ISIN(ship_mode, (""AIR"", ""AIR REG"")))
    & (ship_instruct == ""DELIVER IN PERSON"")
    & (
        (
            MONOTONIC(1, part.size, 5)
            & MONOTONIC(1, quantity, 11)
            & ISIN(
                part.container,
                (""SM CASE"", ""SM BOX"", ""SM PACK"", ""SM PKG""),
            )
            & (part.brand == ""Brand#12"")
        )
        | (
            MONOTONIC(1, part.size, 10)
            & MONOTONIC(10, quantity, 20)
            & ISIN(
                part.container,
                (""MED BAG"", ""MED BOX"", ""MED PACK"", ""MED PKG""),
            )
            & (part.brand == ""Brand#23"")
        )
        | (
            MONOTONIC(1, part.size, 15)
            & MONOTONIC(20, quantity, 30)
            & ISIN(
                part.container,
                (""LG CASE"", ""LG BOX"", ""LG PACK"", ""LG PKG""),
            )
            & (part.brand == ""Brand#34"")
        )
    )
)
result = TPCH.CALCULATE(
    REVENUE=SUM(selected_lines.extended_price * (1 - selected_lines.discount))
)","SELECT
  COALESCE(SUM(lineitem.l_extendedprice * (
    1 - lineitem.l_discount
  )), 0) AS REVENUE
FROM tpch.lineitem AS lineitem
JOIN tpch.part AS part
  ON (
    (
      lineitem.l_quantity <= 11
      AND lineitem.l_quantity >= 1
      AND part.p_brand = 'Brand#12'
      AND part.p_container IN ('SM CASE', 'SM BOX', 'SM PACK', 'SM PKG')
      AND part.p_size <= 5
      AND part.p_size >= 1
    )
    OR (
      lineitem.l_quantity <= 20
      AND lineitem.l_quantity >= 10
      AND part.p_brand = 'Brand#23'
      AND part.p_container IN ('MED BAG', 'MED BOX', 'MED PACK', 'MED PKG')
      AND part.p_size <= 10
      AND part.p_size >= 1
    )
    OR (
      lineitem.l_quantity <= 30
      AND lineitem.l_quantity >= 20
      AND part.p_brand = 'Brand#34'
      AND part.p_container IN ('LG CASE', 'LG BOX', 'LG PACK', 'LG PKG')
      AND part.p_size <= 15
      AND part.p_size >= 1
    )
  )
  AND lineitem.l_partkey = part.p_partkey
WHERE
  lineitem.l_shipinstruct = 'DELIVER IN PERSON'
  AND lineitem.l_shipmode IN ('AIR', 'AIR REG')",9.28480235699999,7.684237410999685,"Finalize Aggregate  (cost=1810204.85..1810204.86 rows=1 width=32) (actual time=7494.345..7500.497 rows=1 loops=1)
  ->  Gather  (cost=1810204.63..1810204.84 rows=2 width=32) (actual time=7494.137..7500.476 rows=3 loops=1)
        Workers Planned: 2
        Workers Launched: 2
        ->  Partial Aggregate  (cost=1809204.63..1809204.64 rows=1 width=32) (actual time=7480.203..7480.205 rows=1 loops=3)
              ->  Parallel Hash Join  (cost=72637.69..1809201.09 rows=471 width=12) (actual time=454.001..7479.635 rows=378 loops=3)
                    Hash Cond: (l.l_partkey = p.p_partkey)
                    Join Filter: ((((p.p_brand)::text = 'Brand#12'::text) AND ((p.p_container)::text = ANY ('{""SM CASE"",""SM BOX"",""SM PACK"",""SM PKG""}'::text[])) AND (l.l_quantity >= '1'::numeric) AND (l.l_quantity <= '11'::numeric) AND (p.p_size <= 5)) OR (((p.p_brand)::text = 'Brand#23'::text) AND ((p.p_container)::text = ANY ('{""MED BAG"",""MED BOX"",""MED PKG"",""MED PACK""}'::text[])) AND (l.l_quantity >= '10'::numeric) AND (l.l_quantity <= '20'::numeric) AND (p.p_size <= 10)) OR (((p.p_brand)::text = 'Brand#34'::text) AND ((p.p_container)::text = ANY ('{""LG CASE"",""LG BOX"",""LG PACK"",""LG PKG""}'::text[])) AND (l.l_quantity >= '20'::numeric) AND (l.l_quantity <= '30'::numeric) AND (p.p_size <= 15)))
                    Rows Removed by Join Filter: 639
                    ->  Parallel Seq Scan on lineitem l  (cost=0.00..1735322.90 rows=472573 width=21) (actual time=0.083..6977.211 rows=428115 loops=3)
                          Filter: (((l_shipmode)::text = ANY ('{AIR,""AIR REG""}'::text[])) AND ((l_shipinstruct)::text = 'DELIVER IN PERSON'::text) AND (((l_quantity >= '1'::numeric) AND (l_quantity <= '11'::numeric)) OR ((l_quantity >= '10'::numeric) AND (l_quantity <= '20'::numeric)) OR ((l_quantity >= '20'::numeric) AND (l_quantity <= '30'::numeric))))
                          Rows Removed by Filter: 19567236
                    ->  Parallel Hash  (cost=72612.83..72612.83 rows=1989 width=25) (actual time=440.077..440.078 rows=1585 loops=3)
                          Buckets: 8192  Batches: 1  Memory Usage: 416kB
                          ->  Parallel Seq Scan on part p  (cost=0.00..72612.83 rows=1989 width=25) (actual time=300.015..439.397 rows=1585 loops=3)
                                Filter: ((p_size >= 1) AND ((((p_brand)::text = 'Brand#12'::text) AND ((p_container)::text = ANY ('{""SM CASE"",""SM BOX"",""SM PACK"",""SM PKG""}'::text[])) AND (p_size <= 5)) OR (((p_brand)::text = 'Brand#23'::text) AND ((p_container)::text = ANY ('{""MED BAG"",""MED BOX"",""MED PKG"",""MED PACK""}'::text[])) AND (p_size <= 10)) OR (((p_brand)::text = 'Brand#34'::text) AND ((p_container)::text = ANY ('{""LG CASE"",""LG BOX"",""LG PACK"",""LG PKG""}'::text[])) AND (p_size <= 15))))
                                Rows Removed by Filter: 665082
Planning Time: 0.293 ms
JIT:
  Functions: 59
  Options: Inlining true, Optimization true, Expressions true, Deforming true
  Timing: Generation 5.252 ms, Inlining 167.156 ms, Optimization 403.793 ms, Emission 328.641 ms, Total 904.842 ms
Execution Time: 7502.035 ms","Finalize Aggregate  (cost=1810204.85..1810204.86 rows=1 width=32) (actual time=7460.195..7466.415 rows=1 loops=1)
  ->  Gather  (cost=1810204.63..1810204.84 rows=2 width=32) (actual time=7459.990..7466.395 rows=3 loops=1)
        Workers Planned: 2
        Workers Launched: 2
        ->  Partial Aggregate  (cost=1809204.63..1809204.64 rows=1 width=32) (actual time=7441.948..7441.950 rows=1 loops=3)
              ->  Parallel Hash Join  (cost=72637.69..1809201.09 rows=471 width=12) (actual time=434.656..7441.219 rows=378 loops=3)
                    Hash Cond: (lineitem.l_partkey = part.p_partkey)
                    Join Filter: (((lineitem.l_quantity <= '11'::numeric) AND (lineitem.l_quantity >= '1'::numeric) AND ((part.p_brand)::text = 'Brand#12'::text) AND ((part.p_container)::text = ANY ('{""SM CASE"",""SM BOX"",""SM PACK"",""SM PKG""}'::text[])) AND (part.p_size <= 5)) OR ((lineitem.l_quantity <= '20'::numeric) AND (lineitem.l_quantity >= '10'::numeric) AND ((part.p_brand)::text = 'Brand#23'::text) AND ((part.p_container)::text = ANY ('{""MED BAG"",""MED BOX"",""MED PACK"",""MED PKG""}'::text[])) AND (part.p_size <= 10)) OR ((lineitem.l_quantity <= '30'::numeric) AND (lineitem.l_quantity >= '20'::numeric) AND ((part.p_brand)::text = 'Brand#34'::text) AND ((part.p_container)::text = ANY ('{""LG CASE"",""LG BOX"",""LG PACK"",""LG PKG""}'::text[])) AND (part.p_size <= 15)))
                    Rows Removed by Join Filter: 639
                    ->  Parallel Seq Scan on lineitem  (cost=0.00..1735322.90 rows=472573 width=21) (actual time=0.083..6948.619 rows=428115 loops=3)
                          Filter: (((l_shipmode)::text = ANY ('{AIR,""AIR REG""}'::text[])) AND ((l_shipinstruct)::text = 'DELIVER IN PERSON'::text) AND (((l_quantity <= '11'::numeric) AND (l_quantity >= '1'::numeric)) OR ((l_quantity <= '20'::numeric) AND (l_quantity >= '10'::numeric)) OR ((l_quantity <= '30'::numeric) AND (l_quantity >= '20'::numeric))))
                          Rows Removed by Filter: 19567236
                    ->  Parallel Hash  (cost=72612.83..72612.83 rows=1989 width=25) (actual time=421.162..421.163 rows=1585 loops=3)
                          Buckets: 8192  Batches: 1  Memory Usage: 384kB
                          ->  Parallel Seq Scan on part  (cost=0.00..72612.83 rows=1989 width=25) (actual time=316.196..420.533 rows=1585 loops=3)
                                Filter: ((p_size >= 1) AND ((((p_brand)::text = 'Brand#12'::text) AND ((p_container)::text = ANY ('{""SM CASE"",""SM BOX"",""SM PACK"",""SM PKG""}'::text[])) AND (p_size <= 5)) OR (((p_brand)::text = 'Brand#23'::text) AND ((p_container)::text = ANY ('{""MED BAG"",""MED BOX"",""MED PACK"",""MED PKG""}'::text[])) AND (p_size <= 10)) OR (((p_brand)::text = 'Brand#34'::text) AND ((p_container)::text = ANY ('{""LG CASE"",""LG BOX"",""LG PACK"",""LG PKG""}'::text[])) AND (p_size <= 15))))
                                Rows Removed by Filter: 665082
Planning Time: 0.660 ms
JIT:
  Functions: 59
  Options: Inlining true, Optimization true, Expressions true, Deforming true
  Timing: Generation 5.962 ms, Inlining 183.975 ms, Optimization 435.022 ms, Emission 329.070 ms, Total 954.029 ms
Execution Time: 7468.145 ms",SUCCESS
19,20,TPCH,Q20,"WITH forest_parts AS (
    SELECT p_partkey
    FROM tpch.part
    WHERE p_name LIKE 'forest%'
),
lineitem_agg AS (
    SELECT
        l_partkey,
        l_suppkey,
        0.5 * SUM(l_quantity) AS half_qty
    FROM tpch.lineitem
    WHERE
        l_shipdate >= DATE '1994-01-01'
        AND l_shipdate < DATE '1994-01-01' + INTERVAL '1' YEAR
    GROUP BY l_partkey, l_suppkey
),
qualified_suppliers AS (
    SELECT DISTINCT ps.ps_suppkey
    FROM tpch.partsupp ps
    JOIN forest_parts fp
        ON ps.ps_partkey = fp.p_partkey
    JOIN lineitem_agg la
        ON la.l_partkey = ps.ps_partkey
        AND la.l_suppkey = ps.ps_suppkey
    WHERE ps.ps_availqty > la.half_qty
)
SELECT
    s.s_name,
    s.s_address
FROM tpch.supplier s
JOIN tpch.nation n
    ON s.s_nationkey = n.n_nationkey
JOIN qualified_suppliers qs
    ON s.s_suppkey = qs.ps_suppkey
WHERE
    n.n_name = 'CANADA'
ORDER BY
    s.s_name
LIMIT 10;","selected_lines = lines.WHERE(YEAR(ship_date) == 1994)
selected_parts_supplied = supply_records.WHERE(
    HAS(part.WHERE(STARTSWITH(name, 'forest')))
    & (available_quantity > 0.5 * SUM(selected_lines.quantity))
    & HAS(selected_lines)
)
result = (
    suppliers.CALCULATE(S_NAME=name, S_ADDRESS=address)
    .WHERE(
        (nation.name == 'CANADA')
        & HAS(selected_parts_supplied)
    )
    .TOP_K(10, by=S_NAME.ASC())
)","WITH _s5 AS (
  SELECT
    l_partkey,
    l_suppkey,
    SUM(l_quantity) AS sum_l_quantity
  FROM tpch.lineitem
  WHERE
    EXTRACT(YEAR FROM CAST(l_shipdate AS TIMESTAMP)) = 1994
  GROUP BY
    1,
    2
), _u_0 AS (
  SELECT
    partsupp.ps_suppkey AS _u_1
  FROM tpch.partsupp AS partsupp
  JOIN tpch.part AS part
    ON part.p_name LIKE 'forest%' AND part.p_partkey = partsupp.ps_partkey
  JOIN _s5 AS _s5
    ON _s5.l_partkey = partsupp.ps_partkey
    AND _s5.l_suppkey = partsupp.ps_suppkey
    AND partsupp.ps_availqty > (
      0.5 * COALESCE(_s5.sum_l_quantity, 0)
    )
  GROUP BY
    1
)
SELECT
  supplier.s_name AS S_NAME,
  supplier.s_address AS S_ADDRESS
FROM tpch.supplier AS supplier
JOIN tpch.nation AS nation
  ON nation.n_name = 'CANADA' AND nation.n_nationkey = supplier.s_nationkey
LEFT JOIN _u_0 AS _u_0
  ON _u_0._u_1 = supplier.s_suppkey
WHERE
  NOT _u_0._u_1 IS NULL
ORDER BY
  1 NULLS FIRST
LIMIT 10",16.867796181999893,15.588055171999713,"Limit  (cost=2758754.04..2758837.68 rows=1 width=44) (actual time=18030.340..18085.941 rows=10 loops=1)
  ->  Nested Loop  (cost=2758754.04..2758837.68 rows=1 width=44) (actual time=17822.342..17877.941 rows=10 loops=1)
        Join Filter: (s.s_suppkey = ps.ps_suppkey)
        Rows Removed by Join Filter: 803023
        ->  Gather Merge  (cost=3907.27..3967.22 rows=526 width=48) (actual time=149.761..149.880 rows=28 loops=1)
              Workers Planned: 1
              Workers Launched: 1
              ->  Sort  (cost=2907.26..2908.04 rows=309 width=48) (actual time=79.554..79.558 rows=15 loops=2)
                    Sort Key: s.s_name
                    Sort Method: quicksort  Memory: 398kB
                    Worker 0:  Sort Method: quicksort  Memory: 25kB
                    ->  Hash Join  (cost=12.39..2894.48 rows=309 width=48) (actual time=63.477..75.275 rows=2027 loops=2)
                          Hash Cond: (s.s_nationkey = n.n_nationkey)
                          ->  Parallel Seq Scan on supplier s  (cost=0.00..2724.24 rows=58824 width=52) (actual time=0.015..6.848 rows=50000 loops=2)
                          ->  Hash  (cost=12.38..12.38 rows=1 width=4) (actual time=63.126..63.126 rows=1 loops=2)
                                Buckets: 1024  Batches: 1  Memory Usage: 9kB
                                ->  Seq Scan on nation n  (cost=0.00..12.38 rows=1 width=4) (actual time=63.115..63.117 rows=1 loops=2)
                                      Filter: ((n_name)::text = 'CANADA'::text)
                                      Rows Removed by Filter: 24
        ->  Materialize  (cost=2754846.76..2754846.79 rows=3 width=4) (actual time=630.672..632.095 rows=28680 loops=28)
              ->  Unique  (cost=2754846.76..2754846.78 rows=3 width=4) (actual time=17658.804..17666.944 rows=44482 loops=1)
                    ->  Sort  (cost=2754846.76..2754846.77 rows=3 width=4) (actual time=17658.803..17661.236 rows=58655 loops=1)
                          Sort Key: ps.ps_suppkey
                          Sort Method: quicksort  Memory: 1537kB
                          ->  Nested Loop  (cost=2548283.39..2754846.74 rows=3 width=4) (actual time=11408.848..17650.322 rows=58655 loops=1)
                                Join Filter: (ps.ps_partkey = part.p_partkey)
                                ->  Hash Join  (cost=2548282.96..2723795.29 rows=49121 width=44) (actual time=11408.810..16572.741 rows=58782 loops=1)
                                      Hash Cond: (lineitem.l_partkey = part.p_partkey)
                                      ->  HashAggregate  (cost=2497397.52..2660144.53 rows=4862973 width=40) (actual time=11268.552..15965.264 rows=5441669 loops=1)
                                            Group Key: lineitem.l_partkey, lineitem.l_suppkey
                                            Planned Partitions: 256  Batches: 1281  Memory Usage: 8249kB  Disk Usage: 507312kB
                                            ->  Seq Scan on lineitem  (cost=0.00..1885304.28 rows=9195767 width=13) (actual time=0.033..8127.322 rows=9099165 loops=1)
                                                  Filter: ((l_shipdate >= '1994-01-01'::date) AND (l_shipdate < '1995-01-01 00:00:00'::timestamp without time zone))
                                                  Rows Removed by Filter: 50886887
                                      ->  Hash  (cost=50632.91..50632.91 rows=20202 width=4) (actual time=140.184..140.234 rows=21551 loops=1)
                                            Buckets: 32768  Batches: 1  Memory Usage: 1014kB
                                            ->  Gather  (cost=1000.00..50632.91 rows=20202 width=4) (actual time=0.325..136.966 rows=21551 loops=1)
                                                  Workers Planned: 2
                                                  Workers Launched: 2
                                                  ->  Parallel Seq Scan on part  (cost=0.00..47612.71 rows=8418 width=4) (actual time=58.569..121.590 rows=7184 loops=3)
                                                        Filter: ((p_name)::text ~~ 'forest%'::text)
                                                        Rows Removed by Filter: 659483
                                ->  Index Scan using partsupp_pkey on partsupp ps  (cost=0.43..0.62 rows=1 width=12) (actual time=0.018..0.018 rows=1 loops=58782)
                                      Index Cond: ((ps_partkey = lineitem.l_partkey) AND (ps_suppkey = lineitem.l_suppkey))
                                      Filter: ((ps_availqty)::numeric > ((0.5 * sum(lineitem.l_quantity))))
                                      Rows Removed by Filter: 0
Planning Time: 1.333 ms
JIT:
  Functions: 69
  Options: Inlining true, Optimization true, Expressions true, Deforming true
  Timing: Generation 4.478 ms, Inlining 225.510 ms, Optimization 197.036 ms, Emission 137.684 ms, Total 564.709 ms
Execution Time: 18122.067 ms","Limit  (cost=1540008.83..1540076.68 rows=1 width=44) (actual time=16935.690..16991.789 rows=10 loops=1)
  ->  Nested Loop  (cost=1540008.83..1540076.68 rows=1 width=44) (actual time=16715.223..16771.319 rows=10 loops=1)
        Join Filter: (supplier.s_suppkey = partsupp.ps_suppkey)
        Rows Removed by Join Filter: 803023
        ->  Gather Merge  (cost=3907.27..3967.22 rows=526 width=48) (actual time=23.765..23.885 rows=28 loops=1)
              Workers Planned: 1
              Workers Launched: 1
              ->  Sort  (cost=2907.26..2908.04 rows=309 width=48) (actual time=11.495..11.500 rows=14 loops=2)
                    Sort Key: supplier.s_name NULLS FIRST
                    Sort Method: quicksort  Memory: 399kB
                    Worker 0:  Sort Method: quicksort  Memory: 25kB
                    ->  Hash Join  (cost=12.39..2894.48 rows=309 width=48) (actual time=0.130..9.009 rows=2027 loops=2)
                          Hash Cond: (supplier.s_nationkey = nation.n_nationkey)
                          ->  Parallel Seq Scan on supplier  (cost=0.00..2724.24 rows=58824 width=52) (actual time=0.007..5.437 rows=50000 loops=2)
                          ->  Hash  (cost=12.38..12.38 rows=1 width=4) (actual time=0.232..0.234 rows=1 loops=1)
                                Buckets: 1024  Batches: 1  Memory Usage: 9kB
                                ->  Seq Scan on nation  (cost=0.00..12.38 rows=1 width=4) (actual time=0.226..0.227 rows=1 loops=1)
                                      Filter: ((n_name)::text = 'CANADA'::text)
                                      Rows Removed by Filter: 24
        ->  Materialize  (cost=1536101.56..1536101.57 rows=1 width=4) (actual time=595.558..597.065 rows=28680 loops=28)
              ->  Group  (cost=1536101.56..1536101.57 rows=1 width=4) (actual time=16675.609..16684.418 rows=44482 loops=1)
                    Group Key: partsupp.ps_suppkey
                    ->  Sort  (cost=1536101.56..1536101.56 rows=1 width=4) (actual time=16675.584..16678.203 rows=58655 loops=1)
                          Sort Key: partsupp.ps_suppkey
                          Sort Method: quicksort  Memory: 1537kB
                          ->  Nested Loop  (cost=1488659.08..1536101.55 rows=1 width=4) (actual time=9065.617..16667.329 rows=58655 loops=1)
                                Join Filter: (partsupp.ps_partkey = part.p_partkey)
                                ->  Merge Join  (cost=1488658.65..1527353.44 rows=2963 width=44) (actual time=9065.579..16066.845 rows=58782 loops=1)
                                      Merge Cond: (lineitem.l_partkey = part.p_partkey)
                                      ->  Finalize GroupAggregate  (cost=1436581.07..1474411.96 rows=293303 width=40) (actual time=8919.600..15613.429 rows=5441655 loops=1)
                                            Group Key: lineitem.l_partkey, lineitem.l_suppkey
                                            ->  Gather Merge  (cost=1436581.07..1468245.97 rows=249970 width=40) (actual time=8919.570..11870.222 rows=7571341 loops=1)
                                                  Workers Planned: 2
                                                  Workers Launched: 2
                                                  ->  Partial GroupAggregate  (cost=1435581.04..1438393.21 rows=124985 width=40) (actual time=8838.724..10817.131 rows=2523785 loops=3)
                                                        Group Key: lineitem.l_partkey, lineitem.l_suppkey
                                                        ->  Sort  (cost=1435581.04..1435893.51 rows=124985 width=13) (actual time=8838.670..9240.615 rows=3033053 loops=3)
                                                              Sort Key: lineitem.l_partkey, lineitem.l_suppkey
                                                              Sort Method: external merge  Disk: 61376kB
                                                              Worker 0:  Sort Method: external merge  Disk: 70976kB
                                                              Worker 1:  Sort Method: external merge  Disk: 72656kB
                                                              ->  Parallel Seq Scan on lineitem  (cost=0.00..1422861.69 rows=124985 width=13) (actual time=98.650..7556.773 rows=3033055 loops=3)
                                                                    Filter: (EXTRACT(year FROM (l_shipdate)::timestamp without time zone) = '1994'::numeric)
                                                                    Rows Removed by Filter: 16962296
                                      ->  Sort  (cost=52077.58..52128.08 rows=20202 width=4) (actual time=145.914..148.075 rows=21551 loops=1)
                                            Sort Key: part.p_partkey
                                            Sort Method: quicksort  Memory: 769kB
                                            ->  Gather  (cost=1000.00..50632.91 rows=20202 width=4) (actual time=0.278..143.960 rows=21551 loops=1)
                                                  Workers Planned: 2
                                                  Workers Launched: 2
                                                  ->  Parallel Seq Scan on part  (cost=0.00..47612.71 rows=8418 width=4) (actual time=60.014..126.279 rows=7184 loops=3)
                                                        Filter: ((p_name)::text ~~ 'forest%'::text)
                                                        Rows Removed by Filter: 659483
                                ->  Index Scan using partsupp_pkey on partsupp  (cost=0.43..2.94 rows=1 width=12) (actual time=0.010..0.010 rows=1 loops=58782)
                                      Index Cond: ((ps_partkey = lineitem.l_partkey) AND (ps_suppkey = lineitem.l_suppkey) AND (ps_suppkey IS NOT NULL))
                                      Filter: ((ps_availqty)::numeric > (0.5 * COALESCE((sum(lineitem.l_quantity)), '0'::numeric)))
                                      Rows Removed by Filter: 0
Planning Time: 1.699 ms
JIT:
  Functions: 88
  Options: Inlining true, Optimization true, Expressions true, Deforming true
  Timing: Generation 6.536 ms, Inlining 312.163 ms, Optimization 221.512 ms, Emission 162.709 ms, Total 702.920 ms
Execution Time: 17001.721 ms",SUCCESS
20,21,TPCH,Q21,"SELECT
    s.s_name,
    COUNT(*) AS numwait
FROM tpch.supplier s
JOIN tpch.lineitem l1
    ON s.s_suppkey = l1.l_suppkey
JOIN tpch.orders o
    ON o.o_orderkey = l1.l_orderkey
JOIN tpch.nation n
    ON s.s_nationkey = n.n_nationkey
WHERE o.o_orderstatus = 'F'
  AND l1.l_receiptdate > l1.l_commitdate
  AND EXISTS (
      SELECT 1
      FROM tpch.lineitem l2
      WHERE l2.l_orderkey = l1.l_orderkey
        AND l2.l_suppkey <> l1.l_suppkey
  )
  AND NOT EXISTS (
      SELECT 1
      FROM tpch.lineitem l3
      WHERE l3.l_orderkey = l1.l_orderkey
        AND l3.l_suppkey <> l1.l_suppkey
        AND l3.l_receiptdate > l3.l_commitdate
  )
  AND n.n_name = 'SAUDI ARABIA'
GROUP BY s.s_name
ORDER BY numwait DESC, s.s_name
LIMIT 10;","date_check = receipt_date > commit_date
waiting_entries = (
    lines.CALCULATE(original_key=supplier_key)
    .WHERE(date_check)
    .order.WHERE(
        (order_status == ""F"")
        & HAS(lines.WHERE(supplier_key != original_key))
        & HASNOT(lines.WHERE((supplier_key != original_key) & date_check))
    )
)
result = (
    suppliers.WHERE(nation.name == ""SAUDI ARABIA"")
    .CALCULATE(
        S_NAME=name,
        NUMWAIT=COUNT(waiting_entries),
    )
    .TOP_K(
        10,
        by=(NUMWAIT.DESC(), S_NAME.ASC()),
    )
)","WITH _t5 AS (
  SELECT
    l_commitdate,
    l_linenumber,
    l_orderkey,
    l_receiptdate,
    l_suppkey
  FROM tpch.lineitem
  WHERE
    l_commitdate < l_receiptdate
), _t3 AS (
  SELECT
    _t5.l_linenumber,
    _t5.l_orderkey,
    orders.o_orderkey,
    MAX(_t5.l_suppkey) AS anything_l_suppkey,
    MAX(orders.o_orderstatus) AS anything_o_orderstatus
  FROM _t5 AS _t5
  JOIN tpch.orders AS orders
    ON _t5.l_orderkey = orders.o_orderkey
  JOIN tpch.lineitem AS lineitem
    ON _t5.l_suppkey <> lineitem.l_suppkey AND lineitem.l_orderkey = orders.o_orderkey
  GROUP BY
    1,
    2,
    3
), _u_0 AS (
  SELECT
    _t6.l_linenumber AS _u_1,
    _t6.l_orderkey AS _u_2
  FROM _t5 AS _t6
  JOIN tpch.lineitem AS lineitem
    ON _t6.l_orderkey = lineitem.l_orderkey
    AND _t6.l_suppkey <> lineitem.l_suppkey
    AND lineitem.l_commitdate < lineitem.l_receiptdate
  GROUP BY
    1,
    2
), _s11 AS (
  SELECT
    _t3.anything_l_suppkey
  FROM _t3 AS _t3
  LEFT JOIN _u_0 AS _u_0
    ON _t3.l_linenumber = _u_0._u_1
    AND _t3.l_orderkey = _u_0._u_2
    AND _t3.o_orderkey = _u_0._u_2
  WHERE
    _t3.anything_o_orderstatus = 'F' AND _u_0._u_1 IS NULL
)
SELECT
  MAX(supplier.s_name) AS S_NAME,
  COUNT(_s11.anything_l_suppkey) AS NUMWAIT
FROM tpch.supplier AS supplier
JOIN tpch.nation AS nation
  ON nation.n_name = 'SAUDI ARABIA' AND nation.n_nationkey = supplier.s_nationkey
LEFT JOIN _s11 AS _s11
  ON _s11.anything_l_suppkey = supplier.s_suppkey
GROUP BY
  supplier.s_suppkey
ORDER BY
  2 DESC NULLS LAST,
  1 NULLS FIRST
LIMIT 10",10.134390237999924,259.5530814059998,"Limit  (cost=1752317.72..1752317.73 rows=1 width=27) (actual time=10648.862..10649.141 rows=10 loops=1)
  ->  Sort  (cost=1752317.72..1752317.73 rows=1 width=27) (actual time=10444.323..10444.601 rows=10 loops=1)
        Sort Key: (count(*)) DESC, s.s_name
        Sort Method: top-N heapsort  Memory: 26kB
        ->  GroupAggregate  (cost=1752317.69..1752317.71 rows=1 width=27) (actual time=10439.035..10444.108 rows=4009 loops=1)
              Group Key: s.s_name
              ->  Sort  (cost=1752317.69..1752317.70 rows=1 width=19) (actual time=10438.995..10440.796 rows=39448 loops=1)
                    Sort Key: s.s_name
                    Sort Method: quicksort  Memory: 2769kB
                    ->  Nested Loop  (cost=3899.91..1752317.68 rows=1 width=19) (actual time=238.183..10333.354 rows=39448 loops=1)
                          ->  Nested Loop Semi Join  (cost=3899.48..1752310.52 rows=1 width=27) (actual time=238.165..9824.398 rows=81045 loops=1)
                                ->  Gather  (cost=3898.91..1752109.09 rows=1 width=27) (actual time=238.155..9147.152 rows=135716 loops=1)
                                      Workers Planned: 2
                                      Workers Launched: 2
                                      ->  Nested Loop Anti Join  (cost=2898.91..1751108.99 rows=1 width=27) (actual time=221.405..9904.212 rows=45239 loops=3)
                                            ->  Parallel Hash Join  (cost=2898.35..1332272.30 rows=42688 width=27) (actual time=221.122..7407.423 rows=507455 loops=3)
                                                  Hash Cond: (l1.l_suppkey = s.s_suppkey)
                                                  ->  Parallel Seq Scan on lineitem l1  (cost=0.00..1297877.21 rows=8332299 width=8) (actual time=0.042..5692.481 rows=12643116 loops=3)
                                                        Filter: (l_receiptdate > l_commitdate)
                                                        Rows Removed by Filter: 7352235
                                                  ->  Parallel Hash  (cost=2894.48..2894.48 rows=309 width=23) (actual time=220.328..220.330 rows=1337 loops=3)
                                                        Buckets: 4096 (originally 1024)  Batches: 1 (originally 1)  Memory Usage: 344kB
                                                        ->  Hash Join  (cost=12.39..2894.48 rows=309 width=23) (actual time=140.162..148.279 rows=1337 loops=3)
                                                              Hash Cond: (s.s_nationkey = n.n_nationkey)
                                                              ->  Parallel Seq Scan on supplier s  (cost=0.00..2724.24 rows=58824 width=27) (actual time=0.013..4.790 rows=33333 loops=3)
                                                              ->  Hash  (cost=12.38..12.38 rows=1 width=4) (actual time=140.123..140.123 rows=1 loops=3)
                                                                    Buckets: 1024  Batches: 1  Memory Usage: 9kB
                                                                    ->  Seq Scan on nation n  (cost=0.00..12.38 rows=1 width=4) (actual time=140.114..140.115 rows=1 loops=3)
                                                                          Filter: ((n_name)::text = 'SAUDI ARABIA'::text)
                                                                          Rows Removed by Filter: 24
                                            ->  Index Scan using lineitem_pkey on lineitem l3  (cost=0.56..201.73 rows=43 width=8) (actual time=0.005..0.005 rows=1 loops=1522366)
                                                  Index Cond: (l_orderkey = l1.l_orderkey)
                                                  Filter: ((l_receiptdate > l_commitdate) AND (l_suppkey <> l1.l_suppkey))
                                                  Rows Removed by Filter: 1
                                ->  Index Scan using lineitem_pkey on lineitem l2  (cost=0.56..201.41 rows=128 width=8) (actual time=0.005..0.005 rows=1 loops=135716)
                                      Index Cond: (l_orderkey = l1.l_orderkey)
                                      Filter: (l_suppkey <> l1.l_suppkey)
                                      Rows Removed by Filter: 1
                          ->  Index Scan using orders_pkey on orders o  (cost=0.43..7.17 rows=1 width=4) (actual time=0.006..0.006 rows=0 loops=81045)
                                Index Cond: (o_orderkey = l1.l_orderkey)
                                Filter: (o_orderstatus = 'F'::bpchar)
                                Rows Removed by Filter: 1
Planning Time: 3.070 ms
JIT:
  Functions: 105
  Options: Inlining true, Optimization true, Expressions true, Deforming true
  Timing: Generation 6.564 ms, Inlining 120.004 ms, Optimization 301.468 ms, Emission 203.167 ms, Total 631.202 ms
Execution Time: 10650.758 ms","Limit  (cost=55618264.89..55618264.92 rows=10 width=44) (actual time=291784.568..291784.580 rows=10 loops=1)
  CTE _t5
    ->  Seq Scan on lineitem lineitem_2  (cost=0.00..1735322.90 rows=19997517 width=20) (actual time=0.020..11553.668 rows=37929348 loops=1)
          Filter: (l_commitdate < l_receiptdate)
          Rows Removed by Filter: 22056704
  ->  Sort  (cost=53882941.99..53882943.31 rows=526 width=44) (actual time=291443.485..291443.494 rows=10 loops=1)
        Sort Key: (count(_t3.anything_l_suppkey)) DESC NULLS LAST, (max((supplier.s_name)::text)) NULLS FIRST
        Sort Method: top-N heapsort  Memory: 26kB
        ->  GroupAggregate  (cost=53876662.25..53882930.63 rows=526 width=44) (actual time=291300.238..291442.733 rows=4010 loops=1)
              Group Key: supplier.s_suppkey
              ->  Merge Left Join  (cost=53876662.25..53882921.42 rows=526 width=27) (actual time=291300.152..291438.702 rows=39449 loops=1)
                    Merge Cond: (supplier.s_suppkey = _t3.anything_l_suppkey)
                    ->  Nested Loop  (cost=0.29..6257.26 rows=526 width=23) (actual time=0.076..31.330 rows=4010 loops=1)
                          Join Filter: (nation.n_nationkey = supplier.s_nationkey)
                          Rows Removed by Join Filter: 95990
                          ->  Index Scan using supplier_pkey on supplier  (cost=0.29..4744.89 rows=100000 width=27) (actual time=0.016..11.900 rows=100000 loops=1)
                          ->  Materialize  (cost=0.00..12.38 rows=1 width=4) (actual time=0.000..0.000 rows=1 loops=100000)
                                ->  Seq Scan on nation  (cost=0.00..12.38 rows=1 width=4) (actual time=0.028..0.029 rows=1 loops=1)
                                      Filter: ((n_name)::text = 'SAUDI ARABIA'::text)
                                      Rows Removed by Filter: 24
                    ->  Sort  (cost=53876661.96..53876662.39 rows=175 width=4) (actual time=291299.949..291358.549 rows=990375 loops=1)
                          Sort Key: _t3.anything_l_suppkey
                          Sort Method: external sort  Disk: 15552kB
                          ->  Hash Right Anti Join  (cost=53875517.31..53876655.44 rows=175 width=4) (actual time=284014.880..291065.886 rows=990572 loops=1)
                                Hash Cond: ((_t6.l_linenumber = _t3.l_linenumber) AND (_t6.l_orderkey = _t3.l_orderkey) AND (_t6.l_orderkey = _t3.o_orderkey))
                                ->  HashAggregate  (cost=20903692.71..20904092.71 rows=40000 width=8) (actual time=63351.777..90469.342 rows=34557064 loops=1)
                                      Group Key: _t6.l_linenumber, _t6.l_orderkey
                                      Batches: 1925  Memory Usage: 10033kB  Disk Usage: 2747312kB
                                      ->  Hash Join  (cost=2063407.86..16641627.49 rows=852413044 width=8) (actual time=16641.084..46834.481 rows=95916266 loops=1)
                                            Hash Cond: (_t6.l_orderkey = lineitem.l_orderkey)
                                            Join Filter: (_t6.l_suppkey <> lineitem.l_suppkey)
                                            Rows Removed by Join Filter: 37930326
                                            ->  CTE Scan on _t5 _t6  (cost=0.00..399950.34 rows=19997517 width=12) (actual time=0.295..7042.159 rows=37929348 loops=1)
                                            ->  Hash  (cost=1735322.90..1735322.90 rows=19997517 width=8) (actual time=16633.113..16633.114 rows=37929348 loops=1)
                                                  Buckets: 262144 (originally 262144)  Batches: 256 (originally 128)  Memory Usage: 7825kB
                                                  ->  Seq Scan on lineitem  (cost=0.00..1735322.90 rows=19997517 width=8) (actual time=0.036..11622.524 rows=37929348 loops=1)
                                                        Filter: (l_commitdate < l_receiptdate)
                                                        Rows Removed by Filter: 22056704
                                ->  Hash  (cost=32971821.10..32971821.10 rows=200 width=16) (actual time=188369.945..188369.949 rows=17654363 loops=1)
                                      Buckets: 262144 (originally 1024)  Batches: 256 (originally 1)  Memory Usage: 6145kB
                                      ->  Subquery Scan on _t3  (cost=32971319.10..32971821.10 rows=200 width=16) (actual time=129938.747..185309.543 rows=17654363 loops=1)
                                            ->  HashAggregate  (cost=32971319.10..32971819.10 rows=200 width=48) (actual time=129938.743..183979.955 rows=17654363 loops=1)
                                                  Group Key: _t5.l_linenumber, _t5.l_orderkey
                                                  Filter: (max(orders.o_orderstatus) = 'F'::bpchar)
                                                  Batches: 1029  Memory Usage: 8241kB  Disk Usage: 5880584kB
                                                  Rows Removed by Filter: 18919625
                                                  ->  Hash Join  (cost=3961253.89..7398927.35 rows=2557239175 width=18) (actual time=40943.488..99566.095 rows=151691143 loops=1)
                                                        Hash Cond: (_t5.l_orderkey = orders.o_orderkey)
                                                        Join Filter: (_t5.l_suppkey <> lineitem_1.l_suppkey)
                                                        Rows Removed by Join Filter: 37930892
                                                        ->  CTE Scan on _t5  (cost=0.00..399950.34 rows=19997517 width=12) (actual time=0.028..20760.293 rows=37929348 loops=1)
                                                        ->  Hash  (cost=2918413.99..2918413.99 rows=59992552 width=14) (actual time=40929.849..40929.851 rows=59986052 loops=1)
                                                              Buckets: 262144  Batches: 512  Memory Usage: 7555kB
                                                              ->  Hash Join  (cost=648301.98..2918413.99 rows=59992552 width=14) (actual time=3148.678..32751.572 rows=59986052 loops=1)
                                                                    Hash Cond: (lineitem_1.l_orderkey = orders.o_orderkey)
                                                                    ->  Seq Scan on lineitem lineitem_1  (cost=0.00..1585341.52 rows=59992552 width=8) (actual time=0.005..10626.511 rows=59986052 loops=1)
                                                                    ->  Hash  (cost=402192.88..402192.88 rows=15000888 width=6) (actual time=3146.099..3146.100 rows=15000000 loops=1)
                                                                          Buckets: 262144  Batches: 128  Memory Usage: 6391kB
                                                                          ->  Seq Scan on orders  (cost=0.00..402192.88 rows=15000888 width=6) (actual time=0.028..1383.617 rows=15000000 loops=1)
Planning Time: 2.478 ms
JIT:
  Functions: 80
  Options: Inlining true, Optimization true, Expressions true, Deforming true
  Timing: Generation 3.899 ms, Inlining 39.288 ms, Optimization 236.265 ms, Emission 154.068 ms, Total 433.520 ms
Execution Time: 292217.121 ms",SUCCESS
21,22,TPCH,Q22,"SELECT
    cntrycode,
    COUNT(*) AS numcust,
    SUM(c_acctbal) AS totacctbal
FROM (
    SELECT
        SUBSTRING(c.c_phone FROM 1 FOR 2) AS cntrycode,
        c.c_acctbal
    FROM tpch.customer c
    WHERE SUBSTRING(c.c_phone FROM 1 FOR 2) IN
          ('13', '31', '23', '29', '30', '18', '17')
      AND c.c_acctbal > (
          SELECT AVG(c2.c_acctbal)
          FROM tpch.customer c2
          WHERE c2.c_acctbal > 0.00
            AND SUBSTRING(c2.c_phone FROM 1 FOR 2) IN
                ('13', '31', '23', '29', '30', '18', '17')
      )
      AND NOT EXISTS (
          SELECT 1
          FROM tpch.orders o
          WHERE o.o_custkey = c.c_custkey
      )
) AS custsale
GROUP BY cntrycode
ORDER BY cntrycode;","is_selected_code = ISIN(cntry_code, (""13"", ""31"", ""23"", ""29"", ""30"", ""18"", ""17""))
selected_customers = customers.CALCULATE(cntry_code=phone[:2]).WHERE(
    is_selected_code
)
result = (
    TPCH.CALCULATE(
        global_avg_balance=AVG(
            selected_customers.WHERE(account_balance > 0.0).account_balance
        )
    )
    .customers.CALCULATE(cntry_code=phone[:2])
    .WHERE(
        is_selected_code & (account_balance > global_avg_balance) & HASNOT(orders)
    )
    .PARTITION(
        name=""countries"",
        by=cntry_code,
    )
    .CALCULATE(
        CNTRYCODE=cntry_code,
        NUMCUST=COUNT(customers),
        TOTACCTBAL=SUM(customers.account_balance),
    )
    .ORDER_BY(CNTRYCODE.ASC())
)","WITH _s0 AS (
  SELECT
    AVG(CAST(c_acctbal AS DECIMAL)) AS avg_c_acctbal
  FROM tpch.customer
  WHERE
    SUBSTRING(c_phone FROM 1 FOR 2) IN ('13', '31', '23', '29', '30', '18', '17')
    AND c_acctbal > 0.0
), _u_0 AS (
  SELECT
    o_custkey AS _u_1
  FROM tpch.orders
  GROUP BY
    1
)
SELECT
  SUBSTRING(customer.c_phone FROM 1 FOR 2) AS CNTRYCODE,
  COUNT(*) AS NUMCUST,
  COALESCE(SUM(customer.c_acctbal), 0) AS TOTACCTBAL
FROM _s0 AS _s0
JOIN tpch.customer AS customer
  ON SUBSTRING(customer.c_phone FROM 1 FOR 2) IN ('13', '31', '23', '29', '30', '18', '17')
  AND _s0.avg_c_acctbal < customer.c_acctbal
LEFT JOIN _u_0 AS _u_0
  ON _u_0._u_1 = customer.c_custkey
WHERE
  _u_0._u_1 IS NULL
GROUP BY
  1
ORDER BY
  1 NULLS FIRST",1.43681896399994,4.775585220000266,"Finalize GroupAggregate  (cost=477150.76..478032.66 rows=6787 width=72) (actual time=1818.837..1826.110 rows=7 loops=1)
  Group Key: (SUBSTRING(c.c_phone FROM 1 FOR 2))
  InitPlan 1 (returns $1)
    ->  Finalize Aggregate  (cost=51638.37..51638.38 rows=1 width=32) (actual time=233.565..233.704 rows=1 loops=1)
          ->  Gather  (cost=51638.15..51638.36 rows=2 width=32) (actual time=233.405..233.662 rows=3 loops=1)
                Workers Planned: 2
                Workers Launched: 2
                ->  Partial Aggregate  (cost=50638.15..50638.16 rows=1 width=32) (actual time=220.396..220.397 rows=1 loops=3)
                      ->  Parallel Seq Scan on customer c2  (cost=0.00..50588.46 rows=19874 width=6) (actual time=8.959..206.908 rows=127259 loops=3)
                            Filter: ((c_acctbal > 0.00) AND (SUBSTRING(c_phone FROM 1 FOR 2) = ANY ('{13,31,23,29,30,18,17}'::text[])))
                            Rows Removed by Filter: 372741
  ->  Gather Merge  (cost=425512.37..426235.92 rows=5656 width=72) (actual time=1818.805..1825.931 rows=7 loops=1)
        Workers Planned: 2
        Params Evaluated: $1
        Workers Launched: 2
        ->  Partial GroupAggregate  (cost=424512.35..424583.05 rows=2828 width=72) (actual time=1541.235..1544.361 rows=2 loops=3)
              Group Key: (SUBSTRING(c.c_phone FROM 1 FOR 2))
              ->  Sort  (cost=424512.35..424519.42 rows=2828 width=38) (actual time=1540.742..1541.827 rows=21305 loops=3)
                    Sort Key: (SUBSTRING(c.c_phone FROM 1 FOR 2))
                    Sort Method: quicksort  Memory: 25kB
                    Worker 0:  Sort Method: quicksort  Memory: 4028kB
                    Worker 1:  Sort Method: quicksort  Memory: 25kB
                    ->  Parallel Hash Right Anti Join  (cost=50679.61..424350.23 rows=2828 width=38) (actual time=1531.476..1536.438 rows=21305 loops=3)
                          Hash Cond: (o.o_custkey = c.c_custkey)
                          ->  Parallel Seq Scan on orders o  (cost=0.00..314687.70 rows=6250370 width=4) (actual time=0.021..521.669 rows=5000000 loops=3)
                          ->  Parallel Hash  (cost=50588.46..50588.46 rows=7292 width=26) (actual time=200.385..200.386 rows=63564 loops=3)
                                Buckets: 262144 (originally 32768)  Batches: 1 (originally 1)  Memory Usage: 15840kB
                                ->  Parallel Seq Scan on customer c  (cost=0.00..50588.46 rows=7292 width=26) (actual time=6.592..175.763 rows=63564 loops=3)
                                      Filter: ((c_acctbal > $1) AND (SUBSTRING(c_phone FROM 1 FOR 2) = ANY ('{13,31,23,29,30,18,17}'::text[])))
                                      Rows Removed by Filter: 436436
Planning Time: 0.234 ms
JIT:
  Functions: 71
  Options: Inlining false, Optimization false, Expressions true, Deforming true
  Timing: Generation 4.045 ms, Inlining 0.000 ms, Optimization 1.984 ms, Emission 44.680 ms, Total 50.709 ms
Execution Time: 1827.467 ms","GroupAggregate  (cost=1127511.28..1127730.03 rows=8750 width=72) (actual time=5224.942..5233.691 rows=7 loops=1)
  Group Key: (SUBSTRING(customer.c_phone FROM 1 FOR 2))
  ->  Sort  (cost=1127511.28..1127533.16 rows=8750 width=38) (actual time=5223.460..5226.330 rows=63914 loops=1)
        Sort Key: (SUBSTRING(customer.c_phone FROM 1 FOR 2)) NULLS FIRST
        Sort Method: quicksort  Memory: 4028kB
        ->  Hash Right Anti Join  (cost=1099833.59..1126938.38 rows=8750 width=38) (actual time=5155.169..5212.932 rows=63914 loops=1)
              Hash Cond: (orders.o_custkey = customer.c_custkey)
              ->  Finalize HashAggregate  (cost=992043.97..1015576.03 rows=918324 width=4) (actual time=3885.864..4336.227 rows=999982 loops=1)
                    Group Key: orders.o_custkey
                    Planned Partitions: 16  Batches: 81  Memory Usage: 10385kB  Disk Usage: 64336kB
                    ->  Gather  (cost=651645.09..893324.14 rows=1836648 width=4) (actual time=2256.740..3265.452 rows=2935384 loops=1)
                          Workers Planned: 2
                          Workers Launched: 2
                          ->  Partial HashAggregate  (cost=650645.09..708659.34 rows=918324 width=4) (actual time=2238.348..3072.328 rows=978461 loops=3)
                                Group Key: orders.o_custkey
                                Planned Partitions: 16  Batches: 81  Memory Usage: 10641kB  Disk Usage: 129776kB
                                Worker 0:  Batches: 81  Memory Usage: 10385kB  Disk Usage: 113520kB
                                Worker 1:  Batches: 81  Memory Usage: 10385kB  Disk Usage: 178464kB
                                ->  Parallel Seq Scan on orders  (cost=0.00..314687.70 rows=6250370 width=4) (actual time=0.033..523.049 rows=5000000 loops=3)
              ->  Hash  (cost=107570.86..107570.86 rows=17501 width=26) (actual time=706.270..706.369 rows=190691 loops=1)
                    Buckets: 131072 (originally 32768)  Batches: 2 (originally 1)  Memory Usage: 7169kB
                    ->  Nested Loop  (cost=52638.37..107570.86 rows=17501 width=26) (actual time=379.120..660.858 rows=190691 loops=1)
                          Join Filter: ((avg((customer_1.c_acctbal)::numeric)) < customer.c_acctbal)
                          Rows Removed by Join Filter: 229283
                          ->  Finalize Aggregate  (cost=51638.37..51638.38 rows=1 width=32) (actual time=378.843..378.891 rows=1 loops=1)
                                ->  Gather  (cost=51638.15..51638.36 rows=2 width=32) (actual time=378.687..378.859 rows=3 loops=1)
                                      Workers Planned: 2
                                      Workers Launched: 2
                                      ->  Partial Aggregate  (cost=50638.15..50638.16 rows=1 width=32) (actual time=362.064..362.065 rows=1 loops=3)
                                            ->  Parallel Seq Scan on customer customer_1  (cost=0.00..50588.46 rows=19874 width=6) (actual time=158.934..348.349 rows=127259 loops=3)
                                                  Filter: ((c_acctbal > 0.0) AND (SUBSTRING(c_phone FROM 1 FOR 2) = ANY ('{13,31,23,29,30,18,17}'::text[])))
                                                  Rows Removed by Filter: 372741
                          ->  Gather  (cost=1000.00..55276.19 rows=52503 width=26) (actual time=0.269..212.076 rows=419974 loops=1)
                                Workers Planned: 2
                                Workers Launched: 2
                                ->  Parallel Seq Scan on customer  (cost=0.00..49025.89 rows=21876 width=26) (actual time=63.075..244.134 rows=139991 loops=3)
                                      Filter: (SUBSTRING(c_phone FROM 1 FOR 2) = ANY ('{13,31,23,29,30,18,17}'::text[]))
                                      Rows Removed by Filter: 360009
Planning Time: 0.212 ms
JIT:
  Functions: 69
  Options: Inlining true, Optimization true, Expressions true, Deforming true
  Timing: Generation 4.109 ms, Inlining 447.345 ms, Optimization 254.745 ms, Emission 189.952 ms, Total 896.152 ms
Execution Time: 5260.713 ms",SUCCESS
22,23,TPCDS,Q1,"WITH customer_total_return AS (
    SELECT
        sr_customer_sk  AS ctr_customer_sk,
        sr_store_sk     AS ctr_store_sk,
        SUM(sr_return_amt) AS ctr_total_return
    FROM tpcds.store_returns
    JOIN tpcds.date_dim ON sr_returned_date_sk = d_date_sk AND d_year = 2000
    GROUP BY sr_customer_sk, sr_store_sk
),
store_avg AS (
    SELECT
        ctr_store_sk,
        AVG(ctr_total_return) * 1.2 AS avg_return_threshold
    FROM customer_total_return
    GROUP BY ctr_store_sk
)
SELECT c_customer_id
FROM customer_total_return ctr1
JOIN tpcds.store     ON s_store_sk = ctr1.ctr_store_sk AND s_state = 'TN'
JOIN tpcds.customer  ON ctr1.ctr_customer_sk = c_customer_sk
JOIN store_avg       ON ctr1.ctr_store_sk = store_avg.ctr_store_sk
WHERE ctr1.ctr_total_return > store_avg.avg_return_threshold
ORDER BY c_customer_id
LIMIT 10;","result = (store_returns.WHERE(
    (store.state == ""TN"") & (returned_date.year == 2000)
).PARTITION(
    name=""store_customer_groups"",
    by=(customer_key, store_key)
).CALCULATE(
    customer_total=SUM(store_returns.amount)
).PARTITION(
    name=""store_groups"", by=store_key
).CALCULATE(
    store_avg=1.2 * AVG(store_customer_groups.customer_total)
).store_customer_groups.WHERE(
    customer_total > store_avg
).store_returns.customer.CALCULATE(
    c_customer_id=_id
).TOP_K(10, by=c_customer_id))","WITH _s0 AS (
  SELECT
    sr_customer_sk,
    sr_return_amt,
    sr_returned_date_sk,
    sr_store_sk
  FROM tpcds.store_returns
), _t3 AS (
  SELECT
    s_state,
    s_store_sk
  FROM tpcds.store
  WHERE
    s_state = 'TN'
), _t4 AS (
  SELECT
    d_date_sk,
    d_year
  FROM tpcds.date_dim
  WHERE
    d_year = 2000
), _t1 AS (
  SELECT
    _s0.sr_store_sk,
    SUM(_s0.sr_return_amt) AS sum_sr_return_amt
  FROM _s0 AS _s0
  JOIN _t3 AS _t3
    ON _s0.sr_store_sk = _t3.s_store_sk
  JOIN _t4 AS _t4
    ON _s0.sr_returned_date_sk = _t4.d_date_sk
  GROUP BY
    _s0.sr_customer_sk,
    1
), _s8 AS (
  SELECT
    sr_store_sk,
    AVG(CAST(COALESCE(sum_sr_return_amt, 0) AS DECIMAL)) AS avg_customer_total
  FROM _t1
  GROUP BY
    1
), _s9 AS (
  SELECT
    _s4.sr_customer_sk,
    _s4.sr_store_sk,
    SUM(_s4.sr_return_amt) AS sum_sr_return_amt
  FROM _s0 AS _s4
  JOIN _t3 AS _t6
    ON _s4.sr_store_sk = _t6.s_store_sk
  JOIN _t4 AS _t7
    ON _s4.sr_returned_date_sk = _t7.d_date_sk
  GROUP BY
    1,
    2
)
SELECT
  customer.c_customer_id
FROM _s8 AS _s8
JOIN _s9 AS _s9
  ON (
    1.2 * _s8.avg_customer_total
  ) < COALESCE(_s9.sum_sr_return_amt, 0)
  AND _s8.sr_store_sk = _s9.sr_store_sk
JOIN tpcds.store_returns AS store_returns
  ON _s9.sr_customer_sk = store_returns.sr_customer_sk
  AND _s9.sr_store_sk = store_returns.sr_store_sk
JOIN _t3 AS _t8
  ON _t8.s_store_sk = store_returns.sr_store_sk
JOIN _t4 AS _t9
  ON _t9.d_date_sk = store_returns.sr_returned_date_sk
JOIN tpcds.customer AS customer
  ON customer.c_customer_sk = store_returns.sr_customer_sk
ORDER BY
  1 NULLS FIRST
LIMIT 10",2.011927164000099,4.543726749000143,"Limit  (cost=115420.71..115420.73 rows=10 width=17) (actual time=1418.169..1418.445 rows=10 loops=1)
  CTE customer_total_return
    ->  Finalize GroupAggregate  (cost=83000.87..84739.66 rows=13756 width=48) (actual time=328.690..834.299 rows=539331 loops=1)
          Group Key: store_returns.sr_customer_sk, store_returns.sr_store_sk
          ->  Gather Merge  (cost=83000.87..84453.07 rows=11464 width=48) (actual time=328.672..524.384 rows=543072 loops=1)
                Workers Planned: 2
                Workers Launched: 2
                ->  Partial GroupAggregate  (cost=82000.84..82129.81 rows=5732 width=48) (actual time=311.420..448.519 rows=181024 loops=3)
                      Group Key: store_returns.sr_customer_sk, store_returns.sr_store_sk
                      ->  Sort  (cost=82000.84..82015.17 rows=5732 width=22) (actual time=311.384..334.552 rows=185902 loops=3)
                            Sort Key: store_returns.sr_customer_sk, store_returns.sr_store_sk
                            Sort Method: external merge  Disk: 5440kB
                            Worker 0:  Sort Method: external merge  Disk: 5016kB
                            Worker 1:  Sort Method: external merge  Disk: 7312kB
                            ->  Parallel Hash Join  (cost=2571.79..81643.03 rows=5732 width=22) (actual time=9.530..248.658 rows=185902 loops=3)
                                  Hash Cond: (store_returns.sr_returned_date_sk = date_dim.d_date_sk)
                                  ->  Parallel Seq Scan on store_returns  (cost=0.00..74541.47 rows=1198947 width=30) (actual time=0.020..111.289 rows=959177 loops=3)
                                  ->  Parallel Hash  (cost=2569.12..2569.12 rows=213 width=8) (actual time=3.101..3.102 rows=122 loops=3)
                                        Buckets: 1024  Batches: 1  Memory Usage: 40kB
                                        ->  Parallel Seq Scan on date_dim  (cost=0.00..2569.12 rows=213 width=8) (actual time=4.555..9.191 rows=366 loops=1)
                                              Filter: (d_year = 2000)
                                              Rows Removed by Filter: 72683
  ->  Sort  (cost=30681.05..30682.83 rows=711 width=17) (actual time=1398.250..1398.254 rows=10 loops=1)
        Sort Key: customer.c_customer_id
        Sort Method: top-N heapsort  Memory: 25kB
        ->  Hash Join  (cost=26896.06..30665.69 rows=711 width=17) (actual time=1201.817..1389.753 rows=45702 loops=1)
              Hash Cond: (ctr1.ctr_customer_sk = customer.c_customer_sk)
              ->  Hash Join  (cost=356.06..691.91 rows=711 width=8) (actual time=1072.160..1222.645 rows=45719 loops=1)
                    Hash Cond: (ctr1.ctr_store_sk = store.s_store_sk)
                    ->  Hash Join  (cost=349.40..660.94 rows=4585 width=24) (actual time=1072.097..1210.798 rows=137685 loops=1)
                          Hash Cond: (ctr1.ctr_store_sk = customer_total_return.ctr_store_sk)
                          Join Filter: (ctr1.ctr_total_return > ((avg(customer_total_return.ctr_total_return) * 1.2)))
                          Rows Removed by Join Filter: 396509
                          ->  CTE Scan on customer_total_return ctr1  (cost=0.00..275.12 rows=13756 width=48) (actual time=328.692..368.788 rows=539331 loops=1)
                          ->  Hash  (cost=346.90..346.90 rows=200 width=40) (actual time=743.359..743.360 rows=51 loops=1)
                                Buckets: 1024  Batches: 1  Memory Usage: 11kB
                                ->  HashAggregate  (cost=343.90..346.90 rows=200 width=40) (actual time=743.315..743.343 rows=52 loops=1)
                                      Group Key: customer_total_return.ctr_store_sk
                                      Batches: 1  Memory Usage: 64kB
                                      ->  CTE Scan on customer_total_return  (cost=0.00..275.12 rows=13756 width=40) (actual time=0.001..635.942 rows=539331 loops=1)
                    ->  Hash  (cost=6.28..6.28 rows=31 width=8) (actual time=0.050..0.051 rows=31 loops=1)
                          Buckets: 1024  Batches: 1  Memory Usage: 10kB
                          ->  Seq Scan on store  (cost=0.00..6.28 rows=31 width=8) (actual time=0.014..0.044 rows=31 loops=1)
                                Filter: ((s_state)::text = 'TN'::text)
                                Rows Removed by Filter: 71
              ->  Hash  (cost=16872.00..16872.00 rows=500000 width=25) (actual time=129.317..129.318 rows=500000 loops=1)
                    Buckets: 131072  Batches: 8  Memory Usage: 4929kB
                    ->  Seq Scan on customer  (cost=0.00..16872.00 rows=500000 width=25) (actual time=0.025..56.517 rows=500000 loops=1)
Planning Time: 0.281 ms
JIT:
  Functions: 90
  Options: Inlining false, Optimization false, Expressions true, Deforming true
  Timing: Generation 3.846 ms, Inlining 0.000 ms, Optimization 1.646 ms, Emission 37.029 ms, Total 42.521 ms
Execution Time: 1423.550 ms","Limit  (cost=581621.58..581621.60 rows=10 width=17) (actual time=5907.428..5907.447 rows=10 loops=1)
  CTE _s0
    ->  Seq Scan on store_returns store_returns_1  (cost=0.00..91326.73 rows=2877473 width=30) (actual time=0.010..369.467 rows=2877532 loops=1)
  CTE _t3
    ->  Seq Scan on store  (cost=0.00..6.28 rows=31 width=11) (actual time=0.011..0.040 rows=31 loops=1)
          Filter: ((s_state)::text = 'TN'::text)
          Rows Removed by Filter: 71
  CTE _t4
    ->  Seq Scan on date_dim  (cost=0.00..2945.11 rows=362 width=16) (actual time=2.729..5.417 rows=366 loops=1)
          Filter: (d_year = 2000)
          Rows Removed by Filter: 72683
  ->  Sort  (cost=487343.46..487343.49 rows=13 width=17) (actual time=5291.363..5291.377 rows=10 loops=1)
        Sort Key: customer.c_customer_id NULLS FIRST
        Sort Method: top-N heapsort  Memory: 25kB
        ->  Hash Join  (cost=468596.09..487343.22 rows=13 width=17) (actual time=5185.890..5282.100 rows=47280 loops=1)
              Hash Cond: (customer.c_customer_sk = _s9.sr_customer_sk)
              ->  Seq Scan on customer  (cost=0.00..16872.00 rows=500000 width=25) (actual time=0.021..46.800 rows=500000 loops=1)
              ->  Hash  (cost=468595.93..468595.93 rows=13 width=16) (actual time=5185.820..5185.833 rows=47280 loops=1)
                    Buckets: 65536 (originally 1024)  Batches: 1 (originally 1)  Memory Usage: 2729kB
                    ->  Nested Loop  (cost=361518.47..468595.93 rows=13 width=16) (actual time=3651.169..5179.888 rows=47280 loops=1)
                          Join Filter: (store_returns.sr_returned_date_sk = _t9.d_date_sk)
                          Rows Removed by Join Filter: 18745356
                          ->  CTE Scan on _t4 _t9  (cost=0.00..7.24 rows=362 width=8) (actual time=2.732..2.787 rows=366 loops=1)
                          ->  Materialize  (cost=361518.47..468181.62 rows=75 width=24) (actual time=9.968..12.184 rows=51346 loops=366)
                                ->  Nested Loop  (cost=361518.47..468181.25 rows=75 width=24) (actual time=3648.235..3764.307 rows=51346 loops=1)
                                      Join Filter: (_s8.sr_store_sk = _t8.s_store_sk)
                                      Rows Removed by Join Filter: 1540380
                                      ->  CTE Scan on _t3 _t8  (cost=0.00..0.62 rows=31 width=8) (actual time=0.012..0.019 rows=31 loops=1)
                                      ->  Materialize  (cost=361518.47..467958.17 rows=481 width=48) (actual time=75.286..119.415 rows=51346 loops=31)
                                            ->  Hash Join  (cost=361518.47..467955.76 rows=481 width=48) (actual time=2333.864..3630.973 rows=51346 loops=1)
                                                  Hash Cond: (_s9.sr_store_sk = _s8.sr_store_sk)
                                                  Join Filter: ((1.2 * _s8.avg_customer_total) < COALESCE(_s9.sum_sr_return_amt, '0'::numeric))
                                                  Rows Removed by Join Filter: 144646
                                                  ->  Hash Join  (cost=180955.74..287389.20 rows=1444 width=72) (actual time=739.625..1980.608 rows=195992 loops=1)
                                                        Hash Cond: ((store_returns.sr_store_sk = _s9.sr_store_sk) AND (store_returns.sr_customer_sk = _s9.sr_customer_sk))
                                                        ->  Seq Scan on store_returns  (cost=0.00..91326.73 rows=2877473 width=24) (actual time=0.016..268.851 rows=2877532 loops=1)
                                                        ->  Hash  (cost=180355.74..180355.74 rows=40000 width=48) (actual time=739.505..739.509 rows=177510 loops=1)
                                                              Buckets: 262144 (originally 65536)  Batches: 2 (originally 1)  Memory Usage: 7165kB
                                                              ->  Subquery Scan on _s9  (cost=168418.79..180355.74 rows=40000 width=48) (actual time=580.173..710.443 rows=177527 loops=1)
                                                                    ->  HashAggregate  (cost=168418.79..179955.74 rows=40000 width=48) (actual time=580.168..697.931 rows=177527 loops=1)
                                                                          Group Key: _s4.sr_customer_sk, _s4.sr_store_sk
                                                                          Planned Partitions: 4  Batches: 21  Memory Usage: 8249kB  Disk Usage: 7624kB
                                                                          ->  Hash Join  (cost=12.77..102070.96 rows=807274 width=30) (actual time=0.115..528.463 rows=181937 loops=1)
                                                                                Hash Cond: (_s4.sr_returned_date_sk = _t7.d_date_sk)
                                                                                ->  Hash Join  (cost=1.01..72801.07 rows=446008 width=38) (actual time=0.044..455.643 rows=924363 loops=1)
                                                                                      Hash Cond: (_s4.sr_store_sk = _t6.s_store_sk)
                                                                                      ->  CTE Scan on _s0 _s4  (cost=0.00..57549.46 rows=2877473 width=38) (actual time=0.021..204.462 rows=2877532 loops=1)
                                                                                      ->  Hash  (cost=0.62..0.62 rows=31 width=8) (actual time=0.013..0.013 rows=31 loops=1)
                                                                                            Buckets: 1024  Batches: 1  Memory Usage: 10kB
                                                                                            ->  CTE Scan on _t3 _t6  (cost=0.00..0.62 rows=31 width=8) (actual time=0.004..0.007 rows=31 loops=1)
                                                                                ->  Hash  (cost=7.24..7.24 rows=362 width=8) (actual time=0.063..0.063 rows=366 loops=1)
                                                                                      Buckets: 1024  Batches: 1  Memory Usage: 23kB
                                                                                      ->  CTE Scan on _t4 _t7  (cost=0.00..7.24 rows=362 width=8) (actual time=0.003..0.028 rows=366 loops=1)
                                                  ->  Hash  (cost=180560.24..180560.24 rows=200 width=40) (actual time=1594.225..1594.230 rows=17 loops=1)
                                                        Buckets: 1024  Batches: 1  Memory Usage: 9kB
                                                        ->  Subquery Scan on _s8  (cost=180555.74..180560.24 rows=200 width=40) (actual time=1594.210..1594.222 rows=17 loops=1)
                                                              ->  HashAggregate  (cost=180555.74..180558.24 rows=200 width=40) (actual time=1594.206..1594.216 rows=17 loops=1)
                                                                    Group Key: _s0.sr_store_sk
                                                                    Batches: 1  Memory Usage: 40kB
                                                                    ->  HashAggregate  (cost=168418.79..179955.74 rows=40000 width=48) (actual time=1466.661..1575.533 rows=177527 loops=1)
                                                                          Group Key: _s0.sr_customer_sk, _s0.sr_store_sk
                                                                          Planned Partitions: 4  Batches: 21  Memory Usage: 8249kB  Disk Usage: 7624kB
                                                                          ->  Hash Join  (cost=12.77..102070.96 rows=807274 width=30) (actual time=2.879..1409.092 rows=181937 loops=1)
                                                                                Hash Cond: (_s0.sr_returned_date_sk = _t4.d_date_sk)
                                                                                ->  Hash Join  (cost=1.01..72801.07 rows=446008 width=38) (actual time=0.065..1319.565 rows=924363 loops=1)
                                                                                      Hash Cond: (_s0.sr_store_sk = _t3.s_store_sk)
                                                                                      ->  CTE Scan on _s0  (cost=0.00..57549.46 rows=2877473 width=38) (actual time=0.011..1047.512 rows=2877532 loops=1)
                                                                                      ->  Hash  (cost=0.62..0.62 rows=31 width=8) (actual time=0.045..0.045 rows=31 loops=1)
                                                                                            Buckets: 1024  Batches: 1  Memory Usage: 10kB
                                                                                            ->  CTE Scan on _t3  (cost=0.00..0.62 rows=31 width=8) (actual time=0.003..0.038 rows=31 loops=1)
                                                                                ->  Hash  (cost=7.24..7.24 rows=362 width=8) (actual time=2.801..2.802 rows=366 loops=1)
                                                                                      Buckets: 1024  Batches: 1  Memory Usage: 23kB
                                                                                      ->  CTE Scan on _t4  (cost=0.00..7.24 rows=362 width=8) (actual time=0.002..2.766 rows=366 loops=1)
Planning Time: 1.170 ms
JIT:
  Functions: 103
  Options: Inlining true, Optimization true, Expressions true, Deforming true
  Timing: Generation 7.383 ms, Inlining 26.757 ms, Optimization 388.723 ms, Emission 263.839 ms, Total 686.701 ms
Execution Time: 5932.391 ms",SUCCESS
23,24,TPCDS,Q2,"WITH wscs AS (
    SELECT sold_date_sk, sales_price
    FROM (
        SELECT ws_sold_date_sk AS sold_date_sk, ws_ext_sales_price AS sales_price
        FROM tpcds.web_sales
        UNION ALL
        SELECT cs_sold_date_sk AS sold_date_sk, cs_ext_sales_price AS sales_price
        FROM tpcds.catalog_sales
    ) x
),
wswscs AS (
    SELECT
        d_week_seq,
        SUM(CASE WHEN d_day_name = 'Sunday'    THEN sales_price END) AS sun_sales,
        SUM(CASE WHEN d_day_name = 'Monday'    THEN sales_price END) AS mon_sales,
        SUM(CASE WHEN d_day_name = 'Tuesday'   THEN sales_price END) AS tue_sales,
        SUM(CASE WHEN d_day_name = 'Wednesday' THEN sales_price END) AS wed_sales,
        SUM(CASE WHEN d_day_name = 'Thursday'  THEN sales_price END) AS thu_sales,
        SUM(CASE WHEN d_day_name = 'Friday'    THEN sales_price END) AS fri_sales,
        SUM(CASE WHEN d_day_name = 'Saturday'  THEN sales_price END) AS sat_sales
    FROM wscs
    JOIN tpcds.date_dim ON d_date_sk = sold_date_sk
    GROUP BY d_week_seq
)
SELECT
    d_week_seq1,
    ROUND(sun_sales1 / NULLIF(sun_sales2, 0), 2) AS sunday_ratio,
    ROUND(mon_sales1 / NULLIF(mon_sales2, 0), 2) AS monday_ratio,
    ROUND(tue_sales1 / NULLIF(tue_sales2, 0), 2) AS tuesday_ratio,
    ROUND(wed_sales1 / NULLIF(wed_sales2, 0), 2) AS wednesday_ratio,
    ROUND(thu_sales1 / NULLIF(thu_sales2, 0), 2) AS thursday_ratio,
    ROUND(fri_sales1 / NULLIF(fri_sales2, 0), 2) AS friday_ratio,
    ROUND(sat_sales1 / NULLIF(sat_sales2, 0), 2) AS saturday_ratio
FROM (
    SELECT
        wswscs.d_week_seq AS d_week_seq1,
        sun_sales AS sun_sales1, mon_sales AS mon_sales1,
        tue_sales AS tue_sales1, wed_sales AS wed_sales1,
        thu_sales AS thu_sales1, fri_sales AS fri_sales1,
        sat_sales AS sat_sales1,
		ROW_NUMBER() OVER (PARTITION BY wswscs.d_week_seq ORDER BY sun_sales DESC) AS rn1
    FROM wswscs
    JOIN tpcds.date_dim ON date_dim.d_week_seq = wswscs.d_week_seq
    WHERE d_year = 2001
) y
JOIN (
    SELECT
        wswscs.d_week_seq AS d_week_seq2,
        sun_sales AS sun_sales2, mon_sales AS mon_sales2,
        tue_sales AS tue_sales2, wed_sales AS wed_sales2,
        thu_sales AS thu_sales2, fri_sales AS fri_sales2,
        sat_sales AS sat_sales2,
		ROW_NUMBER() OVER (PARTITION BY wswscs.d_week_seq ORDER BY sun_sales DESC) AS rn2
    FROM wswscs
    JOIN tpcds.date_dim ON date_dim.d_week_seq = wswscs.d_week_seq
    WHERE d_year = 2001 + 1 
) z ON d_week_seq1 = d_week_seq2 - 53 WHERE rn1 = 1 and rn2 = 1
ORDER BY d_week_seq1 LIMIT 10;","ct_sales = dates.CALCULATE(day_name).catalog_sales_by_sold_date
wb_sales = dates.CALCULATE(day_name).web_sales_by_sold_date

week_breakdown = dates.WHERE(MONOTONIC(2000, year, 2003)).PARTITION(
    name='week', by=(week_seq)
).CALCULATE(
    sunday_amount=SUM(KEEP_IF(ct_sales.ext_sales_price, ct_sales.day_name == 'Sunday')) + SUM(KEEP_IF(wb_sales.ext_sales_price, wb_sales.day_name == 'Sunday')),
    monday_amount=SUM(KEEP_IF(ct_sales.ext_sales_price, ct_sales.day_name == 'Monday')) + SUM(KEEP_IF(wb_sales.ext_sales_price, wb_sales.day_name == 'Monday')),
    tuesday_amount=SUM(KEEP_IF(ct_sales.ext_sales_price, ct_sales.day_name == 'Tuesday')) + SUM(KEEP_IF(wb_sales.ext_sales_price, wb_sales.day_name == 'Tuesday')),
    wednesday_amount=SUM(KEEP_IF(ct_sales.ext_sales_price, ct_sales.day_name == 'Wednesday')) + SUM(KEEP_IF(wb_sales.ext_sales_price, wb_sales.day_name == 'Wednesday')),
    thursday_amount=SUM(KEEP_IF(ct_sales.ext_sales_price, ct_sales.day_name == 'Thursday')) + SUM(KEEP_IF(wb_sales.ext_sales_price, wb_sales.day_name == 'Thursday')),
    friday_amount=SUM(KEEP_IF(ct_sales.ext_sales_price, ct_sales.day_name == 'Friday')) + SUM(KEEP_IF(wb_sales.ext_sales_price, wb_sales.day_name == 'Friday')),
    saturday_amount=SUM(KEEP_IF(ct_sales.ext_sales_price, ct_sales.day_name == 'Saturday')) + SUM(KEEP_IF(wb_sales.ext_sales_price, wb_sales.day_name == 'Saturday'))
)

week_breakdown_2001 = week_breakdown.WHERE(HAS(dates.WHERE(year == 2001))).CALCULATE(
    week_seq_2001=week_seq,
    sunday_amount_2001=sunday_amount,
    monday_amount_2001=monday_amount,
    tuesday_amount_2001=tuesday_amount,
    wednesday_amount_2001=wednesday_amount,
    thursday_amount_2001=thursday_amount,
    friday_amount_2001=friday_amount,
    saturday_amount_2001=saturday_amount
)

week_breakdown_2002 = week_breakdown.WHERE(HAS(dates.WHERE(year == 2002))).CALCULATE(
    week_seq_2002=week_seq,
    sunday_amount_2002=sunday_amount,
    monday_amount_2002=monday_amount,
    tuesday_amount_2002=tuesday_amount,
    wednesday_amount_2002=wednesday_amount,
    thursday_amount_2002=thursday_amount,
    friday_amount_2002=friday_amount,
    saturday_amount_2002=saturday_amount
)

result = week_breakdown_2001.CROSS(week_breakdown_2002).WHERE(week_seq_2002 == (week_seq_2001 + 53)).CALCULATE(
    d_week_seq1=week_seq_2001,
    sunday_ratio=ROUND(sunday_amount_2001 / KEEP_IF(sunday_amount_2002, sunday_amount_2002 != 0), 2),
    monday_ratio=ROUND(monday_amount_2001 / KEEP_IF(monday_amount_2002, monday_amount_2002 != 0), 2),
    tuesday_ratio=ROUND(tuesday_amount_2001 / KEEP_IF(tuesday_amount_2002, tuesday_amount_2002 != 0), 2),
    wednesday_ratio=ROUND(wednesday_amount_2001 / KEEP_IF(wednesday_amount_2002, wednesday_amount_2002 != 0), 2),
    thursday_ratio=ROUND(thursday_amount_2001 / KEEP_IF(thursday_amount_2002, thursday_amount_2002 != 0), 2),
    friday_ratio=ROUND(friday_amount_2001 / KEEP_IF(friday_amount_2002, friday_amount_2002 != 0), 2),
    saturday_ratio=ROUND(saturday_amount_2001 / KEEP_IF(saturday_amount_2002, saturday_amount_2002 != 0), 2)
).TOP_K(10, by=d_week_seq1)","WITH _t1 AS (
  SELECT
    d_week_seq,
    d_year
  FROM tpcds.date_dim
  WHERE
    d_year <= 2003 AND d_year >= 2000
), _s2 AS (
  SELECT DISTINCT
    d_week_seq
  FROM _t1
), _t3 AS (
  SELECT
    d_date_sk,
    d_day_name,
    d_week_seq,
    d_year
  FROM tpcds.date_dim
  WHERE
    d_year <= 2003 AND d_year >= 2000
), _s1 AS (
  SELECT
    cs_ext_sales_price,
    cs_sold_date_sk
  FROM tpcds.catalog_sales
), _s3 AS (
  SELECT
    _t3.d_week_seq,
    SUM(CASE WHEN _t3.d_day_name = 'Friday' THEN _s1.cs_ext_sales_price ELSE NULL END) AS sum_expr,
    SUM(CASE WHEN _t3.d_day_name = 'Tuesday' THEN _s1.cs_ext_sales_price ELSE NULL END) AS sum_expr_29,
    SUM(CASE WHEN _t3.d_day_name = 'Wednesday' THEN _s1.cs_ext_sales_price ELSE NULL END) AS sum_expr_30,
    SUM(CASE WHEN _t3.d_day_name = 'Monday' THEN _s1.cs_ext_sales_price ELSE NULL END) AS sum_expr_31,
    SUM(CASE WHEN _t3.d_day_name = 'Saturday' THEN _s1.cs_ext_sales_price ELSE NULL END) AS sum_expr_32,
    SUM(CASE WHEN _t3.d_day_name = 'Sunday' THEN _s1.cs_ext_sales_price ELSE NULL END) AS sum_expr_33,
    SUM(CASE WHEN _t3.d_day_name = 'Thursday' THEN _s1.cs_ext_sales_price ELSE NULL END) AS sum_expr_34
  FROM _t3 AS _t3
  JOIN _s1 AS _s1
    ON _s1.cs_sold_date_sk = _t3.d_date_sk
  GROUP BY
    1
), _s5 AS (
  SELECT
    ws_ext_sales_price,
    ws_sold_date_sk
  FROM tpcds.web_sales
), _s7 AS (
  SELECT
    _t5.d_week_seq,
    SUM(CASE WHEN _t5.d_day_name = 'Friday' THEN _s5.ws_ext_sales_price ELSE NULL END) AS sum_expr,
    SUM(CASE WHEN _t5.d_day_name = 'Tuesday' THEN _s5.ws_ext_sales_price ELSE NULL END) AS sum_expr_36,
    SUM(CASE WHEN _t5.d_day_name = 'Wednesday' THEN _s5.ws_ext_sales_price ELSE NULL END) AS sum_expr_37,
    SUM(CASE WHEN _t5.d_day_name = 'Monday' THEN _s5.ws_ext_sales_price ELSE NULL END) AS sum_expr_38,
    SUM(CASE WHEN _t5.d_day_name = 'Saturday' THEN _s5.ws_ext_sales_price ELSE NULL END) AS sum_expr_39,
    SUM(CASE WHEN _t5.d_day_name = 'Sunday' THEN _s5.ws_ext_sales_price ELSE NULL END) AS sum_expr_40,
    SUM(CASE WHEN _t5.d_day_name = 'Thursday' THEN _s5.ws_ext_sales_price ELSE NULL END) AS sum_expr_41
  FROM _t3 AS _t5
  JOIN _s5 AS _s5
    ON _s5.ws_sold_date_sk = _t5.d_date_sk
  GROUP BY
    1
), _u_0 AS (
  SELECT
    d_week_seq AS _u_1
  FROM tpcds.date_dim
  WHERE
    d_year = 2001
  GROUP BY
    1
), _s11 AS (
  SELECT DISTINCT
    d_week_seq
  FROM _t1
), _s15 AS (
  SELECT
    _t9.d_week_seq,
    SUM(CASE WHEN _t9.d_day_name = 'Friday' THEN _s13.cs_ext_sales_price ELSE NULL END) AS sum_expr,
    SUM(CASE WHEN _t9.d_day_name = 'Monday' THEN _s13.cs_ext_sales_price ELSE NULL END) AS sum_expr_43,
    SUM(CASE WHEN _t9.d_day_name = 'Saturday' THEN _s13.cs_ext_sales_price ELSE NULL END) AS sum_expr_44,
    SUM(CASE WHEN _t9.d_day_name = 'Sunday' THEN _s13.cs_ext_sales_price ELSE NULL END) AS sum_expr_45,
    SUM(CASE WHEN _t9.d_day_name = 'Thursday' THEN _s13.cs_ext_sales_price ELSE NULL END) AS sum_expr_46,
    SUM(CASE WHEN _t9.d_day_name = 'Tuesday' THEN _s13.cs_ext_sales_price ELSE NULL END) AS sum_expr_47,
    SUM(
      CASE WHEN _t9.d_day_name = 'Wednesday' THEN _s13.cs_ext_sales_price ELSE NULL END
    ) AS sum_expr_48
  FROM _t3 AS _t9
  JOIN _s1 AS _s13
    ON _s13.cs_sold_date_sk = _t9.d_date_sk
  GROUP BY
    1
), _s19 AS (
  SELECT
    _t11.d_week_seq,
    SUM(CASE WHEN _t11.d_day_name = 'Friday' THEN _s17.ws_ext_sales_price ELSE NULL END) AS sum_expr,
    SUM(CASE WHEN _t11.d_day_name = 'Monday' THEN _s17.ws_ext_sales_price ELSE NULL END) AS sum_expr_50,
    SUM(
      CASE WHEN _t11.d_day_name = 'Saturday' THEN _s17.ws_ext_sales_price ELSE NULL END
    ) AS sum_expr_51,
    SUM(CASE WHEN _t11.d_day_name = 'Sunday' THEN _s17.ws_ext_sales_price ELSE NULL END) AS sum_expr_52,
    SUM(
      CASE WHEN _t11.d_day_name = 'Thursday' THEN _s17.ws_ext_sales_price ELSE NULL END
    ) AS sum_expr_53,
    SUM(CASE WHEN _t11.d_day_name = 'Tuesday' THEN _s17.ws_ext_sales_price ELSE NULL END) AS sum_expr_54,
    SUM(
      CASE WHEN _t11.d_day_name = 'Wednesday' THEN _s17.ws_ext_sales_price ELSE NULL END
    ) AS sum_expr_55
  FROM _t3 AS _t11
  JOIN _s5 AS _s17
    ON _s17.ws_sold_date_sk = _t11.d_date_sk
  GROUP BY
    1
), _u_2 AS (
  SELECT
    d_week_seq AS _u_3
  FROM tpcds.date_dim
  WHERE
    d_year = 2002
  GROUP BY
    1
)
SELECT
  _s2.d_week_seq AS d_week_seq1,
  ROUND(
    CAST(CAST((
      COALESCE(_s3.sum_expr_33, 0) + COALESCE(_s7.sum_expr_40, 0)
    ) AS DOUBLE PRECISION) / CASE
      WHEN (
        COALESCE(_s15.sum_expr_45, 0) + COALESCE(_s19.sum_expr_52, 0)
      ) <> 0
      THEN COALESCE(_s15.sum_expr_45, 0) + COALESCE(_s19.sum_expr_52, 0)
      ELSE NULL
    END AS DECIMAL),
    2
  ) AS sunday_ratio,
  ROUND(
    CAST(CAST((
      COALESCE(_s3.sum_expr_31, 0) + COALESCE(_s7.sum_expr_38, 0)
    ) AS DOUBLE PRECISION) / CASE
      WHEN (
        COALESCE(_s15.sum_expr_43, 0) + COALESCE(_s19.sum_expr_50, 0)
      ) <> 0
      THEN COALESCE(_s15.sum_expr_43, 0) + COALESCE(_s19.sum_expr_50, 0)
      ELSE NULL
    END AS DECIMAL),
    2
  ) AS monday_ratio,
  ROUND(
    CAST(CAST((
      COALESCE(_s3.sum_expr_29, 0) + COALESCE(_s7.sum_expr_36, 0)
    ) AS DOUBLE PRECISION) / CASE
      WHEN (
        COALESCE(_s15.sum_expr_47, 0) + COALESCE(_s19.sum_expr_54, 0)
      ) <> 0
      THEN COALESCE(_s15.sum_expr_47, 0) + COALESCE(_s19.sum_expr_54, 0)
      ELSE NULL
    END AS DECIMAL),
    2
  ) AS tuesday_ratio,
  ROUND(
    CAST(CAST((
      COALESCE(_s3.sum_expr_30, 0) + COALESCE(_s7.sum_expr_37, 0)
    ) AS DOUBLE PRECISION) / CASE
      WHEN (
        COALESCE(_s15.sum_expr_48, 0) + COALESCE(_s19.sum_expr_55, 0)
      ) <> 0
      THEN COALESCE(_s15.sum_expr_48, 0) + COALESCE(_s19.sum_expr_55, 0)
      ELSE NULL
    END AS DECIMAL),
    2
  ) AS wednesday_ratio,
  ROUND(
    CAST(CAST((
      COALESCE(_s3.sum_expr_34, 0) + COALESCE(_s7.sum_expr_41, 0)
    ) AS DOUBLE PRECISION) / CASE
      WHEN (
        COALESCE(_s15.sum_expr_46, 0) + COALESCE(_s19.sum_expr_53, 0)
      ) <> 0
      THEN COALESCE(_s15.sum_expr_46, 0) + COALESCE(_s19.sum_expr_53, 0)
      ELSE NULL
    END AS DECIMAL),
    2
  ) AS thursday_ratio,
  ROUND(
    CAST(CAST((
      COALESCE(_s3.sum_expr, 0) + COALESCE(_s7.sum_expr, 0)
    ) AS DOUBLE PRECISION) / CASE
      WHEN (
        COALESCE(_s15.sum_expr, 0) + COALESCE(_s19.sum_expr, 0)
      ) <> 0
      THEN COALESCE(_s15.sum_expr, 0) + COALESCE(_s19.sum_expr, 0)
      ELSE NULL
    END AS DECIMAL),
    2
  ) AS friday_ratio,
  ROUND(
    CAST(CAST((
      COALESCE(_s3.sum_expr_32, 0) + COALESCE(_s7.sum_expr_39, 0)
    ) AS DOUBLE PRECISION) / CASE
      WHEN (
        COALESCE(_s15.sum_expr_44, 0) + COALESCE(_s19.sum_expr_51, 0)
      ) <> 0
      THEN COALESCE(_s15.sum_expr_44, 0) + COALESCE(_s19.sum_expr_51, 0)
      ELSE NULL
    END AS DECIMAL),
    2
  ) AS saturday_ratio
FROM _s2 AS _s2
LEFT JOIN _s3 AS _s3
  ON _s2.d_week_seq = _s3.d_week_seq
LEFT JOIN _s7 AS _s7
  ON _s2.d_week_seq = _s7.d_week_seq
LEFT JOIN _u_0 AS _u_0
  ON _s2.d_week_seq = _u_0._u_1
JOIN _s11 AS _s11
  ON _s11.d_week_seq = (
    _s2.d_week_seq + 53
  )
LEFT JOIN _s15 AS _s15
  ON _s11.d_week_seq = _s15.d_week_seq
LEFT JOIN _s19 AS _s19
  ON _s11.d_week_seq = _s19.d_week_seq
LEFT JOIN _u_2 AS _u_2
  ON _s11.d_week_seq = _u_2._u_3
WHERE
  NOT _u_0._u_1 IS NULL AND NOT _u_2._u_3 IS NULL
ORDER BY
  1 NULLS FIRST
LIMIT 10",15.602264201999787,23.069867285999862,"Limit  (cost=2050406.37..2050418.23 rows=1 width=232) (actual time=15810.046..15811.815 rows=10 loops=1)
  CTE wswscs
    ->  Finalize GroupAggregate  (cost=2040284.60..2043802.63 rows=10475 width=232) (actual time=15230.744..15234.636 rows=263 loops=1)
          Group Key: date_dim_2.d_week_seq
          ->  Gather Merge  (cost=2040284.60..2042728.94 rows=20950 width=232) (actual time=15230.709..15232.686 rows=789 loops=1)
                Workers Planned: 2
                Workers Launched: 2
                ->  Sort  (cost=2039284.58..2039310.77 rows=10475 width=232) (actual time=15216.365..15216.394 rows=263 loops=3)
                      Sort Key: date_dim_2.d_week_seq
                      Sort Method: quicksort  Memory: 154kB
                      Worker 0:  Sort Method: quicksort  Memory: 152kB
                      Worker 1:  Sort Method: quicksort  Memory: 154kB
                      ->  Partial HashAggregate  (cost=1932830.04..2038585.13 rows=10475 width=232) (actual time=15215.725..15216.262 rows=263 loops=3)
                            Group Key: date_dim_2.d_week_seq
                            Planned Partitions: 4  Batches: 1  Memory Usage: 977kB
                            Worker 0:  Batches: 1  Memory Usage: 977kB
                            Worker 1:  Batches: 1  Memory Usage: 977kB
                            ->  Parallel Hash Join  (cost=2998.82..993470.38 rows=8999853 width=22) (actual time=253.513..12342.888 rows=7175008 loops=3)
                                  Hash Cond: (catalog_sales.cs_sold_date_sk = date_dim_2.d_date_sk)
                                  ->  Parallel Append  (cost=0.00..903781.80 rows=8999853 width=14) (actual time=0.272..10690.624 rows=7199609 loops=3)
                                        ->  Parallel Seq Scan on catalog_sales  (cost=0.00..571759.75 rows=6000775 width=14) (actual time=0.255..6320.734 rows=4800420 loops=3)
                                        ->  Parallel Seq Scan on web_sales  (cost=0.00..287022.78 rows=2999078 width=14) (actual time=0.270..5757.042 rows=3598783 loops=2)
                                  ->  Parallel Hash  (cost=2461.70..2461.70 rows=42970 width=24) (actual time=252.595..252.596 rows=24350 loops=3)
                                        Buckets: 131072  Batches: 1  Memory Usage: 5344kB
                                        ->  Parallel Seq Scan on date_dim date_dim_2  (cost=0.00..2461.70 rows=42970 width=24) (actual time=161.467..166.006 rows=24350 loops=3)
  ->  Merge Join  (cost=6603.75..6615.60 rows=1 width=232) (actual time=15245.556..15245.618 rows=10 loops=1)
        Merge Cond: (y.d_week_seq1 = ((z.d_week_seq2 - 53)))
        ->  Subquery Scan on y  (cost=3295.99..3307.75 rows=2 width=232) (actual time=15238.290..15238.330 rows=10 loops=1)
              Filter: (y.rn1 = 1)
              ->  WindowAgg  (cost=3295.99..3303.23 rows=362 width=240) (actual time=15238.285..15238.324 rows=10 loops=1)
                    Run Condition: (row_number() OVER (?) <= 1)
                    ->  Sort  (cost=3295.99..3296.89 rows=362 width=232) (actual time=15238.259..15238.285 rows=58 loops=1)
                          Sort Key: wswscs.d_week_seq, wswscs.sun_sales DESC
                          Sort Method: quicksort  Memory: 59kB
                          ->  Hash Join  (cost=2949.64..3280.60 rows=362 width=232) (actual time=15236.846..15238.094 rows=365 loops=1)
                                Hash Cond: (wswscs.d_week_seq = date_dim.d_week_seq)
                                ->  CTE Scan on wswscs  (cost=0.00..209.50 rows=10475 width=232) (actual time=15230.748..15233.041 rows=263 loops=1)
                                ->  Hash  (cost=2945.11..2945.11 rows=362 width=8) (actual time=4.941..4.942 rows=365 loops=1)
                                      Buckets: 1024  Batches: 1  Memory Usage: 23kB
                                      ->  Seq Scan on date_dim  (cost=0.00..2945.11 rows=362 width=8) (actual time=2.569..4.904 rows=365 loops=1)
                                            Filter: (d_year = 2001)
                                            Rows Removed by Filter: 72684
        ->  Sort  (cost=3307.76..3307.77 rows=2 width=232) (actual time=7.247..7.249 rows=10 loops=1)
              Sort Key: ((z.d_week_seq2 - 53))
              Sort Method: quicksort  Memory: 30kB
              ->  Subquery Scan on z  (cost=3295.99..3307.75 rows=2 width=232) (actual time=7.160..7.223 rows=53 loops=1)
                    Filter: (z.rn2 = 1)
                    ->  WindowAgg  (cost=3295.99..3303.23 rows=362 width=240) (actual time=7.155..7.214 rows=53 loops=1)
                          Run Condition: (row_number() OVER (?) <= 1)
                          ->  Sort  (cost=3295.99..3296.89 rows=362 width=232) (actual time=7.147..7.162 rows=365 loops=1)
                                Sort Key: wswscs_1.d_week_seq, wswscs_1.sun_sales DESC
                                Sort Method: quicksort  Memory: 59kB
                                ->  Hash Join  (cost=2949.64..3280.60 rows=362 width=232) (actual time=7.024..7.057 rows=365 loops=1)
                                      Hash Cond: (wswscs_1.d_week_seq = date_dim_1.d_week_seq)
                                      ->  CTE Scan on wswscs wswscs_1  (cost=0.00..209.50 rows=10475 width=232) (actual time=0.000..0.017 rows=263 loops=1)
                                      ->  Hash  (cost=2945.11..2945.11 rows=362 width=8) (actual time=6.963..6.964 rows=365 loops=1)
                                            Buckets: 1024  Batches: 1  Memory Usage: 23kB
                                            ->  Seq Scan on date_dim date_dim_1  (cost=0.00..2945.11 rows=362 width=8) (actual time=3.724..6.904 rows=365 loops=1)
                                                  Filter: (d_year = 2002)
                                                  Rows Removed by Filter: 72684
Planning Time: 0.349 ms
JIT:
  Functions: 94
  Options: Inlining true, Optimization true, Expressions true, Deforming true
  Timing: Generation 6.229 ms, Inlining 122.198 ms, Optimization 535.829 ms, Emission 391.097 ms, Total 1055.354 ms
Execution Time: 15815.156 ms","Limit  (cost=24509022.45..24509071.03 rows=10 width=232) (actual time=25046.292..25046.684 rows=10 loops=1)
  CTE _t1
    ->  Seq Scan on date_dim date_dim_2  (cost=0.00..3127.73 rows=1439 width=16) (actual time=2.883..5.586 rows=1461 loops=1)
          Filter: ((d_year <= 2003) AND (d_year >= 2000))
          Rows Removed by Filter: 71588
  CTE _t3
    ->  Seq Scan on date_dim date_dim_3  (cost=0.00..3127.73 rows=1439 width=32) (actual time=2.606..4.857 rows=1461 loops=1)
          Filter: ((d_year <= 2003) AND (d_year >= 2000))
          Rows Removed by Filter: 71588
  CTE _s1
    ->  Seq Scan on catalog_sales  (cost=0.00..655770.61 rows=14401861 width=14) (actual time=0.318..4370.051 rows=14401261 loops=1)
  CTE _s5
    ->  Seq Scan on web_sales  (cost=0.00..329009.87 rows=7197787 width=14) (actual time=0.227..1706.568 rows=7197566 loops=1)
  ->  Merge Join  (cost=23517986.50..23521080.85 rows=637 width=232) (actual time=23975.561..23975.950 rows=10 loops=1)
        Merge Cond: (_t1.d_week_seq = date_dim_1.d_week_seq)
        ->  Nested Loop  (cost=23515009.06..23517994.03 rows=357 width=904) (actual time=23971.041..23971.362 rows=10 loops=1)
              Join Filter: (_t1_1.d_week_seq = date_dim.d_week_seq)
              Rows Removed by Join Filter: 2801
              ->  Nested Loop Left Join  (cost=23512048.56..23513965.16 rows=200 width=912) (actual time=23963.765..23965.816 rows=62 loops=1)
                    Join Filter: (_t1_1.d_week_seq = _s19.d_week_seq)
                    Rows Removed by Join Filter: 5138
                    ->  Nested Loop Left Join  (cost=19594516.27..19595827.83 rows=200 width=688) (actual time=21524.890..21526.270 rows=62 loops=1)
                          Join Filter: (_t1_1.d_week_seq = _s15.d_week_seq)
                          Rows Removed by Join Filter: 5169
                          ->  Nested Loop  (cost=11756076.62..11756783.16 rows=200 width=464) (actual time=16857.490..16858.139 rows=62 loops=1)
                                Join Filter: ((_t1.d_week_seq + 53) = _t1_1.d_week_seq)
                                Rows Removed by Join Filter: 7116
                                ->  Merge Left Join  (cost=11756044.25..11756051.75 rows=200 width=456) (actual time=16857.217..16857.282 rows=62 loops=1)
                                      Merge Cond: (_t1.d_week_seq = _s7.d_week_seq)
                                      ->  Merge Left Join  (cost=7838496.81..7838500.81 rows=200 width=232) (actual time=11454.869..11454.905 rows=62 loops=1)
                                            Merge Cond: (_t1.d_week_seq = _s3.d_week_seq)
                                            ->  Sort  (cost=42.02..42.52 rows=200 width=8) (actual time=6.063..6.067 rows=62 loops=1)
                                                  Sort Key: _t1.d_week_seq NULLS FIRST
                                                  Sort Method: quicksort  Memory: 25kB
                                                  ->  HashAggregate  (cost=32.38..34.38 rows=200 width=8) (actual time=6.010..6.028 rows=210 loops=1)
                                                        Group Key: _t1.d_week_seq
                                                        Batches: 1  Memory Usage: 48kB
                                                        ->  CTE Scan on _t1  (cost=0.00..28.78 rows=1439 width=8) (actual time=2.888..5.831 rows=1461 loops=1)
                                            ->  Sort  (cost=7838454.79..7838455.29 rows=200 width=232) (actual time=11448.795..11448.806 rows=62 loops=1)
                                                  Sort Key: _s3.d_week_seq NULLS FIRST
                                                  Sort Method: quicksort  Memory: 39kB
                                                  ->  Subquery Scan on _s3  (cost=7838439.64..7838447.14 rows=200 width=232) (actual time=11448.575..11448.756 rows=159 loops=1)
                                                        ->  HashAggregate  (cost=7838439.64..7838445.14 rows=200 width=232) (actual time=11448.572..11448.741 rows=159 loops=1)
                                                              Group Key: _t3.d_week_seq
                                                              Batches: 1  Memory Usage: 544kB
                                                              ->  Hash Join  (cost=46.77..3952637.52 rows=103621390 width=60) (actual time=5.718..9064.703 rows=8627065 loops=1)
                                                                    Hash Cond: (_s1.cs_sold_date_sk = _t3.d_date_sk)
                                                                    ->  CTE Scan on _s1  (cost=0.00..288037.22 rows=14401861 width=22) (actual time=0.320..7390.183 rows=14401261 loops=1)
                                                                    ->  Hash  (cost=28.78..28.78 rows=1439 width=54) (actual time=5.331..5.332 rows=1461 loops=1)
                                                                          Buckets: 2048  Batches: 1  Memory Usage: 101kB
                                                                          ->  CTE Scan on _t3  (cost=0.00..28.78 rows=1439 width=54) (actual time=2.610..5.173 rows=1461 loops=1)
                                      ->  Sort  (cost=3917547.44..3917547.94 rows=200 width=232) (actual time=5402.335..5402.345 rows=62 loops=1)
                                            Sort Key: _s7.d_week_seq NULLS FIRST
                                            Sort Method: quicksort  Memory: 39kB
                                            ->  Subquery Scan on _s7  (cost=3917532.29..3917539.79 rows=200 width=232) (actual time=5402.150..5402.291 rows=158 loops=1)
                                                  ->  HashAggregate  (cost=3917532.29..3917537.79 rows=200 width=232) (actual time=5402.147..5402.276 rows=158 loops=1)
                                                        Group Key: _t5.d_week_seq
                                                        Batches: 1  Memory Usage: 544kB
                                                        ->  Hash Join  (cost=46.77..1975479.41 rows=51788077 width=60) (actual time=0.550..4118.679 rows=4334472 loops=1)
                                                              Hash Cond: (_s5.ws_sold_date_sk = _t5.d_date_sk)
                                                              ->  CTE Scan on _s5  (cost=0.00..143955.74 rows=7197787 width=22) (actual time=0.228..3242.754 rows=7197566 loops=1)
                                                              ->  Hash  (cost=28.78..28.78 rows=1439 width=54) (actual time=0.302..0.302 rows=1461 loops=1)
                                                                    Buckets: 2048  Batches: 1  Memory Usage: 101kB
                                                                    ->  CTE Scan on _t3 _t5  (cost=0.00..28.78 rows=1439 width=54) (actual time=0.004..0.107 rows=1461 loops=1)
                                ->  Materialize  (cost=32.38..35.38 rows=200 width=8) (actual time=0.004..0.009 rows=116 loops=62)
                                      ->  HashAggregate  (cost=32.38..34.38 rows=200 width=8) (actual time=0.262..0.285 rows=209 loops=1)
                                            Group Key: _t1_1.d_week_seq
                                            Batches: 1  Memory Usage: 48kB
                                            ->  CTE Scan on _t1 _t1_1  (cost=0.00..28.78 rows=1439 width=8) (actual time=0.001..0.096 rows=1461 loops=1)
                          ->  Materialize  (cost=7838439.64..7838448.14 rows=200 width=232) (actual time=75.281..75.287 rows=84 loops=62)
                                ->  Subquery Scan on _s15  (cost=7838439.64..7838447.14 rows=200 width=232) (actual time=4667.386..4667.557 rows=157 loops=1)
                                      ->  HashAggregate  (cost=7838439.64..7838445.14 rows=200 width=232) (actual time=4667.383..4667.541 rows=157 loops=1)
                                            Group Key: _t9.d_week_seq
                                            Batches: 1  Memory Usage: 544kB
                                            ->  Hash Join  (cost=46.77..3952637.52 rows=103621390 width=60) (actual time=0.325..2469.805 rows=8627065 loops=1)
                                                  Hash Cond: (_s13.cs_sold_date_sk = _t9.d_date_sk)
                                                  ->  CTE Scan on _s1 _s13  (cost=0.00..288037.22 rows=14401861 width=22) (actual time=0.027..1001.930 rows=14401261 loops=1)
                                                  ->  Hash  (cost=28.78..28.78 rows=1439 width=54) (actual time=0.273..0.273 rows=1461 loops=1)
                                                        Buckets: 2048  Batches: 1  Memory Usage: 101kB
                                                        ->  CTE Scan on _t3 _t9  (cost=0.00..28.78 rows=1439 width=54) (actual time=0.004..0.106 rows=1461 loops=1)
                    ->  Materialize  (cost=3917532.29..3917540.79 rows=200 width=232) (actual time=39.337..39.342 rows=84 loops=62)
                          ->  Subquery Scan on _s19  (cost=3917532.29..3917539.79 rows=200 width=232) (actual time=2438.860..2438.990 rows=156 loops=1)
                                ->  HashAggregate  (cost=3917532.29..3917537.79 rows=200 width=232) (actual time=2438.857..2438.975 rows=156 loops=1)
                                      Group Key: _t11.d_week_seq
                                      Batches: 1  Memory Usage: 544kB
                                      ->  Hash Join  (cost=46.77..1975479.41 rows=51788077 width=60) (actual time=0.362..1291.688 rows=4334472 loops=1)
                                            Hash Cond: (_s17.ws_sold_date_sk = _t11.d_date_sk)
                                            ->  CTE Scan on _s5 _s17  (cost=0.00..143955.74 rows=7197787 width=22) (actual time=0.047..507.843 rows=7197566 loops=1)
                                            ->  Hash  (cost=28.78..28.78 rows=1439 width=54) (actual time=0.292..0.292 rows=1461 loops=1)
                                                  Buckets: 2048  Batches: 1  Memory Usage: 101kB
                                                  ->  CTE Scan on _t3 _t11  (cost=0.00..28.78 rows=1439 width=54) (actual time=0.004..0.113 rows=1461 loops=1)
              ->  Materialize  (cost=2960.50..2964.09 rows=357 width=8) (actual time=0.085..0.087 rows=45 loops=62)
                    ->  Group  (cost=2960.50..2962.31 rows=357 width=8) (actual time=5.277..5.313 rows=53 loops=1)
                          Group Key: date_dim.d_week_seq
                          ->  Sort  (cost=2960.50..2961.40 rows=362 width=8) (actual time=5.272..5.286 rows=365 loops=1)
                                Sort Key: date_dim.d_week_seq
                                Sort Method: quicksort  Memory: 25kB
                                ->  Seq Scan on date_dim  (cost=0.00..2945.11 rows=362 width=8) (actual time=2.666..5.244 rows=365 loops=1)
                                      Filter: ((d_week_seq IS NOT NULL) AND (d_year = 2002))
                                      Rows Removed by Filter: 72684
        ->  Sort  (cost=2977.44..2978.34 rows=357 width=8) (actual time=4.488..4.489 rows=10 loops=1)
              Sort Key: date_dim_1.d_week_seq NULLS FIRST
              Sort Method: quicksort  Memory: 25kB
              ->  Group  (cost=2960.50..2962.31 rows=357 width=8) (actual time=4.444..4.479 rows=53 loops=1)
                    Group Key: date_dim_1.d_week_seq
                    ->  Sort  (cost=2960.50..2961.40 rows=362 width=8) (actual time=4.440..4.455 rows=365 loops=1)
                          Sort Key: date_dim_1.d_week_seq
                          Sort Method: quicksort  Memory: 25kB
                          ->  Seq Scan on date_dim date_dim_1  (cost=0.00..2945.11 rows=362 width=8) (actual time=2.316..4.421 rows=365 loops=1)
                                Filter: ((d_week_seq IS NOT NULL) AND (d_year = 2001))
                                Rows Removed by Filter: 72684
Planning Time: 2.000 ms
JIT:
  Functions: 132
  Options: Inlining true, Optimization true, Expressions true, Deforming true
  Timing: Generation 5.628 ms, Inlining 12.503 ms, Optimization 602.265 ms, Emission 456.237 ms, Total 1076.633 ms
Execution Time: 25126.297 ms",SUCCESS
24,25,TPCDS,Q3,"SELECT
    dt.d_year,
    item.i_brand_id  AS brand_id,
    item.i_brand     AS brand,
    SUM(ss_ext_sales_price) AS sum_agg
FROM tpcds.date_dim dt
JOIN tpcds.store_sales ON dt.d_date_sk = store_sales.ss_sold_date_sk
JOIN tpcds.item        ON store_sales.ss_item_sk = item.i_item_sk
WHERE item.i_manufact_id = 128 
  AND dt.d_moy = 11
GROUP BY
    dt.d_year,
    item.i_brand,
    item.i_brand_id
ORDER BY
    dt.d_year,
    sum_agg DESC,
    brand_id
LIMIT 100;","result = items.WHERE(
    (manufacturer_id == 128)
).CALCULATE(brand_id, brand).store_sales.WHERE(sold_date.month_of_year == 11).CALCULATE(
    sold_year=sold_date.year,
    brand_id=brand_id,
    brand=brand,
    extended_price=ext_sales_price
).PARTITION(
    name=""year"", by=(sold_year, brand_id, brand)
).CALCULATE(
    d_year=sold_year,
    brand_id=brand_id,
    brand=brand,
    sum_agg=SUM(store_sales.extended_price)
).TOP_K(100, by=(sold_year, sum_agg.DESC(), brand_id))","SELECT
  date_dim.d_year,
  item.i_brand_id AS brand_id,
  item.i_brand AS brand,
  COALESCE(SUM(store_sales.ss_ext_sales_price), 0) AS sum_agg
FROM tpcds.item AS item
JOIN tpcds.store_sales AS store_sales
  ON item.i_item_sk = store_sales.ss_item_sk
JOIN tpcds.date_dim AS date_dim
  ON date_dim.d_date_sk = store_sales.ss_sold_date_sk AND date_dim.d_moy = 11
WHERE
  item.i_manufact_id = 128
GROUP BY
  1,
  2,
  3
ORDER BY
  1 NULLS FIRST,
  4 DESC NULLS LAST,
  2 NULLS FIRST
LIMIT 100",18.654893358999743,19.757153520999964,"Limit  (cost=40837.18..196266.25 rows=100 width=65) (actual time=26565.550..26700.313 rows=100 loops=1)
  ->  Incremental Sort  (cost=40837.18..3135429.97 rows=1991 width=65) (actual time=26551.095..26685.851 rows=100 loops=1)
        Sort Key: dt.d_year, (sum(store_sales.ss_ext_sales_price)) DESC, item.i_brand_id
        Presorted Key: dt.d_year
        Full-sort Groups: 2  Sort Methods: top-N heapsort, quicksort  Average Memory: 29kB  Peak Memory: 29kB
        Pre-sorted Groups: 2  Sort Method: quicksort  Average Memory: 29kB  Peak Memory: 29kB
        ->  GroupAggregate  (cost=25364.36..3135368.13 rows=1991 width=65) (actual time=26416.317..26685.683 rows=141 loops=1)
              Group Key: dt.d_year, item.i_brand, item.i_brand_id
              ->  Incremental Sort  (cost=25364.36..3135323.33 rows=1991 width=39) (actual time=26416.276..26685.136 rows=3387 loops=1)
                    Sort Key: dt.d_year, item.i_brand, item.i_brand_id
                    Presorted Key: dt.d_year
                    Full-sort Groups: 3  Sort Method: quicksort  Average Memory: 29kB  Peak Memory: 29kB
                    Pre-sorted Groups: 3  Sort Method: quicksort  Average Memory: 160kB  Peak Memory: 161kB
                    ->  Nested Loop  (cost=9814.71..3135261.49 rows=1991 width=39) (actual time=26282.040..26681.989 rows=4885 loops=1)
                          Join Filter: (dt.d_date_sk = store_sales.ss_sold_date_sk)
                          Rows Removed by Join Filter: 156946463
                          ->  Gather Merge  (cost=3779.00..4468.30 rows=6048 width=16) (actual time=18.036..18.922 rows=3031 loops=1)
                                Workers Planned: 1
                                Workers Launched: 1
                                ->  Sort  (cost=2778.99..2787.89 rows=3558 width=16) (actual time=3.899..4.086 rows=1516 loops=2)
                                      Sort Key: dt.d_year
                                      Sort Method: quicksort  Memory: 427kB
                                      Worker 0:  Sort Method: quicksort  Memory: 25kB
                                      ->  Parallel Seq Scan on date_dim dt  (cost=0.00..2569.12 rows=3558 width=16) (actual time=0.032..3.579 rows=3000 loops=2)
                                            Filter: (d_moy = 11)
                                            Rows Removed by Filter: 33524
                          ->  Materialize  (cost=6035.71..851243.85 rows=25128 width=39) (actual time=0.027..6.261 rows=51782 loops=3031)
                                ->  Gather  (cost=6035.71..851118.21 rows=25128 width=39) (actual time=80.900..13184.321 rows=51799 loops=1)
                                      Workers Planned: 2
                                      Workers Launched: 2
                                      ->  Parallel Hash Join  (cost=5035.71..847605.41 rows=10470 width=39) (actual time=63.533..13170.476 rows=17266 loops=3)
                                            Hash Cond: (store_sales.ss_item_sk = item.i_item_sk)
                                            ->  Parallel Seq Scan on store_sales  (cost=0.00..797528.85 rows=11999285 width=22) (actual time=0.259..12062.658 rows=9600330 loops=3)
                                            ->  Parallel Hash  (cost=5035.25..5035.25 rows=37 width=33) (actual time=62.012..62.013 rows=60 loops=3)
                                                  Buckets: 1024  Batches: 1  Memory Usage: 104kB
                                                  ->  Parallel Seq Scan on item  (cost=0.00..5035.25 rows=37 width=33) (actual time=11.130..61.883 rows=60 loops=3)
                                                        Filter: (i_manufact_id = 128)
                                                        Rows Removed by Filter: 33940
Planning Time: 0.221 ms
JIT:
  Functions: 57
  Options: Inlining false, Optimization false, Expressions true, Deforming true
  Timing: Generation 4.458 ms, Inlining 0.000 ms, Optimization 2.115 ms, Emission 38.950 ms, Total 45.522 ms
Execution Time: 26702.246 ms","Limit  (cost=40837.18..196266.25 rows=100 width=65) (actual time=27352.470..27494.231 rows=100 loops=1)
  ->  Incremental Sort  (cost=40837.18..3135429.97 rows=1991 width=65) (actual time=27338.791..27480.545 rows=100 loops=1)
        Sort Key: date_dim.d_year NULLS FIRST, (COALESCE(sum(store_sales.ss_ext_sales_price), '0'::numeric)) DESC NULLS LAST, item.i_brand_id NULLS FIRST
        Presorted Key: date_dim.d_year
        Full-sort Groups: 2  Sort Methods: top-N heapsort, quicksort  Average Memory: 29kB  Peak Memory: 29kB
        Pre-sorted Groups: 2  Sort Method: quicksort  Average Memory: 29kB  Peak Memory: 29kB
        ->  GroupAggregate  (cost=25364.36..3135368.13 rows=1991 width=65) (actual time=27196.554..27480.373 rows=141 loops=1)
              Group Key: date_dim.d_year, item.i_brand_id, item.i_brand
              ->  Incremental Sort  (cost=25364.36..3135323.33 rows=1991 width=39) (actual time=27196.506..27479.776 rows=3380 loops=1)
                    Sort Key: date_dim.d_year NULLS FIRST, item.i_brand_id NULLS FIRST, item.i_brand
                    Presorted Key: date_dim.d_year
                    Full-sort Groups: 3  Sort Method: quicksort  Average Memory: 29kB  Peak Memory: 29kB
                    Pre-sorted Groups: 3  Sort Method: quicksort  Average Memory: 160kB  Peak Memory: 161kB
                    ->  Nested Loop  (cost=9814.71..3135261.49 rows=1991 width=39) (actual time=27055.204..27478.265 rows=4885 loops=1)
                          Join Filter: (store_sales.ss_sold_date_sk = date_dim.d_date_sk)
                          Rows Removed by Join Filter: 156946175
                          ->  Gather Merge  (cost=3779.00..4468.30 rows=6048 width=16) (actual time=17.478..19.786 rows=3031 loops=1)
                                Workers Planned: 1
                                Workers Launched: 1
                                ->  Sort  (cost=2778.99..2787.89 rows=3558 width=16) (actual time=3.760..4.338 rows=1516 loops=2)
                                      Sort Key: date_dim.d_year NULLS FIRST
                                      Sort Method: quicksort  Memory: 427kB
                                      Worker 0:  Sort Method: quicksort  Memory: 25kB
                                      ->  Parallel Seq Scan on date_dim  (cost=0.00..2569.12 rows=3558 width=16) (actual time=0.024..3.448 rows=3000 loops=2)
                                            Filter: (d_moy = 11)
                                            Rows Removed by Filter: 33524
                          ->  Materialize  (cost=6035.71..851243.85 rows=25128 width=39) (actual time=0.026..6.264 rows=51782 loops=3031)
                                ->  Gather  (cost=6035.71..851118.21 rows=25128 width=39) (actual time=77.148..13212.870 rows=51799 loops=1)
                                      Workers Planned: 2
                                      Workers Launched: 2
                                      ->  Parallel Hash Join  (cost=5035.71..847605.41 rows=10470 width=39) (actual time=63.880..13204.468 rows=17266 loops=3)
                                            Hash Cond: (store_sales.ss_item_sk = item.i_item_sk)
                                            ->  Parallel Seq Scan on store_sales  (cost=0.00..797528.85 rows=11999285 width=22) (actual time=0.188..12096.216 rows=9600330 loops=3)
                                            ->  Parallel Hash  (cost=5035.25..5035.25 rows=37 width=33) (actual time=62.684..62.685 rows=60 loops=3)
                                                  Buckets: 1024  Batches: 1  Memory Usage: 104kB
                                                  ->  Parallel Seq Scan on item  (cost=0.00..5035.25 rows=37 width=33) (actual time=7.906..62.584 rows=60 loops=3)
                                                        Filter: (i_manufact_id = 128)
                                                        Rows Removed by Filter: 33940
Planning Time: 0.196 ms
JIT:
  Functions: 57
  Options: Inlining false, Optimization false, Expressions true, Deforming true
  Timing: Generation 3.923 ms, Inlining 0.000 ms, Optimization 1.769 ms, Emission 32.091 ms, Total 37.783 ms
Execution Time: 27496.113 ms",SUCCESS
25,26,TPCDS,Q6,"WITH month_seq AS (
    SELECT d_month_seq
    FROM tpcds.date_dim
    WHERE d_year = 2001
      AND d_moy = 1
    LIMIT 1
),
category_avg AS (
    SELECT i_category,
           AVG(i_current_price) AS avg_price
    FROM tpcds.item
    GROUP BY i_category
)
SELECT
    a.ca_state AS state,
    COUNT(*) AS cnt
FROM tpcds.customer_address a
JOIN tpcds.customer c         ON a.ca_address_sk = c.c_current_addr_sk
JOIN tpcds.store_sales s      ON c.c_customer_sk = s.ss_customer_sk
JOIN tpcds.date_dim d         ON s.ss_sold_date_sk = d.d_date_sk
JOIN tpcds.item i             ON s.ss_item_sk = i.i_item_sk
JOIN category_avg ca    ON i.i_category = ca.i_category
WHERE d.d_month_seq = (SELECT d_month_seq FROM month_seq)
  AND i.i_current_price > 1.2 * ca.avg_price
GROUP BY a.ca_state
HAVING COUNT(*) >= 10
ORDER BY cnt, a.ca_state
LIMIT 10;","selected_month_sold = sold_date.WHERE((month_of_year == 1) & (year == 2001))
result = items.PARTITION(
    name=""item_category"",
    by=category
).CALCULATE(
    category_avg=AVG(items.current_price)
).items.store_sales.WHERE(
    (HAS(selected_month_sold))
    & (item.current_price > 1.2*category_avg)
).customer.CALCULATE(
    state=current_address.state
).PARTITION(
    name=""state"", by=state
).CALCULATE(
    state,
    cnt=COUNT(customer)
).WHERE(cnt >= 10).TOP_K(10, by=(cnt, state))","WITH _s0 AS (
  SELECT
    i_category,
    AVG(CAST(i_current_price AS DECIMAL)) AS avg_i_current_price
  FROM tpcds.item
  GROUP BY
    1
), _t1 AS (
  SELECT
    customer_address.ca_state,
    COUNT(*) AS n_rows
  FROM _s0 AS _s0
  JOIN tpcds.item AS item
    ON _s0.i_category = item.i_category
  JOIN tpcds.store_sales AS store_sales
    ON item.i_item_sk = store_sales.ss_item_sk
  JOIN tpcds.date_dim AS date_dim
    ON date_dim.d_date_sk = store_sales.ss_sold_date_sk
    AND date_dim.d_moy = 1
    AND date_dim.d_year = 2001
  JOIN tpcds.item AS item_2
    ON item_2.i_current_price > (
      1.2 * _s0.avg_i_current_price
    )
    AND item_2.i_item_sk = store_sales.ss_item_sk
  JOIN tpcds.customer AS customer
    ON customer.c_customer_sk = store_sales.ss_customer_sk
  LEFT JOIN tpcds.customer_address AS customer_address
    ON customer.c_current_addr_sk = customer_address.ca_address_sk
  GROUP BY
    1
)
SELECT
  ca_state AS state,
  n_rows AS cnt
FROM _t1
WHERE
  n_rows >= 10
ORDER BY
  2 NULLS FIRST,
  1 NULLS FIRST
LIMIT 10",14.062992952000059,14.220384543999899,"Limit  (cost=878252.60..878252.62 rows=10 width=11) (actual time=14053.146..14062.438 rows=10 loops=1)
  InitPlan 1 (returns $0)
    ->  Limit  (cost=0.00..100.89 rows=1 width=8) (actual time=2.727..2.728 rows=1 loops=1)
          ->  Seq Scan on date_dim  (cost=0.00..3127.73 rows=31 width=8) (actual time=2.721..2.722 rows=1 loops=1)
                Filter: ((d_year = 2001) AND (d_moy = 1))
                Rows Removed by Filter: 36889
  ->  Sort  (cost=878151.70..878151.74 rows=17 width=11) (actual time=13598.038..13607.327 rows=10 loops=1)
        Sort Key: (count(*)), a.ca_state
        Sort Method: top-N heapsort  Memory: 25kB
        ->  Finalize GroupAggregate  (cost=878126.68..878151.35 rows=17 width=11) (actual time=13596.690..13607.300 rows=51 loops=1)
              Group Key: a.ca_state
              Filter: (count(*) >= 10)
              Rows Removed by Filter: 1
              ->  Gather Merge  (cost=878126.68..878150.21 rows=102 width=11) (actual time=13596.648..13607.256 rows=156 loops=1)
                    Workers Planned: 2
                    Params Evaluated: $0
                    Workers Launched: 2
                    ->  Partial GroupAggregate  (cost=877126.66..877138.41 rows=51 width=11) (actual time=13576.057..13577.332 rows=52 loops=3)
                          Group Key: a.ca_state
                          ->  Sort  (cost=877126.66..877130.40 rows=1499 width=3) (actual time=13576.009..13576.527 rows=9110 loops=3)
                                Sort Key: a.ca_state
                                Sort Method: quicksort  Memory: 544kB
                                Worker 0:  Sort Method: quicksort  Memory: 510kB
                                Worker 1:  Sort Method: quicksort  Memory: 514kB
                                ->  Parallel Hash Join  (cost=871121.04..877047.59 rows=1499 width=3) (actual time=13476.551..13572.378 rows=9110 loops=3)
                                      Hash Cond: (a.ca_address_sk = c.c_current_addr_sk)
                                      ->  Parallel Seq Scan on customer_address a  (cost=0.00..5529.67 rows=104167 width=11) (actual time=0.296..82.761 rows=83333 loops=3)
                                      ->  Parallel Hash  (cost=871102.31..871102.31 rows=1499 width=8) (actual time=13475.932..13475.940 rows=9110 loops=3)
                                            Buckets: 32768 (originally 4096)  Batches: 1 (originally 1)  Memory Usage: 1600kB
                                            ->  Parallel Hash Join  (cost=856359.47..871102.31 rows=1499 width=8) (actual time=13267.200..13456.360 rows=9110 loops=3)
                                                  Hash Cond: (c.c_customer_sk = s.ss_customer_sk)
                                                  ->  Parallel Seq Scan on customer c  (cost=0.00..13955.33 rows=208333 width=16) (actual time=0.241..167.217 rows=166667 loops=3)
                                                  ->  Parallel Hash  (cost=856339.87..856339.87 rows=1568 width=8) (actual time=13266.890..13266.897 rows=9322 loops=3)
                                                        Buckets: 32768 (originally 4096)  Batches: 1 (originally 1)  Memory Usage: 1600kB
                                                        ->  Parallel Hash Join  (cost=851217.01..856339.87 rows=1568 width=8) (actual time=13238.803..13263.299 rows=9322 loops=3)
                                                              Hash Cond: (i.i_item_sk = s.ss_item_sk)
                                                              ->  Hash Join  (cost=6034.25..11097.60 rows=14130 width=8) (actual time=72.979..94.205 rows=3391 loops=3)
                                                                    Hash Cond: ((i.i_category)::text = (item.i_category)::text)
                                                                    Join Filter: (i.i_current_price > (1.2 * (avg(item.i_current_price))))
                                                                    Rows Removed by Join Filter: 30531
                                                                    ->  Parallel Seq Scan on item i  (cost=0.00..4929.00 rows=42500 width=20) (actual time=0.254..5.902 rows=34000 loops=3)
                                                                    ->  Hash  (cost=6034.12..6034.12 rows=10 width=38) (actual time=72.696..72.698 rows=10 loops=3)
                                                                          Buckets: 1024  Batches: 1  Memory Usage: 9kB
                                                                          ->  HashAggregate  (cost=6034.00..6034.12 rows=10 width=38) (actual time=72.677..72.683 rows=11 loops=3)
                                                                                Group Key: item.i_category
                                                                                Batches: 1  Memory Usage: 24kB
                                                                                Worker 0:  Batches: 1  Memory Usage: 24kB
                                                                                Worker 1:  Batches: 1  Memory Usage: 24kB
                                                                                ->  Seq Scan on item  (cost=0.00..5524.00 rows=102000 width=12) (actual time=0.030..34.752 rows=102000 loops=3)
                                                              ->  Parallel Hash  (cost=845123.81..845123.81 rows=4716 width=16) (actual time=13165.761..13165.764 rows=96339 loops=3)
                                                                    Buckets: 524288 (originally 16384)  Batches: 1 (originally 1)  Memory Usage: 21632kB
                                                                    ->  Parallel Hash Join  (cost=2569.35..845123.81 rows=4716 width=16) (actual time=380.656..12981.430 rows=96339 loops=3)
                                                                          Hash Cond: (s.ss_sold_date_sk = d.d_date_sk)
                                                                          ->  Parallel Seq Scan on store_sales s  (cost=0.00..797528.85 rows=11999285 width=24) (actual time=0.259..11781.836 rows=9600330 loops=3)
                                                                          ->  Parallel Hash  (cost=2569.12..2569.12 rows=18 width=8) (actual time=2.326..2.327 rows=10 loops=3)
                                                                                Buckets: 1024  Batches: 1  Memory Usage: 40kB
                                                                                ->  Parallel Seq Scan on date_dim d  (cost=0.00..2569.12 rows=18 width=8) (actual time=3.210..6.958 rows=31 loops=1)
                                                                                      Filter: (d_month_seq = $0)
                                                                                      Rows Removed by Filter: 73018
Planning Time: 0.616 ms
JIT:
  Functions: 185
  Options: Inlining true, Optimization true, Expressions true, Deforming true
  Timing: Generation 8.193 ms, Inlining 193.074 ms, Optimization 894.758 ms, Emission 498.554 ms, Total 1594.579 ms
Execution Time: 14252.500 ms","Limit  (cost=883436.94..883436.97 rows=10 width=11) (actual time=13995.995..14006.320 rows=10 loops=1)
  ->  Sort  (cost=883436.94..883436.99 rows=17 width=11) (actual time=13612.468..13622.791 rows=10 loops=1)
        Sort Key: (count(*)) NULLS FIRST, customer_address.ca_state NULLS FIRST
        Sort Method: top-N heapsort  Memory: 25kB
        ->  Finalize GroupAggregate  (cost=883411.55..883436.60 rows=17 width=11) (actual time=13610.898..13622.738 rows=51 loops=1)
              Group Key: customer_address.ca_state
              Filter: (count(*) >= 10)
              Rows Removed by Filter: 1
              ->  Gather Merge  (cost=883411.55..883435.45 rows=102 width=11) (actual time=13610.842..13622.675 rows=156 loops=1)
                    Workers Planned: 2
                    Workers Launched: 2
                    ->  Partial GroupAggregate  (cost=882411.52..882423.65 rows=51 width=11) (actual time=13593.671..13594.785 rows=52 loops=3)
                          Group Key: customer_address.ca_state
                          ->  Sort  (cost=882411.52..882415.40 rows=1549 width=3) (actual time=13593.631..13594.073 rows=9110 loops=3)
                                Sort Key: customer_address.ca_state
                                Sort Method: quicksort  Memory: 510kB
                                Worker 0:  Sort Method: quicksort  Memory: 529kB
                                Worker 1:  Sort Method: quicksort  Memory: 530kB
                                ->  Parallel Hash Right Join  (cost=876402.71..882329.45 rows=1549 width=3) (actual time=13508.348..13590.316 rows=9110 loops=3)
                                      Hash Cond: (customer_address.ca_address_sk = customer.c_current_addr_sk)
                                      ->  Parallel Seq Scan on customer_address  (cost=0.00..5529.67 rows=104167 width=11) (actual time=0.248..70.592 rows=83333 loops=3)
                                      ->  Parallel Hash  (cost=876383.34..876383.34 rows=1549 width=8) (actual time=13507.894..13507.904 rows=9110 loops=3)
                                            Buckets: 32768 (originally 4096)  Batches: 1 (originally 1)  Memory Usage: 1600kB
                                            ->  Parallel Hash Join  (cost=861640.31..876383.34 rows=1549 width=8) (actual time=13334.229..13494.173 rows=9110 loops=3)
                                                  Hash Cond: (customer.c_customer_sk = store_sales.ss_customer_sk)
                                                  ->  Parallel Seq Scan on customer  (cost=0.00..13955.33 rows=208333 width=16) (actual time=0.248..139.228 rows=166667 loops=3)
                                                  ->  Parallel Hash  (cost=861620.06..861620.06 rows=1620 width=8) (actual time=13333.698..13333.706 rows=9322 loops=3)
                                                        Buckets: 32768 (originally 4096)  Batches: 1 (originally 1)  Memory Usage: 1600kB
                                                        ->  Hash Join  (cost=856495.98..861620.06 rows=1620 width=8) (actual time=13266.254..13325.969 rows=9322 loops=3)
                                                              Hash Cond: ((item.i_category)::text = (item_1.i_category)::text)
                                                              Join Filter: (item_2.i_current_price > (1.2 * (avg((item_1.i_current_price)::numeric))))
                                                              Rows Removed by Join Filter: 86795
                                                              ->  Parallel Hash Join  (cost=850461.73..855570.41 rows=4873 width=20) (actual time=12863.194..12885.605 rows=96339 loops=3)
                                                                    Hash Cond: (item_2.i_item_sk = item.i_item_sk)
                                                                    ->  Parallel Seq Scan on item item_2  (cost=0.00..4929.00 rows=42500 width=14) (actual time=0.002..5.317 rows=34000 loops=3)
                                                                    ->  Parallel Hash  (cost=850400.82..850400.82 rows=4873 width=30) (actual time=12863.101..12863.106 rows=96339 loops=3)
                                                                          Buckets: 524288 (originally 16384)  Batches: 1 (originally 1)  Memory Usage: 26624kB
                                                                          ->  Parallel Hash Join  (cost=845292.15..850400.82 rows=4873 width=30) (actual time=12796.266..12830.016 rows=96339 loops=3)
                                                                                Hash Cond: (item.i_item_sk = store_sales.ss_item_sk)
                                                                                ->  Parallel Seq Scan on item  (cost=0.00..4929.00 rows=42500 width=14) (actual time=0.003..5.553 rows=34000 loops=3)
                                                                                ->  Parallel Hash  (cost=845231.23..845231.23 rows=4873 width=16) (actual time=12796.175..12796.178 rows=96339 loops=3)
                                                                                      Buckets: 524288 (originally 16384)  Batches: 1 (originally 1)  Memory Usage: 21632kB
                                                                                      ->  Parallel Hash Join  (cost=2676.78..845231.23 rows=4873 width=16) (actual time=3.486..12643.672 rows=96339 loops=3)
                                                                                            Hash Cond: (store_sales.ss_sold_date_sk = date_dim.d_date_sk)
                                                                                            ->  Parallel Seq Scan on store_sales  (cost=0.00..797528.85 rows=11999285 width=24) (actual time=0.203..11802.207 rows=9600330 loops=3)
                                                                                            ->  Parallel Hash  (cost=2676.55..2676.55 rows=18 width=8) (actual time=2.413..2.413 rows=10 loops=3)
                                                                                                  Buckets: 1024  Batches: 1  Memory Usage: 40kB
                                                                                                  ->  Parallel Seq Scan on date_dim  (cost=0.00..2676.55 rows=18 width=8) (actual time=3.680..7.222 rows=31 loops=1)
                                                                                                        Filter: ((d_moy = 1) AND (d_year = 2001))
                                                                                                        Rows Removed by Filter: 73018
                                                              ->  Hash  (cost=6034.12..6034.12 rows=10 width=38) (actual time=402.986..402.987 rows=10 loops=3)
                                                                    Buckets: 1024  Batches: 1  Memory Usage: 9kB
                                                                    ->  HashAggregate  (cost=6034.00..6034.12 rows=10 width=38) (actual time=402.972..402.977 rows=11 loops=3)
                                                                          Group Key: item_1.i_category
                                                                          Batches: 1  Memory Usage: 24kB
                                                                          Worker 0:  Batches: 1  Memory Usage: 24kB
                                                                          Worker 1:  Batches: 1  Memory Usage: 24kB
                                                                          ->  Seq Scan on item item_1  (cost=0.00..5524.00 rows=102000 width=12) (actual time=0.015..15.123 rows=102000 loops=3)
Planning Time: 1.008 ms
JIT:
  Functions: 194
  Options: Inlining true, Optimization true, Expressions true, Deforming true
  Timing: Generation 7.659 ms, Inlining 152.069 ms, Optimization 817.780 ms, Emission 482.326 ms, Total 1459.835 ms
Execution Time: 14008.362 ms",SUCCESS
26,27,TPCDS,Q7,"SELECT
    i.i_item_id,
    AVG(ss.ss_quantity)     AS agg1,
    AVG(ss.ss_list_price)   AS agg2,
    AVG(ss.ss_coupon_amt)   AS agg3,
    AVG(ss.ss_sales_price)  AS agg4
FROM tpcds.store_sales ss
JOIN tpcds.date_dim d
    ON ss.ss_sold_date_sk = d.d_date_sk
JOIN tpcds.item i
    ON ss.ss_item_sk = i.i_item_sk
JOIN tpcds.customer_demographics cd
    ON ss.ss_cdemo_sk = cd.cd_demo_sk
JOIN tpcds.promotion p
    ON ss.ss_promo_sk = p.p_promo_sk
WHERE
    cd.cd_gender = 'M'
    AND cd.cd_marital_status = 'S'
    AND cd.cd_education_status = 'College'
    AND (p.p_channel_email = 'N' OR p.p_channel_event = 'N')
    AND d.d_year = 2000
GROUP BY
    i.i_item_id
ORDER BY
    i.i_item_id
LIMIT 10;","filtered_sales = store_sales.WHERE(
    (customer_demographics.gender == 'M')
    & (customer_demographics.marital_status == 'S')
    & (customer_demographics.education_status == 'College')
    & (promotion.channel_email == 'N')
    & (promotion.channel_event == 'N')
    & (sold_date.year == 2000)
)

result = items.WHERE(HAS(filtered_sales)).CALCULATE(
    i_item_id=_id,
    agg1=AVG(filtered_sales.quantity),
    agg2=AVG(filtered_sales.list_price),
    agg3=AVG(filtered_sales.coupon_amount),
    agg4=AVG(filtered_sales.sales_price)
).TOP_K(10, by=_id)","WITH _s7 AS (
  SELECT
    store_sales.ss_item_sk,
    AVG(CAST(store_sales.ss_coupon_amt AS DECIMAL)) AS avg_ss_coupon_amt,
    AVG(CAST(store_sales.ss_list_price AS DECIMAL)) AS avg_ss_list_price,
    AVG(CAST(store_sales.ss_quantity AS DECIMAL)) AS avg_ss_quantity,
    AVG(CAST(store_sales.ss_sales_price AS DECIMAL)) AS avg_ss_sales_price
  FROM tpcds.store_sales AS store_sales
  JOIN tpcds.customer_demographics AS customer_demographics
    ON customer_demographics.cd_demo_sk = store_sales.ss_cdemo_sk
    AND customer_demographics.cd_education_status = 'College'
    AND customer_demographics.cd_gender = 'M'
    AND customer_demographics.cd_marital_status = 'S'
  JOIN tpcds.promotion AS promotion
    ON promotion.p_channel_email = 'N'
    AND promotion.p_channel_event = 'N'
    AND promotion.p_promo_sk = store_sales.ss_promo_sk
  JOIN tpcds.date_dim AS date_dim
    ON date_dim.d_date_sk = store_sales.ss_sold_date_sk AND date_dim.d_year = 2000
  GROUP BY
    1
)
SELECT
  item.i_item_id,
  _s7.avg_ss_quantity AS agg1,
  _s7.avg_ss_list_price AS agg2,
  _s7.avg_ss_coupon_amt AS agg3,
  _s7.avg_ss_sales_price AS agg4
FROM tpcds.item AS item
JOIN _s7 AS _s7
  ON _s7.ss_item_sk = item.i_item_sk
ORDER BY
  1 NULLS FIRST
LIMIT 10",13.998482504000094,14.428483964999941,"Limit  (cost=50016.06..70022.79 rows=10 width=145) (actual time=13795.139..14042.310 rows=10 loops=1)
  ->  GroupAggregate  (cost=50016.06..3685239.13 rows=1817 width=145) (actual time=13795.138..14042.307 rows=10 loops=1)
        Group Key: i.i_item_id
        ->  Nested Loop  (cost=50016.06..3685180.08 rows=1817 width=40) (actual time=13771.242..14042.259 rows=19 loops=1)
              Join Filter: (ss.ss_item_sk = i.i_item_sk)
              Rows Removed by Join Filter: 2341353
              ->  Gather Merge  (cost=9196.25..21075.83 rows=102000 width=25) (actual time=170.307..174.961 rows=32 loops=1)
                    Workers Planned: 2
                    Workers Launched: 2
                    ->  Sort  (cost=8196.22..8302.47 rows=42500 width=25) (actual time=105.556..105.600 rows=786 loops=3)
                          Sort Key: i.i_item_id
                          Sort Method: external merge  Disk: 2168kB
                          Worker 0:  Sort Method: quicksort  Memory: 1685kB
                          Worker 1:  Sort Method: quicksort  Memory: 3023kB
                          ->  Parallel Seq Scan on item i  (cost=0.00..4929.00 rows=42500 width=25) (actual time=0.016..7.885 rows=34000 loops=3)
              ->  Materialize  (cost=40819.81..884098.79 rows=1817 width=31) (actual time=12.502..428.854 rows=73168 loops=32)
                    ->  Gather  (cost=40819.81..884089.71 rows=1817 width=31) (actual time=399.998..13551.785 rows=75483 loops=1)
                          Workers Planned: 2
                          Workers Launched: 2
                          ->  Hash Join  (cost=39819.81..882908.01 rows=757 width=31) (actual time=386.567..13553.219 rows=25161 loops=3)
                                Hash Cond: (ss.ss_promo_sk = p.p_promo_sk)
                                ->  Parallel Hash Join  (cost=39795.06..882872.72 rows=792 width=39) (actual time=386.255..13544.103 rows=25586 loops=3)
                                      Hash Cond: (ss.ss_cdemo_sk = cd.cd_demo_sk)
                                      ->  Parallel Hash Join  (cost=2571.79..845432.77 rows=56902 width=47) (actual time=4.131..12966.409 rows=1839779 loops=3)
                                            Hash Cond: (ss.ss_sold_date_sk = d.d_date_sk)
                                            ->  Parallel Seq Scan on store_sales ss  (cost=0.00..797528.85 rows=11999285 width=55) (actual time=0.222..11586.304 rows=9600330 loops=3)
                                            ->  Parallel Hash  (cost=2569.12..2569.12 rows=213 width=8) (actual time=3.857..3.858 rows=122 loops=3)
                                                  Buckets: 1024  Batches: 1  Memory Usage: 104kB
                                                  ->  Parallel Seq Scan on date_dim d  (cost=0.00..2569.12 rows=213 width=8) (actual time=2.021..3.770 rows=122 loops=3)
                                                        Filter: (d_year = 2000)
                                                        Rows Removed by Filter: 24228
                                      ->  Parallel Hash  (cost=37077.83..37077.83 rows=11635 width=8) (actual time=379.188..379.189 rows=9147 loops=3)
                                            Buckets: 32768  Batches: 1  Memory Usage: 1376kB
                                            ->  Parallel Seq Scan on customer_demographics cd  (cost=0.00..37077.83 rows=11635 width=8) (actual time=0.290..375.962 rows=9147 loops=3)
                                                  Filter: (((cd_gender)::text = 'M'::text) AND ((cd_marital_status)::text = 'S'::text) AND ((cd_education_status)::text = 'College'::text))
                                                  Rows Removed by Filter: 631120
                                ->  Hash  (cost=18.50..18.50 rows=500 width=8) (actual time=0.174..0.175 rows=498 loops=3)
                                      Buckets: 1024  Batches: 1  Memory Usage: 28kB
                                      ->  Seq Scan on promotion p  (cost=0.00..18.50 rows=500 width=8) (actual time=0.016..0.118 rows=498 loops=3)
                                            Filter: (((p_channel_email)::text = 'N'::text) OR ((p_channel_event)::text = 'N'::text))
                                            Rows Removed by Filter: 2
Planning Time: 0.333 ms
Execution Time: 14043.149 ms","Limit  (cost=890079.32..890079.35 rows=10 width=145) (actual time=14078.231..14078.924 rows=10 loops=1)
  ->  Sort  (cost=890079.32..890083.75 rows=1770 width=145) (actual time=13763.066..13763.758 rows=10 loops=1)
        Sort Key: item.i_item_id NULLS FIRST
        Sort Method: top-N heapsort  Memory: 26kB
        ->  Hash Join  (cost=884249.31..890041.08 rows=1770 width=145) (actual time=13723.624..13752.981 rows=39288 loops=1)
              Hash Cond: (item.i_item_sk = _s7.ss_item_sk)
              ->  Seq Scan on item  (cost=0.00..5524.00 rows=102000 width=25) (actual time=0.013..12.185 rows=102000 loops=1)
              ->  Hash  (cost=884227.19..884227.19 rows=1770 width=136) (actual time=13723.570..13724.260 rows=39288 loops=1)
                    Buckets: 65536 (originally 2048)  Batches: 1 (originally 1)  Memory Usage: 3153kB
                    ->  Subquery Scan on _s7  (cost=883942.84..884227.19 rows=1770 width=136) (actual time=13582.179..13716.923 rows=39288 loops=1)
                          ->  Finalize GroupAggregate  (cost=883942.84..884209.49 rows=1770 width=136) (actual time=13582.176..13713.845 rows=39288 loops=1)
                                Group Key: store_sales.ss_item_sk
                                ->  Gather Merge  (cost=883942.84..884140.88 rows=1476 width=136) (actual time=13582.151..13622.965 rows=58827 loops=1)
                                      Workers Planned: 2
                                      Workers Launched: 2
                                      ->  Partial GroupAggregate  (cost=882942.81..882970.49 rows=738 width=136) (actual time=13567.078..13598.756 rows=19609 loops=3)
                                            Group Key: store_sales.ss_item_sk
                                            ->  Sort  (cost=882942.81..882944.66 rows=738 width=31) (actual time=13567.037..13570.140 rows=24717 loops=3)
                                                  Sort Key: store_sales.ss_item_sk
                                                  Sort Method: quicksort  Memory: 2321kB
                                                  Worker 0:  Sort Method: quicksort  Memory: 2232kB
                                                  Worker 1:  Sort Method: quicksort  Memory: 2369kB
                                                  ->  Hash Join  (cost=39819.65..882907.66 rows=738 width=31) (actual time=390.227..13557.658 rows=24717 loops=3)
                                                        Hash Cond: (store_sales.ss_promo_sk = promotion.p_promo_sk)
                                                        ->  Parallel Hash Join  (cost=39795.06..882872.72 rows=792 width=39) (actual time=141.915..13301.539 rows=25586 loops=3)
                                                              Hash Cond: (store_sales.ss_cdemo_sk = customer_demographics.cd_demo_sk)
                                                              ->  Parallel Hash Join  (cost=2571.79..845432.77 rows=56902 width=47) (actual time=2.970..12937.729 rows=1839779 loops=3)
                                                                    Hash Cond: (store_sales.ss_sold_date_sk = date_dim.d_date_sk)
                                                                    ->  Parallel Seq Scan on store_sales  (cost=0.00..797528.85 rows=11999285 width=55) (actual time=0.232..11762.987 rows=9600330 loops=3)
                                                                    ->  Parallel Hash  (cost=2569.12..2569.12 rows=213 width=8) (actual time=2.690..2.691 rows=122 loops=3)
                                                                          Buckets: 1024  Batches: 1  Memory Usage: 72kB
                                                                          ->  Parallel Seq Scan on date_dim  (cost=0.00..2569.12 rows=213 width=8) (actual time=2.047..3.953 rows=183 loops=2)
                                                                                Filter: (d_year = 2000)
                                                                                Rows Removed by Filter: 36342
                                                              ->  Parallel Hash  (cost=37077.83..37077.83 rows=11635 width=8) (actual time=136.939..136.939 rows=9147 loops=3)
                                                                    Buckets: 32768  Batches: 1  Memory Usage: 1376kB
                                                                    ->  Parallel Seq Scan on customer_demographics  (cost=0.00..37077.83 rows=11635 width=8) (actual time=0.288..199.789 rows=13720 loops=2)
                                                                          Filter: (((cd_education_status)::text = 'College'::text) AND ((cd_gender)::text = 'M'::text) AND ((cd_marital_status)::text = 'S'::text))
                                                                          Rows Removed by Filter: 946680
                                                        ->  Hash  (cost=18.50..18.50 rows=487 width=8) (actual time=248.278..248.279 rows=489 loops=3)
                                                              Buckets: 1024  Batches: 1  Memory Usage: 28kB
                                                              ->  Seq Scan on promotion  (cost=0.00..18.50 rows=487 width=8) (actual time=248.060..248.200 rows=489 loops=3)
                                                                    Filter: (((p_channel_email)::text = 'N'::text) AND ((p_channel_event)::text = 'N'::text))
                                                                    Rows Removed by Filter: 11
Planning Time: 0.340 ms
JIT:
  Functions: 119
  Options: Inlining true, Optimization true, Expressions true, Deforming true
  Timing: Generation 6.060 ms, Inlining 155.628 ms, Optimization 536.765 ms, Emission 367.157 ms, Total 1065.610 ms
Execution Time: 14080.962 ms",SUCCESS
27,28,TPCDS,Q8,"SELECT
    s.s_store_name,
    SUM(ss.ss_net_profit) AS sum_net_profit
FROM tpcds.store_sales ss
JOIN tpcds.store s
    ON ss.ss_store_sk = s.s_store_sk
JOIN tpcds.date_dim d
    ON ss.ss_sold_date_sk = d.d_date_sk
JOIN (
    SELECT ca_zip
    FROM (
        SELECT SUBSTR(ca_zip, 1, 5) AS ca_zip
        FROM tpcds.customer_address
        WHERE SUBSTR(ca_zip, 1, 5) IN (
            '10338','56623','51423','26456','19500','65832',
            '17178','68879','49935','49849','93956',
            '71765','45100','50587','68389','41899',
            '98316','56217','94686','59350','32857',
            '14925','31266','37817','27519','20787',
            '26967','49045','39397','32010','23144',
            '53580','15491','74151','18442','51916',
            '17730','22824','28290','21657','45460',
            '39386','21133','35017','19894','21759',
            '79293','86733','76777','41688','13810',
            '49053','17992','13395','19869','40785',
            '63897','65049','27388','94701','41482',
            '97923','23951','88284','61718','94317',
            '72294','63544','31306','41242','28830',
            '75535','86189','88177','16147','12902',
            '48271','54036','20936','27802','96741',
            '70286','75710','16034','90285','22058',
            '52590','40584','62441','64039','68999',
            '64327','33844','52497','88495','25989',
            '67814','13767','83194','99395','35524',
            '89640','48834','51875','71073','25383',
            '19129','57805','47962','61905','19557',
            '74159','98032','13917','50936','47993',
            '41606','17592','11470','28216','19732',
            '97958','60997','85688','96863','16605',
            '10898','31340','71340','72902','98949',
            '74440','53057','30323','76166','27195',
            '11204','32771','38189','83221','22295',
            '15325','20844','65549','69207','71903',
            '63929','56922','25733','75482','14986',
            '79223','73692','98769','70275','33793',
            '13057','30142','95737','30072','32097',
            '25845','50282','19289','92221','59533',
            '37375','29706','48186','22385','55809',
            '17416','10592','55385','71829','91975',
            '73557','38036','10448','95252','51386',
            '14190','15247','39907','79438','78053',
            '66623','27720','84139','74147','58637',
            '11434','36573','10081','53536','41724',
            '97898','36752','50384','87352','35696',
            '69486','50026','27837','42592','58865',
            '80523','53682','65423','77611','98529',
            '13909','13727','52190','36152','48355',
            '62496','16527','18143','98830','75198',
            '73043','64043','63042','67797','50656',
            '27700','60687','57905','94404','15733',
            '80809','74562','84493','67977','11213',
            '19125','84496','16435','97510','46040',
            '33968','20256','42332','16480','54277',
            '82819','93799','69101','57689','42821',
            '68073','49342','46915','25825','92332',
            '20219','96577','49463','19221','35814',
            '64783','97303','52061','24357','58167',
            '56286','64474','99847','53626','39703',
            '24880','24365','50652','29611','90638',
            '59246','27171','30483','11708','38630',
            '81914','48269','11720','88662','68844',
            '54838','93795','38102','33481','97546',
            '49306','97216','49032','14270','72418',
            '32540','53208','15588','29990','10407',
            '92334','48543','51495','77996','53686',
            '14827','30978','30482','86296','48869',
            '59600','29495','24775','34645','19763',
            '98602','20456','10468','13887','65714',
            '74740','37096','96240','44111','54109',
            '62693','87874','64295','62027','86027',
            '54341','68582','67809','44159','97913',
            '79150','38974','64754','73946','20840',
            '16138','58939','20428','19890','70842',
            '78648','55576','37267','40470','12957',
            '57553','53593','34067','22555','79719',
            '25809','28496','11083','87624','83622',
            '84898','28678','14297','79461','22910',
            '87129','49941','64817','93905','39721',
            '81837','18753','86432','67821','66080',
            '28246','13466','16363','56950','35446',
            '58326','11760','33962','28399','45848',
            '52560','66894','15169','20988','85925',
            '38582','34825','94227','56758','24801',
            '14128','14012','35824','49784'
        )
        INTERSECT
        SELECT ca_zip
        FROM (
            SELECT
                SUBSTR(ca_zip, 1, 5) AS ca_zip,
                COUNT(*) AS cnt
            FROM tpcds.customer_address ca
            JOIN tpcds.customer c
                ON ca.ca_address_sk = c.c_current_addr_sk
            WHERE c.c_preferred_cust_flag = 'Y'
            GROUP BY SUBSTR(ca_zip, 1, 5)
            HAVING COUNT(*) > 10
        ) A1
    ) A2
) V1
    ON SUBSTR(s.s_zip, 1, 2) = SUBSTR(V1.ca_zip, 1, 2)
WHERE
    d.d_qoy = 1
    AND d.d_year = 1998
GROUP BY
    s.s_store_name
ORDER BY
    s.s_store_name
LIMIT 10;","metropolitan_areas = customers.WHERE(ISIN(current_address.zip_code[:5], (
            '10338','56623','51423','26456','19500','65832',
            '17178','68879','49935','49849','93956',
            '71765','45100','50587','68389','41899',
            '98316','56217','94686','59350','32857',
            '14925','31266','37817','27519','20787',
            '26967','49045','39397','32010','23144',
            '53580','15491','74151','18442','51916',
            '17730','22824','28290','21657','45460',
            '39386','21133','35017','19894','21759',
            '79293','86733','76777','41688','13810',
            '49053','17992','13395','19869','40785',
            '63897','65049','27388','94701','41482',
            '97923','23951','88284','61718','94317',
            '72294','63544','31306','41242','28830',
            '75535','86189','88177','16147','12902',
            '48271','54036','20936','27802','96741',
            '70286','75710','16034','90285','22058',
            '52590','40584','62441','64039','68999',
            '64327','33844','52497','88495','25989',
            '67814','13767','83194','99395','35524',
            '89640','48834','51875','71073','25383',
            '19129','57805','47962','61905','19557',
            '74159','98032','13917','50936','47993',
            '41606','17592','11470','28216','19732',
            '97958','60997','85688','96863','16605',
            '10898','31340','71340','72902','98949',
            '74440','53057','30323','76166','27195',
            '11204','32771','38189','83221','22295',
            '15325','20844','65549','69207','71903',
            '63929','56922','25733','75482','14986',
            '79223','73692','98769','70275','33793',
            '13057','30142','95737','30072','32097',
            '25845','50282','19289','92221','59533',
            '37375','29706','48186','22385','55809',
            '17416','10592','55385','71829','91975',
            '73557','38036','10448','95252','51386',
            '14190','15247','39907','79438','78053',
            '66623','27720','84139','74147','58637',
            '11434','36573','10081','53536','41724',
            '97898','36752','50384','87352','35696',
            '69486','50026','27837','42592','58865',
            '80523','53682','65423','77611','98529',
            '13909','13727','52190','36152','48355',
            '62496','16527','18143','98830','75198',
            '73043','64043','63042','67797','50656',
            '27700','60687','57905','94404','15733',
            '80809','74562','84493','67977','11213',
            '19125','84496','16435','97510','46040',
            '33968','20256','42332','16480','54277',
            '82819','93799','69101','57689','42821',
            '68073','49342','46915','25825','92332',
            '20219','96577','49463','19221','35814',
            '64783','97303','52061','24357','58167',
            '56286','64474','99847','53626','39703',
            '24880','24365','50652','29611','90638',
            '59246','27171','30483','11708','38630',
            '81914','48269','11720','88662','68844',
            '54838','93795','38102','33481','97546',
            '49306','97216','49032','14270','72418',
            '32540','53208','15588','29990','10407',
            '92334','48543','51495','77996','53686',
            '14827','30978','30482','86296','48869',
            '59600','29495','24775','34645','19763',
            '98602','20456','10468','13887','65714',
            '74740','37096','96240','44111','54109',
            '62693','87874','64295','62027','86027',
            '54341','68582','67809','44159','97913',
            '79150','38974','64754','73946','20840',
            '16138','58939','20428','19890','70842',
            '78648','55576','37267','40470','12957',
            '57553','53593','34067','22555','79719',
            '25809','28496','11083','87624','83622',
            '84898','28678','14297','79461','22910',
            '87129','49941','64817','93905','39721',
            '81837','18753','86432','67821','66080',
            '28246','13466','16363','56950','35446',
            '58326','11760','33962','28399','45848',
            '52560','66894','15169','20988','85925',
            '38582','34825','94227','56758','24801',
            '14128','14012','35824','49784'
        )) 
    & (preferred_customer_flag == 'Y')
).CALCULATE(
    zip_5=current_address.zip_code[:5]
).PARTITION(
    name='zip_codes', by=zip_5
).WHERE(
    COUNT(customers) > 10
)
preferred_customers = customers.WHERE(preferred_customer_flag == 'Y')
selected_store_sales = store_sales.WHERE(
    (sold_date.quarter_of_year == 1) 
    & (sold_date.year == 1998)
)
result = stores.CALCULATE(store_zip=zip_code).WHERE(
    HAS(CROSS(metropolitan_areas).WHERE(store_zip[:2]==zip_5[:2])) 
    & HAS(selected_store_sales)
).CALCULATE(
    store_sum=SUM(selected_store_sales.net_profit)
).PARTITION(
    name='store_names', by=name
).CALCULATE(
    s_store_name=name,
    sum_net_profit=SUM(stores.store_sum)
).TOP_K(10, by=name)","WITH _t3 AS (
  SELECT
    SUBSTRING(customer_address.ca_zip FROM 1 FOR 5) AS zip,
    COUNT(*) AS n_rows
  FROM tpcds.customer AS customer
  LEFT JOIN tpcds.customer_address AS customer_address
    ON customer.c_current_addr_sk = customer_address.ca_address_sk
  WHERE
    SUBSTRING(customer_address.ca_zip FROM 1 FOR 5) IN ('10338', '56623', '51423', '26456', '19500', '65832', '17178', '68879', '49935', '49849', '93956', '71765', '45100', '50587', '68389', '41899', '98316', '56217', '94686', '59350', '32857', '14925', '31266', '37817', '27519', '20787', '26967', '49045', '39397', '32010', '23144', '53580', '15491', '74151', '18442', '51916', '17730', '22824', '28290', '21657', '45460', '39386', '21133', '35017', '19894', '21759', '79293', '86733', '76777', '41688', '13810', '49053', '17992', '13395', '19869', '40785', '63897', '65049', '27388', '94701', '41482', '97923', '23951', '88284', '61718', '94317', '72294', '63544', '31306', '41242', '28830', '75535', '86189', '88177', '16147', '12902', '48271', '54036', '20936', '27802', '96741', '70286', '75710', '16034', '90285', '22058', '52590', '40584', '62441', '64039', '68999', '64327', '33844', '52497', '88495', '25989', '67814', '13767', '83194', '99395', '35524', '89640', '48834', '51875', '71073', '25383', '19129', '57805', '47962', '61905', '19557', '74159', '98032', '13917', '50936', '47993', '41606', '17592', '11470', '28216', '19732', '97958', '60997', '85688', '96863', '16605', '10898', '31340', '71340', '72902', '98949', '74440', '53057', '30323', '76166', '27195', '11204', '32771', '38189', '83221', '22295', '15325', '20844', '65549', '69207', '71903', '63929', '56922', '25733', '75482', '14986', '79223', '73692', '98769', '70275', '33793', '13057', '30142', '95737', '30072', '32097', '25845', '50282', '19289', '92221', '59533', '37375', '29706', '48186', '22385', '55809', '17416', '10592', '55385', '71829', '91975', '73557', '38036', '10448', '95252', '51386', '14190', '15247', '39907', '79438', '78053', '66623', '27720', '84139', '74147', '58637', '11434', '36573', '10081', '53536', '41724', '97898', '36752', '50384', '87352', '35696', '69486', '50026', '27837', '42592', '58865', '80523', '53682', '65423', '77611', '98529', '13909', '13727', '52190', '36152', '48355', '62496', '16527', '18143', '98830', '75198', '73043', '64043', '63042', '67797', '50656', '27700', '60687', '57905', '94404', '15733', '80809', '74562', '84493', '67977', '11213', '19125', '84496', '16435', '97510', '46040', '33968', '20256', '42332', '16480', '54277', '82819', '93799', '69101', '57689', '42821', '68073', '49342', '46915', '25825', '92332', '20219', '96577', '49463', '19221', '35814', '64783', '97303', '52061', '24357', '58167', '56286', '64474', '99847', '53626', '39703', '24880', '24365', '50652', '29611', '90638', '59246', '27171', '30483', '11708', '38630', '81914', '48269', '11720', '88662', '68844', '54838', '93795', '38102', '33481', '97546', '49306', '97216', '49032', '14270', '72418', '32540', '53208', '15588', '29990', '10407', '92334', '48543', '51495', '77996', '53686', '14827', '30978', '30482', '86296', '48869', '59600', '29495', '24775', '34645', '19763', '98602', '20456', '10468', '13887', '65714', '74740', '37096', '96240', '44111', '54109', '62693', '87874', '64295', '62027', '86027', '54341', '68582', '67809', '44159', '97913', '79150', '38974', '64754', '73946', '20840', '16138', '58939', '20428', '19890', '70842', '78648', '55576', '37267', '40470', '12957', '57553', '53593', '34067', '22555', '79719', '25809', '28496', '11083', '87624', '83622', '84898', '28678', '14297', '79461', '22910', '87129', '49941', '64817', '93905', '39721', '81837', '18753', '86432', '67821', '66080', '28246', '13466', '16363', '56950', '35446', '58326', '11760', '33962', '28399', '45848', '52560', '66894', '15169', '20988', '85925', '38582', '34825', '94227', '56758', '24801', '14128', '14012', '35824', '49784')
    AND customer.c_preferred_cust_flag = 'Y'
  GROUP BY
    1
), _u_0 AS (
  SELECT
    SUBSTRING(zip FROM 1 FOR 2) AS _u_1
  FROM _t3
  WHERE
    n_rows > 10
  GROUP BY
    1
), _t1 AS (
  SELECT
    MAX(store.s_store_name) AS anything_s_store_name,
    SUM(store_sales.ss_net_profit) AS sum_ss_net_profit
  FROM tpcds.store AS store
  LEFT JOIN _u_0 AS _u_0
    ON _u_0._u_1 = SUBSTRING(store.s_zip FROM 1 FOR 2)
  JOIN tpcds.store_sales AS store_sales
    ON store.s_store_sk = store_sales.ss_store_sk
  JOIN tpcds.date_dim AS date_dim
    ON date_dim.d_date_sk = store_sales.ss_sold_date_sk
    AND date_dim.d_qoy = 1
    AND date_dim.d_year = 1998
  WHERE
    NOT _u_0._u_1 IS NULL
  GROUP BY
    store_sales.ss_store_sk
)
SELECT
  anything_s_store_name AS s_store_name,
  COALESCE(SUM(sum_ss_net_profit), 0) AS sum_net_profit
FROM _t1
GROUP BY
  1
ORDER BY
  1 NULLS FIRST
LIMIT 10",14.039615530999981,14.772220625000045,"Limit  (cost=892827.22..893073.40 rows=10 width=36) (actual time=14200.205..14238.197 rows=8 loops=1)
  ->  GroupAggregate  (cost=892827.22..893073.40 rows=10 width=36) (actual time=13722.459..13760.449 rows=8 loops=1)
        Group Key: s.s_store_name
        ->  Sort  (cost=892827.22..892909.24 rows=32807 width=10) (actual time=13715.871..13737.603 rows=192619 loops=1)
              Sort Key: s.s_store_name
              Sort Method: external merge  Disk: 4112kB
              ->  Hash Join  (cost=41413.72..890366.42 rows=32807 width=10) (actual time=639.726..13673.623 rows=192619 loops=1)
                    Hash Cond: (substr((s.s_zip)::text, 1, 2) = substr(a2.ca_zip, 1, 2))
                    ->  Gather  (cost=3684.52..849766.60 rows=32807 width=16) (actual time=10.160..12874.882 rows=754280 loops=1)
                          Workers Planned: 2
                          Workers Launched: 2
                          ->  Hash Join  (cost=2684.52..845485.90 rows=13670 width=16) (actual time=287.200..13251.676 rows=251427 loops=3)
                                Hash Cond: (ss.ss_store_sk = s.s_store_sk)
                                ->  Parallel Hash Join  (cost=2677.23..845288.27 rows=14304 width=14) (actual time=3.904..12914.276 rows=257466 loops=3)
                                      Hash Cond: (ss.ss_sold_date_sk = d.d_date_sk)
                                      ->  Parallel Seq Scan on store_sales ss  (cost=0.00..797528.85 rows=11999285 width=22) (actual time=0.288..12056.005 rows=9600330 loops=3)
                                      ->  Parallel Hash  (cost=2676.55..2676.55 rows=54 width=8) (actual time=2.892..2.893 rows=30 loops=3)
                                            Buckets: 1024  Batches: 1  Memory Usage: 40kB
                                            ->  Parallel Seq Scan on date_dim d  (cost=0.00..2676.55 rows=54 width=8) (actual time=4.275..8.578 rows=91 loops=1)
                                                  Filter: ((d_qoy = 1) AND (d_year = 1998))
                                                  Rows Removed by Filter: 72958
                                ->  Hash  (cost=6.02..6.02 rows=102 width=18) (actual time=283.152..283.152 rows=102 loops=3)
                                      Buckets: 1024  Batches: 1  Memory Usage: 14kB
                                      ->  Seq Scan on store s  (cost=0.00..6.02 rows=102 width=18) (actual time=283.083..283.127 rows=102 loops=3)
                    ->  Hash  (cost=37726.70..37726.70 rows=200 width=32) (actual time=629.544..631.889 rows=9 loops=1)
                          Buckets: 1024  Batches: 1  Memory Usage: 9kB
                          ->  Subquery Scan on a2  (cost=24464.17..37726.70 rows=200 width=32) (actual time=629.503..631.878 rows=9 loops=1)
                                ->  HashSetOp Intersect  (cost=24464.17..37726.70 rows=200 width=36) (actual time=629.475..631.848 rows=9 loops=1)
                                      ->  Append  (cost=24464.17..37183.21 rows=217399 width=36) (actual time=581.335..631.159 rows=3229 loops=1)
                                            ->  Subquery Scan on ""*SELECT* 2""  (cost=24464.17..24528.02 rows=1064 width=36) (actual time=581.333..584.675 rows=2268 loops=1)
                                                  ->  Subquery Scan on a1  (cost=24464.17..24517.38 rows=1064 width=32) (actual time=581.330..584.462 rows=2268 loops=1)
                                                        ->  Finalize HashAggregate  (cost=24464.17..24506.74 rows=1064 width=40) (actual time=581.326..584.269 rows=2268 loops=1)
                                                              Group Key: (substr((ca.ca_zip)::text, 1, 5))
                                                              Filter: (count(*) > 10)
                                                              Batches: 1  Memory Usage: 721kB
                                                              Rows Removed by Filter: 2599
                                                              ->  Gather  (cost=23753.73..24432.24 rows=6386 width=40) (actual time=576.504..580.683 rows=11181 loops=1)
                                                                    Workers Planned: 2
                                                                    Workers Launched: 2
                                                                    ->  Partial HashAggregate  (cost=22753.73..22793.64 rows=3193 width=40) (actual time=553.014..553.626 rows=3727 loops=3)
                                                                          Group Key: substr((ca.ca_zip)::text, 1, 5)
                                                                          Batches: 1  Memory Usage: 369kB
                                                                          Worker 0:  Batches: 1  Memory Usage: 465kB
                                                                          Worker 1:  Batches: 1  Memory Usage: 369kB
                                                                          ->  Parallel Hash Join  (cost=15695.44..22266.02 rows=97542 width=32) (actual time=417.378..537.290 rows=78942 loops=3)
                                                                                Hash Cond: (ca.ca_address_sk = c.c_current_addr_sk)
                                                                                ->  Parallel Seq Scan on customer_address ca  (cost=0.00..5529.67 rows=104167 width=14) (actual time=0.224..73.151 rows=83333 loops=3)
                                                                                ->  Parallel Hash  (cost=14476.17..14476.17 rows=97542 width=8) (actual time=416.079..416.079 rows=78942 loops=3)
                                                                                      Buckets: 262144  Batches: 1  Memory Usage: 11360kB
                                                                                      ->  Parallel Seq Scan on customer c  (cost=0.00..14476.17 rows=97542 width=8) (actual time=233.045..353.049 rows=78942 loops=3)
                                                                                            Filter: ((c_preferred_cust_flag)::text = 'Y'::text)
                                                                                            Rows Removed by Filter: 87725
                                            ->  Subquery Scan on ""*SELECT* 1""  (cost=1.00..11568.19 rows=216335 width=36) (actual time=0.145..46.248 rows=961 loops=1)
                                                  ->  Seq Scan on customer_address  (cost=1.00..9404.84 rows=216335 width=32) (actual time=0.142..46.155 rows=961 loops=1)
                                                        Filter: (substr((ca_zip)::text, 1, 5) = ANY ('{10338,56623,51423,26456,19500,65832,17178,68879,49935,49849,93956,71765,45100,50587,68389,41899,98316,56217,94686,59350,32857,14925,31266,37817,27519,20787,26967,49045,39397,32010,23144,53580,15491,74151,18442,51916,17730,22824,28290,21657,45460,39386,21133,35017,19894,21759,79293,86733,76777,41688,13810,49053,17992,13395,19869,40785,63897,65049,27388,94701,41482,97923,23951,88284,61718,94317,72294,63544,31306,41242,28830,75535,86189,88177,16147,12902,48271,54036,20936,27802,96741,70286,75710,16034,90285,22058,52590,40584,62441,64039,68999,64327,33844,52497,88495,25989,67814,13767,83194,99395,35524,89640,48834,51875,71073,25383,19129,57805,47962,61905,19557,74159,98032,13917,50936,47993,41606,17592,11470,28216,19732,97958,60997,85688,96863,16605,10898,31340,71340,72902,98949,74440,53057,30323,76166,27195,11204,32771,38189,83221,22295,15325,20844,65549,69207,71903,63929,56922,25733,75482,14986,79223,73692,98769,70275,33793,13057,30142,95737,30072,32097,25845,50282,19289,92221,59533,37375,29706,48186,22385,55809,17416,10592,55385,71829,91975,73557,38036,10448,95252,51386,14190,15247,39907,79438,78053,66623,27720,84139,74147,58637,11434,36573,10081,53536,41724,97898,36752,50384,87352,35696,69486,50026,27837,42592,58865,80523,53682,65423,77611,98529,13909,13727,52190,36152,48355,62496,16527,18143,98830,75198,73043,64043,63042,67797,50656,27700,60687,57905,94404,15733,80809,74562,84493,67977,11213,19125,84496,16435,97510,46040,33968,20256,42332,16480,54277,82819,93799,69101,57689,42821,68073,49342,46915,25825,92332,20219,96577,49463,19221,35814,64783,97303,52061,24357,58167,56286,64474,99847,53626,39703,24880,24365,50652,29611,90638,59246,27171,30483,11708,38630,81914,48269,11720,88662,68844,54838,93795,38102,33481,97546,49306,97216,49032,14270,72418,32540,53208,15588,29990,10407,92334,48543,51495,77996,53686,14827,30978,30482,86296,48869,59600,29495,24775,34645,19763,98602,20456,10468,13887,65714,74740,37096,96240,44111,54109,62693,87874,64295,62027,86027,54341,68582,67809,44159,97913,79150,38974,64754,73946,20840,16138,58939,20428,19890,70842,78648,55576,37267,40470,12957,57553,53593,34067,22555,79719,25809,28496,11083,87624,83622,84898,28678,14297,79461,22910,87129,49941,64817,93905,39721,81837,18753,86432,67821,66080,28246,13466,16363,56950,35446,58326,11760,33962,28399,45848,52560,66894,15169,20988,85925,38582,34825,94227,56758,24801,14128,14012,35824,49784}'::text[]))
                                                        Rows Removed by Filter: 249039
Planning Time: 0.447 ms
JIT:
  Functions: 135
  Options: Inlining true, Optimization true, Expressions true, Deforming true
  Timing: Generation 8.104 ms, Inlining 419.312 ms, Optimization 1012.534 ms, Emission 593.806 ms, Total 2033.755 ms
Execution Time: 14241.316 ms","Limit  (cost=877532.74..877532.94 rows=10 width=64) (actual time=14405.431..14415.547 rows=8 loops=1)
  ->  GroupAggregate  (cost=877532.74..877533.76 rows=51 width=64) (actual time=13788.743..13798.859 rows=8 loops=1)
        Group Key: _t1.anything_s_store_name
        ->  Sort  (cost=877532.74..877532.86 rows=51 width=64) (actual time=13788.709..13798.820 rows=13 loops=1)
              Sort Key: _t1.anything_s_store_name NULLS FIRST
              Sort Method: quicksort  Memory: 25kB
              ->  Subquery Scan on _t1  (cost=872889.05..877531.29 rows=51 width=64) (actual time=13612.699..13798.789 rows=13 loops=1)
                    ->  GroupAggregate  (cost=872889.05..877530.78 rows=51 width=72) (actual time=13612.695..13798.773 rows=13 loops=1)
                          Group Key: store_sales.ss_store_sk
                          ->  Merge Join  (cost=872889.05..877284.09 rows=32807 width=18) (actual time=13605.221..13774.694 rows=192619 loops=1)
                                Merge Cond: (store_sales.ss_store_sk = store.s_store_sk)
                                ->  Gather Merge  (cost=847275.57..851273.86 rows=34330 width=14) (actual time=13144.533..13254.987 rows=754281 loops=1)
                                      Workers Planned: 2
                                      Workers Launched: 2
                                      ->  Sort  (cost=846275.55..846311.31 rows=14304 width=14) (actual time=13124.785..13147.996 rows=252788 loops=3)
                                            Sort Key: store_sales.ss_store_sk
                                            Sort Method: external merge  Disk: 7096kB
                                            Worker 0:  Sort Method: external merge  Disk: 6192kB
                                            Worker 1:  Sort Method: external merge  Disk: 6096kB
                                            ->  Parallel Hash Join  (cost=2677.23..845288.27 rows=14304 width=14) (actual time=175.860..13056.538 rows=257466 loops=3)
                                                  Hash Cond: (store_sales.ss_sold_date_sk = date_dim.d_date_sk)
                                                  ->  Parallel Seq Scan on store_sales  (cost=0.00..797528.85 rows=11999285 width=22) (actual time=0.217..12030.609 rows=9600330 loops=3)
                                                  ->  Parallel Hash  (cost=2676.55..2676.55 rows=54 width=8) (actual time=2.132..2.133 rows=30 loops=3)
                                                        Buckets: 1024  Batches: 1  Memory Usage: 40kB
                                                        ->  Parallel Seq Scan on date_dim  (cost=0.00..2676.55 rows=54 width=8) (actual time=3.276..6.328 rows=91 loops=1)
                                                              Filter: ((d_qoy = 1) AND (d_year = 1998))
                                                              Rows Removed by Filter: 72958
                                ->  Sort  (cost=25613.48..25613.74 rows=102 width=12) (actual time=455.956..464.014 rows=192635 loops=1)
                                      Sort Key: store.s_store_sk
                                      Sort Method: quicksort  Memory: 26kB
                                      ->  Hash Join  (cost=25603.77..25610.08 rows=102 width=12) (actual time=455.877..456.612 rows=29 loops=1)
                                            Hash Cond: (SUBSTRING(store.s_zip FROM 1 FOR 2) = (SUBSTRING(_t3.zip FROM 1 FOR 2)))
                                            ->  Seq Scan on store  (cost=0.00..6.02 rows=102 width=18) (actual time=0.013..0.034 rows=102 loops=1)
                                            ->  Hash  (cost=25601.27..25601.27 rows=200 width=32) (actual time=455.822..456.491 rows=8 loops=1)
                                                  Buckets: 1024  Batches: 1  Memory Usage: 9kB
                                                  ->  Group  (cost=25595.45..25601.27 rows=200 width=32) (actual time=455.807..456.482 rows=8 loops=1)
                                                        Group Key: (SUBSTRING(_t3.zip FROM 1 FOR 2))
                                                        ->  Sort  (cost=25595.45..25598.11 rows=1064 width=32) (actual time=455.802..456.471 rows=9 loops=1)
                                                              Sort Key: (SUBSTRING(_t3.zip FROM 1 FOR 2))
                                                              Sort Method: quicksort  Memory: 25kB
                                                              ->  Subquery Scan on _t3  (cost=25486.08..25541.95 rows=1064 width=32) (actual time=455.776..456.457 rows=9 loops=1)
                                                                    ->  Finalize HashAggregate  (cost=25486.08..25528.65 rows=1064 width=40) (actual time=455.770..456.449 rows=9 loops=1)
                                                                          Group Key: (SUBSTRING(customer_address.ca_zip FROM 1 FOR 5))
                                                                          Filter: (count(*) > 10)
                                                                          Batches: 1  Memory Usage: 121kB
                                                                          Rows Removed by Filter: 7
                                                                          ->  Gather  (cost=24775.64..25454.15 rows=6386 width=40) (actual time=455.453..456.401 rows=39 loops=1)
                                                                                Workers Planned: 2
                                                                                Workers Launched: 2
                                                                                ->  Partial HashAggregate  (cost=23775.64..23815.55 rows=3193 width=40) (actual time=441.001..441.016 rows=13 loops=3)
                                                                                      Group Key: SUBSTRING(customer_address.ca_zip FROM 1 FOR 5)
                                                                                      Batches: 1  Memory Usage: 121kB
                                                                                      Worker 0:  Batches: 1  Memory Usage: 121kB
                                                                                      Worker 1:  Batches: 1  Memory Usage: 121kB
                                                                                      ->  Parallel Hash Join  (cost=7953.86..23355.71 rows=83985 width=32) (actual time=279.980..440.760 rows=316 loops=3)
                                                                                            Hash Cond: (customer.c_current_addr_sk = customer_address.ca_address_sk)
                                                                                            ->  Parallel Seq Scan on customer  (cost=0.00..14476.17 rows=97542 width=8) (actual time=0.311..148.787 rows=78942 loops=3)
                                                                                                  Filter: ((c_preferred_cust_flag)::text = 'Y'::text)
                                                                                                  Rows Removed by Filter: 87725
                                                                                            ->  Parallel Hash  (cost=6832.75..6832.75 rows=89689 width=14) (actual time=278.455..278.456 rows=320 loops=3)
                                                                                                  Buckets: 262144  Batches: 1  Memory Usage: 2112kB
                                                                                                  ->  Parallel Seq Scan on customer_address  (cost=1.00..6832.75 rows=89689 width=14) (actual time=171.358..208.522 rows=320 loops=3)
                                                                                                        Filter: ((SUBSTRING(SUBSTRING(ca_zip FROM 1 FOR 5) FROM 1 FOR 2) IS NOT NULL) AND (SUBSTRING(ca_zip FROM 1 FOR 5) = ANY ('{10338,56623,51423,26456,19500,65832,17178,68879,49935,49849,93956,71765,45100,50587,68389,41899,98316,56217,94686,59350,32857,14925,31266,37817,27519,20787,26967,49045,39397,32010,23144,53580,15491,74151,18442,51916,17730,22824,28290,21657,45460,39386,21133,35017,19894,21759,79293,86733,76777,41688,13810,49053,17992,13395,19869,40785,63897,65049,27388,94701,41482,97923,23951,88284,61718,94317,72294,63544,31306,41242,28830,75535,86189,88177,16147,12902,48271,54036,20936,27802,96741,70286,75710,16034,90285,22058,52590,40584,62441,64039,68999,64327,33844,52497,88495,25989,67814,13767,83194,99395,35524,89640,48834,51875,71073,25383,19129,57805,47962,61905,19557,74159,98032,13917,50936,47993,41606,17592,11470,28216,19732,97958,60997,85688,96863,16605,10898,31340,71340,72902,98949,74440,53057,30323,76166,27195,11204,32771,38189,83221,22295,15325,20844,65549,69207,71903,63929,56922,25733,75482,14986,79223,73692,98769,70275,33793,13057,30142,95737,30072,32097,25845,50282,19289,92221,59533,37375,29706,48186,22385,55809,17416,10592,55385,71829,91975,73557,38036,10448,95252,51386,14190,15247,39907,79438,78053,66623,27720,84139,74147,58637,11434,36573,10081,53536,41724,97898,36752,50384,87352,35696,69486,50026,27837,42592,58865,80523,53682,65423,77611,98529,13909,13727,52190,36152,48355,62496,16527,18143,98830,75198,73043,64043,63042,67797,50656,27700,60687,57905,94404,15733,80809,74562,84493,67977,11213,19125,84496,16435,97510,46040,33968,20256,42332,16480,54277,82819,93799,69101,57689,42821,68073,49342,46915,25825,92332,20219,96577,49463,19221,35814,64783,97303,52061,24357,58167,56286,64474,99847,53626,39703,24880,24365,50652,29611,90638,59246,27171,30483,11708,38630,81914,48269,11720,88662,68844,54838,93795,38102,33481,97546,49306,97216,49032,14270,72418,32540,53208,15588,29990,10407,92334,48543,51495,77996,53686,14827,30978,30482,86296,48869,59600,29495,24775,34645,19763,98602,20456,10468,13887,65714,74740,37096,96240,44111,54109,62693,87874,64295,62027,86027,54341,68582,67809,44159,97913,79150,38974,64754,73946,20840,16138,58939,20428,19890,70842,78648,55576,37267,40470,12957,57553,53593,34067,22555,79719,25809,28496,11083,87624,83622,84898,28678,14297,79461,22910,87129,49941,64817,93905,39721,81837,18753,86432,67821,66080,28246,13466,16363,56950,35446,58326,11760,33962,28399,45848,52560,66894,15169,20988,85925,38582,34825,94227,56758,24801,14128,14012,35824,49784}'::text[])))
                                                                                                        Rows Removed by Filter: 83013
Planning Time: 0.681 ms
JIT:
  Functions: 122
  Options: Inlining true, Optimization true, Expressions true, Deforming true
  Timing: Generation 7.284 ms, Inlining 304.698 ms, Optimization 840.493 ms, Emission 503.082 ms, Total 1655.557 ms
Execution Time: 14419.248 ms",SUCCESS
28,29,TPCDS,Q9,"SELECT
	CASE
		WHEN (
			SELECT COUNT(*)
			FROM tpcds.store_sales
			WHERE ss_quantity BETWEEN 1 AND 20
		) > 74129
		THEN (
			SELECT AVG(ss_ext_discount_amt)
			FROM tpcds.store_sales
			WHERE ss_quantity BETWEEN 1 AND 20
		)
		ELSE (
			SELECT AVG(ss_net_paid)
			FROM tpcds.store_sales
			WHERE ss_quantity BETWEEN 1 AND 20
		)
	END AS bucket1,
    CASE
        WHEN (
            SELECT COUNT(*)
            FROM tpcds.store_sales
            WHERE ss_quantity BETWEEN 21 AND 40
        ) > 122840
        THEN (
            SELECT AVG(ss_ext_discount_amt)
            FROM tpcds.store_sales
            WHERE ss_quantity BETWEEN 21 AND 40
        )
        ELSE (
            SELECT AVG(ss_net_paid)
            FROM tpcds.store_sales
            WHERE ss_quantity BETWEEN 21 AND 40
        )
    END AS bucket2,
    CASE
        WHEN (
            SELECT COUNT(*)
            FROM tpcds.store_sales
            WHERE ss_quantity BETWEEN 41 AND 60
        ) > 56580
        THEN (
            SELECT AVG(ss_ext_discount_amt)
            FROM tpcds.store_sales
            WHERE ss_quantity BETWEEN 41 AND 60
        )
        ELSE (
            SELECT AVG(ss_net_paid)
            FROM tpcds.store_sales
            WHERE ss_quantity BETWEEN 41 AND 60
        )
    END AS bucket3,
    CASE
        WHEN (
            SELECT COUNT(*)
            FROM tpcds.store_sales
            WHERE ss_quantity BETWEEN 61 AND 80
        ) > 10097
        THEN (
            SELECT AVG(ss_ext_discount_amt)
            FROM tpcds.store_sales
            WHERE ss_quantity BETWEEN 61 AND 80
        )
        ELSE (
            SELECT AVG(ss_net_paid)
            FROM tpcds.store_sales
            WHERE ss_quantity BETWEEN 61 AND 80
        )
    END AS bucket4,
    CASE
        WHEN (
            SELECT COUNT(*)
            FROM tpcds.store_sales
            WHERE ss_quantity BETWEEN 81 AND 100
        ) > 165306
        THEN (
            SELECT AVG(ss_ext_discount_amt)
            FROM tpcds.store_sales
            WHERE ss_quantity BETWEEN 81 AND 100
        )
        ELSE (
            SELECT AVG(ss_net_paid)
            FROM tpcds.store_sales
            WHERE ss_quantity BETWEEN 81 AND 100
        )
    END AS bucket5
FROM tpcds.reason
WHERE r_reason_sk = 1;","bucket1_sales = store_sales.WHERE(MONOTONIC(1, quantity, 20))
bucket2_sales = store_sales.WHERE(MONOTONIC(21, quantity, 40))
bucket3_sales = store_sales.WHERE(MONOTONIC(41, quantity, 60))
bucket4_sales = store_sales.WHERE(MONOTONIC(61, quantity, 80))
bucket5_sales = store_sales.WHERE(MONOTONIC(81, quantity, 100))

result = TPCDS.CALCULATE(
    bucket1=IFF(COUNT(bucket1_sales) > 74129, AVG(bucket1_sales.ext_discount_amount), AVG(bucket1_sales.net_paid)),
    bucket2=IFF(COUNT(bucket2_sales) > 122840, AVG(bucket2_sales.ext_discount_amount), AVG(bucket2_sales.net_paid)),
    bucket3=IFF(COUNT(bucket3_sales) > 56580, AVG(bucket3_sales.ext_discount_amount), AVG(bucket3_sales.net_paid)),
    bucket4=IFF(COUNT(bucket4_sales) > 10097, AVG(bucket4_sales.ext_discount_amount), AVG(bucket4_sales.net_paid)),
    bucket5=IFF(COUNT(bucket5_sales) > 165306, AVG(bucket5_sales.ext_discount_amount), AVG(bucket5_sales.net_paid))
)","WITH _s0 AS (
  SELECT
    AVG(CAST(ss_ext_discount_amt AS DECIMAL)) AS avg_ss_ext_discount_amt,
    AVG(CAST(ss_net_paid AS DECIMAL)) AS avg_ss_net_paid,
    COUNT(*) AS n_rows
  FROM tpcds.store_sales
  WHERE
    ss_quantity <= 20 AND ss_quantity >= 1
), _s1 AS (
  SELECT
    AVG(CAST(ss_ext_discount_amt AS DECIMAL)) AS avg_ss_ext_discount_amt,
    AVG(CAST(ss_net_paid AS DECIMAL)) AS avg_ss_net_paid,
    COUNT(*) AS n_rows
  FROM tpcds.store_sales
  WHERE
    ss_quantity <= 40 AND ss_quantity >= 21
), _s3 AS (
  SELECT
    AVG(CAST(ss_ext_discount_amt AS DECIMAL)) AS avg_ss_ext_discount_amt,
    AVG(CAST(ss_net_paid AS DECIMAL)) AS avg_ss_net_paid,
    COUNT(*) AS n_rows
  FROM tpcds.store_sales
  WHERE
    ss_quantity <= 60 AND ss_quantity >= 41
), _s5 AS (
  SELECT
    AVG(CAST(ss_ext_discount_amt AS DECIMAL)) AS avg_ss_ext_discount_amt,
    AVG(CAST(ss_net_paid AS DECIMAL)) AS avg_ss_net_paid,
    COUNT(*) AS n_rows
  FROM tpcds.store_sales
  WHERE
    ss_quantity <= 80 AND ss_quantity >= 61
), _s7 AS (
  SELECT
    AVG(CAST(ss_ext_discount_amt AS DECIMAL)) AS avg_ss_ext_discount_amt,
    AVG(CAST(ss_net_paid AS DECIMAL)) AS avg_ss_net_paid,
    COUNT(*) AS n_rows
  FROM tpcds.store_sales
  WHERE
    ss_quantity <= 100 AND ss_quantity >= 81
)
SELECT
  CASE
    WHEN _s0.n_rows > 74129
    THEN _s0.avg_ss_ext_discount_amt
    ELSE _s0.avg_ss_net_paid
  END AS bucket1,
  CASE
    WHEN _s1.n_rows > 122840
    THEN _s1.avg_ss_ext_discount_amt
    ELSE _s1.avg_ss_net_paid
  END AS bucket2,
  CASE
    WHEN _s3.n_rows > 56580
    THEN _s3.avg_ss_ext_discount_amt
    ELSE _s3.avg_ss_net_paid
  END AS bucket3,
  CASE
    WHEN _s5.n_rows > 10097
    THEN _s5.avg_ss_ext_discount_amt
    ELSE _s5.avg_ss_net_paid
  END AS bucket4,
  CASE
    WHEN _s7.n_rows > 165306
    THEN _s7.avg_ss_ext_discount_amt
    ELSE _s7.avg_ss_net_paid
  END AS bucket5
FROM _s0 AS _s0
CROSS JOIN _s1 AS _s1
CROSS JOIN _s3 AS _s3
CROSS JOIN _s5 AS _s5
CROSS JOIN _s7 AS _s7",134.3722774439998,67.06602830800057,"Seq Scan on reason  (cost=12964010.47..12964023.73 rows=1 width=160) (actual time=134196.652..134205.286 rows=1 loops=1)
  Filter: (r_reason_sk = 1)
  Rows Removed by Filter: 44
  InitPlan 1 (returns $1)
    ->  Finalize Aggregate  (cost=864199.15..864199.16 rows=1 width=8) (actual time=13120.562..13120.662 rows=1 loops=1)
          ->  Gather  (cost=864198.94..864199.15 rows=2 width=8) (actual time=13120.390..13120.645 rows=3 loops=1)
                Workers Planned: 2
                Workers Launched: 2
                ->  Partial Aggregate  (cost=863198.94..863198.95 rows=1 width=8) (actual time=13107.050..13107.051 rows=1 loops=3)
                      ->  Parallel Seq Scan on store_sales  (cost=0.00..857525.28 rows=2269465 width=0) (actual time=65.474..13011.537 rows=1832739 loops=3)
                            Filter: ((ss_quantity >= 1) AND (ss_quantity <= 20))
                            Rows Removed by Filter: 7767592
  InitPlan 2 (returns $3)
    ->  Finalize Aggregate  (cost=864199.16..864199.17 rows=1 width=32) (actual time=13364.982..13365.036 rows=1 loops=1)
          ->  Gather  (cost=864198.94..864199.15 rows=2 width=32) (actual time=13364.789..13365.015 rows=3 loops=1)
                Workers Planned: 2
                Workers Launched: 2
                ->  Partial Aggregate  (cost=863198.94..863198.95 rows=1 width=32) (actual time=13349.841..13349.842 rows=1 loops=3)
                      ->  Parallel Seq Scan on store_sales store_sales_1  (cost=0.00..857525.28 rows=2269465 width=3) (actual time=92.903..13101.678 rows=1832739 loops=3)
                            Filter: ((ss_quantity >= 1) AND (ss_quantity <= 20))
                            Rows Removed by Filter: 7767592
  InitPlan 3 (returns $5)
    ->  Finalize Aggregate  (cost=864199.16..864199.17 rows=1 width=32) (never executed)
          ->  Gather  (cost=864198.94..864199.15 rows=2 width=32) (never executed)
                Workers Planned: 2
                Workers Launched: 0
                ->  Partial Aggregate  (cost=863198.94..863198.95 rows=1 width=32) (never executed)
                      ->  Parallel Seq Scan on store_sales store_sales_2  (cost=0.00..857525.28 rows=2269465 width=6) (never executed)
                            Filter: ((ss_quantity >= 1) AND (ss_quantity <= 20))
  InitPlan 4 (returns $7)
    ->  Finalize Aggregate  (cost=864285.15..864285.16 rows=1 width=8) (actual time=13308.655..13308.709 rows=1 loops=1)
          ->  Gather  (cost=864284.93..864285.14 rows=2 width=8) (actual time=13308.444..13308.691 rows=3 loops=1)
                Workers Planned: 2
                Workers Launched: 2
                ->  Partial Aggregate  (cost=863284.93..863284.94 rows=1 width=8) (actual time=13294.009..13294.010 rows=1 loops=3)
                      ->  Parallel Seq Scan on store_sales store_sales_3  (cost=0.00..857525.28 rows=2303863 width=0) (actual time=58.178..13198.570 rows=1832725 loops=3)
                            Filter: ((ss_quantity >= 21) AND (ss_quantity <= 40))
                            Rows Removed by Filter: 7767605
  InitPlan 5 (returns $9)
    ->  Finalize Aggregate  (cost=864285.16..864285.17 rows=1 width=32) (actual time=13424.132..13424.181 rows=1 loops=1)
          ->  Gather  (cost=864284.93..864285.14 rows=2 width=32) (actual time=13423.954..13424.159 rows=3 loops=1)
                Workers Planned: 2
                Workers Launched: 2
                ->  Partial Aggregate  (cost=863284.93..863284.94 rows=1 width=32) (actual time=13408.816..13408.817 rows=1 loops=3)
                      ->  Parallel Seq Scan on store_sales store_sales_4  (cost=0.00..857525.28 rows=2303863 width=3) (actual time=93.172..13160.631 rows=1832725 loops=3)
                            Filter: ((ss_quantity >= 21) AND (ss_quantity <= 40))
                            Rows Removed by Filter: 7767605
  InitPlan 6 (returns $11)
    ->  Finalize Aggregate  (cost=864285.16..864285.17 rows=1 width=32) (never executed)
          ->  Gather  (cost=864284.93..864285.14 rows=2 width=32) (never executed)
                Workers Planned: 2
                Workers Launched: 0
                ->  Partial Aggregate  (cost=863284.93..863284.94 rows=1 width=32) (never executed)
                      ->  Parallel Seq Scan on store_sales store_sales_5  (cost=0.00..857525.28 rows=2303863 width=6) (never executed)
                            Filter: ((ss_quantity >= 21) AND (ss_quantity <= 40))
  InitPlan 7 (returns $13)
    ->  Finalize Aggregate  (cost=864252.15..864252.16 rows=1 width=8) (actual time=13355.477..13355.558 rows=1 loops=1)
          ->  Gather  (cost=864251.93..864252.14 rows=2 width=8) (actual time=13355.289..13355.546 rows=3 loops=1)
                Workers Planned: 2
                Workers Launched: 2
                ->  Partial Aggregate  (cost=863251.93..863251.94 rows=1 width=8) (actual time=13340.261..13340.262 rows=1 loops=3)
                      ->  Parallel Seq Scan on store_sales store_sales_6  (cost=0.00..857525.28 rows=2290663 width=0) (actual time=59.131..13244.572 rows=1834381 loops=3)
                            Filter: ((ss_quantity >= 41) AND (ss_quantity <= 60))
                            Rows Removed by Filter: 7765949
  InitPlan 8 (returns $15)
    ->  Finalize Aggregate  (cost=864252.16..864252.17 rows=1 width=32) (actual time=13355.489..13355.555 rows=1 loops=1)
          ->  Gather  (cost=864251.93..864252.14 rows=2 width=32) (actual time=13355.299..13355.533 rows=3 loops=1)
                Workers Planned: 2
                Workers Launched: 2
                ->  Partial Aggregate  (cost=863251.93..863251.94 rows=1 width=32) (actual time=13338.577..13338.578 rows=1 loops=3)
                      ->  Parallel Seq Scan on store_sales store_sales_7  (cost=0.00..857525.28 rows=2290663 width=3) (actual time=90.635..13090.166 rows=1834381 loops=3)
                            Filter: ((ss_quantity >= 41) AND (ss_quantity <= 60))
                            Rows Removed by Filter: 7765949
  InitPlan 9 (returns $17)
    ->  Finalize Aggregate  (cost=864252.16..864252.17 rows=1 width=32) (never executed)
          ->  Gather  (cost=864251.93..864252.14 rows=2 width=32) (never executed)
                Workers Planned: 2
                Workers Launched: 0
                ->  Partial Aggregate  (cost=863251.93..863251.94 rows=1 width=32) (never executed)
                      ->  Parallel Seq Scan on store_sales store_sales_8  (cost=0.00..857525.28 rows=2290663 width=6) (never executed)
                            Filter: ((ss_quantity >= 41) AND (ss_quantity <= 60))
  InitPlan 10 (returns $19)
    ->  Finalize Aggregate  (cost=864281.15..864281.16 rows=1 width=8) (actual time=13357.364..13357.413 rows=1 loops=1)
          ->  Gather  (cost=864280.93..864281.14 rows=2 width=8) (actual time=13357.194..13357.396 rows=3 loops=1)
                Workers Planned: 2
                Workers Launched: 2
                ->  Partial Aggregate  (cost=863280.93..863280.94 rows=1 width=8) (actual time=13339.824..13339.825 rows=1 loops=3)
                      ->  Parallel Seq Scan on store_sales store_sales_9  (cost=0.00..857525.28 rows=2302263 width=0) (actual time=84.743..13245.085 rows=1835252 loops=3)
                            Filter: ((ss_quantity >= 61) AND (ss_quantity <= 80))
                            Rows Removed by Filter: 7765079
  InitPlan 11 (returns $21)
    ->  Finalize Aggregate  (cost=864281.16..864281.17 rows=1 width=32) (actual time=13309.915..13309.965 rows=1 loops=1)
          ->  Gather  (cost=864280.93..864281.14 rows=2 width=32) (actual time=13309.735..13309.942 rows=3 loops=1)
                Workers Planned: 2
                Workers Launched: 2
                ->  Partial Aggregate  (cost=863280.93..863280.94 rows=1 width=32) (actual time=13294.444..13294.445 rows=1 loops=3)
                      ->  Parallel Seq Scan on store_sales store_sales_10  (cost=0.00..857525.28 rows=2302263 width=3) (actual time=91.966..13046.469 rows=1835252 loops=3)
                            Filter: ((ss_quantity >= 61) AND (ss_quantity <= 80))
                            Rows Removed by Filter: 7765079
  InitPlan 12 (returns $23)
    ->  Finalize Aggregate  (cost=864281.16..864281.17 rows=1 width=32) (never executed)
          ->  Gather  (cost=864280.93..864281.14 rows=2 width=32) (never executed)
                Workers Planned: 2
                Workers Launched: 0
                ->  Partial Aggregate  (cost=863280.93..863280.94 rows=1 width=32) (never executed)
                      ->  Parallel Seq Scan on store_sales store_sales_11  (cost=0.00..857525.28 rows=2302263 width=6) (never executed)
                            Filter: ((ss_quantity >= 61) AND (ss_quantity <= 80))
  InitPlan 13 (returns $25)
    ->  Finalize Aggregate  (cost=864319.15..864319.16 rows=1 width=8) (actual time=13340.708..13340.763 rows=1 loops=1)
          ->  Gather  (cost=864318.93..864319.14 rows=2 width=8) (actual time=13340.541..13340.745 rows=3 loops=1)
                Workers Planned: 2
                Workers Launched: 2
                ->  Partial Aggregate  (cost=863318.93..863318.94 rows=1 width=8) (actual time=13317.322..13317.323 rows=1 loops=3)
                      ->  Parallel Seq Scan on store_sales store_sales_12  (cost=0.00..857525.28 rows=2317462 width=0) (actual time=62.377..13223.159 rows=1833173 loops=3)
                            Filter: ((ss_quantity >= 81) AND (ss_quantity <= 100))
                            Rows Removed by Filter: 7767157
  InitPlan 14 (returns $27)
    ->  Finalize Aggregate  (cost=864319.15..864319.16 rows=1 width=32) (actual time=13354.066..13362.129 rows=1 loops=1)
          ->  Gather  (cost=864318.93..864319.14 rows=2 width=32) (actual time=13353.891..13362.112 rows=3 loops=1)
                Workers Planned: 2
                Workers Launched: 2
                ->  Partial Aggregate  (cost=863318.93..863318.94 rows=1 width=32) (actual time=13339.763..13339.764 rows=1 loops=3)
                      ->  Parallel Seq Scan on store_sales store_sales_13  (cost=0.00..857525.28 rows=2317462 width=3) (actual time=90.771..13095.680 rows=1833173 loops=3)
                            Filter: ((ss_quantity >= 81) AND (ss_quantity <= 100))
                            Rows Removed by Filter: 7767157
  InitPlan 15 (returns $29)
    ->  Finalize Aggregate  (cost=864319.15..864319.16 rows=1 width=32) (never executed)
          ->  Gather  (cost=864318.93..864319.14 rows=2 width=32) (never executed)
                Workers Planned: 2
                Workers Launched: 0
                ->  Partial Aggregate  (cost=863318.93..863318.94 rows=1 width=32) (never executed)
                      ->  Parallel Seq Scan on store_sales store_sales_14  (cost=0.00..857525.28 rows=2317462 width=6) (never executed)
                            Filter: ((ss_quantity >= 81) AND (ss_quantity <= 100))
Planning Time: 0.311 ms
JIT:
  Functions: 193
  Options: Inlining true, Optimization true, Expressions true, Deforming true
  Timing: Generation 14.879 ms, Inlining 1184.243 ms, Optimization 1204.776 ms, Emission 827.262 ms, Total 3231.159 ms
Execution Time: 134210.049 ms","Nested Loop  (cost=4378755.47..4378755.62 rows=1 width=160) (actual time=66517.308..66524.576 rows=1 loops=1)
  ->  Nested Loop  (cost=3502848.99..3502849.10 rows=1 width=288) (actual time=53213.041..53213.371 rows=1 loops=1)
        ->  Nested Loop  (cost=2627056.49..2627056.57 rows=1 width=216) (actual time=39871.194..39871.460 rows=1 loops=1)
              ->  Nested Loop  (cost=1751351.00..1751351.05 rows=1 width=144) (actual time=26565.288..26565.487 rows=1 loops=1)
                    ->  Finalize Aggregate  (cost=875546.51..875546.52 rows=1 width=72) (actual time=13258.656..13258.784 rows=1 loops=1)
                          ->  Gather  (cost=875546.27..875546.48 rows=2 width=72) (actual time=13258.486..13258.761 rows=3 loops=1)
                                Workers Planned: 2
                                Workers Launched: 2
                                ->  Partial Aggregate  (cost=874546.27..874546.28 rows=1 width=72) (actual time=13245.296..13245.297 rows=1 loops=3)
                                      ->  Parallel Seq Scan on store_sales  (cost=0.00..857525.28 rows=2269465 width=9) (actual time=346.619..12875.678 rows=1832739 loops=3)
                                            Filter: ((ss_quantity <= 20) AND (ss_quantity >= 1))
                                            Rows Removed by Filter: 7767592
                    ->  Finalize Aggregate  (cost=875804.49..875804.50 rows=1 width=72) (actual time=13306.627..13306.696 rows=1 loops=1)
                          ->  Gather  (cost=875804.25..875804.46 rows=2 width=72) (actual time=13306.452..13306.678 rows=3 loops=1)
                                Workers Planned: 2
                                Workers Launched: 2
                                ->  Partial Aggregate  (cost=874804.25..874804.26 rows=1 width=72) (actual time=13290.522..13290.523 rows=1 loops=3)
                                      ->  Parallel Seq Scan on store_sales store_sales_1  (cost=0.00..857525.28 rows=2303863 width=9) (actual time=107.447..12919.018 rows=1832725 loops=3)
                                            Filter: ((ss_quantity <= 40) AND (ss_quantity >= 21))
                                            Rows Removed by Filter: 7767605
              ->  Finalize Aggregate  (cost=875705.49..875705.50 rows=1 width=72) (actual time=13305.900..13305.966 rows=1 loops=1)
                    ->  Gather  (cost=875705.25..875705.46 rows=2 width=72) (actual time=13305.722..13305.949 rows=3 loops=1)
                          Workers Planned: 2
                          Workers Launched: 2
                          ->  Partial Aggregate  (cost=874705.25..874705.26 rows=1 width=72) (actual time=13288.771..13288.772 rows=1 loops=3)
                                ->  Parallel Seq Scan on store_sales store_sales_2  (cost=0.00..857525.28 rows=2290663 width=9) (actual time=114.782..12919.094 rows=1834381 loops=3)
                                      Filter: ((ss_quantity <= 60) AND (ss_quantity >= 41))
                                      Rows Removed by Filter: 7765949
        ->  Finalize Aggregate  (cost=875792.49..875792.50 rows=1 width=72) (actual time=13341.842..13341.906 rows=1 loops=1)
              ->  Gather  (cost=875792.25..875792.46 rows=2 width=72) (actual time=13341.650..13341.886 rows=3 loops=1)
                    Workers Planned: 2
                    Workers Launched: 2
                    ->  Partial Aggregate  (cost=874792.25..874792.26 rows=1 width=72) (actual time=13324.945..13324.947 rows=1 loops=3)
                          ->  Parallel Seq Scan on store_sales store_sales_3  (cost=0.00..857525.28 rows=2302263 width=9) (actual time=111.169..12953.317 rows=1835252 loops=3)
                                Filter: ((ss_quantity <= 80) AND (ss_quantity >= 61))
                                Rows Removed by Filter: 7765079
  ->  Finalize Aggregate  (cost=875906.48..875906.49 rows=1 width=72) (actual time=13304.260..13311.197 rows=1 loops=1)
        ->  Gather  (cost=875906.24..875906.45 rows=2 width=72) (actual time=13304.079..13311.167 rows=3 loops=1)
              Workers Planned: 2
              Workers Launched: 2
              ->  Partial Aggregate  (cost=874906.24..874906.26 rows=1 width=72) (actual time=13286.274..13286.275 rows=1 loops=3)
                    ->  Parallel Seq Scan on store_sales store_sales_4  (cost=0.00..857525.28 rows=2317462 width=9) (actual time=121.848..12911.655 rows=1833173 loops=3)
                          Filter: ((ss_quantity <= 100) AND (ss_quantity >= 81))
                          Rows Removed by Filter: 7767157
Planning Time: 0.309 ms
JIT:
  Functions: 89
  Options: Inlining true, Optimization true, Expressions true, Deforming true
  Timing: Generation 11.099 ms, Inlining 690.291 ms, Optimization 1060.145 ms, Emission 650.518 ms, Total 2412.055 ms
Execution Time: 66527.635 ms",SUCCESS
29,30,TPCDS,Q10,"SELECT
    cd.cd_gender,
    cd.cd_marital_status,
    cd.cd_education_status,
    COUNT(*) AS cnt1,
    cd.cd_purchase_estimate,
    COUNT(*) AS cnt2,
    cd.cd_credit_rating,
    COUNT(*) AS cnt3,
    cd.cd_dep_count,
    COUNT(*) AS cnt4,
    cd.cd_dep_employed_count,
    COUNT(*) AS cnt5,
    cd.cd_dep_college_count,
    COUNT(*) AS cnt6
FROM tpcds.customer c
JOIN tpcds.customer_address ca
    ON c.c_current_addr_sk = ca.ca_address_sk
JOIN tpcds.customer_demographics cd
    ON cd.cd_demo_sk = c.c_current_cdemo_sk
WHERE
    ca.ca_county IN (
        'Rush County',
        'Toole County',
        'Jefferson County',
        'Dona Ana County',
        'La Porte County'
    )
    AND EXISTS (
        SELECT 1
        FROM tpcds.store_sales ss
        JOIN tpcds.date_dim d
            ON ss.ss_sold_date_sk = d.d_date_sk
        WHERE
            ss.ss_customer_sk = c.c_customer_sk
            AND d.d_year = 2002
            AND d.d_moy BETWEEN 1 AND 3
    )
    AND (
        EXISTS (
            SELECT 1
            FROM tpcds.web_sales ws
            JOIN tpcds.date_dim d
                ON ws.ws_sold_date_sk = d.d_date_sk
            WHERE
                ws.ws_bill_customer_sk = c.c_customer_sk
                AND d.d_year = 2002
                AND d.d_moy BETWEEN 1 AND 3
        )
        OR EXISTS (
            SELECT 1
            FROM tpcds.catalog_sales cs
            JOIN tpcds.date_dim d
                ON cs.cs_sold_date_sk = d.d_date_sk
            WHERE
                cs.cs_ship_customer_sk = c.c_customer_sk
                AND d.d_year = 2002
                AND d.d_moy BETWEEN 1 AND 3
        )
    )
GROUP BY
    cd.cd_gender,
    cd.cd_marital_status,
    cd.cd_education_status,
    cd.cd_purchase_estimate,
    cd.cd_credit_rating,
    cd.cd_dep_count,
    cd.cd_dep_employed_count,
    cd.cd_dep_college_count
ORDER BY
    cd.cd_gender,
    cd.cd_marital_status,
    cd.cd_education_status,
    cd.cd_purchase_estimate,
    cd.cd_credit_rating,
    cd.cd_dep_count,
    cd.cd_dep_employed_count,
    cd.cd_dep_college_count
LIMIT 10;","selected_store_sales = store_sales_as_bill_customer.WHERE(
    (sold_date.year == 2002) 
    & (MONOTONIC(1, sold_date.month_of_year, 3))
)

selected_web_sales = web_sales_as_bill_customer.WHERE(
    (sold_date.year == 2002) 
    & (MONOTONIC(1, sold_date.month_of_year, 3))
)

selected_cat_sales = catalog_sales_as_ship_customer.WHERE(
    (sold_date.year == 2002) 
    & (MONOTONIC(1, sold_date.month_of_year, 3))
)

customers_in_counties = customers.WHERE(
    HAS(current_address) &
    ISIN(current_address.county, ('Rush County', 'Toole County', 'Jefferson County',
        'Dona Ana County', 'La Porte County'))
    & (HAS(selected_store_sales) & (HAS(selected_web_sales) | HAS(selected_cat_sales)))
    & HAS(current_demographics) 
)

result = customers_in_counties.CALCULATE(
    gender=current_demographics.gender,
    marital_status=current_demographics.marital_status,
    education_status=current_demographics.education_status,
    purchase_estimate=current_demographics.purchase_estimate,
    credit_rating=current_demographics.credit_rating,
    dep_count=current_demographics.dependent_count,
    dep_employed_count=current_demographics.employed_dependent_count,
    dep_college_count=current_demographics.college_dependent_count
).PARTITION(
    name='demographics', by=(
        gender, 
        marital_status, 
        education_status, 
        purchase_estimate, 
        credit_rating, 
        dep_count, 
        dep_employed_count, 
        dep_college_count
    )
).CALCULATE(
    cd_gender=gender, 
    cd_marital_status=marital_status, 
    cd_education_status=education_status,
    cnt1=COUNT(customers), 
    cd_purchase_estimate=purchase_estimate, 
    cnt2=COUNT(customers),
    cd_credit_rating=credit_rating, 
    cnt3=COUNT(customers),
    cd_dep_count=dep_count, 
    cnt4=COUNT(customers),
    cd_dep_employed_count=dep_employed_count, 
    cnt5=COUNT(customers),
    cd_dep_college_count=dep_college_count,
    cnt6=COUNT(customers)
).TOP_K(10, by=(
        cd_gender, 
        cd_marital_status, 
        cd_education_status, 
        cd_purchase_estimate, 
        cd_credit_rating, 
        cd_dep_count, 
        cd_dep_employed_count, 
        cd_dep_college_count
    )
)","WITH _t5 AS (
  SELECT
    d_date_sk,
    d_moy,
    d_year
  FROM tpcds.date_dim
  WHERE
    d_moy <= 3 AND d_moy >= 1 AND d_year = 2002
), _u_0 AS (
  SELECT
    store_sales.ss_customer_sk AS _u_1
  FROM tpcds.store_sales AS store_sales
  JOIN _t5 AS _t5
    ON _t5.d_date_sk = store_sales.ss_sold_date_sk
  GROUP BY
    1
), _s9 AS (
  SELECT
    web_sales.ws_bill_customer_sk
  FROM tpcds.web_sales AS web_sales
  JOIN _t5 AS _t6
    ON _t6.d_date_sk = web_sales.ws_sold_date_sk
), _s12 AS (
  SELECT
    customer.c_customer_sk AS ws_bill_customer_sk,
    MAX(customer.c_current_cdemo_sk) AS anything_c_current_cdemo_sk,
    COUNT(_s9.ws_bill_customer_sk) AS count_ws_bill_customer_sk
  FROM tpcds.customer AS customer
  JOIN tpcds.customer_address AS customer_address
    ON customer.c_current_addr_sk = customer_address.ca_address_sk
    AND customer_address.ca_county IN ('Rush County', 'Toole County', 'Jefferson County', 'Dona Ana County', 'La Porte County')
  LEFT JOIN _u_0 AS _u_0
    ON _u_0._u_1 = customer.c_customer_sk
  LEFT JOIN _s9 AS _s9
    ON _s9.ws_bill_customer_sk = customer.c_customer_sk
  WHERE
    NOT _u_0._u_1 IS NULL
  GROUP BY
    1
), _s13 AS (
  SELECT
    catalog_sales.cs_ship_customer_sk
  FROM tpcds.catalog_sales AS catalog_sales
  JOIN _t5 AS _t7
    ON _t7.d_date_sk = catalog_sales.cs_sold_date_sk
), _t1 AS (
  SELECT
    MAX(_s12.anything_c_current_cdemo_sk) AS anything_anything_c_current_cdemo_sk,
    COUNT(_s13.cs_ship_customer_sk) AS count_cs_ship_customer_sk,
    MAX(NULLIF(_s12.count_ws_bill_customer_sk, 0)) AS n_rows
  FROM _s12 AS _s12
  LEFT JOIN _s13 AS _s13
    ON _s12.ws_bill_customer_sk = _s13.cs_ship_customer_sk
  GROUP BY
    _s12.ws_bill_customer_sk
)
SELECT
  customer_demographics.cd_gender,
  customer_demographics.cd_marital_status,
  customer_demographics.cd_education_status,
  COUNT(*) AS cnt1,
  customer_demographics.cd_purchase_estimate,
  COUNT(*) AS cnt2,
  customer_demographics.cd_credit_rating,
  COUNT(*) AS cnt3,
  customer_demographics.cd_dep_count,
  COUNT(*) AS cnt4,
  customer_demographics.cd_dep_employed_count,
  COUNT(*) AS cnt5,
  customer_demographics.cd_dep_college_count,
  COUNT(*) AS cnt6
FROM _t1 AS _t1
JOIN tpcds.customer_demographics AS customer_demographics
  ON _t1.anything_anything_c_current_cdemo_sk = customer_demographics.cd_demo_sk
WHERE
  (
    NOT NULLIF(_t1.count_cs_ship_customer_sk, 0) IS NULL
    AND NULLIF(_t1.count_cs_ship_customer_sk, 0) > 0
  )
  OR (
    NOT _t1.n_rows IS NULL AND _t1.n_rows > 0
  )
GROUP BY
  1,
  11,
  13,
  2,
  3,
  5,
  7,
  9
ORDER BY
  1 NULLS FIRST,
  2 NULLS FIRST,
  3 NULLS FIRST,
  5 NULLS FIRST,
  7 NULLS FIRST,
  9 NULLS FIRST,
  11 NULLS FIRST,
  13 NULLS FIRST
LIMIT 10",63.26070755799992,30.202453959000195,"Limit  (cost=174519.61..24096974651.20 rows=10 width=98) (actual time=89705.740..91296.765 rows=10 loops=1)
  ->  GroupAggregate  (cost=174519.61..522900737375.10 rows=217 width=98) (actual time=89339.761..90930.780 rows=10 loops=1)
        Group Key: cd.cd_gender, cd.cd_marital_status, cd.cd_education_status, cd.cd_purchase_estimate, cd.cd_credit_rating, cd.cd_dep_count, cd.cd_dep_employed_count, cd.cd_dep_college_count
        ->  Nested Loop  (cost=174519.61..522900737368.05 rows=217 width=50) (actual time=89223.757..90930.728 rows=11 loops=1)
              Join Filter: (c.c_current_cdemo_sk = cd.cd_demo_sk)
              Rows Removed by Join Filter: 26862452
              ->  Gather Merge  (cost=170734.97..394443.78 rows=1920800 width=58) (actual time=3899.152..4077.762 rows=373090 loops=1)
                    Workers Planned: 2
                    Workers Launched: 2
                    ->  Sort  (cost=169734.95..171735.78 rows=800333 width=58) (actual time=3236.260..3372.010 rows=124766 loops=3)
                          Sort Key: cd.cd_gender, cd.cd_marital_status, cd.cd_education_status, cd.cd_purchase_estimate, cd.cd_credit_rating, cd.cd_dep_count, cd.cd_dep_employed_count, cd.cd_dep_college_count
                          Sort Method: external merge  Disk: 40208kB
                          Worker 0:  Sort Method: external merge  Disk: 37584kB
                          Worker 1:  Sort Method: external merge  Disk: 71072kB
                          ->  Parallel Seq Scan on customer_demographics cd  (cost=0.00..31075.33 rows=800333 width=58) (actual time=64.202..200.442 rows=640267 loops=3)
              ->  Materialize  (cost=3784.64..522893860224.83 rows=225 width=8) (actual time=0.089..0.230 rows=72 loops=373090)
                    ->  Nested Loop Semi Join  (cost=3784.64..522893860223.70 rows=225 width=8) (actual time=33232.656..84833.550 rows=72 loops=1)
                          Join Filter: (c.c_customer_sk = ss.ss_customer_sk)
                          Rows Removed by Join Filter: 435663144
                          ->  Nested Loop  (cost=0.00..522891248698.00 rows=3459 width=16) (actual time=15249.746..28838.768 rows=562 loops=1)
                                Join Filter: (c.c_current_addr_sk = ca.ca_address_sk)
                                Rows Removed by Join Filter: 136864499
                                ->  Seq Scan on customer_address ca  (cost=0.00..8550.50 rows=2306 width=8) (actual time=0.388..60.118 rows=2319 loops=1)
                                      Filter: ((ca_county)::text = ANY ('{""Rush County"",""Toole County"",""Jefferson County"",""Dona Ana County"",""La Porte County""}'::text[]))
                                      Rows Removed by Filter: 247681
                                ->  Materialize  (cost=0.00..522873203445.00 rows=375000 width=24) (actual time=6.466..10.268 rows=59019 loops=2319)
                                      ->  Seq Scan on customer c  (cost=0.00..522873199372.00 rows=375000 width=24) (actual time=14992.233..15205.543 rows=59019 loops=1)
                                            Filter: ((hashed SubPlan 2) OR (hashed SubPlan 4))
                                            Rows Removed by Filter: 440981
                                            SubPlan 2
                                              ->  Gather  (cost=3784.64..302962.21 rows=8865 width=8) (actual time=16.643..4817.065 rows=211863 loops=1)
                                                    Workers Planned: 2
                                                    Workers Launched: 2
                                                    ->  Parallel Hash Join  (cost=2784.64..301075.71 rows=3694 width=8) (actual time=98.101..4811.363 rows=70621 loops=3)
                                                          Hash Cond: (ws.ws_sold_date_sk = d_1.d_date_sk)
                                                          ->  Parallel Seq Scan on web_sales ws  (cost=0.00..287022.78 rows=2999078 width=16) (actual time=0.213..4505.471 rows=2399189 loops=3)
                                                          ->  Parallel Hash  (cost=2783.97..2783.97 rows=53 width=8) (actual time=5.151..5.151 rows=30 loops=3)
                                                                Buckets: 1024  Batches: 1  Memory Usage: 40kB
                                                                ->  Parallel Seq Scan on date_dim d_1  (cost=0.00..2783.97 rows=53 width=8) (actual time=12.708..15.383 rows=90 loops=1)
                                                                      Filter: ((d_moy >= 1) AND (d_moy <= 3) AND (d_year = 2002))
                                                                      Rows Removed by Filter: 72959
                                            SubPlan 4
                                              ->  Gather  (cost=3784.64..599855.71 rows=17651 width=8) (actual time=8047.193..10082.932 rows=404796 loops=1)
                                                    Workers Planned: 2
                                                    Workers Launched: 2
                                                    ->  Parallel Hash Join  (cost=2784.64..597090.61 rows=7355 width=8) (actual time=8030.389..10078.291 rows=134932 loops=3)
                                                          Hash Cond: (cs.cs_sold_date_sk = d_2.d_date_sk)
                                                          ->  Parallel Seq Scan on catalog_sales cs  (cost=0.00..571759.75 rows=6000775 width=16) (actual time=0.320..9509.782 rows=4800420 loops=3)
                                                          ->  Parallel Hash  (cost=2783.97..2783.97 rows=53 width=8) (actual time=116.617..116.618 rows=30 loops=3)
                                                                Buckets: 1024  Batches: 1  Memory Usage: 40kB
                                                                ->  Parallel Seq Scan on date_dim d_2  (cost=0.00..2783.97 rows=53 width=8) (actual time=42.859..44.073 rows=30 loops=3)
                                                                      Filter: ((d_moy >= 1) AND (d_moy <= 3) AND (d_year = 2002))
                                                                      Rows Removed by Filter: 24320
                          ->  Materialize  (cost=3784.64..849959.18 rows=33953 width=8) (actual time=0.019..71.625 rows=775201 loops=562)
                                ->  Gather  (cost=3784.64..849789.42 rows=33953 width=8) (actual time=9.773..13463.012 rows=830670 loops=1)
                                      Workers Planned: 2
                                      Workers Launched: 2
                                      ->  Parallel Hash Join  (cost=2784.64..845394.12 rows=14147 width=8) (actual time=97.569..13536.885 rows=276890 loops=3)
                                            Hash Cond: (ss.ss_sold_date_sk = d.d_date_sk)
                                            ->  Parallel Seq Scan on store_sales ss  (cost=0.00..797528.85 rows=11999285 width=16) (actual time=0.196..12576.681 rows=9600330 loops=3)
                                            ->  Parallel Hash  (cost=2783.97..2783.97 rows=53 width=8) (actual time=2.667..2.668 rows=30 loops=3)
                                                  Buckets: 1024  Batches: 1  Memory Usage: 40kB
                                                  ->  Parallel Seq Scan on date_dim d  (cost=0.00..2783.97 rows=53 width=8) (actual time=4.022..7.935 rows=90 loops=1)
                                                        Filter: ((d_moy >= 1) AND (d_moy <= 3) AND (d_year = 2002))
                                                        Rows Removed by Filter: 72959
Planning Time: 0.493 ms
JIT:
  Functions: 153
  Options: Inlining true, Optimization true, Expressions true, Deforming true
  Timing: Generation 7.378 ms, Inlining 470.137 ms, Optimization 554.868 ms, Emission 358.173 ms, Total 1390.556 ms
Execution Time: 91303.264 ms","Limit  (cost=2242757.48..2242757.83 rows=10 width=98) (actual time=29725.506..29725.854 rows=10 loops=1)
  CTE _t5
    ->  Seq Scan on date_dim  (cost=0.00..3310.36 rows=90 width=24) (actual time=3.482..6.456 rows=90 loops=1)
          Filter: ((d_moy <= 3) AND (d_moy >= 1) AND (d_year = 2002))
          Rows Removed by Filter: 72959
  ->  GroupAggregate  (cost=2239447.12..2239451.01 rows=111 width=98) (actual time=29220.743..29221.089 rows=10 loops=1)
        Group Key: customer_demographics.cd_gender, customer_demographics.cd_marital_status, customer_demographics.cd_education_status, customer_demographics.cd_purchase_estimate, customer_demographics.cd_credit_rating, customer_demographics.cd_dep_count, customer_demographics.cd_dep_employed_count, customer_demographics.cd_dep_college_count
        ->  Sort  (cost=2239447.12..2239447.40 rows=111 width=50) (actual time=29220.706..29221.048 rows=11 loops=1)
              Sort Key: customer_demographics.cd_gender NULLS FIRST, customer_demographics.cd_marital_status NULLS FIRST, customer_demographics.cd_education_status NULLS FIRST, customer_demographics.cd_purchase_estimate NULLS FIRST, customer_demographics.cd_credit_rating NULLS FIRST, customer_demographics.cd_dep_count NULLS FIRST, customer_demographics.cd_dep_employed_count NULLS FIRST, customer_demographics.cd_dep_college_count NULLS FIRST
              Sort Method: quicksort  Memory: 30kB
              ->  Hash Join  (cost=2189959.24..2239443.35 rows=111 width=50) (actual time=28768.934..29220.903 rows=71 loops=1)
                    Hash Cond: (customer_demographics.cd_demo_sk = _t1.anything_anything_c_current_cdemo_sk)
                    ->  Seq Scan on customer_demographics  (cost=0.00..42280.00 rows=1920800 width=58) (actual time=0.266..331.989 rows=1920800 loops=1)
                    ->  Hash  (cost=2189957.86..2189957.86 rows=111 width=8) (actual time=28767.809..28768.149 rows=71 loops=1)
                          Buckets: 1024  Batches: 1  Memory Usage: 11kB
                          ->  Subquery Scan on _t1  (cost=2189844.79..2189957.86 rows=111 width=8) (actual time=28767.573..28768.133 rows=72 loops=1)
                                ->  GroupAggregate  (cost=2189844.79..2189956.75 rows=111 width=32) (actual time=28767.569..28768.124 rows=72 loops=1)
                                      Group Key: _s12.ws_bill_customer_sk
                                      Filter: (((NULLIF(count(catalog_sales.cs_ship_customer_sk), 0) IS NOT NULL) AND (NULLIF(count(catalog_sales.cs_ship_customer_sk), 0) > 0)) OR ((max(NULLIF(_s12.count_ws_bill_customer_sk, 0)) IS NOT NULL) AND (max(NULLIF(_s12.count_ws_bill_customer_sk, 0)) > 0)))
                                      Rows Removed by Filter: 500
                                      ->  Sort  (cost=2189844.79..2189862.78 rows=7197 width=32) (actual time=28767.528..28767.916 rows=1009 loops=1)
                                            Sort Key: _s12.ws_bill_customer_sk
                                            Sort Method: quicksort  Memory: 75kB
                                            ->  Hash Right Join  (cost=1470734.92..2189383.71 rows=7197 width=32) (actual time=26722.326..28767.670 rows=1009 loops=1)
                                                  Hash Cond: (catalog_sales.cs_ship_customer_sk = _s12.ws_bill_customer_sk)
                                                  ->  Hash Join  (cost=2.92..716807.13 rows=702662 width=8) (actual time=8088.688..10113.766 rows=404796 loops=1)
                                                        Hash Cond: (catalog_sales.cs_sold_date_sk = _t7.d_date_sk)
                                                        ->  Seq Scan on catalog_sales  (cost=0.00..655770.61 rows=14401861 width=16) (actual time=0.247..9220.053 rows=14401261 loops=1)
                                                        ->  Hash  (cost=1.80..1.80 rows=90 width=8) (actual time=0.026..0.027 rows=90 loops=1)
                                                              Buckets: 1024  Batches: 1  Memory Usage: 12kB
                                                              ->  CTE Scan on _t5 _t7  (cost=0.00..1.80 rows=90 width=8) (actual time=0.008..0.014 rows=90 loops=1)
                                                  ->  Hash  (cost=1470720.26..1470720.26 rows=939 width=24) (actual time=18629.770..18630.106 rows=572 loops=1)
                                                        Buckets: 1024  Batches: 1  Memory Usage: 40kB
                                                        ->  Subquery Scan on _s12  (cost=1470692.09..1470720.26 rows=939 width=24) (actual time=18629.451..18630.033 rows=572 loops=1)
                                                              ->  GroupAggregate  (cost=1470692.09..1470710.87 rows=939 width=24) (actual time=18629.448..18629.991 rows=572 loops=1)
                                                                    Group Key: customer.c_customer_sk
                                                                    ->  Sort  (cost=1470692.09..1470694.44 rows=939 width=24) (actual time=18629.410..18629.781 rows=829 loops=1)
                                                                          Sort Key: customer.c_customer_sk
                                                                          Sort Method: quicksort  Memory: 59kB
                                                                          ->  Hash Right Join  (cost=1109753.07..1470645.73 rows=939 width=24) (actual time=13713.193..18629.559 rows=829 loops=1)
                                                                                Hash Cond: (web_sales.ws_bill_customer_sk = customer.c_customer_sk)
                                                                                ->  Hash Join  (cost=2.92..359556.80 rows=355230 width=8) (actual time=0.632..5026.152 rows=211863 loops=1)
                                                                                      Hash Cond: (web_sales.ws_sold_date_sk = _t6.d_date_sk)
                                                                                      ->  Seq Scan on web_sales  (cost=0.00..329009.87 rows=7197787 width=16) (actual time=0.214..4563.252 rows=7197566 loops=1)
                                                                                      ->  Hash  (cost=1.80..1.80 rows=90 width=8) (actual time=0.056..0.057 rows=90 loops=1)
                                                                                            Buckets: 1024  Batches: 1  Memory Usage: 12kB
                                                                                            ->  CTE Scan on _t5 _t6  (cost=0.00..1.80 rows=90 width=8) (actual time=0.029..0.039 rows=90 loops=1)
                                                                                ->  Hash  (cost=1109738.41..1109738.41 rows=939 width=16) (actual time=13587.741..13588.072 rows=572 loops=1)
                                                                                      Buckets: 1024  Batches: 1  Memory Usage: 35kB
                                                                                      ->  Hash Join  (cost=1094520.51..1109738.41 rows=939 width=16) (actual time=13540.626..13587.953 rows=572 loops=1)
                                                                                            Hash Cond: (customer.c_customer_sk = store_sales.ss_customer_sk)
                                                                                            ->  Gather  (cost=7192.72..22398.51 rows=4612 width=16) (actual time=236.385..282.870 rows=4651 loops=1)
                                                                                                  Workers Planned: 2
                                                                                                  Workers Launched: 2
                                                                                                  ->  Parallel Hash Join  (cost=6192.72..20937.31 rows=1922 width=16) (actual time=219.872..396.249 rows=1550 loops=3)
                                                                                                        Hash Cond: (customer.c_current_addr_sk = customer_address.ca_address_sk)
                                                                                                        ->  Parallel Seq Scan on customer  (cost=0.00..13955.33 rows=208333 width=24) (actual time=0.295..155.821 rows=166667 loops=3)
                                                                                                        ->  Parallel Hash  (cost=6180.71..6180.71 rows=961 width=8) (actual time=218.889..218.890 rows=773 loops=3)
                                                                                                              Buckets: 4096  Batches: 1  Memory Usage: 192kB
                                                                                                              ->  Parallel Seq Scan on customer_address  (cost=0.00..6180.71 rows=961 width=8) (actual time=132.688..159.574 rows=773 loops=3)
                                                                                                                    Filter: ((ca_county)::text = ANY ('{""Rush County"",""Toole County"",""Jefferson County"",""Dona Ana County"",""La Porte County""}'::text[]))
                                                                                                                    Rows Removed by Filter: 82560
                                                                                            ->  Hash  (cost=1086055.94..1086055.94 rows=101748 width=8) (actual time=13304.155..13304.157 rows=67514 loops=1)
                                                                                                  Buckets: 131072  Batches: 1  Memory Usage: 3662kB
                                                                                                  ->  HashAggregate  (cost=1085038.46..1086055.94 rows=101748 width=8) (actual time=13286.668..13296.176 rows=67514 loops=1)
                                                                                                        Group Key: store_sales.ss_customer_sk
                                                                                                        Batches: 1  Memory Usage: 5905kB
                                                                                                        ->  Hash Join  (cost=2.92..1081786.37 rows=1300836 width=8) (actual time=7.555..13172.039 rows=811066 loops=1)
                                                                                                              Hash Cond: (store_sales.ss_sold_date_sk = _t5.d_date_sk)
                                                                                                              ->  Seq Scan on store_sales  (cost=0.00..965518.84 rows=27534999 width=16) (actual time=0.195..11532.984 rows=27504024 loops=1)
                                                                                                                    Filter: (ss_customer_sk IS NOT NULL)
                                                                                                                    Rows Removed by Filter: 1296967
                                                                                                              ->  Hash  (cost=1.80..1.80 rows=90 width=8) (actual time=6.497..6.497 rows=90 loops=1)
                                                                                                                    Buckets: 1024  Batches: 1  Memory Usage: 12kB
                                                                                                                    ->  CTE Scan on _t5  (cost=0.00..1.80 rows=90 width=8) (actual time=3.488..6.479 rows=90 loops=1)
Planning Time: 0.639 ms
JIT:
  Functions: 127
  Options: Inlining true, Optimization true, Expressions true, Deforming true
  Timing: Generation 5.286 ms, Inlining 126.497 ms, Optimization 458.481 ms, Emission 317.753 ms, Total 908.016 ms
Execution Time: 29729.309 ms",SUCCESS
30,31,TPCDS,Q11,"WITH year_total AS (
    SELECT
        c.c_customer_id           AS customer_id,
        c.c_first_name            AS customer_first_name,
        c.c_last_name             AS customer_last_name,
        c.c_preferred_cust_flag   AS customer_preferred_cust_flag,
        c.c_birth_country         AS customer_birth_country,
        c.c_login                 AS customer_login,
        c.c_email_address         AS customer_email_address,
        d.d_year                  AS dyear,
        SUM(ss.ss_ext_list_price - ss.ss_ext_discount_amt) AS year_total,
        's'                       AS sale_type
    FROM tpcds.customer c
    JOIN tpcds.store_sales ss
        ON c.c_customer_sk = ss.ss_customer_sk
    JOIN tpcds.date_dim d
        ON ss.ss_sold_date_sk = d.d_date_sk
    GROUP BY
        c.c_customer_id,
        c.c_first_name,
        c.c_last_name,
        c.c_preferred_cust_flag,
        c.c_birth_country,
        c.c_login,
        c.c_email_address,
        d.d_year
    UNION ALL
    SELECT
        c.c_customer_id           AS customer_id,
        c.c_first_name            AS customer_first_name,
        c.c_last_name             AS customer_last_name,
        c.c_preferred_cust_flag   AS customer_preferred_cust_flag,
        c.c_birth_country         AS customer_birth_country,
        c.c_login                 AS customer_login,
        c.c_email_address         AS customer_email_address,
        d.d_year                  AS dyear,
        SUM(ws.ws_ext_list_price - ws.ws_ext_discount_amt) AS year_total,
        'w'                       AS sale_type
    FROM tpcds.customer c
    JOIN tpcds.web_sales ws
        ON c.c_customer_sk = ws.ws_bill_customer_sk
    JOIN tpcds.date_dim d
        ON ws.ws_sold_date_sk = d.d_date_sk
    GROUP BY
        c.c_customer_id,
        c.c_first_name,
        c.c_last_name,
        c.c_preferred_cust_flag,
        c.c_birth_country,
        c.c_login,
        c.c_email_address,
        d.d_year
)
SELECT
    t_s_secyear.customer_id,
    t_s_secyear.customer_first_name,
    t_s_secyear.customer_last_name,
    t_s_secyear.customer_login,
	t_w_firstyear.year_total AS wb_1st_y_total,
	t_w_secyear.year_total AS wb_2nd_y_total,
	t_s_firstyear.year_total AS ss_1st_y_total,
	t_s_secyear.year_total AS ss_2nd_y_total
FROM year_total t_s_firstyear
JOIN year_total t_s_secyear
    ON t_s_secyear.customer_id = t_s_firstyear.customer_id
JOIN year_total t_w_firstyear
    ON t_w_firstyear.customer_id = t_s_firstyear.customer_id
JOIN year_total t_w_secyear
    ON t_w_secyear.customer_id = t_s_firstyear.customer_id
WHERE
    t_s_firstyear.sale_type = 's'
    AND t_s_secyear.sale_type = 's'
    AND t_w_firstyear.sale_type = 'w'
    AND t_w_secyear.sale_type = 'w'
    AND t_s_firstyear.dyear = 2000
    AND t_s_secyear.dyear = 2001
    AND t_w_firstyear.dyear = 2000
    AND t_w_secyear.dyear = 2001
    AND t_s_firstyear.year_total > 0
    AND t_w_firstyear.year_total > 0
    AND (
        CASE
            WHEN t_w_firstyear.year_total > 0
            THEN t_w_secyear.year_total / t_w_firstyear.year_total
            ELSE 0.0
        END
    ) >
    (
        CASE
            WHEN t_s_firstyear.year_total > 0
            THEN t_s_secyear.year_total / t_s_firstyear.year_total
            ELSE 0.0
        END
    )
ORDER BY
    t_s_secyear.customer_id,
    t_s_secyear.customer_first_name,
    t_s_secyear.customer_last_name,
    t_s_secyear.customer_login
LIMIT 100;","customer_store_2000_sales = store_sales_as_bill_customer.WHERE(
    sold_date.year==2000
).CALCULATE(
    total_sale=(ext_list_price - ext_discount_amount)
)
customer_store_2001_sales = store_sales_as_bill_customer.WHERE(
    sold_date.year==2001
).CALCULATE(
    total_sale=(ext_list_price - ext_discount_amount)
)
customer_web_2000_sales = web_sales_as_bill_customer.WHERE(
    sold_date.year==2000
).CALCULATE(
    total_sale=(ext_list_price - ext_discount_amount)
)
customer_web_2001_sales = web_sales_as_bill_customer.WHERE(
    sold_date.year==2001
).CALCULATE(
    total_sale=(ext_list_price - ext_discount_amount)
)

result = customers.WHERE(
    HAS(customer_store_2000_sales) 
    & HAS(customer_store_2001_sales)
    & HAS(customer_web_2000_sales)
    & HAS(customer_web_2001_sales)
).CALCULATE(
    customer_id=_id,
    customer_first_name=first_name,
    customer_last_name=last_name,
    customer_login=login,
    wb_1st_y_total=SUM(customer_web_2000_sales.total_sale),
    wb_2nd_y_total=SUM(customer_web_2001_sales.total_sale),
    ss_1st_y_total=SUM(customer_store_2000_sales.total_sale),
    ss_2nd_y_total=SUM(customer_store_2001_sales.total_sale)
).WHERE(
    (IFF(wb_1st_y_total > 0, wb_2nd_y_total/wb_1st_y_total, 0) > 
    IFF(ss_1st_y_total > 0, ss_2nd_y_total/ss_1st_y_total, 0))
).TOP_K(100, by=(_id.ASC(), first_name, last_name, login))","WITH _s0 AS (
  SELECT
    ss_customer_sk,
    ss_ext_discount_amt,
    ss_ext_list_price,
    ss_sold_date_sk
  FROM tpcds.store_sales
), _t4 AS (
  SELECT
    d_date_sk,
    d_year
  FROM tpcds.date_dim
  WHERE
    d_year = 2000
), _s6 AS (
  SELECT
    _s0.ss_customer_sk AS c_customer_sk,
    MAX(customer.c_customer_id) AS anything_c_customer_id,
    MAX(customer.c_first_name) AS anything_c_first_name,
    MAX(customer.c_last_name) AS anything_c_last_name,
    MAX(customer.c_login) AS anything_c_login,
    SUM(_s0.ss_ext_list_price - _s0.ss_ext_discount_amt) AS sum_total_sale
  FROM tpcds.customer AS customer
  JOIN _s0 AS _s0
    ON _s0.ss_customer_sk = customer.c_customer_sk
  JOIN _t4 AS _t4
    ON _s0.ss_sold_date_sk = _t4.d_date_sk
  GROUP BY
    1
), _t5 AS (
  SELECT
    d_date_sk,
    d_year
  FROM tpcds.date_dim
  WHERE
    d_year = 2001
), _s10 AS (
  SELECT
    _s4.ss_customer_sk AS c_customer_sk,
    SUM(_s4.ss_ext_list_price - _s4.ss_ext_discount_amt) AS agg_1,
    MAX(_s6.anything_c_customer_id) AS anything_anything_c_customer_id,
    MAX(_s6.anything_c_first_name) AS anything_anything_c_first_name,
    MAX(_s6.anything_c_last_name) AS anything_anything_c_last_name,
    MAX(_s6.anything_c_login) AS anything_anything_c_login,
    MAX(_s6.sum_total_sale) AS anything_sum_total_sale
  FROM _s6 AS _s6
  JOIN _s0 AS _s4
    ON _s4.ss_customer_sk = _s6.c_customer_sk
  JOIN _t5 AS _t5
    ON _s4.ss_sold_date_sk = _t5.d_date_sk
  GROUP BY
    1
), _s8 AS (
  SELECT
    ws_bill_customer_sk,
    ws_ext_discount_amt,
    ws_ext_list_price,
    ws_sold_date_sk
  FROM tpcds.web_sales
), _s14 AS (
  SELECT
    _s8.ws_bill_customer_sk AS c_customer_sk,
    SUM(_s8.ws_ext_list_price - _s8.ws_ext_discount_amt) AS agg_2,
    MAX(_s10.agg_1) AS anything_agg_1,
    MAX(_s10.anything_anything_c_customer_id) AS anything_anything_anything_c_customer_id,
    MAX(_s10.anything_anything_c_first_name) AS anything_anything_anything_c_first_name,
    MAX(_s10.anything_anything_c_last_name) AS anything_anything_anything_c_last_name,
    MAX(_s10.anything_anything_c_login) AS anything_anything_anything_c_login,
    MAX(_s10.anything_sum_total_sale) AS anything_anything_sum_total_sale
  FROM _s10 AS _s10
  JOIN _s8 AS _s8
    ON _s10.c_customer_sk = _s8.ws_bill_customer_sk
  JOIN _t4 AS _t6
    ON _s8.ws_sold_date_sk = _t6.d_date_sk
  GROUP BY
    1
), _s15 AS (
  SELECT
    _s12.ws_bill_customer_sk,
    SUM(_s12.ws_ext_list_price - _s12.ws_ext_discount_amt) AS agg_3_0
  FROM _s8 AS _s12
  JOIN _t5 AS _t8
    ON _s12.ws_sold_date_sk = _t8.d_date_sk
  GROUP BY
    1
)
SELECT
  _s14.anything_anything_anything_c_customer_id AS customer_id,
  _s14.anything_anything_anything_c_first_name AS customer_first_name,
  _s14.anything_anything_anything_c_last_name AS customer_last_name,
  _s14.anything_anything_anything_c_login AS customer_login,
  COALESCE(_s14.agg_2, 0) AS wb_1st_y_total,
  COALESCE(_s15.agg_3_0, 0) AS wb_2nd_y_total,
  COALESCE(_s14.anything_anything_sum_total_sale, 0) AS ss_1st_y_total,
  COALESCE(_s14.anything_agg_1, 0) AS ss_2nd_y_total
FROM _s14 AS _s14
JOIN _s15 AS _s15
  ON CASE
    WHEN (
      NOT _s14.agg_2 IS NULL AND _s14.agg_2 > 0
    )
    THEN CAST(COALESCE(_s15.agg_3_0, 0) AS DOUBLE PRECISION) / COALESCE(_s14.agg_2, 0)
    ELSE 0
  END > CASE
    WHEN (
      NOT _s14.anything_anything_sum_total_sale IS NULL
      AND _s14.anything_anything_sum_total_sale > 0
    )
    THEN CAST(COALESCE(_s14.anything_agg_1, 0) AS DOUBLE PRECISION) / COALESCE(_s14.anything_anything_sum_total_sale, 0)
    ELSE 0
  END
  AND _s14.c_customer_sk = _s15.ws_bill_customer_sk
ORDER BY
  1 NULLS FIRST,
  2 NULLS FIRST,
  3 NULLS FIRST,
  4 NULLS FIRST
LIMIT 100",830.9987853679995,46.629498944999796,"Limit  (cost=11835981.21..11918838.32 rows=100 width=392) (actual time=358372.709..867583.995 rows=100 loops=1)
  CTE year_total
    ->  Append  (cost=4041646.42..10149057.51 rows=33542387 width=142) (actual time=64978.719..92038.468 rows=2079862 loops=1)
          ->  Finalize GroupAggregate  (cost=4041646.42..7893559.89 rows=26349158 width=142) (actual time=64978.718..73244.536 rows=1545762 loops=1)
                Group Key: c.c_customer_id, c.c_first_name, c.c_last_name, c.c_preferred_cust_flag, c.c_birth_country, c.c_login, c.c_email_address, d.d_year
                ->  Gather Merge  (cost=4041646.42..7015254.62 rows=21957632 width=110) (actual time=64978.663..72088.676 rows=1579076 loops=1)
                      Workers Planned: 2
                      Workers Launched: 2
                      ->  Partial GroupAggregate  (cost=4040646.40..4479799.04 rows=10978816 width=110) (actual time=60544.567..67387.047 rows=526359 loops=3)
                            Group Key: c.c_customer_id, c.c_first_name, c.c_last_name, c.c_preferred_cust_flag, c.c_birth_country, c.c_login, c.c_email_address, d.d_year
                            ->  Sort  (cost=4040646.40..4068093.44 rows=10978816 width=88) (actual time=60544.505..62918.835 rows=8951983 loops=3)
                                  Sort Key: c.c_customer_id, c.c_first_name, c.c_last_name, c.c_preferred_cust_flag, c.c_birth_country, c.c_login, c.c_email_address, d.d_year
                                  Sort Method: external merge  Disk: 965760kB
                                  Worker 0:  Sort Method: external merge  Disk: 715976kB
                                  Worker 1:  Sort Method: external merge  Disk: 1026720kB
                                  ->  Parallel Hash Join  (cost=22203.32..1180711.12 rows=10978816 width=88) (actual time=15962.449..21210.450 rows=8951983 loops=3)
                                        Hash Cond: (ss.ss_customer_sk = c.c_customer_sk)
                                        ->  Parallel Hash Join  (cost=2998.82..913069.20 rows=11482516 width=26) (actual time=10.647..13438.454 rows=9168178 loops=3)
                                              Hash Cond: (ss.ss_sold_date_sk = d.d_date_sk)
                                              ->  Parallel Seq Scan on store_sales ss  (cost=0.00..797528.85 rows=11999285 width=26) (actual time=0.241..10886.581 rows=9600330 loops=3)
                                              ->  Parallel Hash  (cost=2461.70..2461.70 rows=42970 width=16) (actual time=9.774..9.775 rows=24350 loops=3)
                                                    Buckets: 131072  Batches: 1  Memory Usage: 4480kB
                                                    ->  Parallel Seq Scan on date_dim d  (cost=0.00..2461.70 rows=42970 width=16) (actual time=0.022..4.221 rows=24350 loops=3)
                                        ->  Parallel Hash  (cost=13955.33..13955.33 rows=208333 width=78) (actual time=467.981..467.982 rows=166667 loops=3)
                                              Buckets: 131072  Batches: 8  Memory Usage: 8064kB
                                              ->  Parallel Seq Scan on customer c  (cost=0.00..13955.33 rows=208333 width=78) (actual time=268.504..313.821 rows=166667 loops=3)
          ->  Finalize GroupAggregate  (cost=1036226.56..2087785.69 rows=7193229 width=142) (actual time=14475.425..18658.652 rows=534100 loops=1)
                Group Key: c_1.c_customer_id, c_1.c_first_name, c_1.c_last_name, c_1.c_preferred_cust_flag, c_1.c_birth_country, c_1.c_login, c_1.c_email_address, d_1.d_year
                ->  Gather Merge  (cost=1036226.56..1848011.37 rows=5994358 width=110) (actual time=14475.393..18246.370 rows=537093 loops=1)
                      Workers Planned: 2
                      Workers Launched: 2
                      ->  Partial GroupAggregate  (cost=1035226.54..1155113.70 rows=2997179 width=110) (actual time=14390.674..17105.923 rows=179031 loops=3)
                            Group Key: c_1.c_customer_id, c_1.c_first_name, c_1.c_last_name, c_1.c_preferred_cust_flag, c_1.c_birth_country, c_1.c_login, c_1.c_email_address, d_1.d_year
                            ->  Sort  (cost=1035226.54..1042719.49 rows=2997179 width=91) (actual time=14390.608..15998.609 rows=2398314 loops=3)
                                  Sort Key: c_1.c_customer_id, c_1.c_first_name, c_1.c_last_name, c_1.c_preferred_cust_flag, c_1.c_birth_country, c_1.c_login, c_1.c_email_address, d_1.d_year
                                  Sort Method: external merge  Disk: 357928kB
                                  Worker 0:  Sort Method: external merge  Disk: 192920kB
                                  Worker 1:  Sort Method: external merge  Disk: 198504kB
                                  ->  Parallel Hash Join  (cost=22203.32..405474.40 rows=2997179 width=91) (actual time=5888.394..6483.439 rows=2398314 loops=3)
                                        Hash Cond: (ws.ws_bill_customer_sk = c_1.c_customer_sk)
                                        ->  Parallel Hash Join  (cost=2998.82..318903.90 rows=2998078 width=29) (actual time=10.606..4526.729 rows=2398599 loops=3)
                                              Hash Cond: (ws.ws_sold_date_sk = d_1.d_date_sk)
                                              ->  Parallel Seq Scan on web_sales ws  (cost=0.00..287022.78 rows=2999078 width=29) (actual time=0.208..3831.308 rows=2399189 loops=3)
                                              ->  Parallel Hash  (cost=2461.70..2461.70 rows=42970 width=16) (actual time=9.754..9.755 rows=24350 loops=3)
                                                    Buckets: 131072  Batches: 1  Memory Usage: 4544kB
                                                    ->  Parallel Seq Scan on date_dim d_1  (cost=0.00..2461.70 rows=42970 width=16) (actual time=0.025..4.020 rows=24350 loops=3)
                                        ->  Parallel Hash  (cost=13955.33..13955.33 rows=208333 width=78) (actual time=797.605..797.606 rows=166667 loops=3)
                                              Buckets: 131072  Batches: 8  Memory Usage: 8032kB
                                              ->  Parallel Seq Scan on customer c_1  (cost=0.00..13955.33 rows=208333 width=78) (actual time=270.694..726.600 rows=166667 loops=3)
  ->  Incremental Sort  (cost=1686923.70..3592637.18 rows=2300 width=392) (actual time=357377.046..866501.427 rows=100 loops=1)
        Sort Key: t_s_secyear.customer_id, t_s_secyear.customer_first_name, t_s_secyear.customer_last_name, t_s_secyear.customer_login
        Presorted Key: t_s_secyear.customer_id
        Full-sort Groups: 4  Sort Method: quicksort  Average Memory: 29kB  Peak Memory: 29kB
        ->  Nested Loop  (cost=1677200.84..3592563.72 rows=2300 width=392) (actual time=94799.077..866501.108 rows=101 loops=1)
              Join Filter: (((t_s_secyear.customer_id)::text = (t_w_firstyear.customer_id)::text) AND (CASE WHEN (t_w_firstyear.year_total > '0'::numeric) THEN (t_w_secyear.year_total / t_w_firstyear.year_total) ELSE 0.0 END > CASE WHEN (t_s_firstyear.year_total > '0'::numeric) THEN (t_s_secyear.year_total / t_s_firstyear.year_total) ELSE 0.0 END))
              Rows Removed by Join Filter: 98698266
              ->  Nested Loop  (cost=1677200.84..2621846.68 rows=4929 width=460) (actual time=93927.906..578746.564 rows=919 loops=1)
                    Join Filter: ((t_s_firstyear.customer_id)::text = (t_s_secyear.customer_id)::text)
                    Rows Removed by Join Filter: 446961554
                    ->  Merge Join  (cost=1677200.84..1677257.83 rows=3520 width=378) (actual time=93593.646..93613.502 rows=1447 loops=1)
                          Merge Cond: ((t_s_secyear.customer_id)::text = (t_w_secyear.customer_id)::text)
                          ->  Sort  (cost=838600.42..838602.52 rows=839 width=296) (actual time=93217.855..93222.056 rows=6624 loops=1)
                                Sort Key: t_s_secyear.customer_id
                                Sort Method: external merge  Disk: 15208kB
                                ->  CTE Scan on year_total t_s_secyear  (cost=0.00..838559.68 rows=839 width=296) (actual time=64978.770..93080.905 rows=307975 loops=1)
                                      Filter: ((sale_type = 's'::text) AND (dyear = 2001))
                                      Rows Removed by Filter: 1771887
                          ->  Sort  (cost=838600.42..838602.52 rows=839 width=82) (actual time=375.737..378.774 rows=2360 loops=1)
                                Sort Key: t_w_secyear.customer_id
                                Sort Method: external sort  Disk: 4160kB
                                ->  CTE Scan on year_total t_w_secyear  (cost=0.00..838559.68 rows=839 width=82) (actual time=249.627..310.633 rows=106184 loops=1)
                                      Filter: ((sale_type = 'w'::text) AND (dyear = 2001))
                                      Rows Removed by Filter: 1973678
                    ->  CTE Scan on year_total t_s_firstyear  (cost=0.00..922415.64 rows=280 width=82) (actual time=0.003..320.911 rows=308889 loops=1447)
                          Filter: ((year_total > '0'::numeric) AND (sale_type = 's'::text) AND (dyear = 2000))
                          Rows Removed by Filter: 1769559
              ->  CTE Scan on year_total t_w_firstyear  (cost=0.00..922415.64 rows=280 width=82) (actual time=223.055..307.867 rows=107398 loops=919)
                    Filter: ((year_total > '0'::numeric) AND (sale_type = 'w'::text) AND (dyear = 2000))
                    Rows Removed by Filter: 1971896
Planning Time: 0.567 ms
JIT:
  Functions: 178
  Options: Inlining true, Optimization true, Expressions true, Deforming true
  Timing: Generation 15.962 ms, Inlining 357.762 ms, Optimization 1397.119 ms, Emission 858.394 ms, Total 2629.236 ms
Execution Time: 867673.960 ms","Limit  (cost=10838169.11..10838169.28 rows=67 width=256) (actual time=54002.773..54002.798 rows=100 loops=1)
  CTE _s0
    ->  Seq Scan on store_sales  (cost=0.00..965518.84 rows=28798284 width=26) (actual time=0.273..7694.828 rows=28800991 loops=1)
  CTE _t4
    ->  Seq Scan on date_dim  (cost=0.00..2945.11 rows=362 width=16) (actual time=2.554..5.075 rows=366 loops=1)
          Filter: (d_year = 2000)
          Rows Removed by Filter: 72683
  CTE _t5
    ->  Seq Scan on date_dim date_dim_1  (cost=0.00..2945.11 rows=362 width=16) (actual time=2.660..5.162 rows=365 loops=1)
          Filter: (d_year = 2001)
          Rows Removed by Filter: 72684
  CTE _s8
    ->  Seq Scan on web_sales  (cost=0.00..329009.87 rows=7197787 width=29) (actual time=0.326..1997.237 rows=7197566 loops=1)
  ->  Sort  (cost=9537750.18..9537750.34 rows=67 width=256) (actual time=53240.079..53240.095 rows=100 loops=1)
        Sort Key: (max(_s10.anything_anything_c_customer_id)) NULLS FIRST, (max(_s10.anything_anything_c_first_name)) NULLS FIRST, (max(_s10.anything_anything_c_last_name)) NULLS FIRST, (max(_s10.anything_anything_c_login)) NULLS FIRST
        Sort Method: top-N heapsort  Memory: 48kB
        ->  Hash Join  (cost=9537743.12..9537748.14 rows=67 width=256) (actual time=52911.162..53237.694 rows=4331 loops=1)
              Hash Cond: (_s8.ws_bill_customer_sk = _s15.ws_bill_customer_sk)
              Join Filter: (CASE WHEN (((sum((_s8.ws_ext_list_price - _s8.ws_ext_discount_amt))) IS NOT NULL) AND ((sum((_s8.ws_ext_list_price - _s8.ws_ext_discount_amt))) > '0'::numeric)) THEN ((COALESCE(_s15.agg_3_0, '0'::numeric))::double precision / (COALESCE((sum((_s8.ws_ext_list_price - _s8.ws_ext_discount_amt))), '0'::numeric))::double precision) ELSE '0'::double precision END > CASE WHEN (((max(_s10.anything_sum_total_sale)) IS NOT NULL) AND ((max(_s10.anything_sum_total_sale)) > '0'::numeric)) THEN ((COALESCE((max(_s10.agg_1)), '0'::numeric))::double precision / (COALESCE((max(_s10.anything_sum_total_sale)), '0'::numeric))::double precision) ELSE '0'::double precision END)
              Rows Removed by Join Filter: 4310
              ->  HashAggregate  (cost=8823883.84..8823886.34 rows=200 width=232) (actual time=47721.349..48032.815 rows=40913 loops=1)
                    Group Key: _s8.ws_bill_customer_sk
                    Batches: 5  Memory Usage: 7617kB  Disk Usage: 36184kB
                    ->  Hash Join  (cost=7895328.84..8530753.97 rows=13027994 width=228) (actual time=44987.827..47402.340 rows=550891 loops=1)
                          Hash Cond: (_s8.ws_sold_date_sk = _t6.d_date_sk)
                          ->  Hash Join  (cost=7895317.08..8058567.38 rows=7197787 width=236) (actual time=44982.025..47186.310 rows=2745884 loops=1)
                                Hash Cond: (_s8.ws_bill_customer_sk = _s10.c_customer_sk)
                                ->  CTE Scan on _s8  (cost=0.00..143955.74 rows=7197787 width=44) (actual time=0.030..583.811 rows=7197566 loops=1)
                                ->  Hash  (cost=7895314.58..7895314.58 rows=200 width=200) (actual time=44981.856..44981.864 rows=190292 loops=1)
                                      Buckets: 131072 (originally 1024)  Batches: 4 (originally 1)  Memory Usage: 7169kB
                                      ->  Subquery Scan on _s10  (cost=7895310.08..7895314.58 rows=200 width=200) (actual time=43242.048..44935.077 rows=190292 loops=1)
                                            ->  HashAggregate  (cost=7895310.08..7895312.58 rows=200 width=200) (actual time=43242.044..44919.099 rows=190292 loops=1)
                                                  Group Key: _s4.ss_customer_sk
                                                  Batches: 37  Memory Usage: 8385kB  Disk Usage: 236432kB
                                                  ->  Hash Join  (cost=4310481.69..6852812.20 rows=52124894 width=196) (actual time=32019.953..41814.353 rows=3301970 loops=1)
                                                        Hash Cond: (_s4.ss_sold_date_sk = _t5.d_date_sk)
                                                        ->  Hash Join  (cost=4310469.93..4963633.00 rows=28798284 width=204) (actual time=32019.828..40312.865 rows=19103439 loops=1)
                                                              Hash Cond: (_s4.ss_customer_sk = _s6.c_customer_sk)
                                                              ->  CTE Scan on _s0 _s4  (cost=0.00..575965.68 rows=28798284 width=44) (actual time=0.274..2579.072 rows=28800991 loops=1)
                                                              ->  Hash  (cost=4310467.43..4310467.43 rows=200 width=168) (actual time=32019.112..32019.116 rows=309098 loops=1)
                                                                    Buckets: 131072 (originally 1024)  Batches: 4 (originally 1)  Memory Usage: 7393kB
                                                                    ->  Subquery Scan on _s6  (cost=4310462.93..4310467.43 rows=200 width=168) (actual time=29400.984..31949.050 rows=309098 loops=1)
                                                                          ->  HashAggregate  (cost=4310462.93..4310465.43 rows=200 width=168) (actual time=29400.981..31927.375 rows=309098 loops=1)
                                                                                Group Key: _s0.ss_customer_sk
                                                                                Batches: 53  Memory Usage: 8361kB  Disk Usage: 352016kB
                                                                                ->  Hash Join  (cost=27040.77..3398277.28 rows=52124894 width=67) (actual time=190.725..27289.728 rows=5389360 loops=1)
                                                                                      Hash Cond: (_s0.ss_sold_date_sk = _t4.d_date_sk)
                                                                                      ->  Hash Join  (cost=27029.00..1509098.09 rows=28798284 width=75) (actual time=190.200..25270.969 rows=27504024 loops=1)
                                                                                            Hash Cond: (_s0.ss_customer_sk = customer.c_customer_sk)
                                                                                            ->  CTE Scan on _s0  (cost=0.00..575965.68 rows=28798284 width=44) (actual time=0.002..15303.876 rows=28800991 loops=1)
                                                                                            ->  Hash  (cost=16872.00..16872.00 rows=500000 width=39) (actual time=190.065..190.066 rows=500000 loops=1)
                                                                                                  Buckets: 131072  Batches: 8  Memory Usage: 5574kB
                                                                                                  ->  Seq Scan on customer  (cost=0.00..16872.00 rows=500000 width=39) (actual time=0.247..97.481 rows=500000 loops=1)
                                                                                      ->  Hash  (cost=7.24..7.24 rows=362 width=8) (actual time=0.063..0.064 rows=366 loops=1)
                                                                                            Buckets: 1024  Batches: 1  Memory Usage: 23kB
                                                                                            ->  CTE Scan on _t4  (cost=0.00..7.24 rows=362 width=8) (actual time=0.003..0.028 rows=366 loops=1)
                                                        ->  Hash  (cost=7.24..7.24 rows=362 width=8) (actual time=0.065..0.065 rows=365 loops=1)
                                                              Buckets: 1024  Batches: 1  Memory Usage: 23kB
                                                              ->  CTE Scan on _t5  (cost=0.00..7.24 rows=362 width=8) (actual time=0.005..0.030 rows=365 loops=1)
                          ->  Hash  (cost=7.24..7.24 rows=362 width=8) (actual time=5.179..5.180 rows=366 loops=1)
                                Buckets: 1024  Batches: 1  Memory Usage: 23kB
                                ->  CTE Scan on _t4 _t6  (cost=0.00..7.24 rows=362 width=8) (actual time=2.559..5.141 rows=366 loops=1)
              ->  Hash  (cost=713856.78..713856.78 rows=200 width=40) (actual time=5189.766..5189.768 rows=106184 loops=1)
                    Buckets: 131072 (originally 1024)  Batches: 1 (originally 1)  Memory Usage: 6805kB
                    ->  Subquery Scan on _s15  (cost=713852.28..713856.78 rows=200 width=40) (actual time=4845.161..5178.759 rows=106185 loops=1)
                          ->  HashAggregate  (cost=713852.28..713854.78 rows=200 width=40) (actual time=4845.156..5171.493 rows=106185 loops=1)
                                Group Key: _s12.ws_bill_customer_sk
                                Batches: 21  Memory Usage: 8265kB  Disk Usage: 48368kB
                                ->  Hash Join  (cost=11.77..616142.33 rows=13027994 width=36) (actual time=5.668..4404.554 rows=1432881 loops=1)
                                      Hash Cond: (_s12.ws_sold_date_sk = _t8.d_date_sk)
                                      ->  CTE Scan on _s8 _s12  (cost=0.00..143955.74 rows=7197787 width=44) (actual time=0.329..3753.771 rows=7197566 loops=1)
                                      ->  Hash  (cost=7.24..7.24 rows=362 width=8) (actual time=5.270..5.270 rows=365 loops=1)
                                            Buckets: 1024  Batches: 1  Memory Usage: 23kB
                                            ->  CTE Scan on _t5 _t8  (cost=0.00..7.24 rows=362 width=8) (actual time=2.664..5.232 rows=365 loops=1)
Planning Time: 0.480 ms
JIT:
  Functions: 111
  Options: Inlining true, Optimization true, Expressions true, Deforming true
  Timing: Generation 6.475 ms, Inlining 95.714 ms, Optimization 675.498 ms, Emission 514.385 ms, Total 1292.073 ms
Execution Time: 54211.968 ms",SUCCESS
31,32,TPCDS,Q12,"SELECT
    i.i_item_id,
    i.i_item_desc,
    i.i_category,
    i.i_class,
    i.i_current_price,
    SUM(ws.ws_ext_sales_price) AS itemrevenue,
    SUM(ws.ws_ext_sales_price) * 100.0
        / SUM(SUM(ws.ws_ext_sales_price)) OVER (PARTITION BY i.i_class)
	        AS revenueratio
FROM tpcds.web_sales ws
JOIN tpcds.item i
    ON ws.ws_item_sk = i.i_item_sk
JOIN tpcds.date_dim d
    ON ws.ws_sold_date_sk = d.d_date_sk
WHERE
    i.i_category IN ('Sports', 'Books', 'Home')
    AND d.d_date BETWEEN DATE '1999-02-22'
                      AND (DATE '1999-02-22' + INTERVAL '30 days')
GROUP BY
    i.i_item_id,
    i.i_item_desc,
    i.i_category,
    i.i_class,
    i.i_current_price
ORDER BY
    i.i_category,
    i.i_class,
    i.i_item_id,
    i.i_item_desc,
    revenueratio
LIMIT 100;","selected_sales = web_sales.WHERE(MONOTONIC(DATETIME('1999-02-22'), sold_date.date, DATETIME('1999-02-22', '+30 days')))
result = items.WHERE(
    PRESENT(item_class) 
    & PRESENT(current_price) 
    & HAS(selected_sales) 
    & ISIN(LOWER(category),('sports', 'books', 'home'))
).PARTITION(
    name='i_class', by=item_class
).items.WHERE(HAS(selected_sales)).CALCULATE(
    i_item_id=_id,
    i_item_desc=description,
    i_category=category,
    i_class=item_class,
    i_current_price=current_price,
    itemrevenue=SUM(selected_sales.ext_sales_price),
    revenueratio=(100*SUM(selected_sales.ext_sales_price)) / RELSUM(SUM(selected_sales.ext_sales_price), per='i_class')
).TOP_K(100, by=(category, item_class, _id, description, revenueratio))","WITH _t3 AS (
  SELECT
    d_date,
    d_date_sk
  FROM tpcds.date_dim
  WHERE
    d_date <= CAST('1999-03-24' AS DATE) AND d_date >= CAST('1999-02-22' AS DATE)
), _u_0 AS (
  SELECT
    web_sales.ws_item_sk AS _u_1
  FROM tpcds.web_sales AS web_sales
  JOIN _t3 AS _t3
    ON _t3.d_date_sk = web_sales.ws_sold_date_sk
  GROUP BY
    1
), _t0 AS (
  SELECT
    MAX(item.i_category) AS anything_i_category,
    MAX(item.i_class) AS anything_i_class,
    MAX(item.i_current_price) AS anything_i_current_price,
    MAX(item.i_item_desc) AS anything_i_item_desc,
    MAX(item.i_item_id) AS anything_i_item_id,
    SUM(web_sales.ws_ext_sales_price) AS sum_ws_ext_sales_price
  FROM tpcds.item AS item
  LEFT JOIN _u_0 AS _u_0
    ON _u_0._u_1 = item.i_item_sk
  JOIN tpcds.web_sales AS web_sales
    ON item.i_item_sk = web_sales.ws_item_sk
  JOIN _t3 AS _t4
    ON _t4.d_date_sk = web_sales.ws_sold_date_sk
  WHERE
    LOWER(item.i_category) IN ('sports', 'books', 'home')
    AND NOT _u_0._u_1 IS NULL
    AND NOT item.i_class IS NULL
    AND NOT item.i_current_price IS NULL
  GROUP BY
    web_sales.ws_item_sk
)
SELECT
  anything_i_item_id AS i_item_id,
  anything_i_item_desc AS i_item_desc,
  anything_i_category AS i_category,
  anything_i_class AS i_class,
  anything_i_current_price AS i_current_price,
  COALESCE(sum_ws_ext_sales_price, 0) AS itemrevenue,
  CAST((
    100 * COALESCE(sum_ws_ext_sales_price, 0)
  ) AS DOUBLE PRECISION) / SUM(COALESCE(sum_ws_ext_sales_price, 0)) OVER (PARTITION BY anything_i_class) AS revenueratio
FROM _t0
ORDER BY
  3 NULLS FIRST,
  4 NULLS FIRST,
  1 NULLS FIRST,
  2 NULLS FIRST,
  7 NULLS FIRST
LIMIT 100",4.907668293000825,2.9965063270001338,"Limit  (cost=307348.19..307348.44 rows=100 width=203) (actual time=704.153..705.186 rows=100 loops=1)
  ->  Sort  (cost=307348.19..307350.48 rows=915 width=203) (actual time=686.660..687.687 rows=100 loops=1)
        Sort Key: i.i_category, i.i_class, i.i_item_id, i.i_item_desc, ((((sum(ws.ws_ext_sales_price)) * 100.0) / sum((sum(ws.ws_ext_sales_price))) OVER (?)))
        Sort Method: top-N heapsort  Memory: 70kB
        ->  WindowAgg  (cost=307292.64..307313.22 rows=915 width=203) (actual time=676.174..684.466 rows=11201 loops=1)
              ->  Sort  (cost=307292.64..307294.92 rows=915 width=171) (actual time=675.987..677.540 rows=11201 loops=1)
                    Sort Key: i.i_class
                    Sort Method: quicksort  Memory: 2307kB
                    ->  Finalize GroupAggregate  (cost=307123.47..307247.63 rows=915 width=171) (actual time=647.377..670.373 rows=11201 loops=1)
                          Group Key: i.i_item_id, i.i_item_desc, i.i_category, i.i_class, i.i_current_price
                          ->  Gather Merge  (cost=307123.47..307222.86 rows=762 width=171) (actual time=647.365..661.118 rows=11201 loops=1)
                                Workers Planned: 2
                                Workers Launched: 2
                                ->  Partial GroupAggregate  (cost=306123.45..306134.88 rows=381 width=171) (actual time=629.385..634.000 rows=3734 loops=3)
                                      Group Key: i.i_item_id, i.i_item_desc, i.i_category, i.i_class, i.i_current_price
                                      ->  Sort  (cost=306123.45..306124.40 rows=381 width=145) (actual time=629.350..629.736 rows=6829 loops=3)
                                            Sort Key: i.i_item_id, i.i_item_desc, i.i_category, i.i_class, i.i_current_price
                                            Sort Method: quicksort  Memory: 1251kB
                                            Worker 0:  Sort Method: quicksort  Memory: 1847kB
                                            Worker 1:  Sort Method: quicksort  Memory: 1172kB
                                            ->  Parallel Hash Join  (cost=300969.39..306107.12 rows=381 width=145) (actual time=592.443..607.914 rows=6829 loops=3)
                                                  Hash Cond: (i.i_item_sk = ws.ws_item_sk)
                                                  ->  Parallel Seq Scan on item i  (cost=0.00..5088.38 rows=12737 width=147) (actual time=0.050..11.816 rows=10145 loops=3)
                                                        Filter: ((i_category)::text = ANY ('{Sports,Books,Home}'::text[]))
                                                        Rows Removed by Filter: 23855
                                                  ->  Parallel Hash  (cost=300953.49..300953.49 rows=1272 width=14) (actual time=592.164..592.167 rows=22946 loops=3)
                                                        Buckets: 131072 (originally 4096)  Batches: 1 (originally 1)  Memory Usage: 5312kB
                                                        ->  Parallel Hash Join  (cost=2676.78..300953.49 rows=1272 width=14) (actual time=14.213..565.391 rows=22946 loops=3)
                                                              Hash Cond: (ws.ws_sold_date_sk = d.d_date_sk)
                                                              ->  Parallel Seq Scan on web_sales ws  (cost=0.00..287022.78 rows=2999078 width=22) (actual time=0.017..334.011 rows=2399189 loops=3)
                                                              ->  Parallel Hash  (cost=2676.55..2676.55 rows=18 width=8) (actual time=1.900..1.900 rows=10 loops=3)
                                                                    Buckets: 1024  Batches: 1  Memory Usage: 40kB
                                                                    ->  Parallel Seq Scan on date_dim d  (cost=0.00..2676.55 rows=18 width=8) (actual time=2.821..5.685 rows=31 loops=1)
                                                                          Filter: ((d_date >= '1999-02-22'::date) AND (d_date <= '1999-03-24 00:00:00'::timestamp without time zone))
                                                                          Rows Removed by Filter: 73018
Planning Time: 0.216 ms
JIT:
  Functions: 93
  Options: Inlining false, Optimization false, Expressions true, Deforming true
  Timing: Generation 5.570 ms, Inlining 0.000 ms, Optimization 2.389 ms, Emission 50.872 ms, Total 58.830 ms
Execution Time: 707.186 ms","Limit  (cost=678760.51..678760.76 rows=100 width=200) (actual time=3313.864..3315.480 rows=100 loops=1)
  CTE _t3
    ->  Seq Scan on date_dim  (cost=0.00..3127.73 rows=31 width=12) (actual time=2.390..4.696 rows=31 loops=1)
          Filter: ((d_date <= '1999-03-24'::date) AND (d_date >= '1999-02-22'::date))
          Rows Removed by Filter: 73018
  ->  Sort  (cost=675632.77..675637.34 rows=1826 width=200) (actual time=2823.256..2824.864 rows=100 loops=1)
        Sort Key: _t0.anything_i_category NULLS FIRST, _t0.anything_i_class NULLS FIRST, _t0.anything_i_item_id NULLS FIRST, _t0.anything_i_item_desc NULLS FIRST, (((('100'::numeric * COALESCE(_t0.sum_ws_ext_sales_price, '0'::numeric)))::double precision / (sum(COALESCE(_t0.sum_ws_ext_sales_price, '0'::numeric)) OVER (?))::double precision)) NULLS FIRST
        Sort Method: top-N heapsort  Memory: 67kB
        ->  WindowAgg  (cost=675512.77..675562.99 rows=1826 width=200) (actual time=2811.666..2821.454 rows=11177 loops=1)
              ->  Sort  (cost=675512.77..675517.34 rows=1826 width=192) (actual time=2811.571..2813.693 rows=11177 loops=1)
                    Sort Key: _t0.anything_i_class
                    Sort Method: quicksort  Memory: 2298kB
                    ->  Subquery Scan on _t0  (cost=675336.25..675413.85 rows=1826 width=192) (actual time=2790.545..2808.510 rows=11177 loops=1)
                          ->  GroupAggregate  (cost=675336.25..675395.59 rows=1826 width=200) (actual time=2790.538..2807.614 rows=11177 loops=1)
                                Group Key: web_sales.ws_item_sk
                                ->  Sort  (cost=675336.25..675340.81 rows=1826 width=153) (actual time=2790.487..2794.293 rows=20442 loops=1)
                                      Sort Key: web_sales.ws_item_sk
                                      Sort Method: external merge  Disk: 3312kB
                                      ->  Hash Join  (cost=365615.59..675237.33 rows=1826 width=153) (actual time=1650.280..2780.788 rows=20442 loops=1)
                                            Hash Cond: (item.i_item_sk = web_sales_1.ws_item_sk)
                                            ->  Hash Join  (cost=6203.56..315820.51 rows=1826 width=161) (actual time=334.741..1456.787 rows=20442 loops=1)
                                                  Hash Cond: (web_sales.ws_sold_date_sk = _t4.d_date_sk)
                                                  ->  Gather  (cost=6202.55..315398.48 rows=107402 width=169) (actual time=329.478..1143.977 rows=2141448 loops=1)
                                                        Workers Planned: 2
                                                        Workers Launched: 2
                                                        ->  Parallel Hash Join  (cost=5202.55..303658.28 rows=44751 width=169) (actual time=315.520..1133.697 rows=713816 loops=3)
                                                              Hash Cond: (web_sales.ws_item_sk = item.i_item_sk)
                                                              ->  Parallel Seq Scan on web_sales  (cost=0.00..287022.78 rows=2999078 width=22) (actual time=0.025..355.531 rows=2399189 loops=3)
                                                              ->  Parallel Hash  (cost=5194.62..5194.62 rows=634 width=147) (actual time=315.207..315.208 rows=10125 loops=3)
                                                                    Buckets: 32768 (originally 2048)  Batches: 1 (originally 1)  Memory Usage: 6064kB
                                                                    ->  Parallel Seq Scan on item  (cost=0.00..5194.62 rows=634 width=147) (actual time=191.677..211.928 rows=10125 loops=3)
                                                                          Filter: ((i_class IS NOT NULL) AND (i_current_price IS NOT NULL) AND (lower((i_category)::text) = ANY ('{sports,books,home}'::text[])))
                                                                          Rows Removed by Filter: 23875
                                                  ->  Hash  (cost=0.62..0.62 rows=31 width=8) (actual time=4.714..4.714 rows=31 loops=1)
                                                        Buckets: 1024  Batches: 1  Memory Usage: 10kB
                                                        ->  CTE Scan on _t3 _t4  (cost=0.00..0.62 rows=31 width=8) (actual time=2.395..4.706 rows=31 loops=1)
                                            ->  Hash  (cost=358367.59..358367.59 rows=83555 width=8) (actual time=1315.476..1315.478 rows=37612 loops=1)
                                                  Buckets: 131072  Batches: 1  Memory Usage: 2494kB
                                                  ->  HashAggregate  (cost=357532.04..358367.59 rows=83555 width=8) (actual time=1306.342..1311.102 rows=37612 loops=1)
                                                        Group Key: web_sales_1.ws_item_sk
                                                        Batches: 1  Memory Usage: 4625kB
                                                        ->  Hash Join  (cost=1.01..357226.15 rows=122357 width=8) (actual time=0.516..1289.418 rows=68837 loops=1)
                                                              Hash Cond: (web_sales_1.ws_sold_date_sk = _t3.d_date_sk)
                                                              ->  Seq Scan on web_sales web_sales_1  (cost=0.00..329009.87 rows=7197787 width=16) (actual time=0.009..892.567 rows=7197566 loops=1)
                                                                    Filter: (ws_item_sk IS NOT NULL)
                                                              ->  Hash  (cost=0.62..0.62 rows=31 width=8) (actual time=0.018..0.018 rows=31 loops=1)
                                                                    Buckets: 1024  Batches: 1  Memory Usage: 10kB
                                                                    ->  CTE Scan on _t3  (cost=0.00..0.62 rows=31 width=8) (actual time=0.004..0.009 rows=31 loops=1)
Planning Time: 0.379 ms
JIT:
  Functions: 91
  Options: Inlining true, Optimization true, Expressions true, Deforming true
  Timing: Generation 5.579 ms, Inlining 117.782 ms, Optimization 565.369 ms, Emission 382.459 ms, Total 1071.189 ms
Execution Time: 3318.717 ms",SUCCESS
32,33,TPCDS,Q13,"select
    avg(ss_quantity)                as avg_ss_quantity,
    avg(ss_ext_sales_price)         as avg_ss_ext_sales_price,
    avg(ss_ext_wholesale_cost)      as avg_ss_ext_wholesale_cost,
    sum(ss_ext_wholesale_cost)      as sum_ss_ext_wholesale_cost
from
    tpcds.store_sales,
    tpcds.store,
    tpcds.customer_demographics,
    tpcds.household_demographics,
    tpcds.customer_address,
    tpcds.date_dim
where
        s_store_sk = ss_store_sk
    and ss_sold_date_sk = d_date_sk
    and d_year = 2001
    and ss_cdemo_sk = cd_demo_sk
    and cd_marital_status in ('M', 'S', 'W')
    and cd_education_status in (
        'Advanced Degree',
        'College',
        '2 yr Degree'
    )
    and ss_hdemo_sk = hd_demo_sk
    and ss_addr_sk = ca_address_sk
    and ca_state in (
        'TX', 'OH', 'TX',
        'OR', 'NM', 'KY',
        'VA', 'TX', 'MS'
    )
    and ss_net_profit between 100 and 200;","selected_store_sales = store_sales.WHERE(
    (sold_date.year == 2001)
    & HAS(store)
    & HAS(customer_demographics)
    & HAS(customer_address)
    & HAS(household_demographics)
    & ISIN(customer_demographics.marital_status, ('M', 'S', 'W'))
    & ISIN(customer_demographics.education_status, ('Advanced Degree','College','2 yr Degree'))
    & ISIN(customer_address.state, ('TX', 'OH', 'TX', 'OR', 'NM', 'KY', 'VA', 'TX', 'MS'))
    & MONOTONIC(100, net_profit, 200)
)
result = TPCDS.CALCULATE(
    avg_ss_quantity=AVG(selected_store_sales.quantity),
    avg_ss_ext_sales_price=AVG(selected_store_sales.ext_sales_price),
    avg_ss_ext_wholesale_cost=AVG(selected_store_sales.ext_wholesale_cost),
    sum_ss_ext_wholesale_cost=SUM(selected_store_sales.ext_wholesale_cost)
)","SELECT
  AVG(CAST(store_sales.ss_quantity AS DECIMAL)) AS avg_ss_quantity,
  AVG(CAST(store_sales.ss_ext_sales_price AS DECIMAL)) AS avg_ss_ext_sales_price,
  AVG(CAST(store_sales.ss_ext_wholesale_cost AS DECIMAL)) AS avg_ss_ext_wholesale_cost,
  COALESCE(SUM(store_sales.ss_ext_wholesale_cost), 0) AS sum_ss_ext_wholesale_cost
FROM tpcds.store_sales AS store_sales
JOIN tpcds.date_dim AS date_dim
  ON date_dim.d_date_sk = store_sales.ss_sold_date_sk AND date_dim.d_year = 2001
JOIN tpcds.store AS store
  ON store.s_store_sk = store_sales.ss_store_sk
JOIN tpcds.customer_demographics AS customer_demographics
  ON customer_demographics.cd_demo_sk = store_sales.ss_cdemo_sk
  AND customer_demographics.cd_education_status IN ('Advanced Degree', 'College', '2 yr Degree')
  AND customer_demographics.cd_marital_status IN ('M', 'S', 'W')
JOIN tpcds.customer_address AS customer_address
  ON customer_address.ca_address_sk = store_sales.ss_addr_sk
  AND customer_address.ca_state IN ('TX', 'OH', 'TX', 'OR', 'NM', 'KY', 'VA', 'TX', 'MS')
JOIN tpcds.household_demographics AS household_demographics
  ON household_demographics.hd_demo_sk = store_sales.ss_hdemo_sk
WHERE
  store_sales.ss_net_profit <= 200 AND store_sales.ss_net_profit >= 100",14.030358580999746,14.53534120400036,"Finalize Aggregate  (cost=906870.32..906870.33 rows=1 width=128) (actual time=14043.166..14053.096 rows=1 loops=1)
  ->  Gather  (cost=906870.07..906870.28 rows=2 width=128) (actual time=14041.953..14053.062 rows=3 loops=1)
        Workers Planned: 2
        Workers Launched: 2
        ->  Partial Aggregate  (cost=905870.07..905870.08 rows=1 width=128) (actual time=14027.220..14027.619 rows=1 loops=3)
              ->  Hash Join  (cost=899562.59..905869.01 rows=140 width=20) (actual time=13957.541..14026.888 rows=3246 loops=3)
                    Hash Cond: (store_sales.ss_store_sk = store.s_store_sk)
                    ->  Hash Join  (cost=899555.30..905859.77 rows=147 width=28) (actual time=13428.034..13496.742 rows=3250 loops=3)
                          Hash Cond: (store_sales.ss_hdemo_sk = household_demographics.hd_demo_sk)
                          ->  Parallel Hash Join  (cost=899329.30..905631.72 rows=154 width=36) (actual time=13426.156..13493.517 rows=3259 loops=3)
                                Hash Cond: (customer_address.ca_address_sk = store_sales.ss_addr_sk)
                                ->  Parallel Seq Scan on customer_address  (cost=0.02..6050.52 rows=40205 width=8) (actual time=0.278..62.264 rows=19470 loops=3)
                                      Filter: ((ca_state)::text = ANY ('{TX,OH,TX,OR,NM,KY,VA,TX,MS}'::text[]))
                                      Rows Removed by Filter: 63863
                                ->  Parallel Hash  (cost=899324.07..899324.07 rows=416 width=44) (actual time=13425.688..13426.082 rows=13988 loops=3)
                                      Buckets: 65536 (originally 1024)  Batches: 1 (originally 1)  Memory Usage: 4312kB
                                      ->  Parallel Hash Join  (cost=861482.45..899324.07 rows=416 width=44) (actual time=12955.645..13403.362 rows=13988 loops=3)
                                            Hash Cond: (customer_demographics.cd_demo_sk = store_sales.ss_cdemo_sk)
                                            ->  Parallel Seq Scan on customer_demographics  (cost=0.00..37077.83 rows=203217 width=8) (actual time=0.460..401.553 rows=164640 loops=3)
                                                  Filter: (((cd_marital_status)::text = ANY ('{M,S,W}'::text[])) AND ((cd_education_status)::text = ANY ('{""Advanced Degree"",College,""2 yr Degree""}'::text[])))
                                                  Rows Removed by Filter: 475627
                                            ->  Parallel Hash  (cost=861461.05..861461.05 rows=1712 width=52) (actual time=12955.001..12955.394 rows=55110 loops=3)
                                                  Buckets: 262144 (originally 8192)  Batches: 1 (originally 1)  Memory Usage: 18080kB
                                                  ->  Parallel Hash Join  (cost=2571.79..861461.05 rows=1712 width=52) (actual time=3.054..12859.921 rows=55110 loops=3)
                                                        Hash Cond: (store_sales.ss_sold_date_sk = date_dim.d_date_sk)
                                                        ->  Parallel Seq Scan on store_sales  (cost=0.00..857525.28 rows=361044 width=60) (actual time=0.224..12804.826 rows=284169 loops=3)
                                                              Filter: ((ss_net_profit >= '100'::numeric) AND (ss_net_profit <= '200'::numeric))
                                                              Rows Removed by Filter: 9316162
                                                        ->  Parallel Hash  (cost=2569.12..2569.12 rows=213 width=8) (actual time=2.462..2.463 rows=122 loops=3)
                                                              Buckets: 1024  Batches: 1  Memory Usage: 40kB
                                                              ->  Parallel Seq Scan on date_dim  (cost=0.00..2569.12 rows=213 width=8) (actual time=3.911..7.333 rows=365 loops=1)
                                                                    Filter: (d_year = 2001)
                                                                    Rows Removed by Filter: 72684
                          ->  Hash  (cost=136.00..136.00 rows=7200 width=8) (actual time=1.859..1.861 rows=7200 loops=3)
                                Buckets: 8192  Batches: 1  Memory Usage: 346kB
                                ->  Seq Scan on household_demographics  (cost=0.00..136.00 rows=7200 width=8) (actual time=0.038..0.790 rows=7200 loops=3)
                    ->  Hash  (cost=6.02..6.02 rows=102 width=8) (actual time=529.386..529.386 rows=102 loops=3)
                          Buckets: 1024  Batches: 1  Memory Usage: 12kB
                          ->  Seq Scan on store  (cost=0.00..6.02 rows=102 width=8) (actual time=529.320..529.353 rows=102 loops=3)
Planning Time: 0.439 ms
JIT:
  Functions: 152
  Options: Inlining true, Optimization true, Expressions true, Deforming true
  Timing: Generation 7.592 ms, Inlining 158.414 ms, Optimization 881.061 ms, Emission 548.772 ms, Total 1595.839 ms
Execution Time: 14055.346 ms","Finalize Aggregate  (cost=906871.03..906871.04 rows=1 width=128) (actual time=13993.314..14002.996 rows=1 loops=1)
  ->  Gather  (cost=906870.77..906870.98 rows=2 width=128) (actual time=13992.121..14002.963 rows=3 loops=1)
        Workers Planned: 2
        Workers Launched: 2
        ->  Partial Aggregate  (cost=905870.77..905870.78 rows=1 width=128) (actual time=13977.053..13977.448 rows=1 loops=3)
              ->  Hash Join  (cost=899562.59..905869.01 rows=140 width=20) (actual time=13904.415..13976.288 rows=3246 loops=3)
                    Hash Cond: (store_sales.ss_store_sk = store.s_store_sk)
                    ->  Hash Join  (cost=899555.30..905859.77 rows=147 width=28) (actual time=13376.822..13448.023 rows=3250 loops=3)
                          Hash Cond: (store_sales.ss_hdemo_sk = household_demographics.hd_demo_sk)
                          ->  Parallel Hash Join  (cost=899329.30..905631.72 rows=154 width=36) (actual time=13375.038..13445.098 rows=3259 loops=3)
                                Hash Cond: (customer_address.ca_address_sk = store_sales.ss_addr_sk)
                                ->  Parallel Seq Scan on customer_address  (cost=0.02..6050.52 rows=40205 width=8) (actual time=0.429..66.040 rows=19470 loops=3)
                                      Filter: ((ca_state)::text = ANY ('{TX,OH,TX,OR,NM,KY,VA,TX,MS}'::text[]))
                                      Rows Removed by Filter: 63863
                                ->  Parallel Hash  (cost=899324.07..899324.07 rows=416 width=44) (actual time=13374.428..13374.820 rows=13988 loops=3)
                                      Buckets: 65536 (originally 1024)  Batches: 1 (originally 1)  Memory Usage: 4344kB
                                      ->  Parallel Hash Join  (cost=861482.45..899324.07 rows=416 width=44) (actual time=12936.087..13356.646 rows=13988 loops=3)
                                            Hash Cond: (customer_demographics.cd_demo_sk = store_sales.ss_cdemo_sk)
                                            ->  Parallel Seq Scan on customer_demographics  (cost=0.00..37077.83 rows=203217 width=8) (actual time=0.247..386.502 rows=164640 loops=3)
                                                  Filter: (((cd_education_status)::text = ANY ('{""Advanced Degree"",College,""2 yr Degree""}'::text[])) AND ((cd_marital_status)::text = ANY ('{M,S,W}'::text[])))
                                                  Rows Removed by Filter: 475627
                                            ->  Parallel Hash  (cost=861461.05..861461.05 rows=1712 width=52) (actual time=12935.679..12936.069 rows=55110 loops=3)
                                                  Buckets: 262144 (originally 8192)  Batches: 1 (originally 1)  Memory Usage: 18112kB
                                                  ->  Parallel Hash Join  (cost=2571.79..861461.05 rows=1712 width=52) (actual time=2.925..12805.001 rows=55110 loops=3)
                                                        Hash Cond: (store_sales.ss_sold_date_sk = date_dim.d_date_sk)
                                                        ->  Parallel Seq Scan on store_sales  (cost=0.00..857525.28 rows=361044 width=60) (actual time=0.234..12750.458 rows=284169 loops=3)
                                                              Filter: ((ss_net_profit <= '200'::numeric) AND (ss_net_profit >= '100'::numeric))
                                                              Rows Removed by Filter: 9316162
                                                        ->  Parallel Hash  (cost=2569.12..2569.12 rows=213 width=8) (actual time=2.432..2.433 rows=122 loops=3)
                                                              Buckets: 1024  Batches: 1  Memory Usage: 40kB
                                                              ->  Parallel Seq Scan on date_dim  (cost=0.00..2569.12 rows=213 width=8) (actual time=3.958..7.243 rows=365 loops=1)
                                                                    Filter: (d_year = 2001)
                                                                    Rows Removed by Filter: 72684
                          ->  Hash  (cost=136.00..136.00 rows=7200 width=8) (actual time=1.766..1.766 rows=7200 loops=3)
                                Buckets: 8192  Batches: 1  Memory Usage: 346kB
                                ->  Seq Scan on household_demographics  (cost=0.00..136.00 rows=7200 width=8) (actual time=0.038..0.764 rows=7200 loops=3)
                    ->  Hash  (cost=6.02..6.02 rows=102 width=8) (actual time=527.478..527.479 rows=102 loops=3)
                          Buckets: 1024  Batches: 1  Memory Usage: 12kB
                          ->  Seq Scan on store  (cost=0.00..6.02 rows=102 width=8) (actual time=527.403..527.447 rows=102 loops=3)
Planning Time: 0.456 ms
JIT:
  Functions: 152
  Options: Inlining true, Optimization true, Expressions true, Deforming true
  Timing: Generation 7.442 ms, Inlining 152.946 ms, Optimization 867.572 ms, Emission 562.011 ms, Total 1589.971 ms
Execution Time: 14005.334 ms",SUCCESS
33,34,TPCDS,Q15,"select
    ca_zip,
    sum(cs_sales_price) as total_catalog_sales
from
    tpcds.catalog_sales,
    tpcds.customer,
    tpcds.customer_address,
    tpcds.date_dim
where
        cs_bill_customer_sk = c_customer_sk
    and c_current_addr_sk = ca_address_sk
    and (
            substr(ca_zip, 1, 5) in (
                '85669', '86197', '88274', '83405', '86475',
                '85392', '85460', '80348', '81792'
            )
         or ca_state in ('CA', 'WA', 'GA')
         or cs_sales_price > 500
        )
    and cs_sold_date_sk = d_date_sk
    and d_qoy  = 2
    and d_year = 2001
group by
    ca_zip
order by
    ca_zip
limit 100;","result = catalog_sales.CALCULATE(
    ca_zip = bill_customer.current_address.zip_code[:5]
).WHERE(
    PRESENT(ca_zip)
    & HAS(bill_customer)
    & (
        ISIN(ca_zip, ('85669', '86197', '88274', '83405', '86475', '85392', '85460', '80348', '81792'))
        | ISIN(bill_customer.current_address.state, ('CA', 'WA', 'GA'))
        | (sales_price > 500)
    )
    & (sold_date.quarter_of_year == 2)
    & (sold_date.year == 2001)
).PARTITION(
    name='zip_code', by=ca_zip
).CALCULATE(
    ca_zip,
    total_catalog_sales=SUM(catalog_sales.sales_price)
).TOP_K(100, by=ca_zip)","WITH _s3 AS (
  SELECT
    customer.c_customer_sk,
    customer_address.ca_state,
    customer_address.ca_zip
  FROM tpcds.customer AS customer
  LEFT JOIN tpcds.customer_address AS customer_address
    ON customer.c_current_addr_sk = customer_address.ca_address_sk
  WHERE
    NOT SUBSTRING(customer_address.ca_zip FROM 1 FOR 5) IS NULL
)
SELECT
  SUBSTRING(_s3.ca_zip FROM 1 FOR 5) AS ca_zip,
  COALESCE(SUM(catalog_sales.cs_sales_price), 0) AS total_catalog_sales
FROM tpcds.catalog_sales AS catalog_sales
JOIN _s3 AS _s3
  ON (
    SUBSTRING(_s3.ca_zip FROM 1 FOR 5) IN ('85669', '86197', '88274', '83405', '86475', '85392', '85460', '80348', '81792')
    OR _s3.ca_state IN ('CA', 'WA', 'GA')
    OR catalog_sales.cs_sales_price > 500
  )
  AND _s3.c_customer_sk = catalog_sales.cs_bill_customer_sk
JOIN tpcds.date_dim AS date_dim
  ON catalog_sales.cs_sold_date_sk = date_dim.d_date_sk
  AND date_dim.d_qoy = 2
  AND date_dim.d_year = 2001
GROUP BY
  1
ORDER BY
  1 NULLS FIRST
LIMIT 100",10.502741052999227,10.86869061500056,"Limit  (cost=618973.52..618985.84 rows=100 width=38) (actual time=10503.772..10516.600 rows=100 loops=1)
  ->  Finalize GroupAggregate  (cost=618973.52..619234.46 rows=2117 width=38) (actual time=10215.628..10228.447 rows=100 loops=1)
        Group Key: customer_address.ca_zip
        ->  Gather Merge  (cost=618973.52..619194.77 rows=1764 width=38) (actual time=10215.610..10228.349 rows=176 loops=1)
              Workers Planned: 2
              Workers Launched: 2
              ->  Partial GroupAggregate  (cost=617973.49..617991.13 rows=882 width=38) (actual time=10198.590..10200.407 rows=195 loops=3)
                    Group Key: customer_address.ca_zip
                    ->  Sort  (cost=617973.49..617975.70 rows=882 width=12) (actual time=10198.547..10199.143 rows=6177 loops=3)
                          Sort Key: customer_address.ca_zip
                          Sort Method: quicksort  Memory: 867kB
                          Worker 0:  Sort Method: quicksort  Memory: 816kB
                          Worker 1:  Sort Method: quicksort  Memory: 745kB
                          ->  Parallel Hash Join  (cost=611936.85..617930.34 rows=882 width=12) (actual time=10078.267..10192.060 rows=10919 loops=3)
                                Hash Cond: (customer_address.ca_address_sk = customer.c_current_addr_sk)
                                Join Filter: ((substr((customer_address.ca_zip)::text, 1, 5) = ANY ('{85669,86197,88274,83405,86475,85392,85460,80348,81792}'::text[])) OR ((customer_address.ca_state)::text = ANY ('{CA,WA,GA}'::text[])) OR (catalog_sales.cs_sales_price > '500'::numeric))
                                Rows Removed by Join Filter: 126286
                                ->  Parallel Seq Scan on customer_address  (cost=0.00..5529.67 rows=104167 width=17) (actual time=0.237..53.433 rows=83333 loops=3)
                                ->  Parallel Hash  (cost=611844.37..611844.37 rows=7397 width=14) (actual time=10077.272..10077.516 rows=137205 loops=3)
                                      Buckets: 524288 (originally 32768)  Batches: 1 (originally 1)  Memory Usage: 27296kB
                                      ->  Parallel Hash Join  (cost=597076.97..611844.37 rows=7397 width=14) (actual time=9864.571..10035.515 rows=137205 loops=3)
                                            Hash Cond: (customer.c_customer_sk = catalog_sales.cs_bill_customer_sk)
                                            ->  Parallel Seq Scan on customer  (cost=0.00..13955.33 rows=208333 width=16) (actual time=0.218..128.056 rows=166667 loops=3)
                                            ->  Parallel Hash  (cost=596984.02..596984.02 rows=7436 width=14) (actual time=9864.241..9864.483 rows=137555 loops=3)
                                                  Buckets: 524288 (originally 32768)  Batches: 1 (originally 1)  Memory Usage: 27296kB
                                                  ->  Parallel Hash Join  (cost=2677.23..596984.02 rows=7436 width=14) (actual time=6077.714..9823.932 rows=137555 loops=3)
                                                        Hash Cond: (catalog_sales.cs_sold_date_sk = date_dim.d_date_sk)
                                                        ->  Parallel Seq Scan on catalog_sales  (cost=0.00..571759.75 rows=6000775 width=22) (actual time=0.252..9132.358 rows=4800420 loops=3)
                                                        ->  Parallel Hash  (cost=2676.55..2676.55 rows=54 width=8) (actual time=2.648..2.649 rows=30 loops=3)
                                                              Buckets: 1024  Batches: 1  Memory Usage: 40kB
                                                              ->  Parallel Seq Scan on date_dim  (cost=0.00..2676.55 rows=54 width=8) (actual time=4.040..7.917 rows=91 loops=1)
                                                                    Filter: ((d_qoy = 2) AND (d_year = 2001))
                                                                    Rows Removed by Filter: 72958
Planning Time: 0.254 ms
JIT:
  Functions: 118
  Options: Inlining true, Optimization true, Expressions true, Deforming true
  Timing: Generation 5.826 ms, Inlining 144.097 ms, Optimization 578.908 ms, Emission 376.646 ms, Total 1105.477 ms
Execution Time: 10518.489 ms","Limit  (cost=619233.59..619246.28 rows=100 width=64) (actual time=10557.522..10571.776 rows=100 loops=1)
  ->  Finalize GroupAggregate  (cost=619233.59..619500.80 rows=2106 width=64) (actual time=10224.665..10238.910 rows=100 loops=1)
        Group Key: (SUBSTRING(customer_address.ca_zip FROM 1 FOR 5))
        ->  Gather Merge  (cost=619233.59..619456.04 rows=1756 width=64) (actual time=10224.645..10238.761 rows=172 loops=1)
              Workers Planned: 2
              Workers Launched: 2
              ->  Partial GroupAggregate  (cost=618233.57..618253.33 rows=878 width=64) (actual time=10208.209..10209.596 rows=230 loops=3)
                    Group Key: (SUBSTRING(customer_address.ca_zip FROM 1 FOR 5))
                    ->  Sort  (cost=618233.57..618235.77 rows=878 width=38) (actual time=10208.163..10208.512 rows=7496 loops=3)
                          Sort Key: (SUBSTRING(customer_address.ca_zip FROM 1 FOR 5)) NULLS FIRST
                          Sort Method: quicksort  Memory: 817kB
                          Worker 0:  Sort Method: quicksort  Memory: 741kB
                          Worker 1:  Sort Method: quicksort  Memory: 851kB
                          ->  Parallel Hash Join  (cost=611936.85..618190.64 rows=878 width=38) (actual time=10089.331..10201.616 rows=10718 loops=3)
                                Hash Cond: (customer_address.ca_address_sk = customer.c_current_addr_sk)
                                Join Filter: ((SUBSTRING(customer_address.ca_zip FROM 1 FOR 5) = ANY ('{85669,86197,88274,83405,86475,85392,85460,80348,81792}'::text[])) OR ((customer_address.ca_state)::text = ANY ('{CA,WA,GA}'::text[])) OR (catalog_sales.cs_sales_price > '500'::numeric))
                                Rows Removed by Join Filter: 122193
                                ->  Parallel Seq Scan on customer_address  (cost=0.00..5790.08 rows=103646 width=17) (actual time=0.353..54.964 rows=80800 loops=3)
                                      Filter: (SUBSTRING(ca_zip FROM 1 FOR 5) IS NOT NULL)
                                      Rows Removed by Filter: 2533
                                ->  Parallel Hash  (cost=611844.37..611844.37 rows=7397 width=14) (actual time=10088.090..10088.094 rows=137205 loops=3)
                                      Buckets: 524288 (originally 32768)  Batches: 1 (originally 1)  Memory Usage: 27296kB
                                      ->  Parallel Hash Join  (cost=597076.97..611844.37 rows=7397 width=14) (actual time=9862.513..10045.614 rows=137205 loops=3)
                                            Hash Cond: (customer.c_customer_sk = catalog_sales.cs_bill_customer_sk)
                                            ->  Parallel Seq Scan on customer  (cost=0.00..13955.33 rows=208333 width=16) (actual time=0.215..136.856 rows=166667 loops=3)
                                            ->  Parallel Hash  (cost=596984.02..596984.02 rows=7436 width=14) (actual time=9862.186..9862.189 rows=137555 loops=3)
                                                  Buckets: 524288 (originally 32768)  Batches: 1 (originally 1)  Memory Usage: 27296kB
                                                  ->  Parallel Hash Join  (cost=2677.23..596984.02 rows=7436 width=14) (actual time=6064.201..9821.011 rows=137555 loops=3)
                                                        Hash Cond: (catalog_sales.cs_sold_date_sk = date_dim.d_date_sk)
                                                        ->  Parallel Seq Scan on catalog_sales  (cost=0.00..571759.75 rows=6000775 width=22) (actual time=0.245..9079.213 rows=4800420 loops=3)
                                                        ->  Parallel Hash  (cost=2676.55..2676.55 rows=54 width=8) (actual time=2.703..2.703 rows=30 loops=3)
                                                              Buckets: 1024  Batches: 1  Memory Usage: 40kB
                                                              ->  Parallel Seq Scan on date_dim  (cost=0.00..2676.55 rows=54 width=8) (actual time=4.200..8.080 rows=91 loops=1)
                                                                    Filter: ((d_qoy = 2) AND (d_year = 2001))
                                                                    Rows Removed by Filter: 72958
Planning Time: 0.354 ms
JIT:
  Functions: 124
  Options: Inlining true, Optimization true, Expressions true, Deforming true
  Timing: Generation 6.609 ms, Inlining 146.723 ms, Optimization 726.385 ms, Emission 430.274 ms, Total 1309.992 ms
Execution Time: 10573.904 ms",SUCCESS
34,35,TPCDS,Q18,"with cs_1998 as (
    select
        cs.cs_item_sk,
        cs.cs_bill_customer_sk,
        cs.cs_bill_cdemo_sk,
        cs.cs_quantity,
        cs.cs_list_price,
        cs.cs_coupon_amt,
        cs.cs_sales_price,
        cs.cs_net_profit
    from tpcds.catalog_sales cs
    join tpcds.date_dim d
      on d.d_date_sk = cs.cs_sold_date_sk
    where d.d_year = 1998
),
bill_demo as (
    select
        cd_demo_sk,
        cd_dep_count
    from tpcds.customer_demographics
    where cd_gender = 'F'
      and cd_education_status = 'Unknown'
),
cust_filtered as (
    select
        c.c_customer_sk,
        c.c_birth_year,
        ca.ca_country,
        ca.ca_state,
        ca.ca_county
    from tpcds.customer c
    join tpcds.customer_demographics cd2
      on cd2.cd_demo_sk = c.c_current_cdemo_sk
    join tpcds.customer_address ca
      on ca.ca_address_sk = c.c_current_addr_sk
    where c.c_birth_month in (1,2,6,8,9,12)
      and ca.ca_state in ('MS','IN','ND','OK','NM','VA')
)
select
    i.i_item_id,
    cf.ca_country,
    cf.ca_state,
    cf.ca_county,
    avg(cs.cs_quantity::decimal(12,2))      as agg1,
    avg(cs.cs_list_price::decimal(12,2))    as agg2,
    avg(cs.cs_coupon_amt::decimal(12,2))    as agg3,
    avg(cs.cs_sales_price::decimal(12,2))   as agg4,
    avg(cs.cs_net_profit::decimal(12,2))    as agg5,
    avg(cf.c_birth_year::decimal(12,2))     as agg6,
    avg(bd.cd_dep_count::decimal(12,2))     as agg7
from cs_1998 cs
join bill_demo bd
  on bd.cd_demo_sk = cs.cs_bill_cdemo_sk
join cust_filtered cf
  on cf.c_customer_sk = cs.cs_bill_customer_sk
join tpcds.item i
  on i.i_item_sk = cs.cs_item_sk
group by rollup (
    i.i_item_id,
    cf.ca_country,
    cf.ca_state,
    cf.ca_county
)
order by
    cf.ca_country,
    cf.ca_state,
    cf.ca_county,
    i.i_item_id
limit 100;","result = catalog_sales.WHERE(
    (sold_date.year == 1998)
    & HAS(bill_customer.current_address)
    & HAS(bill_customer_demographics)
    & ISIN(bill_customer.birth_month, (1,2,6,8,9,12))
    & ISIN(bill_customer.current_address.state, ('MS','IN','ND','OK','NM','VA'))
    & (bill_customer_demographics.gender == 'F')
    & (bill_customer_demographics.education_status == 'Unknown')
).CALCULATE(
    i_item_id=item._id,
    ca_country=bill_customer.current_address.country,
    ca_state=bill_customer.current_address.state,
    ca_county=bill_customer.current_address.county,
    birth_year=bill_customer.birth_year,
    dep_count=bill_customer_demographics.dependent_count
).PARTITION(
    name='item_location', by=(i_item_id, ca_country, ca_state, ca_county)
).CALCULATE(
    i_item_id,
    ca_country,
    ca_state,
    ca_county,
    agg1=AVG(catalog_sales.quantity),
    agg2=AVG(catalog_sales.list_price),
    agg3=AVG(catalog_sales.coupon_amount),
    agg4=AVG(catalog_sales.sales_price),
    agg5=AVG(catalog_sales.net_profit),
    agg6=AVG(catalog_sales.birth_year),
    agg7=AVG(catalog_sales.dep_count)
).TOP_K(100, by=(ca_country.ASC(na_pos='last'), ca_state.ASC(na_pos='last'), ca_county.ASC(na_pos='last'), i_item_id.ASC(na_pos='last')))","WITH _s8 AS (
  SELECT
    customer_address.ca_country,
    customer_address.ca_county,
    customer_address.ca_state,
    catalog_sales.cs_item_sk,
    COUNT(customer.c_birth_year) AS count_c_birth_year,
    COUNT(customer_demographics.cd_dep_count) AS count_cd_dep_count,
    COUNT(catalog_sales.cs_coupon_amt) AS count_cs_coupon_amt,
    COUNT(catalog_sales.cs_list_price) AS count_cs_list_price,
    COUNT(catalog_sales.cs_net_profit) AS count_cs_net_profit,
    COUNT(catalog_sales.cs_quantity) AS count_cs_quantity,
    COUNT(catalog_sales.cs_sales_price) AS count_cs_sales_price,
    SUM(customer.c_birth_year) AS sum_c_birth_year,
    SUM(customer_demographics.cd_dep_count) AS sum_cd_dep_count,
    SUM(catalog_sales.cs_coupon_amt) AS sum_cs_coupon_amt,
    SUM(catalog_sales.cs_list_price) AS sum_cs_list_price,
    SUM(catalog_sales.cs_net_profit) AS sum_cs_net_profit,
    SUM(catalog_sales.cs_quantity) AS sum_cs_quantity,
    SUM(catalog_sales.cs_sales_price) AS sum_cs_sales_price
  FROM tpcds.catalog_sales AS catalog_sales
  JOIN tpcds.date_dim AS date_dim
    ON catalog_sales.cs_sold_date_sk = date_dim.d_date_sk AND date_dim.d_year = 1998
  JOIN tpcds.customer_demographics AS customer_demographics
    ON catalog_sales.cs_bill_cdemo_sk = customer_demographics.cd_demo_sk
    AND customer_demographics.cd_education_status = 'Unknown'
    AND customer_demographics.cd_gender = 'F'
  JOIN tpcds.customer AS customer
    ON catalog_sales.cs_bill_customer_sk = customer.c_customer_sk
    AND customer.c_birth_month IN (1, 2, 6, 8, 9, 12)
  JOIN tpcds.customer_address AS customer_address
    ON customer.c_current_addr_sk = customer_address.ca_address_sk
    AND customer_address.ca_state IN ('MS', 'IN', 'ND', 'OK', 'NM', 'VA')
  GROUP BY
    1,
    2,
    3,
    4
)
SELECT
  item.i_item_id,
  _s8.ca_country,
  _s8.ca_state,
  _s8.ca_county,
  CAST(SUM(_s8.sum_cs_quantity) AS DOUBLE PRECISION) / SUM(_s8.count_cs_quantity) AS agg1,
  CAST(SUM(_s8.sum_cs_list_price) AS DOUBLE PRECISION) / SUM(_s8.count_cs_list_price) AS agg2,
  CAST(SUM(_s8.sum_cs_coupon_amt) AS DOUBLE PRECISION) / SUM(_s8.count_cs_coupon_amt) AS agg3,
  CAST(SUM(_s8.sum_cs_sales_price) AS DOUBLE PRECISION) / SUM(_s8.count_cs_sales_price) AS agg4,
  CAST(SUM(_s8.sum_cs_net_profit) AS DOUBLE PRECISION) / SUM(_s8.count_cs_net_profit) AS agg5,
  CAST(SUM(_s8.sum_c_birth_year) AS DOUBLE PRECISION) / SUM(_s8.count_c_birth_year) AS agg6,
  CAST(SUM(_s8.sum_cd_dep_count) AS DOUBLE PRECISION) / SUM(_s8.count_cd_dep_count) AS agg7
FROM _s8 AS _s8
JOIN tpcds.item AS item
  ON _s8.cs_item_sk = item.i_item_sk
GROUP BY
  1,
  2,
  3,
  4
ORDER BY
  2,
  3,
  4,
  1
LIMIT 100",12.350876982000045,14.616575766999631,"Limit  (cost=695297.39..695297.64 rows=100 width=272) (actual time=13670.933..13703.393 rows=100 loops=1)
  ->  Sort  (cost=695297.39..695300.76 rows=1345 width=272) (actual time=12966.800..12999.254 rows=100 loops=1)
        Sort Key: ca.ca_country, ca.ca_state, ca.ca_county, i.i_item_id
        Sort Method: top-N heapsort  Memory: 46kB
        ->  GroupAggregate  (cost=695155.59..695245.99 rows=1345 width=272) (actual time=12826.791..12982.709 rows=52755 loops=1)
              Group Key: i.i_item_id, ca.ca_country, ca.ca_state, ca.ca_county
              Group Key: i.i_item_id, ca.ca_country, ca.ca_state
              Group Key: i.i_item_id, ca.ca_country
              Group Key: i.i_item_id
              Group Key: ()
              ->  Gather Merge  (cost=695155.59..695194.72 rows=336 width=93) (actual time=12826.741..12868.960 rows=14238 loops=1)
                    Workers Planned: 2
                    Workers Launched: 2
                    ->  Sort  (cost=694155.57..694155.92 rows=140 width=93) (actual time=12804.485..12804.886 rows=4746 loops=3)
                          Sort Key: i.i_item_id, ca.ca_country, ca.ca_state, ca.ca_county
                          Sort Method: quicksort  Memory: 711kB
                          Worker 0:  Sort Method: quicksort  Memory: 739kB
                          Worker 1:  Sort Method: quicksort  Memory: 877kB
                          ->  Parallel Hash Join  (cost=689061.62..694150.57 rows=140 width=93) (actual time=12770.131..12787.993 rows=4746 loops=3)
                                Hash Cond: (i.i_item_sk = cs.cs_item_sk)
                                ->  Parallel Seq Scan on item i  (cost=0.00..4929.00 rows=42500 width=25) (actual time=0.008..11.271 rows=34000 loops=3)
                                ->  Parallel Hash  (cost=689059.87..689059.87 rows=140 width=84) (actual time=12768.971..12768.983 rows=4746 loops=3)
                                      Buckets: 16384 (originally 1024)  Batches: 1 (originally 1)  Memory Usage: 2040kB
                                      ->  Parallel Hash Join  (cost=654982.71..689059.87 rows=140 width=84) (actual time=12617.650..12754.734 rows=4746 loops=3)
                                            Hash Cond: (cd2.cd_demo_sk = c.c_current_cdemo_sk)
                                            ->  Parallel Seq Scan on customer_demographics cd2  (cost=0.00..31075.33 rows=800333 width=8) (actual time=0.010..68.136 rows=640267 loops=3)
                                            ->  Parallel Hash  (cost=654980.90..654980.90 rows=145 width=92) (actual time=12616.896..12616.907 rows=4802 loops=3)
                                                  Buckets: 16384 (originally 1024)  Batches: 1 (originally 1)  Memory Usage: 2136kB
                                                  ->  Parallel Hash Join  (cost=648612.35..654980.90 rows=145 width=92) (actual time=12550.627..12611.471 rows=4802 loops=3)
                                                        Hash Cond: (ca.ca_address_sk = c.c_current_addr_sk)
                                                        ->  Parallel Seq Scan on customer_address ca  (cost=0.00..6310.92 rows=15208 width=39) (actual time=0.267..58.024 rows=12282 loops=3)
                                                              Filter: ((ca_state)::text = ANY ('{MS,IN,ND,OK,NM,VA}'::text[]))
                                                              Rows Removed by Filter: 71052
                                                        ->  Parallel Hash  (cost=648599.94..648599.94 rows=993 width=69) (actual time=12550.291..12550.301 rows=32138 loops=3)
                                                              Buckets: 131072 (originally 4096)  Batches: 1 (originally 1)  Memory Usage: 12032kB
                                                              ->  Parallel Hash Join  (cost=632700.65..648599.94 rows=993 width=69) (actual time=12337.510..12538.540 rows=32138 loops=3)
                                                                    Hash Cond: (c.c_customer_sk = cs.cs_bill_customer_sk)
                                                                    ->  Parallel Seq Scan on customer c  (cost=0.00..15517.83 rows=100618 width=32) (actual time=0.233..183.410 rows=79880 loops=3)
                                                                          Filter: (c_birth_month = ANY ('{1,2,6,8,9,12}'::bigint[]))
                                                                          Rows Removed by Filter: 86787
                                                                    ->  Parallel Hash  (cost=632674.81..632674.81 rows=2067 width=53) (actual time=12337.196..12337.203 rows=67467 loops=3)
                                                                          Buckets: 262144 (originally 8192)  Batches: 1 (originally 1)  Memory Usage: 21792kB
                                                                          ->  Parallel Hash Join  (cost=597378.28..632674.81 rows=2067 width=53) (actual time=11832.116..12245.942 rows=67467 loops=3)
                                                                                Hash Cond: (customer_demographics.cd_demo_sk = cs.cs_bill_cdemo_sk)
                                                                                ->  Parallel Seq Scan on customer_demographics  (cost=0.00..35077.00 rows=56244 width=16) (actual time=0.232..408.644 rows=45733 loops=3)
                                                                                      Filter: (((cd_gender)::text = 'F'::text) AND ((cd_education_status)::text = 'Unknown'::text))
                                                                                      Rows Removed by Filter: 594533
                                                                                ->  Parallel Hash  (cost=597008.51..597008.51 rows=29582 width=53) (actual time=11396.023..11396.028 rows=950367 loops=3)
                                                                                      Buckets: 131072 (originally 131072)  Batches: 32 (originally 1)  Memory Usage: 9024kB
                                                                                      ->  Parallel Hash Join  (cost=2571.79..597008.51 rows=29582 width=53) (actual time=477.498..10779.730 rows=950367 loops=3)
                                                                                            Hash Cond: (cs.cs_sold_date_sk = d.d_date_sk)
                                                                                            ->  Parallel Seq Scan on catalog_sales cs  (cost=0.00..571759.75 rows=6000775 width=61) (actual time=0.216..9724.248 rows=4800420 loops=3)
                                                                                            ->  Parallel Hash  (cost=2569.12..2569.12 rows=213 width=8) (actual time=1.760..1.761 rows=122 loops=3)
                                                                                                  Buckets: 1024  Batches: 1  Memory Usage: 40kB
                                                                                                  ->  Parallel Seq Scan on date_dim d  (cost=0.00..2569.12 rows=213 width=8) (actual time=2.594..5.223 rows=365 loops=1)
                                                                                                        Filter: (d_year = 1998)
                                                                                                        Rows Removed by Filter: 72684
Planning Time: 1.153 ms
JIT:
  Functions: 193
  Options: Inlining true, Optimization true, Expressions true, Deforming true
  Timing: Generation 13.385 ms, Inlining 165.434 ms, Optimization 1195.740 ms, Emission 769.944 ms, Total 2144.503 ms
Execution Time: 13707.799 ms","Limit  (cost=666319.39..666333.89 rows=100 width=104) (actual time=12011.705..12120.555 rows=100 loops=1)
  ->  GroupAggregate  (cost=666319.39..666369.85 rows=348 width=104) (actual time=11242.115..11350.959 rows=100 loops=1)
        Group Key: _s8.ca_country, _s8.ca_state, _s8.ca_county, item.i_item_id
        ->  Sort  (cost=666319.39..666320.26 rows=348 width=328) (actual time=11242.059..11350.559 rows=101 loops=1)
              Sort Key: _s8.ca_country, _s8.ca_state, _s8.ca_county, item.i_item_id
              Sort Method: quicksort  Memory: 2985kB
              ->  Hash Join  (cost=656059.71..666304.69 rows=348 width=328) (actual time=11167.432..11310.357 rows=14405 loops=1)
                    Hash Cond: (item.i_item_sk = _s8.cs_item_sk)
                    ->  Seq Scan on item  (cost=0.00..5524.00 rows=102000 width=25) (actual time=0.012..17.062 rows=102000 loops=1)
                    ->  Hash  (cost=656055.36..656055.36 rows=348 width=319) (actual time=11167.380..11275.872 rows=14405 loops=1)
                          Buckets: 16384 (originally 1024)  Batches: 1 (originally 1)  Memory Usage: 2720kB
                          ->  Subquery Scan on _s8  (cost=655986.12..656055.36 rows=348 width=319) (actual time=11135.083..11271.093 rows=14405 loops=1)
                                ->  GroupAggregate  (cost=655986.12..656051.88 rows=348 width=319) (actual time=11135.080..11269.792 rows=14405 loops=1)
                                      Group Key: customer_address.ca_country, customer_address.ca_county, customer_address.ca_state, catalog_sales.cs_item_sk
                                      ->  Gather Merge  (cost=655986.12..656026.65 rows=348 width=84) (actual time=11135.039..11248.512 rows=14405 loops=1)
                                            Workers Planned: 2
                                            Workers Launched: 2
                                            ->  Sort  (cost=654986.10..654986.46 rows=145 width=84) (actual time=11115.345..11115.618 rows=4802 loops=3)
                                                  Sort Key: customer_address.ca_country, customer_address.ca_county, customer_address.ca_state, catalog_sales.cs_item_sk
                                                  Sort Method: quicksort  Memory: 712kB
                                                  Worker 0:  Sort Method: quicksort  Memory: 921kB
                                                  Worker 1:  Sort Method: quicksort  Memory: 570kB
                                                  ->  Parallel Hash Join  (cost=648612.35..654980.90 rows=145 width=84) (actual time=11039.480..11105.476 rows=4802 loops=3)
                                                        Hash Cond: (customer_address.ca_address_sk = customer.c_current_addr_sk)
                                                        ->  Parallel Seq Scan on customer_address  (cost=0.00..6310.92 rows=15208 width=39) (actual time=0.317..63.246 rows=12282 loops=3)
                                                              Filter: ((ca_state)::text = ANY ('{MS,IN,ND,OK,NM,VA}'::text[]))
                                                              Rows Removed by Filter: 71052
                                                        ->  Parallel Hash  (cost=648599.94..648599.94 rows=993 width=61) (actual time=11038.916..11038.925 rows=32138 loops=3)
                                                              Buckets: 131072 (originally 4096)  Batches: 1 (originally 1)  Memory Usage: 11872kB
                                                              ->  Parallel Hash Join  (cost=632700.65..648599.94 rows=993 width=61) (actual time=10876.945..11027.332 rows=32138 loops=3)
                                                                    Hash Cond: (customer.c_customer_sk = catalog_sales.cs_bill_customer_sk)
                                                                    ->  Parallel Seq Scan on customer  (cost=0.00..15517.83 rows=100618 width=24) (actual time=0.297..133.005 rows=79880 loops=3)
                                                                          Filter: (c_birth_month = ANY ('{1,2,6,8,9,12}'::bigint[]))
                                                                          Rows Removed by Filter: 86787
                                                                    ->  Parallel Hash  (cost=632674.81..632674.81 rows=2067 width=53) (actual time=10876.565..10876.573 rows=67467 loops=3)
                                                                          Buckets: 262144 (originally 8192)  Batches: 1 (originally 1)  Memory Usage: 22976kB
                                                                          ->  Parallel Hash Join  (cost=597378.28..632674.81 rows=2067 width=53) (actual time=10761.583..10850.803 rows=67467 loops=3)
                                                                                Hash Cond: (customer_demographics.cd_demo_sk = catalog_sales.cs_bill_cdemo_sk)
                                                                                ->  Parallel Seq Scan on customer_demographics  (cost=0.00..35077.00 rows=56244 width=16) (actual time=0.247..416.430 rows=45733 loops=3)
                                                                                      Filter: (((cd_education_status)::text = 'Unknown'::text) AND ((cd_gender)::text = 'F'::text))
                                                                                      Rows Removed by Filter: 594533
                                                                                ->  Parallel Hash  (cost=597008.51..597008.51 rows=29582 width=53) (actual time=10322.264..10322.268 rows=950367 loops=3)
                                                                                      Buckets: 65536 (originally 131072)  Batches: 64 (originally 1)  Memory Usage: 4864kB
                                                                                      ->  Parallel Hash Join  (cost=2571.79..597008.51 rows=29582 width=53) (actual time=374.347..9636.200 rows=950367 loops=3)
                                                                                            Hash Cond: (catalog_sales.cs_sold_date_sk = date_dim.d_date_sk)
                                                                                            ->  Parallel Seq Scan on catalog_sales  (cost=0.00..571759.75 rows=6000775 width=61) (actual time=0.201..8685.404 rows=4800420 loops=3)
                                                                                            ->  Parallel Hash  (cost=2569.12..2569.12 rows=213 width=8) (actual time=1.701..1.702 rows=122 loops=3)
                                                                                                  Buckets: 1024  Batches: 1  Memory Usage: 40kB
                                                                                                  ->  Parallel Seq Scan on date_dim  (cost=0.00..2569.12 rows=213 width=8) (actual time=2.477..5.050 rows=365 loops=1)
                                                                                                        Filter: (d_year = 1998)
                                                                                                        Rows Removed by Filter: 72684
Planning Time: 0.522 ms
JIT:
  Functions: 154
  Options: Inlining true, Optimization true, Expressions true, Deforming true
  Timing: Generation 10.800 ms, Inlining 165.213 ms, Optimization 1039.921 ms, Emission 682.144 ms, Total 1898.079 ms
Execution Time: 12124.521 ms",SUCCESS
35,36,TPCDS,Q19,"select
       i.i_brand_id        as brand_id,
       i.i_brand           as brand,
       i.i_manufact_id,
       i.i_manufact,
       sum(ss.ss_ext_sales_price) as ext_price
from tpcds.date_dim d
join tpcds.store_sales ss
  on d.d_date_sk = ss.ss_sold_date_sk
join tpcds.item i
  on ss.ss_item_sk = i.i_item_sk
join tpcds.customer c
  on ss.ss_customer_sk = c.c_customer_sk
join tpcds.customer_address ca
  on c.c_current_addr_sk = ca.ca_address_sk
join tpcds.store s
  on ss.ss_store_sk = s.s_store_sk
where i.i_manager_id = 8
  and d.d_moy = 11
  and d.d_year = 1998
  and substr(ca.ca_zip, 1, 5) <> substr(s.s_zip, 1, 5)
group by
       i.i_brand,
       i.i_brand_id,
       i.i_manufact_id,
       i.i_manufact
order by
       ext_price desc,
       i.i_brand,
       i.i_brand_id,
       i.i_manufact_id,
       i.i_manufact
limit 100;","result = store_sales.WHERE(
    HAS(customer)
    & HAS(customer.current_address)
    & HAS(store)
    & (item.manager_id == 8)
    & (sold_date.month_of_year == 11)
    & (sold_date.year == 1998)
    & (customer.current_address.zip_code[:5] != store.zip_code[:5])
).CALCULATE(
    brand_id=item.brand_id,
    brand=item.brand,
    i_manufact_id=item.manufacturer_id,
    i_manufact=item.manufacturer
).PARTITION(
    name='brand_manufacture', by=(brand, brand_id, i_manufact_id, i_manufact)
).CALCULATE(
    brand_id,
    brand,
    i_manufact_id,
    i_manufact,
    ext_price=SUM(store_sales.ext_sales_price)
).TOP_K(100, by=(ext_price.DESC(), brand, brand_id, i_manufact_id, i_manufact))","SELECT
  item.i_brand_id AS brand_id,
  item.i_brand AS brand,
  item.i_manufact_id,
  item.i_manufact,
  COALESCE(SUM(store_sales.ss_ext_sales_price), 0) AS ext_price
FROM tpcds.store_sales AS store_sales
JOIN tpcds.customer AS customer
  ON customer.c_customer_sk = store_sales.ss_customer_sk
JOIN tpcds.customer_address AS customer_address
  ON customer.c_current_addr_sk = customer_address.ca_address_sk
JOIN tpcds.store AS store
  ON SUBSTRING(customer_address.ca_zip FROM 1 FOR 5) <> SUBSTRING(store.s_zip FROM 1 FOR 5)
  AND store.s_store_sk = store_sales.ss_store_sk
JOIN tpcds.item AS item
  ON item.i_item_sk = store_sales.ss_item_sk AND item.i_manager_id = 8
JOIN tpcds.date_dim AS date_dim
  ON date_dim.d_date_sk = store_sales.ss_sold_date_sk
  AND date_dim.d_moy = 11
  AND date_dim.d_year = 1998
GROUP BY
  1,
  2,
  3,
  4
ORDER BY
  5 DESC NULLS LAST,
  2 NULLS FIRST,
  1 NULLS FIRST,
  3 NULLS FIRST,
  4 NULLS FIRST
LIMIT 100",13.917390388000058,14.756610225999793,"Limit  (cost=872439.35..872439.60 rows=100 width=77) (actual time=14416.108..14417.104 rows=100 loops=1)
  ->  Sort  (cost=872439.35..872439.81 rows=184 width=77) (actual time=13934.136..13935.125 rows=100 loops=1)
        Sort Key: (sum(ss.ss_ext_sales_price)) DESC, i.i_brand, i.i_brand_id, i.i_manufact_id, i.i_manufact
        Sort Method: top-N heapsort  Memory: 47kB
        ->  GroupAggregate  (cost=871956.14..872432.43 rows=184 width=77) (actual time=13797.428..13934.660 rows=936 loops=1)
              Group Key: i.i_brand, i.i_brand_id, i.i_manufact_id, i.i_manufact
              ->  Nested Loop  (cost=871956.14..872427.83 rows=184 width=51) (actual time=13797.227..13932.058 rows=15051 loops=1)
                    Join Filter: ((ss.ss_store_sk = s.s_store_sk) AND (substr((ca.ca_zip)::text, 1, 5) <> substr((s.s_zip)::text, 1, 5)))
                    Rows Removed by Join Filter: 1593183
                    ->  Gather Merge  (cost=871956.14..871978.62 rows=193 width=65) (actual time=13797.169..13802.543 rows=15767 loops=1)
                          Workers Planned: 2
                          Workers Launched: 2
                          ->  Sort  (cost=870956.12..870956.32 rows=80 width=65) (actual time=13780.518..13780.840 rows=5256 loops=3)
                                Sort Key: i.i_brand, i.i_brand_id, i.i_manufact_id, i.i_manufact
                                Sort Method: quicksort  Memory: 732kB
                                Worker 0:  Sort Method: quicksort  Memory: 639kB
                                Worker 1:  Sort Method: quicksort  Memory: 731kB
                                ->  Parallel Hash Join  (cost=865032.97..870953.59 rows=80 width=65) (actual time=13703.545..13769.876 rows=5256 loops=3)
                                      Hash Cond: (ca.ca_address_sk = c.c_current_addr_sk)
                                      ->  Parallel Seq Scan on customer_address ca  (cost=0.00..5529.67 rows=104167 width=14) (actual time=0.238..54.656 rows=83333 loops=3)
                                      ->  Parallel Hash  (cost=865031.97..865031.97 rows=80 width=67) (actual time=13703.060..13703.066 rows=5256 loops=3)
                                            Buckets: 16384 (originally 1024)  Batches: 1 (originally 1)  Memory Usage: 1976kB
                                            ->  Parallel Hash Join  (cost=850295.06..865031.97 rows=80 width=67) (actual time=13507.133..13693.652 rows=5256 loops=3)
                                                  Hash Cond: (c.c_customer_sk = ss.ss_customer_sk)
                                                  ->  Parallel Seq Scan on customer c  (cost=0.00..13955.33 rows=208333 width=16) (actual time=0.205..162.560 rows=166667 loops=3)
                                                  ->  Parallel Hash  (cost=850294.01..850294.01 rows=84 width=67) (actual time=13506.657..13506.662 rows=5387 loops=3)
                                                        Buckets: 16384 (originally 1024)  Batches: 1 (originally 1)  Memory Usage: 1976kB
                                                        ->  Parallel Hash Join  (cost=7721.51..850294.01 rows=84 width=67) (actual time=428.802..13132.265 rows=5387 loops=3)
                                                              Hash Cond: (ss.ss_item_sk = i.i_item_sk)
                                                              ->  Parallel Hash Join  (cost=2676.78..845231.23 rows=4716 width=30) (actual time=4.203..12659.486 rows=294196 loops=3)
                                                                    Hash Cond: (ss.ss_sold_date_sk = d.d_date_sk)
                                                                    ->  Parallel Seq Scan on store_sales ss  (cost=0.00..797528.85 rows=11999285 width=38) (actual time=0.262..11796.260 rows=9600330 loops=3)
                                                                    ->  Parallel Hash  (cost=2676.55..2676.55 rows=18 width=8) (actual time=3.399..3.400 rows=10 loops=3)
                                                                          Buckets: 1024  Batches: 1  Memory Usage: 72kB
                                                                          ->  Parallel Seq Scan on date_dim d  (cost=0.00..2676.55 rows=18 width=8) (actual time=2.252..3.344 rows=10 loops=3)
                                                                                Filter: ((d_moy = 11) AND (d_year = 1998))
                                                                                Rows Removed by Filter: 24340
                                                              ->  Parallel Hash  (cost=5035.25..5035.25 rows=759 width=53) (actual time=424.281..424.282 rows=612 loops=3)
                                                                    Buckets: 2048  Batches: 1  Memory Usage: 240kB
                                                                    ->  Parallel Seq Scan on item i  (cost=0.00..5035.25 rows=759 width=53) (actual time=275.419..285.325 rows=612 loops=3)
                                                                          Filter: (i_manager_id = 8)
                                                                          Rows Removed by Filter: 33388
                    ->  Materialize  (cost=0.00..6.53 rows=102 width=14) (actual time=0.000..0.004 rows=102 loops=15767)
                          ->  Seq Scan on store s  (cost=0.00..6.02 rows=102 width=14) (actual time=0.021..0.052 rows=102 loops=1)
Planning Time: 0.705 ms
JIT:
  Functions: 129
  Options: Inlining true, Optimization true, Expressions true, Deforming true
  Timing: Generation 7.495 ms, Inlining 100.991 ms, Optimization 739.339 ms, Emission 468.022 ms, Total 1315.847 ms
Execution Time: 14419.778 ms","Limit  (cost=872439.35..872439.60 rows=100 width=77) (actual time=14340.576..14341.581 rows=100 loops=1)
  ->  Sort  (cost=872439.35..872439.81 rows=184 width=77) (actual time=13877.247..13878.245 rows=100 loops=1)
        Sort Key: (COALESCE(sum(store_sales.ss_ext_sales_price), '0'::numeric)) DESC NULLS LAST, item.i_brand NULLS FIRST, item.i_brand_id NULLS FIRST, item.i_manufact_id NULLS FIRST, item.i_manufact NULLS FIRST
        Sort Method: top-N heapsort  Memory: 47kB
        ->  GroupAggregate  (cost=871956.14..872432.43 rows=184 width=77) (actual time=13745.263..13877.779 rows=936 loops=1)
              Group Key: item.i_brand_id, item.i_brand, item.i_manufact_id, item.i_manufact
              ->  Nested Loop  (cost=871956.14..872427.83 rows=184 width=51) (actual time=13745.187..13875.375 rows=15051 loops=1)
                    Join Filter: ((store_sales.ss_store_sk = store.s_store_sk) AND (SUBSTRING(customer_address.ca_zip FROM 1 FOR 5) <> SUBSTRING(store.s_zip FROM 1 FOR 5)))
                    Rows Removed by Join Filter: 1593183
                    ->  Gather Merge  (cost=871956.14..871978.62 rows=193 width=65) (actual time=13745.094..13749.764 rows=15767 loops=1)
                          Workers Planned: 2
                          Workers Launched: 2
                          ->  Sort  (cost=870956.12..870956.32 rows=80 width=65) (actual time=13729.484..13729.772 rows=5256 loops=3)
                                Sort Key: item.i_brand_id NULLS FIRST, item.i_brand NULLS FIRST, item.i_manufact_id NULLS FIRST, item.i_manufact NULLS FIRST
                                Sort Method: quicksort  Memory: 830kB
                                Worker 0:  Sort Method: quicksort  Memory: 651kB
                                Worker 1:  Sort Method: quicksort  Memory: 632kB
                                ->  Parallel Hash Join  (cost=865032.97..870953.59 rows=80 width=65) (actual time=13676.973..13724.611 rows=5256 loops=3)
                                      Hash Cond: (customer_address.ca_address_sk = customer.c_current_addr_sk)
                                      ->  Parallel Seq Scan on customer_address  (cost=0.00..5529.67 rows=104167 width=14) (actual time=0.222..36.220 rows=83333 loops=3)
                                      ->  Parallel Hash  (cost=865031.97..865031.97 rows=80 width=67) (actual time=13676.467..13676.472 rows=5256 loops=3)
                                            Buckets: 16384 (originally 1024)  Batches: 1 (originally 1)  Memory Usage: 1944kB
                                            ->  Parallel Hash Join  (cost=850295.06..865031.97 rows=80 width=67) (actual time=13492.765..13668.147 rows=5256 loops=3)
                                                  Hash Cond: (customer.c_customer_sk = store_sales.ss_customer_sk)
                                                  ->  Parallel Seq Scan on customer  (cost=0.00..13955.33 rows=208333 width=16) (actual time=0.221..151.456 rows=166667 loops=3)
                                                  ->  Parallel Hash  (cost=850294.01..850294.01 rows=84 width=67) (actual time=13492.298..13492.302 rows=5387 loops=3)
                                                        Buckets: 16384 (originally 1024)  Batches: 1 (originally 1)  Memory Usage: 1976kB
                                                        ->  Parallel Hash Join  (cost=7721.51..850294.01 rows=84 width=67) (actual time=415.672..13183.312 rows=5387 loops=3)
                                                              Hash Cond: (store_sales.ss_item_sk = item.i_item_sk)
                                                              ->  Parallel Hash Join  (cost=2676.78..845231.23 rows=4716 width=30) (actual time=4.001..12732.511 rows=294196 loops=3)
                                                                    Hash Cond: (store_sales.ss_sold_date_sk = date_dim.d_date_sk)
                                                                    ->  Parallel Seq Scan on store_sales  (cost=0.00..797528.85 rows=11999285 width=38) (actual time=0.241..11856.228 rows=9600330 loops=3)
                                                                    ->  Parallel Hash  (cost=2676.55..2676.55 rows=18 width=8) (actual time=3.233..3.234 rows=10 loops=3)
                                                                          Buckets: 1024  Batches: 1  Memory Usage: 72kB
                                                                          ->  Parallel Seq Scan on date_dim  (cost=0.00..2676.55 rows=18 width=8) (actual time=2.150..3.181 rows=10 loops=3)
                                                                                Filter: ((d_moy = 11) AND (d_year = 1998))
                                                                                Rows Removed by Filter: 24340
                                                              ->  Parallel Hash  (cost=5035.25..5035.25 rows=759 width=53) (actual time=411.347..411.348 rows=612 loops=3)
                                                                    Buckets: 2048  Batches: 1  Memory Usage: 240kB
                                                                    ->  Parallel Seq Scan on item  (cost=0.00..5035.25 rows=759 width=53) (actual time=268.768..278.375 rows=612 loops=3)
                                                                          Filter: (i_manager_id = 8)
                                                                          Rows Removed by Filter: 33388
                    ->  Materialize  (cost=0.00..6.53 rows=102 width=14) (actual time=0.000..0.004 rows=102 loops=15767)
                          ->  Seq Scan on store  (cost=0.00..6.02 rows=102 width=14) (actual time=0.019..0.054 rows=102 loops=1)
Planning Time: 0.896 ms
JIT:
  Functions: 129
  Options: Inlining true, Optimization true, Expressions true, Deforming true
  Timing: Generation 7.427 ms, Inlining 100.473 ms, Optimization 712.547 ms, Emission 456.838 ms, Total 1277.286 ms
Execution Time: 14344.201 ms",SUCCESS
36,37,TPCDS,Q20,"select
       i.i_item_id,
       i.i_item_desc,
       i.i_category,
       i.i_class,
       i.i_current_price,
       sum(cs.cs_ext_sales_price) as itemrevenue,
       sum(cs.cs_ext_sales_price) * 100
         / sum(sum(cs.cs_ext_sales_price)) over (partition by i.i_class)
         as revenueratio
from tpcds.catalog_sales cs
join tpcds.item i
  on cs.cs_item_sk = i.i_item_sk
join tpcds.date_dim d
  on cs.cs_sold_date_sk = d.d_date_sk
where i.i_category in ('Sports','Books','Home')
  and d.d_date between date '1999-02-22'
                     and date '1999-02-22' + interval '30 days'
group by
       i.i_item_id,
       i.i_item_desc,
       i.i_category,
       i.i_class,
       i.i_current_price
order by
       i.i_category,
       i.i_class,
       i.i_item_id,
       i.i_item_desc,
       revenueratio
limit 100;","selected_catalog_sales = catalog_sales.WHERE(
    MONOTONIC(DATETIME('1999-02-22'), sold_date.date, DATETIME('1999-02-22', '+30 days'))
)
result = items.WHERE(
    HAS(selected_catalog_sales)
    & ISIN(category, ('Sports','Books','Home'))
).PARTITION(
    name='i_class', by=item_class
).items.CALCULATE(
    i_item_id=_id,
    i_item_desc=description,
    i_category=category,
    i_class=item_class,
    i_current_price=current_price,
    itemrevenue=SUM(selected_catalog_sales.ext_sales_price),
    revenueratio=(100*SUM(selected_catalog_sales.ext_sales_price)) / RELSUM(SUM(selected_catalog_sales.ext_sales_price), per='i_class')
).PARTITION(
    name='items_desc', by=(i_item_id, i_item_desc, i_category, i_class, i_current_price, itemrevenue, revenueratio)
).TOP_K(100, by=(i_category, i_class.ASC(na_pos='last'), i_item_id, i_item_desc.ASC(na_pos='last'), revenueratio))","WITH _t3 AS (
  SELECT
    d_date,
    d_date_sk
  FROM tpcds.date_dim
  WHERE
    d_date <= CAST('1999-03-24' AS DATE) AND d_date >= CAST('1999-02-22' AS DATE)
), _u_0 AS (
  SELECT
    catalog_sales.cs_item_sk AS _u_1
  FROM tpcds.catalog_sales AS catalog_sales
  JOIN _t3 AS _t3
    ON _t3.d_date_sk = catalog_sales.cs_sold_date_sk
  GROUP BY
    1
), _s7 AS (
  SELECT
    catalog_sales.cs_ext_sales_price,
    catalog_sales.cs_item_sk
  FROM tpcds.catalog_sales AS catalog_sales
  JOIN _t3 AS _t4
    ON _t4.d_date_sk = catalog_sales.cs_sold_date_sk
), _t0 AS (
  SELECT
    MAX(item.i_category) AS anything_i_category,
    MAX(item.i_class) AS anything_i_class,
    MAX(item.i_current_price) AS anything_i_current_price,
    MAX(item.i_item_desc) AS anything_i_item_desc,
    MAX(item.i_item_id) AS anything_i_item_id,
    SUM(_s7.cs_ext_sales_price) AS sum_cs_ext_sales_price
  FROM tpcds.item AS item
  LEFT JOIN _u_0 AS _u_0
    ON _u_0._u_1 = item.i_item_sk
  LEFT JOIN _s7 AS _s7
    ON _s7.cs_item_sk = item.i_item_sk
  WHERE
    NOT _u_0._u_1 IS NULL AND item.i_category IN ('Sports', 'Books', 'Home')
  GROUP BY
    item.i_item_sk
)
SELECT
  anything_i_item_id AS i_item_id,
  anything_i_item_desc AS i_item_desc,
  anything_i_category AS i_category,
  anything_i_class AS i_class,
  anything_i_current_price AS i_current_price,
  COALESCE(sum_cs_ext_sales_price, 0) AS itemrevenue,
  CAST((
    100 * COALESCE(sum_cs_ext_sales_price, 0)
  ) AS DOUBLE PRECISION) / SUM(COALESCE(sum_cs_ext_sales_price, 0)) OVER (PARTITION BY anything_i_class) AS revenueratio
FROM _t0
ORDER BY
  3 NULLS FIRST,
  4,
  1 NULLS FIRST,
  2,
  7 NULLS FIRST
LIMIT 100",10.347925738000413,20.81944694499998,"Limit  (cost=603618.07..603618.32 rows=100 width=203) (actual time=10340.323..10342.622 rows=100 loops=1)
  ->  Sort  (cost=603618.07..603622.62 rows=1822 width=203) (actual time=9998.763..10001.054 rows=100 loops=1)
        Sort Key: i.i_category, i.i_class, i.i_item_id, i.i_item_desc, ((((sum(cs.cs_ext_sales_price)) * '100'::numeric) / sum((sum(cs.cs_ext_sales_price))) OVER (?)))
        Sort Method: top-N heapsort  Memory: 67kB
        ->  WindowAgg  (cost=603507.44..603548.43 rows=1822 width=203) (actual time=9986.086..9996.995 rows=14107 loops=1)
              ->  Sort  (cost=603507.44..603511.99 rows=1822 width=171) (actual time=9985.904..9988.880 rows=14107 loops=1)
                    Sort Key: i.i_class
                    Sort Method: quicksort  Memory: 2811kB
                    ->  Finalize GroupAggregate  (cost=603161.44..603408.77 rows=1822 width=171) (actual time=9946.935..9979.385 rows=14107 loops=1)
                          Group Key: i.i_item_id, i.i_item_desc, i.i_category, i.i_class, i.i_current_price
                          ->  Gather Merge  (cost=603161.44..603359.43 rows=1518 width=171) (actual time=9946.923..9967.600 rows=14107 loops=1)
                                Workers Planned: 2
                                Workers Launched: 2
                                ->  Partial GroupAggregate  (cost=602161.42..602184.19 rows=759 width=171) (actual time=9924.141..9931.627 rows=4702 loops=3)
                                      Group Key: i.i_item_id, i.i_item_desc, i.i_category, i.i_class, i.i_current_price
                                      ->  Sort  (cost=602161.42..602163.31 rows=759 width=145) (actual time=9924.105..9924.867 rows=13570 loops=3)
                                            Sort Key: i.i_item_id, i.i_item_desc, i.i_category, i.i_class, i.i_current_price
                                            Sort Method: quicksort  Memory: 2615kB
                                            Worker 0:  Sort Method: quicksort  Memory: 3295kB
                                            Worker 1:  Sort Method: quicksort  Memory: 2331kB
                                            ->  Parallel Hash Join  (cost=596985.81..602125.11 rows=759 width=145) (actual time=9863.288..9883.656 rows=13570 loops=3)
                                                  Hash Cond: (i.i_item_sk = cs.cs_item_sk)
                                                  ->  Parallel Seq Scan on item i  (cost=0.00..5088.38 rows=12737 width=147) (actual time=0.045..16.916 rows=10145 loops=3)
                                                        Filter: ((i_category)::text = ANY ('{Sports,Books,Home}'::text[]))
                                                        Rows Removed by Filter: 23855
                                                  ->  Parallel Hash  (cost=596954.15..596954.15 rows=2533 width=14) (actual time=9863.014..9863.017 rows=45386 loops=3)
                                                        Buckets: 262144 (originally 8192)  Batches: 1 (originally 1)  Memory Usage: 10528kB
                                                        ->  Parallel Hash Join  (cost=2676.78..596954.15 rows=2533 width=14) (actual time=9759.253..9845.919 rows=45386 loops=3)
                                                              Hash Cond: (cs.cs_sold_date_sk = d.d_date_sk)
                                                              ->  Parallel Seq Scan on catalog_sales cs  (cost=0.00..571759.75 rows=6000775 width=22) (actual time=0.153..9173.185 rows=4800420 loops=3)
                                                              ->  Parallel Hash  (cost=2676.55..2676.55 rows=18 width=8) (actual time=2.011..2.011 rows=10 loops=3)
                                                                    Buckets: 1024  Batches: 1  Memory Usage: 40kB
                                                                    ->  Parallel Seq Scan on date_dim d  (cost=0.00..2676.55 rows=18 width=8) (actual time=3.036..6.017 rows=31 loops=1)
                                                                          Filter: ((d_date >= '1999-02-22'::date) AND (d_date <= '1999-03-24 00:00:00'::timestamp without time zone))
                                                                          Rows Removed by Filter: 73018
Planning Time: 0.254 ms
JIT:
  Functions: 93
  Options: Inlining true, Optimization true, Expressions true, Deforming true
  Timing: Generation 6.239 ms, Inlining 167.658 ms, Optimization 581.063 ms, Emission 366.263 ms, Total 1121.223 ms
Execution Time: 10344.730 ms","Limit  (cost=1456210.25..1456210.50 rows=100 width=200) (actual time=20611.488..20611.505 rows=100 loops=1)
  CTE _t3
    ->  Seq Scan on date_dim  (cost=0.00..3127.73 rows=31 width=12) (actual time=2.146..4.129 rows=31 loops=1)
          Filter: ((d_date <= '1999-03-24'::date) AND (d_date >= '1999-02-22'::date))
          Rows Removed by Filter: 73018
  ->  Sort  (cost=1453082.51..1453158.94 rows=30569 width=200) (actual time=20074.389..20074.399 rows=100 loops=1)
        Sort Key: _t0.anything_i_category NULLS FIRST, _t0.anything_i_class, _t0.anything_i_item_id NULLS FIRST, _t0.anything_i_item_desc, (((('100'::numeric * COALESCE(_t0.sum_cs_ext_sales_price, '0'::numeric)))::double precision / (sum(COALESCE(_t0.sum_cs_ext_sales_price, '0'::numeric)) OVER (?))::double precision)) NULLS FIRST
        Sort Method: top-N heapsort  Memory: 65kB
        ->  WindowAgg  (cost=1451073.54..1451914.19 rows=30569 width=200) (actual time=20059.901..20070.170 rows=14107 loops=1)
              ->  Sort  (cost=1451073.54..1451149.96 rows=30569 width=192) (actual time=20059.798..20060.446 rows=14107 loops=1)
                    Sort Key: _t0.anything_i_class
                    Sort Method: quicksort  Memory: 2804kB
                    ->  Subquery Scan on _t0  (cost=1444077.28..1445971.68 rows=30569 width=192) (actual time=20031.326..20054.510 rows=14107 loops=1)
                          ->  GroupAggregate  (cost=1444077.28..1445665.99 rows=30569 width=200) (actual time=20031.323..20053.532 rows=14107 loops=1)
                                Group Key: item.i_item_sk
                                ->  Sort  (cost=1444077.28..1444228.11 rows=60330 width=153) (actual time=20031.281..20035.484 rows=40709 loops=1)
                                      Sort Key: item.i_item_sk
                                      Sort Method: external merge  Disk: 6608kB
                                      ->  Hash Right Join  (cost=720832.14..1434540.90 rows=60330 width=153) (actual time=19926.493..20016.124 rows=40709 loops=1)
                                            Hash Cond: (catalog_sales.cs_item_sk = item.i_item_sk)
                                            ->  Hash Join  (cost=1.01..712198.88 rows=242028 width=14) (actual time=9996.940..10072.840 rows=136158 loops=1)
                                                  Hash Cond: (catalog_sales.cs_sold_date_sk = _t4.d_date_sk)
                                                  ->  Seq Scan on catalog_sales  (cost=0.00..655770.61 rows=14401861 width=22) (actual time=0.005..9186.190 rows=14401261 loops=1)
                                                  ->  Hash  (cost=0.62..0.62 rows=31 width=8) (actual time=0.013..0.014 rows=31 loops=1)
                                                        Buckets: 1024  Batches: 1  Memory Usage: 10kB
                                                        ->  CTE Scan on _t3 _t4  (cost=0.00..0.62 rows=31 width=8) (actual time=0.004..0.007 rows=31 loops=1)
                                            ->  Hash  (cost=720513.32..720513.32 rows=25425 width=147) (actual time=9925.615..9925.618 rows=14107 loops=1)
                                                  Buckets: 32768  Batches: 1  Memory Usage: 2794kB
                                                  ->  Hash Join  (cost=719092.56..720513.32 rows=25425 width=147) (actual time=9910.451..9922.715 rows=14107 loops=1)
                                                        Hash Cond: (catalog_sales_1.cs_item_sk = item.i_item_sk)
                                                        ->  HashAggregate  (cost=712803.95..713652.32 rows=84837 width=8) (actual time=9876.278..9880.457 rows=47342 loops=1)
                                                              Group Key: catalog_sales_1.cs_item_sk
                                                              Batches: 1  Memory Usage: 5137kB
                                                              ->  Hash Join  (cost=1.01..712198.88 rows=242028 width=8) (actual time=9779.535..9856.531 rows=136158 loops=1)
                                                                    Hash Cond: (catalog_sales_1.cs_sold_date_sk = _t3.d_date_sk)
                                                                    ->  Seq Scan on catalog_sales catalog_sales_1  (cost=0.00..655770.61 rows=14401861 width=16) (actual time=0.015..9041.517 rows=14401261 loops=1)
                                                                          Filter: (cs_item_sk IS NOT NULL)
                                                                    ->  Hash  (cost=0.62..0.62 rows=31 width=8) (actual time=4.145..4.146 rows=31 loops=1)
                                                                          Buckets: 1024  Batches: 1  Memory Usage: 10kB
                                                                          ->  CTE Scan on _t3  (cost=0.00..0.62 rows=31 width=8) (actual time=2.150..4.139 rows=31 loops=1)
                                                        ->  Hash  (cost=5906.50..5906.50 rows=30569 width=147) (actual time=34.150..34.150 rows=30436 loops=1)
                                                              Buckets: 32768  Batches: 1  Memory Usage: 5754kB
                                                              ->  Seq Scan on item  (cost=0.00..5906.50 rows=30569 width=147) (actual time=0.026..28.341 rows=30436 loops=1)
                                                                    Filter: ((i_category)::text = ANY ('{Sports,Books,Home}'::text[]))
                                                                    Rows Removed by Filter: 71564
Planning Time: 0.413 ms
JIT:
  Functions: 58
  Options: Inlining true, Optimization true, Expressions true, Deforming true
  Timing: Generation 2.800 ms, Inlining 14.392 ms, Optimization 312.004 ms, Emission 210.842 ms, Total 540.038 ms
Execution Time: 20615.431 ms",SUCCESS
37,38,TPCDS,Q21,"select * from (
    select
        w.w_warehouse_name,
        i.i_item_id,
        sum(
            case
                when d.d_date < date '2000-03-11'
                then inv.inv_quantity_on_hand
                else 0
            end
        ) as inv_before,
        sum(
            case
                when d.d_date >= date '2000-03-11'
                then inv.inv_quantity_on_hand
                else 0
            end
        ) as inv_after
    from tpcds.inventory inv
    join tpcds.warehouse w
      on inv.inv_warehouse_sk = w.w_warehouse_sk
    join tpcds.item i
      on inv.inv_item_sk = i.i_item_sk
    join tpcds.date_dim d
      on inv.inv_date_sk = d.d_date_sk
    where i.i_current_price between 0.99 and 1.49
      and d.d_date between date '2000-03-11' - interval '30 days'
                        and date '2000-03-11' + interval '30 days'
    group by
        w.w_warehouse_name,
        i.i_item_id
) x
where
    case
        when inv_before > 0
        then inv_after::numeric / inv_before
        else null
    end between 2.0/3.0 and 3.0/2.0
order by
    w_warehouse_name,
    i_item_id
limit 100;","result = inventory.WHERE(
    PRESENT(warehouse.name)
    & HAS(item)
    & MONOTONIC(0.99, item.current_price, 1.49)
    & MONOTONIC(DATETIME('2000-03-11', '-30 days'), snapshot_date.date, DATETIME('2000-03-11', '+30 days'))
).CALCULATE(
    w_warehouse_name=warehouse.name,
    i_item_id=item._id,
    inventory_date=snapshot_date.date
).PARTITION(
    name='warehouse_groups', by=(w_warehouse_name, i_item_id)
).CALCULATE(
    w_warehouse_name,
    i_item_id,
    inv_before=SUM(KEEP_IF(inventory.quantity_on_hand, inventory.inventory_date < DATETIME('2000-03-11'))),
    inv_after=SUM(KEEP_IF(inventory.quantity_on_hand, inventory.inventory_date > DATETIME('2000-03-11')))
).WHERE(
    MONOTONIC(2/3, IFF(inv_before > 0, inv_after/inv_before, None), 3/2)
).TOP_K(100, by=(w_warehouse_name, i_item_id))","WITH _t1 AS (
  SELECT
    item.i_item_id,
    warehouse.w_warehouse_name,
    SUM(
      CASE
        WHEN date_dim.d_date > CAST('2000-03-11' AS DATE)
        THEN inventory.inv_quantity_on_hand
        ELSE NULL
      END
    ) AS sum_expr,
    SUM(
      CASE
        WHEN date_dim.d_date < CAST('2000-03-11' AS DATE)
        THEN inventory.inv_quantity_on_hand
        ELSE NULL
      END
    ) AS sum_expr_3
  FROM tpcds.inventory AS inventory
  JOIN tpcds.warehouse AS warehouse
    ON NOT warehouse.w_warehouse_name IS NULL
    AND inventory.inv_warehouse_sk = warehouse.w_warehouse_sk
  JOIN tpcds.item AS item
    ON inventory.inv_item_sk = item.i_item_sk
    AND item.i_current_price <= 1.49
    AND item.i_current_price >= 0.99
  JOIN tpcds.date_dim AS date_dim
    ON date_dim.d_date <= CAST('2000-04-10' AS DATE)
    AND date_dim.d_date >= CAST('2000-02-10' AS DATE)
    AND date_dim.d_date_sk = inventory.inv_date_sk
  GROUP BY
    1,
    2
)
SELECT
  w_warehouse_name,
  i_item_id,
  sum_expr_3 AS inv_before,
  COALESCE(sum_expr, 0) AS inv_after
FROM _t1
WHERE
  CASE
    WHEN (
      NOT sum_expr_3 IS NULL AND sum_expr_3 > 0
    )
    THEN CAST(COALESCE(sum_expr, 0) AS DOUBLE PRECISION) / COALESCE(sum_expr_3, 0)
    ELSE NULL
  END <= 1.5
  AND CASE
    WHEN (
      NOT sum_expr_3 IS NULL AND sum_expr_3 > 0
    )
    THEN CAST(COALESCE(sum_expr, 0) AS DOUBLE PRECISION) / COALESCE(sum_expr_3, 0)
    ELSE NULL
  END >= 0.6666666666666666
ORDER BY
  1 NULLS FIRST,
  2 NULLS FIRST
LIMIT 100",19.673697614000048,19.9502591950004,"Limit  (cost=1746989.55..1747125.34 rows=100 width=151) (actual time=19620.024..19627.912 rows=100 loops=1)
  ->  Finalize GroupAggregate  (cost=1746989.55..1747950.90 rows=708 width=151) (actual time=19372.760..19380.641 rows=100 loops=1)
        Group Key: w.w_warehouse_name, i.i_item_id
        Filter: ((CASE WHEN (sum(CASE WHEN (d.d_date < '2000-03-11'::date) THEN inv.inv_quantity_on_hand ELSE 0 END) > 0) THEN ((sum(CASE WHEN (d.d_date >= '2000-03-11'::date) THEN inv.inv_quantity_on_hand ELSE 0 END))::numeric / (sum(CASE WHEN (d.d_date < '2000-03-11'::date) THEN inv.inv_quantity_on_hand ELSE 0 END))::numeric) ELSE NULL::numeric END >= 0.66666666666666666667) AND (CASE WHEN (sum(CASE WHEN (d.d_date < '2000-03-11'::date) THEN inv.inv_quantity_on_hand ELSE 0 END) > 0) THEN ((sum(CASE WHEN (d.d_date >= '2000-03-11'::date) THEN inv.inv_quantity_on_hand ELSE 0 END))::numeric / (sum(CASE WHEN (d.d_date < '2000-03-11'::date) THEN inv.inv_quantity_on_hand ELSE 0 END))::numeric) ELSE NULL::numeric END <= 1.5000000000000000))
        Rows Removed by Filter: 53
        ->  Gather Merge  (cost=1746989.55..1747674.96 rows=5306 width=151) (actual time=19372.724..19380.470 rows=460 loops=1)
              Workers Planned: 2
              Workers Launched: 2
              ->  Partial GroupAggregate  (cost=1745989.53..1746062.49 rows=2653 width=151) (actual time=19300.024..19300.745 rows=531 loops=3)
                    Group Key: w.w_warehouse_name, i.i_item_id
                    ->  Sort  (cost=1745989.53..1745996.16 rows=2653 width=143) (actual time=19299.988..19300.396 rows=1735 loops=3)
                          Sort Key: w.w_warehouse_name, i.i_item_id
                          Sort Method: external merge  Disk: 4712kB
                          Worker 0:  Sort Method: external merge  Disk: 4432kB
                          Worker 1:  Sort Method: external merge  Disk: 5384kB
                          ->  Hash Join  (cost=7863.30..1745838.66 rows=2653 width=143) (actual time=7994.443..18914.661 rows=96780 loops=3)
                                Hash Cond: (inv.inv_warehouse_sk = w.w_warehouse_sk)
                                ->  Parallel Hash Join  (cost=7851.05..1745789.93 rows=2653 width=33) (actual time=7777.161..18678.513 rows=96780 loops=3)
                                      Hash Cond: (inv.inv_item_sk = i.i_item_sk)
                                      ->  Parallel Hash Join  (cost=2676.98..1740442.51 rows=43277 width=24) (actual time=7764.835..18449.615 rows=1530000 loops=3)
                                            Hash Cond: (inv.inv_date_sk = d.d_date_sk)
                                            ->  Parallel Seq Scan on inventory inv  (cost=0.00..1529526.83 rows=55461483 width=28) (actual time=0.259..14558.512 rows=44370000 loops=3)
                                            ->  Parallel Hash  (cost=2676.55..2676.55 rows=34 width=12) (actual time=2.612..2.613 rows=20 loops=3)
                                                  Buckets: 1024  Batches: 1  Memory Usage: 40kB
                                                  ->  Parallel Seq Scan on date_dim d  (cost=0.00..2676.55 rows=34 width=12) (actual time=3.902..7.817 rows=61 loops=1)
                                                        Filter: ((d_date >= '2000-02-10 00:00:00'::timestamp without time zone) AND (d_date <= '2000-04-10 00:00:00'::timestamp without time zone))
                                                        Rows Removed by Filter: 72988
                                      ->  Parallel Hash  (cost=5141.50..5141.50 rows=2606 width=25) (actual time=12.114..12.115 rows=2155 loops=3)
                                            Buckets: 8192  Batches: 1  Memory Usage: 480kB
                                            ->  Parallel Seq Scan on item i  (cost=0.00..5141.50 rows=2606 width=25) (actual time=0.017..34.573 rows=6464 loops=1)
                                                  Filter: ((i_current_price >= 0.99) AND (i_current_price <= 1.49))
                                                  Rows Removed by Filter: 95536
                                ->  Hash  (cost=11.00..11.00 rows=100 width=126) (actual time=217.253..217.253 rows=10 loops=3)
                                      Buckets: 1024  Batches: 1  Memory Usage: 9kB
                                      ->  Seq Scan on warehouse w  (cost=0.00..11.00 rows=100 width=126) (actual time=217.237..217.240 rows=10 loops=3)
Planning Time: 0.287 ms
JIT:
  Functions: 113
  Options: Inlining true, Optimization true, Expressions true, Deforming true
  Timing: Generation 4.980 ms, Inlining 152.324 ms, Optimization 439.814 ms, Emission 307.051 ms, Total 904.169 ms
Execution Time: 19630.346 ms","Limit  (cost=1747985.03..1747985.28 rows=100 width=151) (actual time=19549.040..19556.372 rows=100 loops=1)
  ->  Sort  (cost=1747985.03..1747986.80 rows=708 width=151) (actual time=19276.884..19284.209 rows=100 loops=1)
        Sort Key: _t1.w_warehouse_name NULLS FIRST, _t1.i_item_id NULLS FIRST
        Sort Method: top-N heapsort  Memory: 38kB
        ->  Subquery Scan on _t1  (cost=1746989.55..1747957.98 rows=708 width=151) (actual time=19210.308..19280.255 rows=16926 loops=1)
              ->  Finalize GroupAggregate  (cost=1746989.55..1747950.90 rows=708 width=151) (actual time=19210.304..19278.975 rows=16926 loops=1)
                    Group Key: item.i_item_id, warehouse.w_warehouse_name
                    Filter: ((CASE WHEN ((sum(CASE WHEN (date_dim.d_date < '2000-03-11'::date) THEN inventory.inv_quantity_on_hand ELSE NULL::integer END) IS NOT NULL) AND (sum(CASE WHEN (date_dim.d_date < '2000-03-11'::date) THEN inventory.inv_quantity_on_hand ELSE NULL::integer END) > 0)) THEN ((COALESCE(sum(CASE WHEN (date_dim.d_date > '2000-03-11'::date) THEN inventory.inv_quantity_on_hand ELSE NULL::integer END), '0'::bigint))::double precision / (COALESCE(sum(CASE WHEN (date_dim.d_date < '2000-03-11'::date) THEN inventory.inv_quantity_on_hand ELSE NULL::integer END), '0'::bigint))::double precision) ELSE NULL::double precision END <= '1.5'::double precision) AND (CASE WHEN ((sum(CASE WHEN (date_dim.d_date < '2000-03-11'::date) THEN inventory.inv_quantity_on_hand ELSE NULL::integer END) IS NOT NULL) AND (sum(CASE WHEN (date_dim.d_date < '2000-03-11'::date) THEN inventory.inv_quantity_on_hand ELSE NULL::integer END) > 0)) THEN ((COALESCE(sum(CASE WHEN (date_dim.d_date > '2000-03-11'::date) THEN inventory.inv_quantity_on_hand ELSE NULL::integer END), '0'::bigint))::double precision / (COALESCE(sum(CASE WHEN (date_dim.d_date < '2000-03-11'::date) THEN inventory.inv_quantity_on_hand ELSE NULL::integer END), '0'::bigint))::double precision) ELSE NULL::double precision END >= '0.6666666666666666'::double precision))
                    Rows Removed by Filter: 12108
                    ->  Gather Merge  (cost=1746989.55..1747674.96 rows=5306 width=151) (actual time=19210.276..19265.327 rows=77345 loops=1)
                          Workers Planned: 2
                          Workers Launched: 2
                          ->  Partial GroupAggregate  (cost=1745989.53..1746062.49 rows=2653 width=151) (actual time=19172.981..19215.970 rows=25782 loops=3)
                                Group Key: item.i_item_id, warehouse.w_warehouse_name
                                ->  Sort  (cost=1745989.53..1745996.16 rows=2653 width=143) (actual time=19172.948..19195.409 rows=87102 loops=3)
                                      Sort Key: item.i_item_id, warehouse.w_warehouse_name
                                      Sort Method: external merge  Disk: 4232kB
                                      Worker 0:  Sort Method: external merge  Disk: 3856kB
                                      Worker 1:  Sort Method: external merge  Disk: 5360kB
                                      ->  Hash Join  (cost=7863.30..1745838.66 rows=2653 width=143) (actual time=7893.725..18882.852 rows=87102 loops=3)
                                            Hash Cond: (inventory.inv_warehouse_sk = warehouse.w_warehouse_sk)
                                            ->  Parallel Hash Join  (cost=7851.05..1745789.93 rows=2653 width=33) (actual time=7607.659..18579.864 rows=96780 loops=3)
                                                  Hash Cond: (inventory.inv_item_sk = item.i_item_sk)
                                                  ->  Parallel Hash Join  (cost=2676.98..1740442.51 rows=43277 width=24) (actual time=7599.070..18374.906 rows=1530000 loops=3)
                                                        Hash Cond: (inventory.inv_date_sk = date_dim.d_date_sk)
                                                        ->  Parallel Seq Scan on inventory  (cost=0.00..1529526.83 rows=55461483 width=28) (actual time=0.221..14583.397 rows=44370000 loops=3)
                                                        ->  Parallel Hash  (cost=2676.55..2676.55 rows=34 width=12) (actual time=1.452..1.453 rows=20 loops=3)
                                                              Buckets: 1024  Batches: 1  Memory Usage: 40kB
                                                              ->  Parallel Seq Scan on date_dim  (cost=0.00..2676.55 rows=34 width=12) (actual time=2.217..4.342 rows=61 loops=1)
                                                                    Filter: ((d_date <= '2000-04-10'::date) AND (d_date >= '2000-02-10'::date))
                                                                    Rows Removed by Filter: 72988
                                                  ->  Parallel Hash  (cost=5141.50..5141.50 rows=2606 width=25) (actual time=8.361..8.362 rows=2155 loops=3)
                                                        Buckets: 8192  Batches: 1  Memory Usage: 480kB
                                                        ->  Parallel Seq Scan on item  (cost=0.00..5141.50 rows=2606 width=25) (actual time=0.034..23.947 rows=6464 loops=1)
                                                              Filter: ((i_current_price <= 1.49) AND (i_current_price >= 0.99))
                                                              Rows Removed by Filter: 95536
                                            ->  Hash  (cost=11.00..11.00 rows=100 width=126) (actual time=286.023..286.024 rows=9 loops=3)
                                                  Buckets: 1024  Batches: 1  Memory Usage: 9kB
                                                  ->  Seq Scan on warehouse  (cost=0.00..11.00 rows=100 width=126) (actual time=286.011..286.014 rows=9 loops=3)
                                                        Filter: (w_warehouse_name IS NOT NULL)
                                                        Rows Removed by Filter: 1
Planning Time: 0.366 ms
JIT:
  Functions: 120
  Options: Inlining true, Optimization true, Expressions true, Deforming true
  Timing: Generation 5.898 ms, Inlining 178.090 ms, Optimization 562.930 ms, Emission 389.349 ms, Total 1136.268 ms
Execution Time: 19558.865 ms",SUCCESS
38,39,TPCDS,Q22,"SELECT
    i.i_product_name,
    i.i_brand,
    i.i_class,
    i.i_category,
    AVG(inv.inv_quantity_on_hand) AS qoh
FROM tpcds.inventory inv
JOIN tpcds.date_dim d
  ON inv.inv_date_sk = d.d_date_sk
JOIN tpcds.item i
  ON inv.inv_item_sk = i.i_item_sk
WHERE d.d_month_seq BETWEEN 1190 AND 1190 + 11
GROUP BY ( -- ROLLUP DELETED
    i.i_product_name,
    i.i_brand,
    i.i_class,
    i.i_category
)
ORDER BY
    qoh,
    i.i_product_name,
    i.i_brand,
    i.i_class,
    i.i_category
LIMIT 100;","result = inventory.WHERE(MONOTONIC(1190, snapshot_date.month_seq, (1190 + 11))).CALCULATE(
    i_product_name=item.product_name,
    i_brand=item.brand,
    i_class=item.item_class,
    i_category=item.category
).PARTITION(
    name='item', by=(i_product_name, i_brand, i_class, i_category)
).CALCULATE(
    i_product_name,
    i_brand, 
    i_class, 
    i_category,
    qoh=AVG(inventory.quantity_on_hand)
).TOP_K(100, by=(qoh.ASC(), i_product_name, i_brand, i_class, i_category))","WITH _s2 AS (
  SELECT
    inventory.inv_item_sk,
    COUNT(inventory.inv_quantity_on_hand) AS count_inv_quantity_on_hand,
    SUM(inventory.inv_quantity_on_hand) AS sum_inv_quantity_on_hand
  FROM tpcds.inventory AS inventory
  JOIN tpcds.date_dim AS date_dim
    ON date_dim.d_date_sk = inventory.inv_date_sk
    AND date_dim.d_month_seq <= 1201
    AND date_dim.d_month_seq >= 1190
  GROUP BY
    1
)
SELECT
  item.i_product_name,
  item.i_brand,
  item.i_class,
  item.i_category,
  CAST(SUM(_s2.sum_inv_quantity_on_hand) AS DOUBLE PRECISION) / SUM(_s2.count_inv_quantity_on_hand) AS qoh
FROM _s2 AS _s2
JOIN tpcds.item AS item
  ON _s2.inv_item_sk = item.i_item_sk
GROUP BY
  1,
  2,
  3,
  4
ORDER BY
  5 NULLS FIRST,
  1 NULLS FIRST,
  2 NULLS FIRST,
  3 NULLS FIRST,
  4 NULLS FIRST
LIMIT 100",74.7935768970001,22.04286588800005,"Limit  (cost=1819300.69..1819300.94 rows=100 width=83) (actual time=79343.400..79400.712 rows=100 loops=1)
  ->  Sort  (cost=1819300.69..1819555.09 rows=101762 width=83) (actual time=79093.835..79151.140 rows=100 loops=1)
        Sort Key: (avg(inv.inv_quantity_on_hand)), i.i_product_name, i.i_brand, i.i_class, i.i_category
        Sort Method: top-N heapsort  Memory: 46kB
        ->  Finalize GroupAggregate  (cost=1783122.78..1815411.41 rows=101762 width=83) (actual time=72503.401..79134.060 rows=67967 loops=1)
              Group Key: i.i_product_name, i.i_brand, i.i_class, i.i_category
              ->  Gather Merge  (cost=1783122.78..1811595.34 rows=203524 width=83) (actual time=72503.341..79068.991 rows=203901 loops=1)
                    Workers Planned: 2
                    Workers Launched: 2
                    ->  Partial GroupAggregate  (cost=1782122.75..1787103.60 rows=101762 width=83) (actual time=68924.801..74207.408 rows=67967 loops=3)
                          Group Key: i.i_product_name, i.i_brand, i.i_class, i.i_category
                          ->  Sort  (cost=1782122.75..1782783.29 rows=264215 width=55) (actual time=68924.680..72476.861 rows=8840000 loops=3)
                                Sort Key: i.i_product_name, i.i_brand, i.i_class, i.i_category
                                Sort Method: external merge  Disk: 738848kB
                                Worker 0:  Sort Method: external merge  Disk: 488440kB
                                Worker 1:  Sort Method: external merge  Disk: 554128kB
                                ->  Parallel Hash Join  (cost=8139.36..1749294.90 rows=264215 width=55) (actual time=4552.067..22872.987 rows=8840000 loops=3)
                                      Hash Cond: (inv.inv_item_sk = i.i_item_sk)
                                      ->  Parallel Hash Join  (cost=2679.11..1741742.95 rows=264215 width=12) (actual time=4247.822..20413.909 rows=8840000 loops=3)
                                            Hash Cond: (inv.inv_date_sk = d.d_date_sk)
                                            ->  Parallel Seq Scan on inventory inv  (cost=0.00..1529526.83 rows=55461483 width=20) (actual time=0.257..15238.558 rows=44370000 loops=3)
                                            ->  Parallel Hash  (cost=2676.55..2676.55 rows=205 width=8) (actual time=3.272..3.273 rows=122 loops=3)
                                                  Buckets: 1024  Batches: 1  Memory Usage: 104kB
                                                  ->  Parallel Seq Scan on date_dim d  (cost=0.00..2676.55 rows=205 width=8) (actual time=1.594..3.179 rows=122 loops=3)
                                                        Filter: ((d_month_seq >= 1190) AND (d_month_seq <= 1201))
                                                        Rows Removed by Filter: 24228
                                      ->  Parallel Hash  (cost=4929.00..4929.00 rows=42500 width=59) (actual time=303.588..303.589 rows=34000 loops=3)
                                            Buckets: 131072  Batches: 1  Memory Usage: 10784kB
                                            ->  Parallel Seq Scan on item i  (cost=0.00..4929.00 rows=42500 width=59) (actual time=189.620..203.073 rows=34000 loops=3)
Planning Time: 0.221 ms
JIT:
  Functions: 79
  Options: Inlining true, Optimization true, Expressions true, Deforming true
  Timing: Generation 4.602 ms, Inlining 142.994 ms, Optimization 413.847 ms, Emission 261.758 ms, Total 823.201 ms
Execution Time: 79466.404 ms","Limit  (cost=1824948.89..1824949.14 rows=100 width=59) (actual time=23814.794..23815.088 rows=100 loops=1)
  ->  Sort  (cost=1824948.89..1825159.20 rows=84122 width=59) (actual time=23536.306..23536.594 rows=100 loops=1)
        Sort Key: (((sum(_s2.sum_inv_quantity_on_hand))::double precision / (sum(_s2.count_inv_quantity_on_hand))::double precision)) NULLS FIRST, item.i_product_name NULLS FIRST, item.i_brand NULLS FIRST, item.i_class NULLS FIRST, item.i_category NULLS FIRST
        Sort Method: top-N heapsort  Memory: 43kB
        ->  GroupAggregate  (cost=1818368.93..1821733.81 rows=84122 width=59) (actual time=23450.962..23524.471 rows=67967 loops=1)
              Group Key: item.i_product_name, item.i_brand, item.i_class, item.i_category
              ->  Sort  (cost=1818368.93..1818579.24 rows=84122 width=67) (actual time=23450.918..23475.955 rows=68000 loops=1)
                    Sort Key: item.i_product_name NULLS FIRST, item.i_brand NULLS FIRST, item.i_class NULLS FIRST, item.i_category NULLS FIRST
                    Sort Method: external merge  Disk: 5528kB
                    ->  Hash Join  (cost=1778950.82..1808036.67 rows=84122 width=67) (actual time=21059.385..23278.572 rows=68000 loops=1)
                          Hash Cond: (_s2.inv_item_sk = item.i_item_sk)
                          ->  Subquery Scan on _s2  (cost=1771055.82..1796902.99 rows=84122 width=24) (actual time=21012.561..23198.631 rows=68000 loops=1)
                                ->  Finalize GroupAggregate  (cost=1771055.82..1796061.77 rows=84122 width=24) (actual time=21012.558..23193.745 rows=68000 loops=1)
                                      Group Key: inventory.inv_item_sk
                                      ->  Gather Merge  (cost=1771055.82..1793958.72 rows=168244 width=24) (actual time=21012.495..23171.284 rows=204000 loops=1)
                                            Workers Planned: 2
                                            Workers Launched: 2
                                            ->  Partial GroupAggregate  (cost=1770055.80..1773539.17 rows=84122 width=24) (actual time=20528.290..22254.784 rows=68000 loops=3)
                                                  Group Key: inventory.inv_item_sk
                                                  ->  Sort  (cost=1770055.80..1770716.33 rows=264215 width=12) (actual time=20528.221..21527.902 rows=8840000 loops=3)
                                                        Sort Key: inventory.inv_item_sk
                                                        Sort Method: external merge  Disk: 158120kB
                                                        Worker 0:  Sort Method: external merge  Disk: 182016kB
                                                        Worker 1:  Sort Method: external merge  Disk: 225792kB
                                                        ->  Parallel Hash Join  (cost=2679.11..1741742.95 rows=264215 width=12) (actual time=4151.525..17813.803 rows=8840000 loops=3)
                                                              Hash Cond: (inventory.inv_date_sk = date_dim.d_date_sk)
                                                              ->  Parallel Seq Scan on inventory  (cost=0.00..1529526.83 rows=55461483 width=20) (actual time=0.239..13210.802 rows=44370000 loops=3)
                                                              ->  Parallel Hash  (cost=2676.55..2676.55 rows=205 width=8) (actual time=1.617..1.618 rows=122 loops=3)
                                                                    Buckets: 1024  Batches: 1  Memory Usage: 40kB
                                                                    ->  Parallel Seq Scan on date_dim  (cost=0.00..2676.55 rows=205 width=8) (actual time=2.540..4.765 rows=366 loops=1)
                                                                          Filter: ((d_month_seq <= 1201) AND (d_month_seq >= 1190))
                                                                          Rows Removed by Filter: 72683
                          ->  Hash  (cost=5524.00..5524.00 rows=102000 width=59) (actual time=46.600..46.601 rows=102000 loops=1)
                                Buckets: 131072  Batches: 2  Memory Usage: 5855kB
                                ->  Seq Scan on item  (cost=0.00..5524.00 rows=102000 width=59) (actual time=0.020..26.410 rows=102000 loops=1)
Planning Time: 0.199 ms
JIT:
  Functions: 69
  Options: Inlining true, Optimization true, Expressions true, Deforming true
  Timing: Generation 3.678 ms, Inlining 159.340 ms, Optimization 303.755 ms, Emission 206.767 ms, Total 673.540 ms
Execution Time: 23838.515 ms",SUCCESS
39,40,TPCDS,Q26,"SELECT
       i.i_item_id,
       AVG(cs.cs_quantity)      AS agg1,
       AVG(cs.cs_list_price)    AS agg2,
       AVG(cs.cs_coupon_amt)    AS agg3,
       AVG(cs.cs_sales_price)   AS agg4
FROM tpcds.catalog_sales cs
JOIN tpcds.date_dim d
  ON cs.cs_sold_date_sk = d.d_date_sk
JOIN tpcds.item i
  ON cs.cs_item_sk = i.i_item_sk
JOIN tpcds.customer_demographics cd
  ON cs.cs_bill_cdemo_sk = cd.cd_demo_sk
JOIN tpcds.promotion p
  ON cs.cs_promo_sk = p.p_promo_sk
WHERE d.d_year = 2000                     -- YEAR.01
  AND cd.cd_gender = 'M'                  -- GEN.01
  AND cd.cd_marital_status = 'S'          -- MS.01
  AND cd.cd_education_status = 'College'  -- ES.01
  AND p.p_channel_email = 'N'
  AND p.p_channel_event = 'N'
GROUP BY i.i_item_id
ORDER BY i.i_item_id
LIMIT 100;","result = catalog_sales.WHERE(
    (sold_date.year == 2000)
    & (bill_customer_demographics.gender == 'M')
    & (bill_customer_demographics.marital_status == 'S')
    & (bill_customer_demographics.education_status == 'College')
    & (promotion.channel_email == 'N')
    & (promotion.channel_event == 'N')
).CALCULATE(i_item_id=item._id).PARTITION(
    name='item_id', by=i_item_id
).CALCULATE(
    i_item_id,
    agg1=AVG(catalog_sales.quantity),
    agg2=AVG(catalog_sales.list_price),
    agg3=AVG(catalog_sales.coupon_amount),
    agg4=AVG(catalog_sales.sales_price)
).TOP_K(100, by=i_item_id)","WITH _s6 AS (
  SELECT
    catalog_sales.cs_item_sk,
    COUNT(catalog_sales.cs_coupon_amt) AS count_cs_coupon_amt,
    COUNT(catalog_sales.cs_list_price) AS count_cs_list_price,
    COUNT(catalog_sales.cs_quantity) AS count_cs_quantity,
    COUNT(catalog_sales.cs_sales_price) AS count_cs_sales_price,
    SUM(catalog_sales.cs_coupon_amt) AS sum_cs_coupon_amt,
    SUM(catalog_sales.cs_list_price) AS sum_cs_list_price,
    SUM(catalog_sales.cs_quantity) AS sum_cs_quantity,
    SUM(catalog_sales.cs_sales_price) AS sum_cs_sales_price
  FROM tpcds.catalog_sales AS catalog_sales
  JOIN tpcds.date_dim AS date_dim
    ON catalog_sales.cs_sold_date_sk = date_dim.d_date_sk AND date_dim.d_year = 2000
  JOIN tpcds.customer_demographics AS customer_demographics
    ON catalog_sales.cs_bill_cdemo_sk = customer_demographics.cd_demo_sk
    AND customer_demographics.cd_education_status = 'College'
    AND customer_demographics.cd_gender = 'M'
    AND customer_demographics.cd_marital_status = 'S'
  JOIN tpcds.promotion AS promotion
    ON catalog_sales.cs_promo_sk = promotion.p_promo_sk
    AND promotion.p_channel_email = 'N'
    AND promotion.p_channel_event = 'N'
  GROUP BY
    1
)
SELECT
  item.i_item_id,
  CAST(_s6.sum_cs_quantity AS DOUBLE PRECISION) / _s6.count_cs_quantity AS agg1,
  CAST(_s6.sum_cs_list_price AS DOUBLE PRECISION) / _s6.count_cs_list_price AS agg2,
  CAST(_s6.sum_cs_coupon_amt AS DOUBLE PRECISION) / _s6.count_cs_coupon_amt AS agg3,
  CAST(_s6.sum_cs_sales_price AS DOUBLE PRECISION) / _s6.count_cs_sales_price AS agg4
FROM _s6 AS _s6
JOIN tpcds.item AS item
  ON _s6.cs_item_sk = item.i_item_sk
ORDER BY
  1 NULLS FIRST
LIMIT 100",11.278201013000398,2.0294924199997695,"Limit  (cost=50015.89..264038.93 rows=100 width=145) (actual time=1798.051..3457.845 rows=100 loops=1)
  ->  GroupAggregate  (cost=50015.89..2177404.84 rows=994 width=145) (actual time=1782.390..3442.169 rows=100 loops=1)
        Group Key: i.i_item_id
        ->  Nested Loop  (cost=50015.89..2177372.54 rows=994 width=40) (actual time=1771.561..3441.842 rows=142 loops=1)
              Join Filter: (cs.cs_item_sk = i.i_item_sk)
              Rows Removed by Join Filter: 18260196
              ->  Gather Merge  (cost=9196.25..21075.83 rows=102000 width=25) (actual time=170.337..177.024 rows=469 loops=1)
                    Workers Planned: 2
                    Workers Launched: 2
                    ->  Sort  (cost=8196.22..8302.47 rows=42500 width=25) (actual time=107.746..107.819 rows=862 loops=3)
                          Sort Key: i.i_item_id
                          Sort Method: external merge  Disk: 2168kB
                          Worker 0:  Sort Method: quicksort  Memory: 1245kB
                          Worker 1:  Sort Method: quicksort  Memory: 3077kB
                          ->  Parallel Seq Scan on item i  (cost=0.00..4929.00 rows=42500 width=25) (actual time=1.645..9.891 rows=34000 loops=3)
              ->  Materialize  (cost=40819.65..635479.19 rows=994 width=31) (actual time=0.678..4.816 rows=38935 loops=469)
                    ->  Gather  (cost=40819.65..635474.22 rows=994 width=31) (actual time=317.865..1582.221 rows=39015 loops=1)
                          Workers Planned: 2
                          Workers Launched: 2
                          ->  Hash Join  (cost=39819.65..634374.82 rows=414 width=31) (actual time=303.713..1572.384 rows=13005 loops=3)
                                Hash Cond: (cs.cs_promo_sk = p.p_promo_sk)
                                ->  Parallel Hash Join  (cost=39795.06..634344.49 rows=428 width=39) (actual time=293.224..1558.809 rows=13324 loops=3)
                                      Hash Cond: (cs.cs_bill_cdemo_sk = cd.cd_demo_sk)
                                      ->  Parallel Hash Join  (cost=2571.79..597008.51 rows=29582 width=47) (actual time=194.693..1369.371 rows=955783 loops=3)
                                            Hash Cond: (cs.cs_sold_date_sk = d.d_date_sk)
                                            ->  Parallel Seq Scan on catalog_sales cs  (cost=0.00..571759.75 rows=6000775 width=55) (actual time=0.020..682.284 rows=4800420 loops=3)
                                            ->  Parallel Hash  (cost=2569.12..2569.12 rows=213 width=8) (actual time=3.582..3.583 rows=122 loops=3)
                                                  Buckets: 1024  Batches: 1  Memory Usage: 104kB
                                                  ->  Parallel Seq Scan on date_dim d  (cost=0.00..2569.12 rows=213 width=8) (actual time=1.808..3.465 rows=122 loops=3)
                                                        Filter: (d_year = 2000)
                                                        Rows Removed by Filter: 24228
                                      ->  Parallel Hash  (cost=37077.83..37077.83 rows=11635 width=8) (actual time=98.107..98.108 rows=9147 loops=3)
                                            Buckets: 32768  Batches: 1  Memory Usage: 1376kB
                                            ->  Parallel Seq Scan on customer_demographics cd  (cost=0.00..37077.83 rows=11635 width=8) (actual time=0.034..95.759 rows=9147 loops=3)
                                                  Filter: (((cd_gender)::text = 'M'::text) AND ((cd_marital_status)::text = 'S'::text) AND ((cd_education_status)::text = 'College'::text))
                                                  Rows Removed by Filter: 631120
                                ->  Hash  (cost=18.50..18.50 rows=487 width=8) (actual time=10.360..10.361 rows=489 loops=3)
                                      Buckets: 1024  Batches: 1  Memory Usage: 28kB
                                      ->  Seq Scan on promotion p  (cost=0.00..18.50 rows=487 width=8) (actual time=10.159..10.286 rows=489 loops=3)
                                            Filter: (((p_channel_email)::text = 'N'::text) AND ((p_channel_event)::text = 'N'::text))
                                            Rows Removed by Filter: 11
Planning Time: 0.337 ms
JIT:
  Functions: 104
  Options: Inlining false, Optimization false, Expressions true, Deforming true
  Timing: Generation 5.566 ms, Inlining 0.000 ms, Optimization 2.568 ms, Emission 48.658 ms, Total 56.792 ms
Execution Time: 3460.285 ms","Limit  (cost=641432.79..641433.04 rows=100 width=49) (actual time=2068.871..2069.517 rows=100 loops=1)
  ->  Sort  (cost=641432.79..641435.28 rows=994 width=49) (actual time=1741.501..1742.140 rows=100 loops=1)
        Sort Key: item.i_item_id NULLS FIRST
        Sort Method: top-N heapsort  Memory: 47kB
        ->  Hash Join  (cost=635573.22..641394.80 rows=994 width=49) (actual time=1690.730..1732.802 rows=27461 loops=1)
              Hash Cond: (item.i_item_sk = _s6.cs_item_sk)
              ->  Seq Scan on item  (cost=0.00..5524.00 rows=102000 width=25) (actual time=0.018..10.280 rows=102000 loops=1)
              ->  Hash  (cost=635560.80..635560.80 rows=994 width=168) (actual time=1690.687..1691.321 rows=27461 loops=1)
                    Buckets: 32768 (originally 1024)  Batches: 1 (originally 1)  Memory Usage: 3046kB
                    ->  Subquery Scan on _s6  (cost=635392.84..635560.80 rows=994 width=168) (actual time=1650.549..1685.801 rows=27461 loops=1)
                          ->  GroupAggregate  (cost=635392.84..635550.86 rows=994 width=168) (actual time=1650.547..1683.878 rows=27461 loops=1)
                                Group Key: catalog_sales.cs_item_sk
                                ->  Gather Merge  (cost=635392.84..635508.61 rows=994 width=31) (actual time=1650.505..1657.568 rows=39015 loops=1)
                                      Workers Planned: 2
                                      Workers Launched: 2
                                      ->  Sort  (cost=634392.82..634393.85 rows=414 width=31) (actual time=1632.240..1633.539 rows=13005 loops=3)
                                            Sort Key: catalog_sales.cs_item_sk
                                            Sort Method: quicksort  Memory: 1832kB
                                            Worker 0:  Sort Method: quicksort  Memory: 1093kB
                                            Worker 1:  Sort Method: quicksort  Memory: 1048kB
                                            ->  Hash Join  (cost=39819.65..634374.82 rows=414 width=31) (actual time=461.056..1628.529 rows=13005 loops=3)
                                                  Hash Cond: (catalog_sales.cs_promo_sk = promotion.p_promo_sk)
                                                  ->  Parallel Hash Join  (cost=39795.06..634344.49 rows=428 width=39) (actual time=216.965..1381.736 rows=13324 loops=3)
                                                        Hash Cond: (catalog_sales.cs_bill_cdemo_sk = customer_demographics.cd_demo_sk)
                                                        ->  Parallel Hash Join  (cost=2571.79..597008.51 rows=29582 width=47) (actual time=167.242..1244.707 rows=955783 loops=3)
                                                              Hash Cond: (catalog_sales.cs_sold_date_sk = date_dim.d_date_sk)
                                                              ->  Parallel Seq Scan on catalog_sales  (cost=0.00..571759.75 rows=6000775 width=55) (actual time=0.038..691.609 rows=4800420 loops=3)
                                                              ->  Parallel Hash  (cost=2569.12..2569.12 rows=213 width=8) (actual time=1.612..1.613 rows=122 loops=3)
                                                                    Buckets: 1024  Batches: 1  Memory Usage: 40kB
                                                                    ->  Parallel Seq Scan on date_dim  (cost=0.00..2569.12 rows=213 width=8) (actual time=2.432..4.789 rows=366 loops=1)
                                                                          Filter: (d_year = 2000)
                                                                          Rows Removed by Filter: 72683
                                                        ->  Parallel Hash  (cost=37077.83..37077.83 rows=11635 width=8) (actual time=49.259..49.260 rows=9147 loops=3)
                                                              Buckets: 32768  Batches: 1  Memory Usage: 1344kB
                                                              ->  Parallel Seq Scan on customer_demographics  (cost=0.00..37077.83 rows=11635 width=8) (actual time=0.031..142.057 rows=27440 loops=1)
                                                                    Filter: (((cd_education_status)::text = 'College'::text) AND ((cd_gender)::text = 'M'::text) AND ((cd_marital_status)::text = 'S'::text))
                                                                    Rows Removed by Filter: 1893360
                                                  ->  Hash  (cost=18.50..18.50 rows=487 width=8) (actual time=244.030..244.030 rows=489 loops=3)
                                                        Buckets: 1024  Batches: 1  Memory Usage: 28kB
                                                        ->  Seq Scan on promotion  (cost=0.00..18.50 rows=487 width=8) (actual time=243.806..243.946 rows=489 loops=3)
                                                              Filter: (((p_channel_email)::text = 'N'::text) AND ((p_channel_event)::text = 'N'::text))
                                                              Rows Removed by Filter: 11
Planning Time: 0.304 ms
JIT:
  Functions: 104
  Options: Inlining true, Optimization true, Expressions true, Deforming true
  Timing: Generation 6.187 ms, Inlining 168.689 ms, Optimization 538.729 ms, Emission 351.478 ms, Total 1065.083 ms
Execution Time: 2071.732 ms",SUCCESS
40,41,TPCDS,Q27,"SELECT
       i.i_item_id,
       s.s_state,
       GROUPING(s.s_state) AS g_state,
       AVG(ss.ss_quantity)     AS agg1,
       AVG(ss.ss_list_price)   AS agg2,
       AVG(ss.ss_coupon_amt)   AS agg3,
       AVG(ss.ss_sales_price)  AS agg4
FROM tpcds.store_sales ss
JOIN tpcds.date_dim d
  ON ss.ss_sold_date_sk = d.d_date_sk
JOIN tpcds.item i
  ON ss.ss_item_sk = i.i_item_sk
JOIN tpcds.store s
  ON ss.ss_store_sk = s.s_store_sk
JOIN tpcds.customer_demographics cd
  ON ss.ss_cdemo_sk = cd.cd_demo_sk
WHERE d.d_year = 2002                 
  AND cd.cd_gender = 'M'               
  AND cd.cd_marital_status = 'S'       
  AND cd.cd_education_status = 'College' 
  AND s.s_state IN (                   
        'TN','TN','TN','TN','TN','TN'
      )
GROUP BY (i.i_item_id, s.s_state)
ORDER BY i.i_item_id,
         s.s_state
LIMIT 100;","result = store_sales.WHERE(
    (sold_date.year == 2002)
    & (customer_demographics.gender == 'M')
    & (customer_demographics.marital_status == 'S')
    & (customer_demographics.education_status == 'College')
    & (store.state == 'TN')
).CALCULATE(
    i_item_id=item._id,
    s_state=store.state
).PARTITION(
    name='item_state', by=(i_item_id, s_state)
).CALCULATE(
    i_item_id,
    s_state,
    g_state=0,
    agg1=AVG(store_sales.quantity),
    agg2=AVG(store_sales.list_price),
    agg3=AVG(store_sales.coupon_amount),
    agg4=AVG(store_sales.sales_price)
).TOP_K(100, by=(i_item_id, s_state))","WITH _s6 AS (
  SELECT
    store.s_state,
    store_sales.ss_item_sk,
    COUNT(store_sales.ss_coupon_amt) AS count_ss_coupon_amt,
    COUNT(store_sales.ss_list_price) AS count_ss_list_price,
    COUNT(store_sales.ss_quantity) AS count_ss_quantity,
    COUNT(store_sales.ss_sales_price) AS count_ss_sales_price,
    SUM(store_sales.ss_coupon_amt) AS sum_ss_coupon_amt,
    SUM(store_sales.ss_list_price) AS sum_ss_list_price,
    SUM(store_sales.ss_quantity) AS sum_ss_quantity,
    SUM(store_sales.ss_sales_price) AS sum_ss_sales_price
  FROM tpcds.store_sales AS store_sales
  JOIN tpcds.date_dim AS date_dim
    ON date_dim.d_date_sk = store_sales.ss_sold_date_sk AND date_dim.d_year = 2002
  JOIN tpcds.customer_demographics AS customer_demographics
    ON customer_demographics.cd_demo_sk = store_sales.ss_cdemo_sk
    AND customer_demographics.cd_education_status = 'College'
    AND customer_demographics.cd_gender = 'M'
    AND customer_demographics.cd_marital_status = 'S'
  JOIN tpcds.store AS store
    ON store.s_state = 'TN' AND store.s_store_sk = store_sales.ss_store_sk
  GROUP BY
    1,
    2
)
SELECT
  item.i_item_id,
  _s6.s_state,
  0 AS g_state,
  CAST(SUM(_s6.sum_ss_quantity) AS DOUBLE PRECISION) / SUM(_s6.count_ss_quantity) AS agg1,
  CAST(SUM(_s6.sum_ss_list_price) AS DOUBLE PRECISION) / SUM(_s6.count_ss_list_price) AS agg2,
  CAST(SUM(_s6.sum_ss_coupon_amt) AS DOUBLE PRECISION) / SUM(_s6.count_ss_coupon_amt) AS agg3,
  CAST(SUM(_s6.sum_ss_sales_price) AS DOUBLE PRECISION) / SUM(_s6.count_ss_sales_price) AS agg4
FROM _s6 AS _s6
JOIN tpcds.item AS item
  ON _s6.ss_item_sk = item.i_item_sk
GROUP BY
  1,
  2
ORDER BY
  1 NULLS FIRST,
  2 NULLS FIRST
LIMIT 100",14.008853082999849,3.3871888630001195,"Limit  (cost=52056.72..258476.82 rows=100 width=152) (actual time=12948.417..14000.639 rows=100 loops=1)
  ->  GroupAggregate  (cost=52056.72..3358906.73 rows=1602 width=152) (actual time=12928.955..13981.168 rows=100 loops=1)
        Group Key: i.i_item_id, s.s_state
        ->  Incremental Sort  (cost=52056.72..3358846.65 rows=1602 width=43) (actual time=12928.911..13980.937 rows=126 loops=1)
              Sort Key: i.i_item_id, s.s_state
              Presorted Key: i.i_item_id
              Full-sort Groups: 4  Sort Method: quicksort  Average Memory: 27kB  Peak Memory: 27kB
              ->  Nested Loop  (cost=49991.31..3358774.56 rows=1602 width=43) (actual time=12598.294..13980.784 rows=129 loops=1)
                    Join Filter: (ss.ss_item_sk = i.i_item_sk)
                    Rows Removed by Join Filter: 14728635
                    ->  Gather Merge  (cost=9196.25..21075.83 rows=102000 width=25) (actual time=175.738..182.572 rows=589 loops=1)
                          Workers Planned: 2
                          Workers Launched: 2
                          ->  Sort  (cost=8196.22..8302.47 rows=42500 width=25) (actual time=112.503..112.595 rows=881 loops=3)
                                Sort Key: i.i_item_id
                                Sort Method: external merge  Disk: 2168kB
                                Worker 0:  Sort Method: quicksort  Memory: 1723kB
                                Worker 1:  Sort Method: quicksort  Memory: 2525kB
                                ->  Parallel Seq Scan on item i  (cost=0.00..4929.00 rows=42500 width=25) (actual time=1.636..10.036 rows=34000 loops=3)
                    ->  Materialize  (cost=40795.06..886642.74 rows=1602 width=34) (actual time=0.234..21.992 rows=25006 loops=589)
                          ->  Nested Loop  (cost=40795.06..886634.73 rows=1602 width=34) (actual time=137.924..12403.846 rows=25041 loops=1)
                                Join Filter: (ss.ss_store_sk = s.s_store_sk)
                                Rows Removed by Join Filter: 2327921
                                ->  Gather  (cost=40795.06..884062.72 rows=1900 width=39) (actual time=135.434..12101.498 rows=75902 loops=1)
                                      Workers Planned: 2
                                      Workers Launched: 2
                                      ->  Parallel Hash Join  (cost=39795.06..882872.72 rows=792 width=39) (actual time=122.911..12288.541 rows=25301 loops=3)
                                            Hash Cond: (ss.ss_cdemo_sk = cd.cd_demo_sk)
                                            ->  Parallel Hash Join  (cost=2571.79..845432.77 rows=56902 width=47) (actual time=4.730..11978.237 rows=1834706 loops=3)
                                                  Hash Cond: (ss.ss_sold_date_sk = d.d_date_sk)
                                                  ->  Parallel Seq Scan on store_sales ss  (cost=0.00..797528.85 rows=11999285 width=55) (actual time=0.249..10630.199 rows=9600330 loops=3)
                                                  ->  Parallel Hash  (cost=2569.12..2569.12 rows=213 width=8) (actual time=4.261..4.262 rows=122 loops=3)
                                                        Buckets: 1024  Batches: 1  Memory Usage: 104kB
                                                        ->  Parallel Seq Scan on date_dim d  (cost=0.00..2569.12 rows=213 width=8) (actual time=2.229..4.165 rows=122 loops=3)
                                                              Filter: (d_year = 2002)
                                                              Rows Removed by Filter: 24228
                                            ->  Parallel Hash  (cost=37077.83..37077.83 rows=11635 width=8) (actual time=115.429..115.430 rows=9147 loops=3)
                                                  Buckets: 32768  Batches: 1  Memory Usage: 1376kB
                                                  ->  Parallel Seq Scan on customer_demographics cd  (cost=0.00..37077.83 rows=11635 width=8) (actual time=7.202..112.215 rows=9147 loops=3)
                                                        Filter: (((cd_gender)::text = 'M'::text) AND ((cd_marital_status)::text = 'S'::text) AND ((cd_education_status)::text = 'College'::text))
                                                        Rows Removed by Filter: 631120
                                ->  Materialize  (cost=0.00..7.24 rows=90 width=11) (actual time=0.000..0.002 rows=31 loops=75902)
                                      ->  Seq Scan on store s  (cost=0.00..6.79 rows=90 width=11) (actual time=0.022..0.086 rows=31 loops=1)
                                            Filter: ((s_state)::text = ANY ('{TN,TN,TN,TN,TN,TN}'::text[]))
                                            Rows Removed by Filter: 71
Planning Time: 0.354 ms
JIT:
  Functions: 87
  Options: Inlining false, Optimization false, Expressions true, Deforming true
  Timing: Generation 4.696 ms, Inlining 0.000 ms, Optimization 2.263 ms, Emission 43.833 ms, Total 50.791 ms
Execution Time: 14003.419 ms","Limit  (cost=890818.70..890827.45 rows=100 width=56) (actual time=3518.943..3519.814 rows=100 loops=1)
  ->  GroupAggregate  (cost=890818.70..890867.00 rows=552 width=56) (actual time=3091.838..3092.702 rows=100 loops=1)
        Group Key: item.i_item_id, store.s_state
        ->  Sort  (cost=890818.70..890820.08 rows=552 width=180) (actual time=3091.796..3092.455 rows=101 loops=1)
              Sort Key: item.i_item_id NULLS FIRST, store.s_state NULLS FIRST
              Sort Method: quicksort  Memory: 2885kB
              ->  Hash Join  (cost=890692.70..890793.56 rows=552 width=180) (actual time=3004.956..3036.964 rows=19773 loops=1)
                    Hash Cond: (store_sales.ss_item_sk = item.i_item_sk)
                    ->  GroupAggregate  (cost=883893.70..883981.45 rows=552 width=171) (actual time=2974.822..3000.696 rows=19773 loops=1)
                          Group Key: store_sales.ss_item_sk
                          ->  Gather Merge  (cost=883893.70..883957.99 rows=552 width=34) (actual time=2974.775..2979.740 rows=25041 loops=1)
                                Workers Planned: 2
                                Workers Launched: 2
                                ->  Sort  (cost=882893.67..882894.25 rows=230 width=34) (actual time=2960.352..2961.172 rows=8347 loops=3)
                                      Sort Key: store_sales.ss_item_sk
                                      Sort Method: quicksort  Memory: 936kB
                                      Worker 0:  Sort Method: quicksort  Memory: 650kB
                                      Worker 1:  Sort Method: quicksort  Memory: 973kB
                                      ->  Hash Join  (cost=39801.72..882884.65 rows=230 width=34) (actual time=372.258..2957.722 rows=8347 loops=3)
                                            Hash Cond: (store_sales.ss_store_sk = store.s_store_sk)
                                            ->  Parallel Hash Join  (cost=39795.06..882872.72 rows=792 width=39) (actual time=88.678..2671.639 rows=25301 loops=3)
                                                  Hash Cond: (store_sales.ss_cdemo_sk = customer_demographics.cd_demo_sk)
                                                  ->  Parallel Hash Join  (cost=2571.79..845432.77 rows=56902 width=47) (actual time=2.312..2407.728 rows=1834706 loops=3)
                                                        Hash Cond: (store_sales.ss_sold_date_sk = date_dim.d_date_sk)
                                                        ->  Parallel Seq Scan on store_sales  (cost=0.00..797528.85 rows=11999285 width=55) (actual time=0.026..1232.781 rows=9600330 loops=3)
                                                        ->  Parallel Hash  (cost=2569.12..2569.12 rows=213 width=8) (actual time=2.247..2.248 rows=122 loops=3)
                                                              Buckets: 1024  Batches: 1  Memory Usage: 40kB
                                                              ->  Parallel Seq Scan on date_dim  (cost=0.00..2569.12 rows=213 width=8) (actual time=3.443..6.661 rows=365 loops=1)
                                                                    Filter: (d_year = 2002)
                                                                    Rows Removed by Filter: 72684
                                                  ->  Parallel Hash  (cost=37077.83..37077.83 rows=11635 width=8) (actual time=84.544..84.544 rows=9147 loops=3)
                                                        Buckets: 32768  Batches: 1  Memory Usage: 1344kB
                                                        ->  Parallel Seq Scan on customer_demographics  (cost=0.00..37077.83 rows=11635 width=8) (actual time=0.025..244.331 rows=27440 loops=1)
                                                              Filter: (((cd_education_status)::text = 'College'::text) AND ((cd_gender)::text = 'M'::text) AND ((cd_marital_status)::text = 'S'::text))
                                                              Rows Removed by Filter: 1893360
                                            ->  Hash  (cost=6.28..6.28 rows=31 width=11) (actual time=282.670..282.670 rows=31 loops=3)
                                                  Buckets: 1024  Batches: 1  Memory Usage: 10kB
                                                  ->  Seq Scan on store  (cost=0.00..6.28 rows=31 width=11) (actual time=282.615..282.657 rows=31 loops=3)
                                                        Filter: ((s_state)::text = 'TN'::text)
                                                        Rows Removed by Filter: 71
                    ->  Hash  (cost=5524.00..5524.00 rows=102000 width=25) (actual time=30.066..30.067 rows=102000 loops=1)
                          Buckets: 131072  Batches: 1  Memory Usage: 7399kB
                          ->  Seq Scan on item  (cost=0.00..5524.00 rows=102000 width=25) (actual time=0.020..17.816 rows=102000 loops=1)
Planning Time: 0.320 ms
JIT:
  Functions: 110
  Options: Inlining true, Optimization true, Expressions true, Deforming true
  Timing: Generation 6.514 ms, Inlining 144.720 ms, Optimization 687.934 ms, Emission 442.393 ms, Total 1281.561 ms
Execution Time: 3522.531 ms",SUCCESS
41,42,TPCDS,Q28,"SELECT * FROM
(
    SELECT
        AVG(ss_list_price)                 AS B1_LP,
        COUNT(ss_list_price)               AS B1_CNT,
        COUNT(DISTINCT ss_list_price)      AS B1_CNTD
    FROM tpcds.store_sales
    WHERE ss_quantity BETWEEN 0 AND 5
      AND (
            ss_list_price BETWEEN 8 AND 8 + 10 
         OR ss_coupon_amt BETWEEN 459 AND 459 + 1000             
         OR ss_wholesale_cost BETWEEN 57 AND 57 + 20             
      )
) B1,
(
    SELECT
        AVG(ss_list_price)                 AS B2_LP,
        COUNT(ss_list_price)               AS B2_CNT,
        COUNT(DISTINCT ss_list_price)      AS B2_CNTD
    FROM tpcds.store_sales
    WHERE ss_quantity BETWEEN 6 AND 10
      AND (
            ss_list_price BETWEEN 90 AND 90 + 10                 
         OR ss_coupon_amt BETWEEN 2323 AND 2323 + 1000           
         OR ss_wholesale_cost BETWEEN 31 AND 31 + 20             
      )
) B2,
(
    SELECT
        AVG(ss_list_price)                 AS B3_LP,
        COUNT(ss_list_price)               AS B3_CNT,
        COUNT(DISTINCT ss_list_price)      AS B3_CNTD
    FROM tpcds.store_sales
    WHERE ss_quantity BETWEEN 11 AND 15
      AND (
            ss_list_price BETWEEN 142 AND 142 + 10              
         OR ss_coupon_amt BETWEEN 12214 AND 12214 + 1000         
         OR ss_wholesale_cost BETWEEN 79 AND 79 + 20              
      )
) B3,
(
    SELECT
        AVG(ss_list_price)                 AS B4_LP,
        COUNT(ss_list_price)               AS B4_CNT,
        COUNT(DISTINCT ss_list_price)      AS B4_CNTD
    FROM tpcds.store_sales
    WHERE ss_quantity BETWEEN 16 AND 20
      AND (
            ss_list_price BETWEEN 135 AND 135 + 10               
         OR ss_coupon_amt BETWEEN 6071 AND 6071 + 1000            
         OR ss_wholesale_cost BETWEEN 38 AND 38 + 20              
      )
) B4,
(
    SELECT
        AVG(ss_list_price)                 AS B5_LP,
        COUNT(ss_list_price)               AS B5_CNT,
        COUNT(DISTINCT ss_list_price)      AS B5_CNTD
    FROM tpcds.store_sales
    WHERE ss_quantity BETWEEN 21 AND 25
      AND (
            ss_list_price BETWEEN 122 AND 122 + 10              
         OR ss_coupon_amt BETWEEN 836 AND 836 + 1000             
         OR ss_wholesale_cost BETWEEN 17 AND 17 + 20              
      )
) B5,
(
    SELECT
        AVG(ss_list_price)                 AS B6_LP,
        COUNT(ss_list_price)               AS B6_CNT,
        COUNT(DISTINCT ss_list_price)      AS B6_CNTD
    FROM tpcds.store_sales
    WHERE ss_quantity BETWEEN 26 AND 30
      AND (
            ss_list_price BETWEEN 154 AND 154 + 10              
         OR ss_coupon_amt BETWEEN 7326 AND 7326 + 1000           
         OR ss_wholesale_cost BETWEEN 7 AND 7 + 20                
      )
) B6
LIMIT 100;","bucket1_sales = store_sales.WHERE(
    MONOTONIC(0, quantity, 5)
    & (
        MONOTONIC(8, list_price, (8+10))
        | MONOTONIC(459, coupon_amount, (459 + 1000))
        | MONOTONIC(57, wholesale_cost, (57 + 20))
    )
)
bucket2_sales = store_sales.WHERE(
    MONOTONIC(6, quantity, 10)
    & (
        MONOTONIC(90, list_price, (90+10))
        | MONOTONIC(2323, coupon_amount, (2323 + 1000))
        | MONOTONIC(31, wholesale_cost, (31 + 20))
    )
)
bucket3_sales = store_sales.WHERE(
    MONOTONIC(11, quantity, 15)
    & (
        MONOTONIC(142, list_price, (142+10))
        | MONOTONIC(12214, coupon_amount, (12214 + 1000))
        | MONOTONIC(79, wholesale_cost, (79 + 20))
    )
)
bucket4_sales = store_sales.WHERE(
    MONOTONIC(16, quantity, 20)
    & (
        MONOTONIC(135, list_price, (135+10))
        | MONOTONIC(6071, coupon_amount, (6071 + 1000))
        | MONOTONIC(38, wholesale_cost, (38 + 20))
    )
)
bucket5_sales = store_sales.WHERE(
    MONOTONIC(21, quantity, 25)
    & (
        MONOTONIC(122, list_price, (122+10))
        | MONOTONIC(836, coupon_amount, (836 + 1000))
        | MONOTONIC(17, wholesale_cost, (17 + 20))
    )
)

bucket6_sales = store_sales.WHERE(
    MONOTONIC(26, quantity, 30)
    & (
        MONOTONIC(154, list_price, (154+10))
        | MONOTONIC(7326, coupon_amount, (7326 + 1000))
        | MONOTONIC(7, wholesale_cost, (7 + 20))
    )
)
result = TPCDS.CALCULATE(
    b1_lp=AVG(bucket1_sales.list_price),
    b1_cnt=COUNT(bucket1_sales.list_price),
    b1_cntd=NDISTINCT(bucket1_sales.list_price),

    b2_lp=AVG(bucket2_sales.list_price),
    b2_cnt=COUNT(bucket2_sales.list_price),
    b2_cntd=NDISTINCT(bucket2_sales.list_price),

    b3_lp=AVG(bucket3_sales.list_price),
    b3_cnt=COUNT(bucket3_sales.list_price),
    b3_cntd=NDISTINCT(bucket3_sales.list_price),

    b4_lp=AVG(bucket4_sales.list_price),
    b4_cnt=COUNT(bucket4_sales.list_price),
    b4_cntd=NDISTINCT(bucket4_sales.list_price),

    b5_lp=AVG(bucket5_sales.list_price),
    b5_cnt=COUNT(bucket5_sales.list_price),
    b5_cntd=NDISTINCT(bucket5_sales.list_price),

    b6_lp=AVG(bucket6_sales.list_price),
    b6_cnt=COUNT(bucket6_sales.list_price),
    b6_cntd=NDISTINCT(bucket6_sales.list_price)
)","WITH _s0 AS (
  SELECT
    AVG(CAST(ss_list_price AS DECIMAL)) AS avg_ss_list_price,
    COUNT(ss_list_price) AS count_ss_list_price,
    COUNT(DISTINCT ss_list_price) AS ndistinct_ss_list_price
  FROM tpcds.store_sales
  WHERE
    (
      ss_coupon_amt <= 1459 OR ss_list_price <= 18 OR ss_wholesale_cost <= 77
    )
    AND (
      ss_coupon_amt <= 1459 OR ss_list_price <= 18 OR ss_wholesale_cost >= 57
    )
    AND (
      ss_coupon_amt <= 1459 OR ss_list_price >= 8 OR ss_wholesale_cost <= 77
    )
    AND (
      ss_coupon_amt <= 1459 OR ss_list_price >= 8 OR ss_wholesale_cost >= 57
    )
    AND (
      ss_coupon_amt >= 459 OR ss_list_price <= 18 OR ss_wholesale_cost <= 77
    )
    AND (
      ss_coupon_amt >= 459 OR ss_list_price <= 18 OR ss_wholesale_cost >= 57
    )
    AND (
      ss_coupon_amt >= 459 OR ss_list_price >= 8 OR ss_wholesale_cost <= 77
    )
    AND (
      ss_coupon_amt >= 459 OR ss_list_price >= 8 OR ss_wholesale_cost >= 57
    )
    AND ss_quantity <= 5
    AND ss_quantity >= 0
), _s1 AS (
  SELECT
    AVG(CAST(ss_list_price AS DECIMAL)) AS avg_ss_list_price,
    COUNT(ss_list_price) AS count_ss_list_price,
    COUNT(DISTINCT ss_list_price) AS ndistinct_ss_list_price
  FROM tpcds.store_sales
  WHERE
    (
      ss_coupon_amt <= 3323 OR ss_list_price <= 100 OR ss_wholesale_cost <= 51
    )
    AND (
      ss_coupon_amt <= 3323 OR ss_list_price <= 100 OR ss_wholesale_cost >= 31
    )
    AND (
      ss_coupon_amt <= 3323 OR ss_list_price >= 90 OR ss_wholesale_cost <= 51
    )
    AND (
      ss_coupon_amt <= 3323 OR ss_list_price >= 90 OR ss_wholesale_cost >= 31
    )
    AND (
      ss_coupon_amt >= 2323 OR ss_list_price <= 100 OR ss_wholesale_cost <= 51
    )
    AND (
      ss_coupon_amt >= 2323 OR ss_list_price <= 100 OR ss_wholesale_cost >= 31
    )
    AND (
      ss_coupon_amt >= 2323 OR ss_list_price >= 90 OR ss_wholesale_cost <= 51
    )
    AND (
      ss_coupon_amt >= 2323 OR ss_list_price >= 90 OR ss_wholesale_cost >= 31
    )
    AND ss_quantity <= 10
    AND ss_quantity >= 6
), _s3 AS (
  SELECT
    AVG(CAST(ss_list_price AS DECIMAL)) AS avg_ss_list_price,
    COUNT(ss_list_price) AS count_ss_list_price,
    COUNT(DISTINCT ss_list_price) AS ndistinct_ss_list_price
  FROM tpcds.store_sales
  WHERE
    (
      ss_coupon_amt <= 13214 OR ss_list_price <= 152 OR ss_wholesale_cost <= 99
    )
    AND (
      ss_coupon_amt <= 13214 OR ss_list_price <= 152 OR ss_wholesale_cost >= 79
    )
    AND (
      ss_coupon_amt <= 13214 OR ss_list_price >= 142 OR ss_wholesale_cost <= 99
    )
    AND (
      ss_coupon_amt <= 13214 OR ss_list_price >= 142 OR ss_wholesale_cost >= 79
    )
    AND (
      ss_coupon_amt >= 12214 OR ss_list_price <= 152 OR ss_wholesale_cost <= 99
    )
    AND (
      ss_coupon_amt >= 12214 OR ss_list_price <= 152 OR ss_wholesale_cost >= 79
    )
    AND (
      ss_coupon_amt >= 12214 OR ss_list_price >= 142 OR ss_wholesale_cost <= 99
    )
    AND (
      ss_coupon_amt >= 12214 OR ss_list_price >= 142 OR ss_wholesale_cost >= 79
    )
    AND ss_quantity <= 15
    AND ss_quantity >= 11
), _s5 AS (
  SELECT
    AVG(CAST(ss_list_price AS DECIMAL)) AS avg_ss_list_price,
    COUNT(ss_list_price) AS count_ss_list_price,
    COUNT(DISTINCT ss_list_price) AS ndistinct_ss_list_price
  FROM tpcds.store_sales
  WHERE
    (
      ss_coupon_amt <= 7071 OR ss_list_price <= 145 OR ss_wholesale_cost <= 58
    )
    AND (
      ss_coupon_amt <= 7071 OR ss_list_price <= 145 OR ss_wholesale_cost >= 38
    )
    AND (
      ss_coupon_amt <= 7071 OR ss_list_price >= 135 OR ss_wholesale_cost <= 58
    )
    AND (
      ss_coupon_amt <= 7071 OR ss_list_price >= 135 OR ss_wholesale_cost >= 38
    )
    AND (
      ss_coupon_amt >= 6071 OR ss_list_price <= 145 OR ss_wholesale_cost <= 58
    )
    AND (
      ss_coupon_amt >= 6071 OR ss_list_price <= 145 OR ss_wholesale_cost >= 38
    )
    AND (
      ss_coupon_amt >= 6071 OR ss_list_price >= 135 OR ss_wholesale_cost <= 58
    )
    AND (
      ss_coupon_amt >= 6071 OR ss_list_price >= 135 OR ss_wholesale_cost >= 38
    )
    AND ss_quantity <= 20
    AND ss_quantity >= 16
), _s7 AS (
  SELECT
    AVG(CAST(ss_list_price AS DECIMAL)) AS avg_ss_list_price,
    COUNT(ss_list_price) AS count_ss_list_price,
    COUNT(DISTINCT ss_list_price) AS ndistinct_ss_list_price
  FROM tpcds.store_sales
  WHERE
    (
      ss_coupon_amt <= 1836 OR ss_list_price <= 132 OR ss_wholesale_cost <= 37
    )
    AND (
      ss_coupon_amt <= 1836 OR ss_list_price <= 132 OR ss_wholesale_cost >= 17
    )
    AND (
      ss_coupon_amt <= 1836 OR ss_list_price >= 122 OR ss_wholesale_cost <= 37
    )
    AND (
      ss_coupon_amt <= 1836 OR ss_list_price >= 122 OR ss_wholesale_cost >= 17
    )
    AND (
      ss_coupon_amt >= 836 OR ss_list_price <= 132 OR ss_wholesale_cost <= 37
    )
    AND (
      ss_coupon_amt >= 836 OR ss_list_price <= 132 OR ss_wholesale_cost >= 17
    )
    AND (
      ss_coupon_amt >= 836 OR ss_list_price >= 122 OR ss_wholesale_cost <= 37
    )
    AND (
      ss_coupon_amt >= 836 OR ss_list_price >= 122 OR ss_wholesale_cost >= 17
    )
    AND ss_quantity <= 25
    AND ss_quantity >= 21
), _s9 AS (
  SELECT
    AVG(CAST(ss_list_price AS DECIMAL)) AS avg_ss_list_price,
    COUNT(ss_list_price) AS count_ss_list_price,
    COUNT(DISTINCT ss_list_price) AS ndistinct_ss_list_price
  FROM tpcds.store_sales
  WHERE
    (
      ss_coupon_amt <= 8326 OR ss_list_price <= 164 OR ss_wholesale_cost <= 27
    )
    AND (
      ss_coupon_amt <= 8326 OR ss_list_price <= 164 OR ss_wholesale_cost >= 7
    )
    AND (
      ss_coupon_amt <= 8326 OR ss_list_price >= 154 OR ss_wholesale_cost <= 27
    )
    AND (
      ss_coupon_amt <= 8326 OR ss_list_price >= 154 OR ss_wholesale_cost >= 7
    )
    AND (
      ss_coupon_amt >= 7326 OR ss_list_price <= 164 OR ss_wholesale_cost <= 27
    )
    AND (
      ss_coupon_amt >= 7326 OR ss_list_price <= 164 OR ss_wholesale_cost >= 7
    )
    AND (
      ss_coupon_amt >= 7326 OR ss_list_price >= 154 OR ss_wholesale_cost <= 27
    )
    AND (
      ss_coupon_amt >= 7326 OR ss_list_price >= 154 OR ss_wholesale_cost >= 7
    )
    AND ss_quantity <= 30
    AND ss_quantity >= 26
)
SELECT
  _s0.avg_ss_list_price AS b1_lp,
  _s0.count_ss_list_price AS b1_cnt,
  _s0.ndistinct_ss_list_price AS b1_cntd,
  _s1.avg_ss_list_price AS b2_lp,
  _s1.count_ss_list_price AS b2_cnt,
  _s1.ndistinct_ss_list_price AS b2_cntd,
  _s3.avg_ss_list_price AS b3_lp,
  _s3.count_ss_list_price AS b3_cnt,
  _s3.ndistinct_ss_list_price AS b3_cntd,
  _s5.avg_ss_list_price AS b4_lp,
  _s5.count_ss_list_price AS b4_cnt,
  _s5.ndistinct_ss_list_price AS b4_cntd,
  _s7.avg_ss_list_price AS b5_lp,
  _s7.count_ss_list_price AS b5_cnt,
  _s7.ndistinct_ss_list_price AS b5_cntd,
  _s9.avg_ss_list_price AS b6_lp,
  _s9.count_ss_list_price AS b6_cnt,
  _s9.ndistinct_ss_list_price AS b6_cntd
FROM _s0 AS _s0
CROSS JOIN _s1 AS _s1
CROSS JOIN _s3 AS _s3
CROSS JOIN _s5 AS _s5
CROSS JOIN _s7 AS _s7
CROSS JOIN _s9 AS _s9",11.124947163000797,12.755850774999999,"Limit  (cost=6554230.29..6554230.40 rows=1 width=288) (actual time=11367.540..11373.670 rows=1 loops=1)
  ->  Nested Loop  (cost=6554230.29..6554230.40 rows=1 width=288) (actual time=10770.703..10776.833 rows=1 loops=1)
        ->  Nested Loop  (cost=5467913.53..5467913.62 rows=1 width=240) (actual time=8995.229..8995.654 rows=1 loops=1)
              ->  Nested Loop  (cost=4372020.21..4372020.28 rows=1 width=192) (actual time=7169.328..7169.658 rows=1 loops=1)
                    ->  Nested Loop  (cost=3284257.38..3284257.43 rows=1 width=144) (actual time=5409.434..5409.697 rows=1 loops=1)
                          ->  Nested Loop  (cost=2199768.66..2199768.69 rows=1 width=96) (actual time=3634.423..3634.612 rows=1 loops=1)
                                ->  Aggregate  (cost=1101711.60..1101711.61 rows=1 width=48) (actual time=1805.464..1805.574 rows=1 loops=1)
                                      ->  Gather Merge  (cost=1054420.12..1098850.45 rows=381486 width=6) (actual time=1690.728..1763.862 rows=367014 loops=1)
                                            Workers Planned: 2
                                            Workers Launched: 2
                                            ->  Sort  (cost=1053420.10..1053817.48 rows=158952 width=6) (actual time=1669.471..1678.395 rows=122338 loops=3)
                                                  Sort Key: store_sales.ss_list_price
                                                  Sort Method: external merge  Disk: 1792kB
                                                  Worker 0:  Sort Method: quicksort  Memory: 4018kB
                                                  Worker 1:  Sort Method: quicksort  Memory: 4012kB
                                                  ->  Parallel Seq Scan on store_sales  (cost=0.00..1037514.55 rows=158952 width=6) (actual time=148.399..1625.050 rows=122338 loops=3)
                                                        Filter: ((ss_quantity >= 0) AND (ss_quantity <= 5) AND (((ss_list_price >= '8'::numeric) AND (ss_list_price <= '18'::numeric)) OR ((ss_coupon_amt >= '459'::numeric) AND (ss_coupon_amt <= '1459'::numeric)) OR ((ss_wholesale_cost >= '57'::numeric) AND (ss_wholesale_cost <= '77'::numeric))))
                                                        Rows Removed by Filter: 9477992
                                ->  Aggregate  (cost=1098057.06..1098057.07 rows=1 width=48) (actual time=1828.952..1829.030 rows=1 loops=1)
                                      ->  Gather Merge  (cost=1053453.79..1095358.55 rows=359801 width=6) (actual time=1713.544..1783.443 rows=355872 loops=1)
                                            Workers Planned: 2
                                            Workers Launched: 2
                                            ->  Sort  (cost=1052453.77..1052828.56 rows=149917 width=6) (actual time=1690.376..1702.170 rows=118624 loops=3)
                                                  Sort Key: store_sales_1.ss_list_price
                                                  Sort Method: external sort  Disk: 1656kB
                                                  Worker 0:  Sort Method: external merge  Disk: 1552kB
                                                  Worker 1:  Sort Method: quicksort  Memory: 3986kB
                                                  ->  Parallel Seq Scan on store_sales store_sales_1  (cost=0.00..1037514.55 rows=149917 width=6) (actual time=125.109..1637.980 rows=118624 loops=3)
                                                        Filter: ((ss_quantity >= 6) AND (ss_quantity <= 10) AND (((ss_list_price >= '90'::numeric) AND (ss_list_price <= '100'::numeric)) OR ((ss_coupon_amt >= '2323'::numeric) AND (ss_coupon_amt <= '3323'::numeric)) OR ((ss_wholesale_cost >= '31'::numeric) AND (ss_wholesale_cost <= '51'::numeric))))
                                                        Rows Removed by Filter: 9481706
                          ->  Aggregate  (cost=1084488.73..1084488.74 rows=1 width=48) (actual time=1775.004..1775.078 rows=1 loops=1)
                                ->  Gather Merge  (cost=1048673.07..1082321.87 rows=288914 width=6) (actual time=1681.269..1737.703 rows=282365 loops=1)
                                      Workers Planned: 2
                                      Workers Launched: 2
                                      ->  Sort  (cost=1047673.05..1047974.00 rows=120381 width=6) (actual time=1658.036..1665.906 rows=94122 loops=3)
                                            Sort Key: store_sales_2.ss_list_price
                                            Sort Method: quicksort  Memory: 3839kB
                                            Worker 0:  Sort Method: quicksort  Memory: 3655kB
                                            Worker 1:  Sort Method: external merge  Disk: 1256kB
                                            ->  Parallel Seq Scan on store_sales store_sales_2  (cost=0.00..1037514.55 rows=120381 width=6) (actual time=125.124..1622.792 rows=94122 loops=3)
                                                  Filter: ((ss_quantity >= 11) AND (ss_quantity <= 15) AND (((ss_list_price >= '142'::numeric) AND (ss_list_price <= '152'::numeric)) OR ((ss_coupon_amt >= '12214'::numeric) AND (ss_coupon_amt <= '13214'::numeric)) OR ((ss_wholesale_cost >= '79'::numeric) AND (ss_wholesale_cost <= '99'::numeric))))
                                                  Rows Removed by Filter: 9506209
                    ->  Aggregate  (cost=1087762.83..1087762.84 rows=1 width=48) (actual time=1759.888..1759.954 rows=1 loops=1)
                          ->  Gather Merge  (cost=1049445.41..1085444.61 rows=309095 width=6) (actual time=1666.021..1723.552 rows=319172 loops=1)
                                Workers Planned: 2
                                Workers Launched: 2
                                ->  Sort  (cost=1048445.38..1048767.36 rows=128790 width=6) (actual time=1647.300..1652.871 rows=106391 loops=3)
                                      Sort Key: store_sales_3.ss_list_price
                                      Sort Method: external sort  Disk: 2144kB
                                      Worker 0:  Sort Method: quicksort  Memory: 3804kB
                                      Worker 1:  Sort Method: quicksort  Memory: 3802kB
                                      ->  Parallel Seq Scan on store_sales store_sales_3  (cost=0.00..1037514.55 rows=128790 width=6) (actual time=143.178..1603.791 rows=106391 loops=3)
                                            Filter: ((ss_quantity >= 16) AND (ss_quantity <= 20) AND (((ss_list_price >= '135'::numeric) AND (ss_list_price <= '145'::numeric)) OR ((ss_coupon_amt >= '6071'::numeric) AND (ss_coupon_amt <= '7071'::numeric)) OR ((ss_wholesale_cost >= '38'::numeric) AND (ss_wholesale_cost <= '58'::numeric))))
                                            Rows Removed by Filter: 9493940
              ->  Aggregate  (cost=1095893.32..1095893.33 rows=1 width=48) (actual time=1825.895..1825.989 rows=1 loops=1)
                    ->  Gather Merge  (cost=1052882.28..1093291.14 rows=346957 width=6) (actual time=1701.141..1776.618 rows=365262 loops=1)
                          Workers Planned: 2
                          Workers Launched: 2
                          ->  Sort  (cost=1051882.25..1052243.67 rows=144565 width=6) (actual time=1677.829..1692.452 rows=121754 loops=3)
                                Sort Key: store_sales_4.ss_list_price
                                Sort Method: external sort  Disk: 1688kB
                                Worker 0:  Sort Method: external merge  Disk: 1512kB
                                Worker 1:  Sort Method: external merge  Disk: 1168kB
                                ->  Parallel Seq Scan on store_sales store_sales_4  (cost=0.00..1037514.55 rows=144565 width=6) (actual time=125.319..1624.500 rows=121754 loops=3)
                                      Filter: ((ss_quantity >= 21) AND (ss_quantity <= 25) AND (((ss_list_price >= '122'::numeric) AND (ss_list_price <= '132'::numeric)) OR ((ss_coupon_amt >= '836'::numeric) AND (ss_coupon_amt <= '1836'::numeric)) OR ((ss_wholesale_cost >= '17'::numeric) AND (ss_wholesale_cost <= '37'::numeric))))
                                      Rows Removed by Filter: 9478576
        ->  Aggregate  (cost=1086316.76..1086316.77 rows=1 width=48) (actual time=1775.467..1781.170 rows=1 loops=1)
              ->  Gather Merge  (cost=1049103.88..1084065.37 rows=300185 width=6) (actual time=1679.306..1742.587 rows=302090 loops=1)
                    Workers Planned: 2
                    Workers Launched: 2
                    ->  Sort  (cost=1048103.85..1048416.55 rows=125077 width=6) (actual time=1656.314..1664.875 rows=100697 loops=3)
                          Sort Key: store_sales_5.ss_list_price
                          Sort Method: quicksort  Memory: 3963kB
                          Worker 0:  Sort Method: quicksort  Memory: 3731kB
                          Worker 1:  Sort Method: external merge  Disk: 1328kB
                          ->  Parallel Seq Scan on store_sales store_sales_5  (cost=0.00..1037514.55 rows=125077 width=6) (actual time=124.334..1619.831 rows=100697 loops=3)
                                Filter: ((ss_quantity >= 26) AND (ss_quantity <= 30) AND (((ss_list_price >= '154'::numeric) AND (ss_list_price <= '164'::numeric)) OR ((ss_coupon_amt >= '7326'::numeric) AND (ss_coupon_amt <= '8326'::numeric)) OR ((ss_wholesale_cost >= '7'::numeric) AND (ss_wholesale_cost <= '27'::numeric))))
                                Rows Removed by Filter: 9499634
Planning Time: 0.505 ms
JIT:
  Functions: 90
  Options: Inlining true, Optimization true, Expressions true, Deforming true
  Timing: Generation 13.447 ms, Inlining 845.216 ms, Optimization 1283.261 ms, Emission 841.573 ms, Total 2983.498 ms
Execution Time: 11378.486 ms","Nested Loop  (cost=9898356.33..9898356.44 rows=1 width=288) (actual time=11733.372..11739.058 rows=1 loops=1)
  ->  Nested Loop  (cost=8263697.57..8263697.66 rows=1 width=240) (actual time=9839.999..9840.383 rows=1 loops=1)
        ->  Nested Loop  (cost=6607682.44..6607682.51 rows=1 width=192) (actual time=7916.207..7916.526 rows=1 loops=1)
              ->  Nested Loop  (cost=4952099.98..4952100.03 rows=1 width=144) (actual time=5998.400..5998.651 rows=1 loops=1)
                    ->  Nested Loop  (cost=3325410.18..3325410.21 rows=1 width=96) (actual time=4102.274..4102.454 rows=1 loops=1)
                          ->  Aggregate  (cost=1659054.35..1659054.36 rows=1 width=48) (actual time=2184.682..2184.788 rows=1 loops=1)
                                ->  Gather Merge  (cost=1599022.59..1655422.41 rows=484258 width=6) (actual time=2067.977..2140.393 rows=367014 loops=1)
                                      Workers Planned: 2
                                      Workers Launched: 2
                                      ->  Sort  (cost=1598022.57..1598527.00 rows=201774 width=6) (actual time=2050.707..2067.735 rows=122338 loops=3)
                                            Sort Key: store_sales.ss_list_price
                                            Sort Method: external merge  Disk: 1376kB
                                            Worker 0:  Sort Method: external merge  Disk: 1280kB
                                            Worker 1:  Sort Method: external merge  Disk: 1288kB
                                            ->  Parallel Seq Scan on store_sales  (cost=0.00..1577482.38 rows=201774 width=6) (actual time=417.942..1999.754 rows=122338 loops=3)
                                                  Filter: ((ss_quantity <= 5) AND (ss_quantity >= 0) AND ((ss_coupon_amt <= '1459'::numeric) OR (ss_list_price <= '18'::numeric) OR (ss_wholesale_cost <= '77'::numeric)) AND ((ss_coupon_amt <= '1459'::numeric) OR (ss_list_price <= '18'::numeric) OR (ss_wholesale_cost >= '57'::numeric)) AND ((ss_coupon_amt <= '1459'::numeric) OR (ss_list_price >= '8'::numeric) OR (ss_wholesale_cost <= '77'::numeric)) AND ((ss_coupon_amt <= '1459'::numeric) OR (ss_list_price >= '8'::numeric) OR (ss_wholesale_cost >= '57'::numeric)) AND ((ss_coupon_amt >= '459'::numeric) OR (ss_list_price <= '18'::numeric) OR (ss_wholesale_cost <= '77'::numeric)) AND ((ss_coupon_amt >= '459'::numeric) OR (ss_list_price <= '18'::numeric) OR (ss_wholesale_cost >= '57'::numeric)) AND ((ss_coupon_amt >= '459'::numeric) OR (ss_list_price >= '8'::numeric) OR (ss_wholesale_cost <= '77'::numeric)) AND ((ss_coupon_amt >= '459'::numeric) OR (ss_list_price >= '8'::numeric) OR (ss_wholesale_cost >= '57'::numeric)))
                                                  Rows Removed by Filter: 9477992
                          ->  Aggregate  (cost=1666355.83..1666355.84 rows=1 width=48) (actual time=1917.582..1917.656 rows=1 loops=1)
                                ->  Gather Merge  (cost=1600984.08..1662400.82 rows=527334 width=6) (actual time=1800.791..1871.695 rows=355872 loops=1)
                                      Workers Planned: 2
                                      Workers Launched: 2
                                      ->  Sort  (cost=1599984.06..1600533.37 rows=219722 width=6) (actual time=1778.997..1789.954 rows=118624 loops=3)
                                            Sort Key: store_sales_1.ss_list_price
                                            Sort Method: external sort  Disk: 1648kB
                                            Worker 0:  Sort Method: quicksort  Memory: 3953kB
                                            Worker 1:  Sort Method: external merge  Disk: 1584kB
                                            ->  Parallel Seq Scan on store_sales store_sales_1  (cost=0.00..1577482.38 rows=219722 width=6) (actual time=145.414..1726.129 rows=118624 loops=3)
                                                  Filter: ((ss_quantity <= 10) AND (ss_quantity >= 6) AND ((ss_coupon_amt <= '3323'::numeric) OR (ss_list_price <= '100'::numeric) OR (ss_wholesale_cost <= '51'::numeric)) AND ((ss_coupon_amt <= '3323'::numeric) OR (ss_list_price <= '100'::numeric) OR (ss_wholesale_cost >= '31'::numeric)) AND ((ss_coupon_amt <= '3323'::numeric) OR (ss_list_price >= '90'::numeric) OR (ss_wholesale_cost <= '51'::numeric)) AND ((ss_coupon_amt <= '3323'::numeric) OR (ss_list_price >= '90'::numeric) OR (ss_wholesale_cost >= '31'::numeric)) AND ((ss_coupon_amt >= '2323'::numeric) OR (ss_list_price <= '100'::numeric) OR (ss_wholesale_cost <= '51'::numeric)) AND ((ss_coupon_amt >= '2323'::numeric) OR (ss_list_price <= '100'::numeric) OR (ss_wholesale_cost >= '31'::numeric)) AND ((ss_coupon_amt >= '2323'::numeric) OR (ss_list_price >= '90'::numeric) OR (ss_wholesale_cost <= '51'::numeric)) AND ((ss_coupon_amt >= '2323'::numeric) OR (ss_list_price >= '90'::numeric) OR (ss_wholesale_cost >= '31'::numeric)))
                                                  Rows Removed by Filter: 9481706
                    ->  Aggregate  (cost=1626689.80..1626689.81 rows=1 width=48) (actual time=1896.119..1896.189 rows=1 loops=1)
                          ->  Gather Merge  (cost=1589167.38..1624419.69 rows=302682 width=6) (actual time=1815.120..1864.194 rows=282365 loops=1)
                                Workers Planned: 2
                                Workers Launched: 2
                                ->  Sort  (cost=1588167.35..1588482.65 rows=126118 width=6) (actual time=1792.097..1799.463 rows=94122 loops=3)
                                      Sort Key: store_sales_2.ss_list_price
                                      Sort Method: quicksort  Memory: 3859kB
                                      Worker 0:  Sort Method: external merge  Disk: 1256kB
                                      Worker 1:  Sort Method: quicksort  Memory: 3633kB
                                      ->  Parallel Seq Scan on store_sales store_sales_2  (cost=0.00..1577482.38 rows=126118 width=6) (actual time=144.344..1756.921 rows=94122 loops=3)
                                            Filter: ((ss_quantity <= 15) AND (ss_quantity >= 11) AND ((ss_coupon_amt <= '13214'::numeric) OR (ss_list_price <= '152'::numeric) OR (ss_wholesale_cost <= '99'::numeric)) AND ((ss_coupon_amt <= '13214'::numeric) OR (ss_list_price <= '152'::numeric) OR (ss_wholesale_cost >= '79'::numeric)) AND ((ss_coupon_amt <= '13214'::numeric) OR (ss_list_price >= '142'::numeric) OR (ss_wholesale_cost <= '99'::numeric)) AND ((ss_coupon_amt <= '13214'::numeric) OR (ss_list_price >= '142'::numeric) OR (ss_wholesale_cost >= '79'::numeric)) AND ((ss_coupon_amt >= '12214'::numeric) OR (ss_list_price <= '152'::numeric) OR (ss_wholesale_cost <= '99'::numeric)) AND ((ss_coupon_amt >= '12214'::numeric) OR (ss_list_price <= '152'::numeric) OR (ss_wholesale_cost >= '79'::numeric)) AND ((ss_coupon_amt >= '12214'::numeric) OR (ss_list_price >= '142'::numeric) OR (ss_wholesale_cost <= '99'::numeric)) AND ((ss_coupon_amt >= '12214'::numeric) OR (ss_list_price >= '142'::numeric) OR (ss_wholesale_cost >= '79'::numeric)))
                                            Rows Removed by Filter: 9506209
              ->  Aggregate  (cost=1655582.46..1655582.47 rows=1 width=48) (actual time=1917.799..1917.866 rows=1 loops=1)
                    ->  Gather Merge  (cost=1598091.02..1652104.22 rows=463766 width=6) (actual time=1812.214..1875.090 rows=319172 loops=1)
                          Workers Planned: 2
                          Workers Launched: 2
                          ->  Sort  (cost=1597091.00..1597574.09 rows=193236 width=6) (actual time=1787.544..1796.152 rows=106391 loops=3)
                                Sort Key: store_sales_3.ss_list_price
                                Sort Method: quicksort  Memory: 4049kB
                                Worker 0:  Sort Method: external merge  Disk: 1408kB
                                Worker 1:  Sort Method: quicksort  Memory: 3793kB
                                ->  Parallel Seq Scan on store_sales store_sales_3  (cost=0.00..1577482.38 rows=193236 width=6) (actual time=145.179..1748.515 rows=106391 loops=3)
                                      Filter: ((ss_quantity <= 20) AND (ss_quantity >= 16) AND ((ss_coupon_amt <= '7071'::numeric) OR (ss_list_price <= '145'::numeric) OR (ss_wholesale_cost <= '58'::numeric)) AND ((ss_coupon_amt <= '7071'::numeric) OR (ss_list_price <= '145'::numeric) OR (ss_wholesale_cost >= '38'::numeric)) AND ((ss_coupon_amt <= '7071'::numeric) OR (ss_list_price >= '135'::numeric) OR (ss_wholesale_cost <= '58'::numeric)) AND ((ss_coupon_amt <= '7071'::numeric) OR (ss_list_price >= '135'::numeric) OR (ss_wholesale_cost >= '38'::numeric)) AND ((ss_coupon_amt >= '6071'::numeric) OR (ss_list_price <= '145'::numeric) OR (ss_wholesale_cost <= '58'::numeric)) AND ((ss_coupon_amt >= '6071'::numeric) OR (ss_list_price <= '145'::numeric) OR (ss_wholesale_cost >= '38'::numeric)) AND ((ss_coupon_amt >= '6071'::numeric) OR (ss_list_price >= '135'::numeric) OR (ss_wholesale_cost <= '58'::numeric)) AND ((ss_coupon_amt >= '6071'::numeric) OR (ss_list_price >= '135'::numeric) OR (ss_wholesale_cost >= '38'::numeric)))
                                      Rows Removed by Filter: 9493940
        ->  Aggregate  (cost=1656015.12..1656015.13 rows=1 width=48) (actual time=1923.785..1923.850 rows=1 loops=1)
              ->  Gather Merge  (cost=1598206.33..1652517.68 rows=466326 width=6) (actual time=1811.766..1880.316 rows=365262 loops=1)
                    Workers Planned: 2
                    Workers Launched: 2
                    ->  Sort  (cost=1597206.31..1597692.06 rows=194302 width=6) (actual time=1790.607..1797.520 rows=121754 loops=3)
                          Sort Key: store_sales_4.ss_list_price
                          Sort Method: external sort  Disk: 2424kB
                          Worker 0:  Sort Method: quicksort  Memory: 4013kB
                          Worker 1:  Sort Method: quicksort  Memory: 4005kB
                          ->  Parallel Seq Scan on store_sales store_sales_4  (cost=0.00..1577482.38 rows=194302 width=6) (actual time=166.892..1740.110 rows=121754 loops=3)
                                Filter: ((ss_quantity <= 25) AND (ss_quantity >= 21) AND ((ss_coupon_amt <= '1836'::numeric) OR (ss_list_price <= '132'::numeric) OR (ss_wholesale_cost <= '37'::numeric)) AND ((ss_coupon_amt <= '1836'::numeric) OR (ss_list_price <= '132'::numeric) OR (ss_wholesale_cost >= '17'::numeric)) AND ((ss_coupon_amt <= '1836'::numeric) OR (ss_list_price >= '122'::numeric) OR (ss_wholesale_cost <= '37'::numeric)) AND ((ss_coupon_amt <= '1836'::numeric) OR (ss_list_price >= '122'::numeric) OR (ss_wholesale_cost >= '17'::numeric)) AND ((ss_coupon_amt >= '836'::numeric) OR (ss_list_price <= '132'::numeric) OR (ss_wholesale_cost <= '37'::numeric)) AND ((ss_coupon_amt >= '836'::numeric) OR (ss_list_price <= '132'::numeric) OR (ss_wholesale_cost >= '17'::numeric)) AND ((ss_coupon_amt >= '836'::numeric) OR (ss_list_price >= '122'::numeric) OR (ss_wholesale_cost <= '37'::numeric)) AND ((ss_coupon_amt >= '836'::numeric) OR (ss_list_price >= '122'::numeric) OR (ss_wholesale_cost >= '17'::numeric)))
                                Rows Removed by Filter: 9478576
  ->  Aggregate  (cost=1634658.77..1634658.78 rows=1 width=48) (actual time=1893.362..1898.662 rows=1 loops=1)
        ->  Gather Merge  (cost=1592534.83..1632110.26 rows=339801 width=6) (actual time=1796.121..1859.961 rows=302090 loops=1)
              Workers Planned: 2
              Workers Launched: 2
              ->  Sort  (cost=1591534.81..1591888.77 rows=141584 width=6) (actual time=1772.998..1780.919 rows=100697 loops=3)
                    Sort Key: store_sales_5.ss_list_price
                    Sort Method: quicksort  Memory: 3961kB
                    Worker 0:  Sort Method: quicksort  Memory: 3722kB
                    Worker 1:  Sort Method: external merge  Disk: 1336kB
                    ->  Parallel Seq Scan on store_sales store_sales_5  (cost=0.00..1577482.38 rows=141584 width=6) (actual time=145.056..1736.389 rows=100697 loops=3)
                          Filter: ((ss_quantity <= 30) AND (ss_quantity >= 26) AND ((ss_coupon_amt <= '8326'::numeric) OR (ss_list_price <= '164'::numeric) OR (ss_wholesale_cost <= '27'::numeric)) AND ((ss_coupon_amt <= '8326'::numeric) OR (ss_list_price <= '164'::numeric) OR (ss_wholesale_cost >= '7'::numeric)) AND ((ss_coupon_amt <= '8326'::numeric) OR (ss_list_price >= '154'::numeric) OR (ss_wholesale_cost <= '27'::numeric)) AND ((ss_coupon_amt <= '8326'::numeric) OR (ss_list_price >= '154'::numeric) OR (ss_wholesale_cost >= '7'::numeric)) AND ((ss_coupon_amt >= '7326'::numeric) OR (ss_list_price <= '164'::numeric) OR (ss_wholesale_cost <= '27'::numeric)) AND ((ss_coupon_amt >= '7326'::numeric) OR (ss_list_price <= '164'::numeric) OR (ss_wholesale_cost >= '7'::numeric)) AND ((ss_coupon_amt >= '7326'::numeric) OR (ss_list_price >= '154'::numeric) OR (ss_wholesale_cost <= '27'::numeric)) AND ((ss_coupon_amt >= '7326'::numeric) OR (ss_list_price >= '154'::numeric) OR (ss_wholesale_cost >= '7'::numeric)))
                          Rows Removed by Filter: 9499634
Planning Time: 0.954 ms
JIT:
  Functions: 89
  Options: Inlining true, Optimization true, Expressions true, Deforming true
  Timing: Generation 20.003 ms, Inlining 852.516 ms, Optimization 1523.989 ms, Emission 1117.108 ms, Total 3513.616 ms
Execution Time: 11744.934 ms",SUCCESS
42,43,TPCDS,Q29,"SELECT
       i.i_item_id,
       i.i_item_desc,
       s.s_store_id,
       s.s_store_name,
       SUM(ss.ss_quantity)        AS store_sales_quantity,
       SUM(sr.sr_return_quantity) AS store_returns_quantity,
       SUM(cs.cs_quantity)        AS catalog_sales_quantity
FROM tpcds.store_sales      ss
JOIN tpcds.date_dim         d1 ON d1.d_date_sk = ss.ss_sold_date_sk
JOIN tpcds.item             i  ON i.i_item_sk  = ss.ss_item_sk
JOIN tpcds.store            s  ON s.s_store_sk = ss.ss_store_sk
JOIN tpcds.store_returns    sr ON sr.sr_customer_sk   = ss.ss_customer_sk
                               AND sr.sr_item_sk      = ss.ss_item_sk
                               AND sr.sr_ticket_number= ss.ss_ticket_number
JOIN tpcds.date_dim         d2 ON d2.d_date_sk = sr.sr_returned_date_sk
JOIN tpcds.catalog_sales    cs ON cs.cs_bill_customer_sk = sr.sr_customer_sk
                               AND cs.cs_item_sk          = sr.sr_item_sk
JOIN tpcds.date_dim         d3 ON d3.d_date_sk = cs.cs_sold_date_sk
WHERE d1.d_moy  = 9
  AND d1.d_year = 1999
  -- returned in the next six months of the same year
  AND d2.d_year = 1999
  AND d2.d_moy BETWEEN 9 AND 9 + 6
  -- re-purchased through catalog in the following three years
  AND d3.d_year IN (1999, 2000, 2001)
GROUP BY
       i.i_item_id,
       i.i_item_desc,
       s.s_store_id,
       s.s_store_name
ORDER BY
       i.i_item_id,
       i.i_item_desc,
       s.s_store_id,
       s.s_store_name
LIMIT 100;","selected_returns = store_sales.WHERE(
    (sold_date.month_of_year == 9)
    & (sold_date.year == 1999)
).CALCULATE(
    sale_customer_key=customer_key,
    sale_item_key=item_key,
    sale_ticket_number=ticket_number,
    i_item_id=item._id,
    i_item_desc=item.description,
    s_store_id=store._id,
    s_store_name=store.name,
    sale_quantity=quantity
).CROSS(store_returns).WHERE(
    (sale_customer_key==customer_key)
    & (sale_item_key==item_key)
    & (sale_ticket_number == ticket_number)
    & (returned_date.year == 1999)
    & MONOTONIC(9, returned_date.month_of_year, (9 + 6))
)
re_bought_catalog = selected_returns.CALCULATE(
    return_customer_key=customer_key,
    return_item_key=item_key,
    return_quantity=quantity
).CROSS(catalog_sales).WHERE(
    (return_customer_key==bill_customer_key)
    & (return_item_key==item_key)
    & ISIN(sold_date.year, (1999, 2000, 2001))
)
result = re_bought_catalog.PARTITION(
    name='item_store_groups', by=(i_item_id, i_item_desc, s_store_id, s_store_name)
).CALCULATE(
    i_item_id,
    i_item_desc,
    s_store_id, 
    s_store_name,
    store_sales_quantity=SUM(catalog_sales.sale_quantity),
    store_returns_quantity=SUM(catalog_sales.return_quantity),
    catalog_sales_quantity=SUM(catalog_sales.quantity)
).TOP_K(100, by=(i_item_id, i_item_desc, s_store_id, s_store_name))","SELECT
  item.i_item_id,
  item.i_item_desc,
  store.s_store_id,
  store.s_store_name,
  COALESCE(SUM(store_sales.ss_quantity), 0) AS store_sales_quantity,
  COALESCE(SUM(store_returns.sr_return_quantity), 0) AS store_returns_quantity,
  COALESCE(SUM(catalog_sales.cs_quantity), 0) AS catalog_sales_quantity
FROM tpcds.store_sales AS store_sales
JOIN tpcds.date_dim AS date_dim
  ON date_dim.d_date_sk = store_sales.ss_sold_date_sk
  AND date_dim.d_moy = 9
  AND date_dim.d_year = 1999
JOIN tpcds.item AS item
  ON item.i_item_sk = store_sales.ss_item_sk
LEFT JOIN tpcds.store AS store
  ON store.s_store_sk = store_sales.ss_store_sk
JOIN tpcds.store_returns AS store_returns
  ON store_returns.sr_customer_sk = store_sales.ss_customer_sk
  AND store_returns.sr_item_sk = store_sales.ss_item_sk
  AND store_returns.sr_ticket_number = store_sales.ss_ticket_number
JOIN tpcds.date_dim AS date_dim_2
  ON date_dim_2.d_date_sk = store_returns.sr_returned_date_sk
  AND date_dim_2.d_moy <= 15
  AND date_dim_2.d_moy >= 9
  AND date_dim_2.d_year = 1999
JOIN tpcds.catalog_sales AS catalog_sales
  ON catalog_sales.cs_bill_customer_sk = store_returns.sr_customer_sk
  AND catalog_sales.cs_item_sk = store_returns.sr_item_sk
LEFT JOIN tpcds.date_dim AS date_dim_3
  ON catalog_sales.cs_sold_date_sk = date_dim_3.d_date_sk
WHERE
  date_dim_3.d_year IN (1999, 2000, 2001)
GROUP BY
  1,
  2,
  3,
  4
ORDER BY
  1 NULLS FIRST,
  2 NULLS FIRST,
  3 NULLS FIRST,
  4 NULLS FIRST
LIMIT 100",16.116361417999542,14.954332538999552,"Limit  (cost=937231.52..1534158.72 rows=1 width=236) (actual time=14546.793..16004.233 rows=8 loops=1)
  ->  GroupAggregate  (cost=937231.52..1534158.72 rows=1 width=236) (actual time=14150.876..15608.314 rows=8 loops=1)
        Group Key: i.i_item_id, i.i_item_desc, s.s_store_id, s.s_store_name
        ->  Nested Loop  (cost=937231.52..1534158.69 rows=1 width=164) (actual time=13709.218..15608.256 rows=8 loops=1)
              Join Filter: ((i.i_item_sk = sr.sr_item_sk) AND (ss.ss_customer_sk = sr.sr_customer_sk) AND (ss.ss_ticket_number = sr.sr_ticket_number))
              Rows Removed by Join Filter: 21332009
              ->  Gather Merge  (cost=851738.33..852998.03 rows=10816 width=180) (actual time=3193.928..3609.771 rows=576541 loops=1)
                    Workers Planned: 2
                    Workers Launched: 2
                    ->  Sort  (cost=850738.30..850749.57 rows=4507 width=180) (actual time=3114.737..3190.942 rows=192180 loops=3)
                          Sort Key: i.i_item_id, i.i_item_desc, s.s_store_id, s.s_store_name
                          Sort Method: external merge  Disk: 29896kB
                          Worker 0:  Sort Method: external merge  Disk: 50760kB
                          Worker 1:  Sort Method: external merge  Disk: 29848kB
                          ->  Parallel Hash Join  (cost=845357.62..850464.78 rows=4507 width=180) (actual time=2351.899..2413.761 rows=192180 loops=3)
                                Hash Cond: (i.i_item_sk = ss.ss_item_sk)
                                ->  Parallel Seq Scan on item i  (cost=0.00..4929.00 rows=42500 width=127) (actual time=0.007..5.016 rows=34000 loops=3)
                                ->  Parallel Hash  (cost=845301.28..845301.28 rows=4507 width=53) (actual time=2326.768..2326.773 rows=192180 loops=3)
                                      Buckets: 131072 (originally 16384)  Batches: 8 (originally 1)  Memory Usage: 7264kB
                                      ->  Hash Join  (cost=2684.07..845301.28 rows=4507 width=53) (actual time=177.199..2190.977 rows=192180 loops=3)
                                            Hash Cond: (ss.ss_store_sk = s.s_store_sk)
                                            ->  Parallel Hash Join  (cost=2676.78..845231.23 rows=4716 width=40) (actual time=1.929..1979.777 rows=196794 loops=3)
                                                  Hash Cond: (ss.ss_sold_date_sk = d1.d_date_sk)
                                                  ->  Parallel Seq Scan on store_sales ss  (cost=0.00..797528.85 rows=11999285 width=48) (actual time=0.025..1091.221 rows=9600330 loops=3)
                                                  ->  Parallel Hash  (cost=2676.55..2676.55 rows=18 width=8) (actual time=1.860..1.861 rows=10 loops=3)
                                                        Buckets: 1024  Batches: 1  Memory Usage: 40kB
                                                        ->  Parallel Seq Scan on date_dim d1  (cost=0.00..2676.55 rows=18 width=8) (actual time=2.925..5.566 rows=30 loops=1)
                                                              Filter: ((d_moy = 9) AND (d_year = 1999))
                                                              Rows Removed by Filter: 73019
                                            ->  Hash  (cost=6.02..6.02 rows=102 width=29) (actual time=175.242..175.243 rows=102 loops=3)
                                                  Buckets: 1024  Batches: 1  Memory Usage: 15kB
                                                  ->  Seq Scan on store s  (cost=0.00..6.02 rows=102 width=29) (actual time=175.186..175.215 rows=102 loops=3)
              ->  Materialize  (cost=85493.19..680944.34 rows=1 width=56) (actual time=0.001..0.019 rows=37 loops=576541)
                    ->  Gather  (cost=85493.19..680944.33 rows=1 width=56) (actual time=487.848..10285.685 rows=37 loops=1)
                          Workers Planned: 2
                          Workers Launched: 2
                          ->  Parallel Hash Join  (cost=84493.19..679944.23 rows=1 width=56) (actual time=646.928..10262.919 rows=12 loops=3)
                                Hash Cond: ((cs.cs_item_sk = sr.sr_item_sk) AND (cs.cs_bill_customer_sk = sr.sr_customer_sk))
                                ->  Parallel Hash Join  (cost=2630.83..597415.66 rows=88827 width=24) (actual time=4.299..9320.406 rows=2856999 loops=3)
                                      Hash Cond: (cs.cs_sold_date_sk = d3.d_date_sk)
                                      ->  Parallel Seq Scan on catalog_sales cs  (cost=0.00..571759.75 rows=6000775 width=32) (actual time=0.142..8547.418 rows=4800420 loops=3)
                                      ->  Parallel Hash  (cost=2622.84..2622.84 rows=639 width=8) (actual time=4.095..4.096 rows=365 loops=3)
                                            Buckets: 2048  Batches: 1  Memory Usage: 112kB
                                            ->  Parallel Seq Scan on date_dim d3  (cost=0.00..2622.84 rows=639 width=8) (actual time=2.087..3.965 rows=365 loops=3)
                                                  Filter: (d_year = ANY ('{1999,2000,2001}'::bigint[]))
                                                  Rows Removed by Filter: 23984
                                ->  Parallel Hash  (cost=81833.62..81833.62 rows=1916 width=32) (actual time=459.945..459.947 rows=61011 loops=3)
                                      Buckets: 262144 (originally 8192)  Batches: 1 (originally 1)  Memory Usage: 15296kB
                                      ->  Parallel Hash Join  (cost=2784.86..81833.62 rows=1916 width=32) (actual time=154.015..356.299 rows=61011 loops=3)
                                            Hash Cond: (sr.sr_returned_date_sk = d2.d_date_sk)
                                            ->  Parallel Seq Scan on store_returns sr  (cost=0.00..74541.47 rows=1198947 width=40) (actual time=0.037..111.187 rows=959177 loops=3)
                                            ->  Parallel Hash  (cost=2783.97..2783.97 rows=71 width=8) (actual time=1.842..1.842 rows=41 loops=3)
                                                  Buckets: 1024  Batches: 1  Memory Usage: 40kB
                                                  ->  Parallel Seq Scan on date_dim d2  (cost=0.00..2783.97 rows=71 width=8) (actual time=2.809..5.501 rows=122 loops=1)
                                                        Filter: ((d_moy >= 9) AND (d_moy <= 15) AND (d_year = 1999))
                                                        Rows Removed by Filter: 72927
Planning Time: 5.054 ms
JIT:
  Functions: 191
  Options: Inlining true, Optimization true, Expressions true, Deforming true
  Timing: Generation 10.127 ms, Inlining 269.158 ms, Optimization 680.732 ms, Emission 428.311 ms, Total 1388.328 ms
Execution Time: 16011.233 ms","Limit  (cost=937249.23..1534244.94 rows=1 width=236) (actual time=14609.796..16125.116 rows=8 loops=1)
  ->  GroupAggregate  (cost=937249.23..1534244.94 rows=1 width=236) (actual time=14213.292..15728.611 rows=8 loops=1)
        Group Key: item.i_item_id, item.i_item_desc, store.s_store_id, store.s_store_name
        ->  Nested Loop  (cost=937249.23..1534244.90 rows=1 width=164) (actual time=13743.277..15728.550 rows=8 loops=1)
              Join Filter: ((item.i_item_sk = store_returns.sr_item_sk) AND (store_sales.ss_customer_sk = store_returns.sr_customer_sk) AND (store_sales.ss_ticket_number = store_returns.sr_ticket_number))
              Rows Removed by Join Filter: 21844089
              ->  Gather Merge  (cost=851756.04..853074.21 rows=11318 width=180) (actual time=3231.511..3673.955 rows=590381 loops=1)
                    Workers Planned: 2
                    Workers Launched: 2
                    ->  Sort  (cost=850756.01..850767.80 rows=4716 width=180) (actual time=3120.004..3201.643 rows=196794 loops=3)
                          Sort Key: item.i_item_id NULLS FIRST, item.i_item_desc NULLS FIRST, store.s_store_id NULLS FIRST, store.s_store_name NULLS FIRST
                          Sort Method: external merge  Disk: 29848kB
                          Worker 0:  Sort Method: external merge  Disk: 30072kB
                          Worker 1:  Sort Method: external merge  Disk: 52920kB
                          ->  Hash Left Join  (cost=845297.48..850468.26 rows=4716 width=180) (actual time=2312.415..2405.709 rows=196794 loops=3)
                                Hash Cond: (store_sales.ss_store_sk = store.s_store_sk)
                                ->  Parallel Hash Join  (cost=845290.18..850398.21 rows=4716 width=167) (actual time=2312.332..2373.382 rows=196794 loops=3)
                                      Hash Cond: (item.i_item_sk = store_sales.ss_item_sk)
                                      ->  Parallel Seq Scan on item  (cost=0.00..4929.00 rows=42500 width=127) (actual time=0.012..4.870 rows=34000 loops=3)
                                      ->  Parallel Hash  (cost=845231.23..845231.23 rows=4716 width=40) (actual time=2287.697..2287.701 rows=196794 loops=3)
                                            Buckets: 131072 (originally 16384)  Batches: 8 (originally 1)  Memory Usage: 6240kB
                                            ->  Parallel Hash Join  (cost=2676.78..845231.23 rows=4716 width=40) (actual time=167.459..2147.237 rows=196794 loops=3)
                                                  Hash Cond: (store_sales.ss_sold_date_sk = date_dim.d_date_sk)
                                                  ->  Parallel Seq Scan on store_sales  (cost=0.00..797528.85 rows=11999285 width=48) (actual time=0.006..1095.529 rows=9600330 loops=3)
                                                  ->  Parallel Hash  (cost=2676.55..2676.55 rows=18 width=8) (actual time=2.507..2.508 rows=10 loops=3)
                                                        Buckets: 1024  Batches: 1  Memory Usage: 40kB
                                                        ->  Parallel Seq Scan on date_dim  (cost=0.00..2676.55 rows=18 width=8) (actual time=3.772..7.502 rows=30 loops=1)
                                                              Filter: ((d_moy = 9) AND (d_year = 1999))
                                                              Rows Removed by Filter: 73019
                                ->  Hash  (cost=6.02..6.02 rows=102 width=29) (actual time=0.057..0.057 rows=102 loops=3)
                                      Buckets: 1024  Batches: 1  Memory Usage: 15kB
                                      ->  Seq Scan on store  (cost=0.00..6.02 rows=102 width=29) (actual time=0.016..0.036 rows=102 loops=3)
              ->  Materialize  (cost=85493.19..680944.34 rows=1 width=56) (actual time=0.001..0.019 rows=37 loops=590381)
                    ->  Gather  (cost=85493.19..680944.33 rows=1 width=56) (actual time=626.468..10278.226 rows=37 loops=1)
                          Workers Planned: 2
                          Workers Launched: 2
                          ->  Parallel Hash Join  (cost=84493.19..679944.23 rows=1 width=56) (actual time=602.357..10259.215 rows=12 loops=3)
                                Hash Cond: ((catalog_sales.cs_item_sk = store_returns.sr_item_sk) AND (catalog_sales.cs_bill_customer_sk = store_returns.sr_customer_sk))
                                ->  Parallel Hash Join  (cost=2630.83..597415.66 rows=88827 width=24) (actual time=4.125..9304.754 rows=2856999 loops=3)
                                      Hash Cond: (catalog_sales.cs_sold_date_sk = date_dim_3.d_date_sk)
                                      ->  Parallel Seq Scan on catalog_sales  (cost=0.00..571759.75 rows=6000775 width=32) (actual time=0.150..8532.998 rows=4800420 loops=3)
                                      ->  Parallel Hash  (cost=2622.84..2622.84 rows=639 width=8) (actual time=3.925..3.926 rows=365 loops=3)
                                            Buckets: 2048  Batches: 1  Memory Usage: 112kB
                                            ->  Parallel Seq Scan on date_dim date_dim_3  (cost=0.00..2622.84 rows=639 width=8) (actual time=1.920..3.809 rows=365 loops=3)
                                                  Filter: (d_year = ANY ('{1999,2000,2001}'::bigint[]))
                                                  Rows Removed by Filter: 23984
                                ->  Parallel Hash  (cost=81833.62..81833.62 rows=1916 width=32) (actual time=447.364..447.366 rows=61011 loops=3)
                                      Buckets: 262144 (originally 8192)  Batches: 1 (originally 1)  Memory Usage: 15296kB
                                      ->  Parallel Hash Join  (cost=2784.86..81833.62 rows=1916 width=32) (actual time=147.950..347.020 rows=61011 loops=3)
                                            Hash Cond: (store_returns.sr_returned_date_sk = date_dim_2.d_date_sk)
                                            ->  Parallel Seq Scan on store_returns  (cost=0.00..74541.47 rows=1198947 width=40) (actual time=0.015..109.483 rows=959177 loops=3)
                                            ->  Parallel Hash  (cost=2783.97..2783.97 rows=71 width=8) (actual time=2.594..2.594 rows=41 loops=3)
                                                  Buckets: 1024  Batches: 1  Memory Usage: 40kB
                                                  ->  Parallel Seq Scan on date_dim date_dim_2  (cost=0.00..2783.97 rows=71 width=8) (actual time=4.003..7.747 rows=122 loops=1)
                                                        Filter: ((d_moy <= 15) AND (d_moy >= 9) AND (d_year = 1999))
                                                        Rows Removed by Filter: 72927
Planning Time: 5.249 ms
JIT:
  Functions: 191
  Options: Inlining true, Optimization true, Expressions true, Deforming true
  Timing: Generation 8.813 ms, Inlining 230.702 ms, Optimization 667.658 ms, Emission 428.996 ms, Total 1336.168 ms
Execution Time: 16131.783 ms",SUCCESS
43,44,TPCDS,Q30,"WITH customer_total_return AS (
    SELECT
        wr.wr_returning_customer_sk AS ctr_customer_sk,
        ca.ca_state                 AS ctr_state,
        SUM(wr.wr_return_amt)       AS ctr_total_return
    FROM tpcds.web_returns wr
    JOIN tpcds.date_dim d
      ON wr.wr_returned_date_sk = d.d_date_sk
    JOIN tpcds.customer_address ca
      ON wr.wr_returning_addr_sk = ca.ca_address_sk
    WHERE d.d_year = 2002
    GROUP BY
        wr.wr_returning_customer_sk,
        ca.ca_state
),
customer_with_avg AS (
    SELECT
        ctr.*,
        AVG(ctr_total_return) OVER (PARTITION BY ctr_state) AS state_avg_return
    FROM customer_total_return ctr
)
SELECT
    c.c_customer_id,
    c.c_salutation,
    c.c_first_name,
    c.c_last_name,
    c.c_preferred_cust_flag,
    c.c_birth_day,
    c.c_birth_month,
    c.c_birth_year,
    c.c_birth_country,
    c.c_login,
    c.c_email_address,
    c.c_last_review_date_sk,
    cwa.ctr_total_return
FROM customer_with_avg cwa
JOIN tpcds.customer c
  ON cwa.ctr_customer_sk = c.c_customer_sk
JOIN tpcds.customer_address ca
  ON ca.ca_address_sk = c.c_current_addr_sk
WHERE cwa.ctr_total_return > cwa.state_avg_return * 1.2
		  AND ca.ca_state = 'GA'
ORDER BY
    c.c_customer_id,
    c.c_salutation,
    c.c_first_name,
    c.c_last_name,
    c.c_preferred_cust_flag,
    c.c_birth_day,
    c.c_birth_month,
    c.c_birth_year,
    c.c_birth_country,
    c.c_login,
    c.c_email_address,
    c.c_last_review_date_sk,
    cwa.ctr_total_return
LIMIT 100;","customer_access = CROSS(customers).WHERE(
    (returning_customer_key==key)
).SINGULAR()
result = web_returns.WHERE(
    HAS(returned_date)
    & (returned_date.year == 2002)
).CALCULATE(
    returning_customer_key,
    returning_state=DEFAULT_TO(returning_address.state, 'UNKNOWN')
).PARTITION(
    name='customer_returning_state_groups',
    by=(returning_customer_key, returning_state)
).CALCULATE(
    returning_customer_key,
    returning_state,
    c_total_return=SUM(web_returns.return_amount)
).WHERE(COUNT(web_returns.return_amount) > 0).PARTITION(
    name='returing_state_groups', by=returning_state
).customer_returning_state_groups.CALCULATE(
    returning_customer_key,
    returning_state,
    c_total_return,
    state_avg=RELAVG(c_total_return, per='returing_state_groups')
).WHERE(
    (c_total_return > 1.2 * state_avg)
).CALCULATE(
    returning_customer_key
).CALCULATE(
    c_customer_id=customer_access._id,
    c_salutation=customer_access.salutation,
    c_first_name=customer_access.first_name,
    c_last_name=customer_access.last_name,
    c_preferred_cust_flag=customer_access.preferred_customer_flag,
    c_birth_day=customer_access.birth_day,
    c_birth_month=customer_access.birth_month,
    c_birth_year=customer_access.birth_year,
    c_birth_country=customer_access.birth_country,
    c_login=customer_access.login,
    c_email_address=customer_access.email,
    c_last_review_date_sk=customer_access.last_review_date_key,
    ctr_total_return=c_total_return
).WHERE(
    (customer_access.current_address.state == 'GA')
).TOP_K(100, by=(
        c_customer_id,
        c_salutation,
        c_first_name,
        c_last_name,
        c_preferred_cust_flag,
        c_birth_day,
        c_birth_month,
        c_birth_year,
        c_birth_country,
        c_login,
        c_email_address,
        c_last_review_date_sk,
        ctr_total_return
    )
)","WITH _s0 AS (
  SELECT
    wr_return_amt,
    wr_returned_date_sk,
    wr_returning_addr_sk,
    wr_returning_customer_sk
  FROM tpcds.web_returns
), _t5 AS (
  SELECT
    d_date_sk,
    d_year
  FROM tpcds.date_dim
  WHERE
    d_year = 2002
), _s3 AS (
  SELECT
    ca_address_sk,
    ca_state
  FROM tpcds.customer_address
), _t3 AS (
  SELECT
    COALESCE(_s3.ca_state, 'UNKNOWN') AS returning_state,
    _s0.wr_returning_customer_sk,
    COUNT(_s0.wr_return_amt) AS count_wr_return_amt,
    SUM(_s0.wr_return_amt) AS sum_wr_return_amt
  FROM _s0 AS _s0
  JOIN _t5 AS _t5
    ON _s0.wr_returned_date_sk = _t5.d_date_sk
  LEFT JOIN _s3 AS _s3
    ON _s0.wr_returning_addr_sk = _s3.ca_address_sk
  GROUP BY
    1,
    2
), _t1 AS (
  SELECT
    returning_state,
    sum_wr_return_amt,
    wr_returning_customer_sk,
    AVG(CAST(COALESCE(sum_wr_return_amt, 0) AS DOUBLE PRECISION)) OVER (PARTITION BY returning_state) AS state_avg
  FROM _t3
  WHERE
    count_wr_return_amt > 0
), _t8 AS (
  SELECT
    COALESCE(_s7.ca_state, 'UNKNOWN') AS returning_state,
    _s4.wr_returning_customer_sk,
    COUNT(_s4.wr_return_amt) AS count_wr_return_amt,
    SUM(_s4.wr_return_amt) AS sum_wr_return_amt
  FROM _s0 AS _s4
  JOIN _t5 AS _t10
    ON _s4.wr_returned_date_sk = _t10.d_date_sk
  LEFT JOIN _s3 AS _s7
    ON _s4.wr_returning_addr_sk = _s7.ca_address_sk
  GROUP BY
    1,
    2
), _t6 AS (
  SELECT
    returning_state,
    sum_wr_return_amt,
    wr_returning_customer_sk,
    AVG(CAST(COALESCE(sum_wr_return_amt, 0) AS DOUBLE PRECISION)) OVER (PARTITION BY returning_state) AS state_avg
  FROM _t8
  WHERE
    count_wr_return_amt > 0
)
SELECT
  customer.c_customer_id,
  customer.c_salutation,
  customer.c_first_name,
  customer.c_last_name,
  customer.c_preferred_cust_flag,
  customer.c_birth_day,
  customer.c_birth_month,
  customer.c_birth_year,
  customer.c_birth_country,
  customer.c_login,
  customer.c_email_address,
  customer.c_last_review_date_sk,
  COALESCE(_t1.sum_wr_return_amt, 0) AS ctr_total_return
FROM _t1 AS _t1
JOIN _t6 AS _t6
  ON (
    1.2 * _t6.state_avg
  ) < COALESCE(_t6.sum_wr_return_amt, 0)
  AND _t1.returning_state = _t6.returning_state
  AND _t1.wr_returning_customer_sk = _t6.wr_returning_customer_sk
JOIN tpcds.customer AS customer
  ON _t6.wr_returning_customer_sk = customer.c_customer_sk
JOIN tpcds.customer_address AS customer_address
  ON customer.c_current_addr_sk = customer_address.ca_address_sk
  AND customer_address.ca_state = 'GA'
WHERE
  (
    1.2 * _t1.state_avg
  ) < COALESCE(_t1.sum_wr_return_amt, 0)
ORDER BY
  1 NULLS FIRST,
  2 NULLS FIRST,
  3 NULLS FIRST,
  4 NULLS FIRST,
  5 NULLS FIRST,
  6 NULLS FIRST,
  7 NULLS FIRST,
  8 NULLS FIRST,
  9 NULLS FIRST,
  10 NULLS FIRST,
  11 NULLS FIRST,
  12 NULLS FIRST,
  13 NULLS FIRST
LIMIT 100",0.8535552019993702,4.683692449999398,"Limit  (cost=57034.40..57034.53 rows=51 width=134) (actual time=785.557..788.374 rows=100 loops=1)
  ->  Sort  (cost=57034.40..57034.53 rows=51 width=134) (actual time=785.556..788.366 rows=100 loops=1)
        Sort Key: c.c_customer_id, c.c_salutation, c.c_first_name, c.c_last_name, c.c_preferred_cust_flag, c.c_birth_day, c.c_birth_month, c.c_birth_year, c.c_birth_country, c.c_login, c.c_email_address, c.c_last_review_date_sk, cwa.ctr_total_return
        Sort Method: top-N heapsort  Memory: 60kB
        ->  Hash Join  (cost=56922.38..57032.95 rows=51 width=134) (actual time=698.491..787.064 rows=1617 loops=1)
              Hash Cond: (cwa.ctr_customer_sk = c.c_customer_sk)
              ->  Subquery Scan on cwa  (cost=32661.66..32767.64 rows=1087 width=40) (actual time=487.950..571.098 rows=33338 loops=1)
                    Filter: (cwa.ctr_total_return > (cwa.state_avg_return * 1.2))
                    Rows Removed by Filter: 98417
                    ->  WindowAgg  (cost=32661.66..32718.73 rows=3261 width=75) (actual time=487.938..546.948 rows=131755 loops=1)
                          ->  Sort  (cost=32661.66..32669.81 rows=3261 width=43) (actual time=487.619..504.726 rows=131755 loops=1)
                                Sort Key: ctr.ctr_state
                                Sort Method: external merge  Disk: 4216kB
                                ->  Subquery Scan on ctr  (cost=32059.12..32471.36 rows=3261 width=43) (actual time=308.981..444.795 rows=131755 loops=1)
                                      ->  Finalize GroupAggregate  (cost=32059.12..32471.36 rows=3261 width=43) (actual time=308.980..435.204 rows=131755 loops=1)
                                            Group Key: wr.wr_returning_customer_sk, ca_1.ca_state
                                            ->  Gather Merge  (cost=32059.12..32403.42 rows=2718 width=43) (actual time=308.974..363.102 rows=132193 loops=1)
                                                  Workers Planned: 2
                                                  Workers Launched: 2
                                                  ->  Partial GroupAggregate  (cost=31059.10..31089.67 rows=1359 width=43) (actual time=291.648..325.209 rows=44064 loops=3)
                                                        Group Key: wr.wr_returning_customer_sk, ca_1.ca_state
                                                        ->  Sort  (cost=31059.10..31062.49 rows=1359 width=17) (actual time=291.635..297.459 rows=44708 loops=3)
                                                              Sort Key: wr.wr_returning_customer_sk, ca_1.ca_state
                                                              Sort Method: quicksort  Memory: 3747kB
                                                              Worker 0:  Sort Method: quicksort  Memory: 3362kB
                                                              Worker 1:  Sort Method: quicksort  Memory: 3215kB
                                                              ->  Parallel Hash Join  (cost=25062.42..30988.37 rows=1359 width=17) (actual time=218.636..279.319 rows=44708 loops=3)
                                                                    Hash Cond: (ca_1.ca_address_sk = wr.wr_returning_addr_sk)
                                                                    ->  Parallel Seq Scan on customer_address ca_1  (cost=0.00..5529.67 rows=104167 width=11) (actual time=0.093..36.306 rows=83333 loops=3)
                                                                    ->  Parallel Hash  (cost=25044.68..25044.68 rows=1419 width=22) (actual time=218.240..218.244 rows=45790 loops=3)
                                                                          Buckets: 262144 (originally 4096)  Batches: 1 (originally 1)  Memory Usage: 11488kB
                                                                          ->  Parallel Hash Join  (cost=2571.79..25044.68 rows=1419 width=22) (actual time=2.781..192.530 rows=45790 loops=3)
                                                                                Hash Cond: (wr.wr_returned_date_sk = d.d_date_sk)
                                                                                ->  Parallel Seq Scan on web_returns wr  (cost=0.00..21340.76 rows=299676 width=30) (actual time=0.134..157.895 rows=239741 loops=3)
                                                                                ->  Parallel Hash  (cost=2569.12..2569.12 rows=213 width=8) (actual time=2.632..2.632 rows=122 loops=3)
                                                                                      Buckets: 1024  Batches: 1  Memory Usage: 40kB
                                                                                      ->  Parallel Seq Scan on date_dim d  (cost=0.00..2569.12 rows=213 width=8) (actual time=4.908..7.849 rows=365 loops=1)
                                                                                            Filter: (d_year = 2002)
                                                                                            Rows Removed by Filter: 72684
              ->  Hash  (cost=23968.22..23968.22 rows=23400 width=110) (actual time=210.506..210.742 rows=24415 loops=1)
                    Buckets: 32768  Batches: 1  Memory Usage: 3803kB
                    ->  Gather  (cost=6851.02..23968.22 rows=23400 width=110) (actual time=29.005..203.782 rows=24415 loops=1)
                          Workers Planned: 2
                          Workers Launched: 2
                          ->  Parallel Hash Join  (cost=5851.02..20628.22 rows=9750 width=110) (actual time=16.929..193.186 rows=8138 loops=3)
                                Hash Cond: (c.c_current_addr_sk = ca.ca_address_sk)
                                ->  Parallel Seq Scan on customer c  (cost=0.00..13955.33 rows=208333 width=118) (actual time=0.196..151.472 rows=166667 loops=3)
                                ->  Parallel Hash  (cost=5790.08..5790.08 rows=4875 width=8) (actual time=16.410..16.410 rows=4029 loops=3)
                                      Buckets: 16384  Batches: 1  Memory Usage: 672kB
                                      ->  Parallel Seq Scan on customer_address ca  (cost=0.00..5790.08 rows=4875 width=8) (actual time=0.025..15.595 rows=4029 loops=3)
                                            Filter: ((ca_state)::text = 'GA'::text)
                                            Rows Removed by Filter: 79304
Planning Time: 0.359 ms
Execution Time: 789.047 ms","Limit  (cost=464987889.37..466498972.51 rows=23 width=134) (actual time=4069.844..6964.469 rows=100 loops=1)
  CTE _s0
    ->  Seq Scan on web_returns  (cost=0.00..25536.22 rows=719222 width=30) (actual time=0.310..133.896 rows=719222 loops=1)
  CTE _t5
    ->  Seq Scan on date_dim  (cost=0.00..2945.11 rows=362 width=16) (actual time=2.748..5.321 rows=365 loops=1)
          Filter: (d_year = 2002)
          Rows Removed by Filter: 72684
  CTE _s3
    ->  Seq Scan on customer_address customer_address_1  (cost=0.00..6988.00 rows=250000 width=11) (actual time=0.045..30.281 rows=250000 loops=1)
  ->  Incremental Sort  (cost=464952420.04..466463503.18 rows=23 width=134) (actual time=3448.941..6343.556 rows=100 loops=1)
        Sort Key: customer.c_customer_id NULLS FIRST, customer.c_salutation NULLS FIRST, customer.c_first_name NULLS FIRST, customer.c_last_name NULLS FIRST, customer.c_preferred_cust_flag NULLS FIRST, customer.c_birth_day NULLS FIRST, customer.c_birth_month NULLS FIRST, customer.c_birth_year NULLS FIRST, customer.c_birth_country NULLS FIRST, customer.c_login NULLS FIRST, customer.c_email_address NULLS FIRST, customer.c_last_review_date_sk NULLS FIRST, (COALESCE(_t1.sum_wr_return_amt, '0'::numeric)) NULLS FIRST
        Presorted Key: customer.c_customer_id, customer.c_salutation, customer.c_first_name, customer.c_last_name, customer.c_preferred_cust_flag, customer.c_birth_day, customer.c_birth_month, customer.c_birth_year, customer.c_birth_country, customer.c_login, customer.c_email_address, customer.c_last_review_date_sk
        Full-sort Groups: 4  Sort Method: quicksort  Average Memory: 32kB  Peak Memory: 32kB
        ->  Nested Loop  (cost=464883734.48..466463502.15 rows=23 width=134) (actual time=1981.922..6343.336 rows=101 loops=1)
              Join Filter: (((_t1.returning_state)::text = (_t6.returning_state)::text) AND (_t1.wr_returning_customer_sk = _t6.wr_returning_customer_sk))
              Rows Removed by Join Filter: 3368184
              ->  Nested Loop  (cost=232453004.36..234016084.77 rows=208 width=182) (actual time=1407.026..5464.199 rows=101 loops=1)
                    Join Filter: (_t1.wr_returning_customer_sk = customer.c_customer_sk)
                    Rows Removed by Join Filter: 51184096
                    ->  Gather Merge  (cost=22274.24..24999.56 rows=23400 width=110) (actual time=483.371..491.834 rows=1533 loops=1)
                          Workers Planned: 2
                          Workers Launched: 2
                          ->  Sort  (cost=21274.22..21298.59 rows=9750 width=110) (actual time=460.549..460.673 rows=788 loops=3)
                                Sort Key: customer.c_customer_id NULLS FIRST, customer.c_salutation NULLS FIRST, customer.c_first_name NULLS FIRST, customer.c_last_name NULLS FIRST, customer.c_preferred_cust_flag NULLS FIRST, customer.c_birth_day NULLS FIRST, customer.c_birth_month NULLS FIRST, customer.c_birth_year NULLS FIRST, customer.c_birth_country NULLS FIRST, customer.c_login NULLS FIRST, customer.c_email_address NULLS FIRST, customer.c_last_review_date_sk NULLS FIRST
                                Sort Method: quicksort  Memory: 1264kB
                                Worker 0:  Sort Method: quicksort  Memory: 1586kB
                                Worker 1:  Sort Method: quicksort  Memory: 1275kB
                                ->  Parallel Hash Join  (cost=5851.02..20628.22 rows=9750 width=110) (actual time=311.446..427.901 rows=8138 loops=3)
                                      Hash Cond: (customer.c_current_addr_sk = customer_address.ca_address_sk)
                                      ->  Parallel Seq Scan on customer  (cost=0.00..13955.33 rows=208333 width=118) (actual time=0.214..94.893 rows=166667 loops=3)
                                      ->  Parallel Hash  (cost=5790.08..5790.08 rows=4875 width=8) (actual time=310.914..310.915 rows=4029 loops=3)
                                            Buckets: 16384  Batches: 1  Memory Usage: 672kB
                                            ->  Parallel Seq Scan on customer_address  (cost=0.00..5790.08 rows=4875 width=8) (actual time=198.457..226.166 rows=4029 loops=3)
                                                  Filter: ((ca_state)::text = 'GA'::text)
                                                  Rows Removed by Filter: 79304
                    ->  Materialize  (cost=232430730.12..232431252.32 rows=4444 width=72) (actual time=0.527..1.925 rows=33388 loops=1533)
                          ->  Subquery Scan on _t1  (cost=232430730.12..232431230.10 rows=4444 width=72) (actual time=808.239..905.521 rows=33391 loops=1)
                                Filter: (('1.2'::double precision * _t1.state_avg) < (COALESCE(_t1.sum_wr_return_amt, '0'::numeric))::double precision)
                                Rows Removed by Filter: 98396
                                ->  WindowAgg  (cost=232430730.12..232430996.78 rows=13333 width=80) (actual time=808.232..880.254 rows=131787 loops=1)
                                      ->  Sort  (cost=232430730.12..232430763.45 rows=13333 width=72) (actual time=807.814..822.599 rows=131787 loops=1)
                                            Sort Key: _t3.returning_state
                                            Sort Method: external merge  Disk: 4344kB
                                            ->  Subquery Scan on _t3  (cost=200647052.05..232429816.63 rows=13333 width=72) (actual time=654.291..762.193 rows=131787 loops=1)
                                                  ->  HashAggregate  (cost=200647052.05..232429683.30 rows=13333 width=80) (actual time=654.288..753.131 rows=131787 loops=1)
                                                        Group Key: COALESCE(_s3.ca_state, 'UNKNOWN'::character varying), _s0.wr_returning_customer_sk
                                                        Filter: (count(_s0.wr_return_amt) > 0)
                                                        Planned Partitions: 4  Batches: 21  Memory Usage: 8249kB  Disk Usage: 7160kB
                                                        Rows Removed by Filter: 1630
                                                        ->  Merge Right Join  (cost=288622.57..24701727.05 rows=1627240000 width=54) (actual time=525.210..607.125 rows=137371 loops=1)
                                                              Merge Cond: (_s3.ca_address_sk = _s0.wr_returning_addr_sk)
                                                              ->  Sort  (cost=32541.96..33166.96 rows=250000 width=20) (actual time=110.814..129.784 rows=249999 loops=1)
                                                                    Sort Key: _s3.ca_address_sk
                                                                    Sort Method: external merge  Disk: 6320kB
                                                                    ->  CTE Scan on _s3  (cost=0.00..5000.00 rows=250000 width=20) (actual time=0.051..77.017 rows=250000 loops=1)
                                                              ->  Materialize  (cost=256080.61..262589.57 rows=1301792 width=30) (actual time=414.341..441.273 rows=137371 loops=1)
                                                                    ->  Sort  (cost=256080.61..259335.09 rows=1301792 width=30) (actual time=414.338..428.778 rows=137371 loops=1)
                                                                          Sort Key: _s0.wr_returning_addr_sk
                                                                          Sort Method: external merge  Disk: 4512kB
                                                                          ->  Hash Join  (cost=11.77..61577.17 rows=1301792 width=30) (actual time=5.764..377.713 rows=137371 loops=1)
                                                                                Hash Cond: (_s0.wr_returned_date_sk = _t5.d_date_sk)
                                                                                ->  CTE Scan on _s0  (cost=0.00..14384.44 rows=719222 width=38) (actual time=0.312..305.193 rows=719222 loops=1)
                                                                                ->  Hash  (cost=7.24..7.24 rows=362 width=8) (actual time=5.429..5.429 rows=365 loops=1)
                                                                                      Buckets: 1024  Batches: 1  Memory Usage: 23kB
                                                                                      ->  CTE Scan on _t5  (cost=0.00..7.24 rows=362 width=8) (actual time=2.751..5.385 rows=365 loops=1)
              ->  Materialize  (cost=232430730.12..232431252.32 rows=4444 width=40) (actual time=4.783..7.021 rows=33349 loops=101)
                    ->  Subquery Scan on _t6  (cost=232430730.12..232431230.10 rows=4444 width=40) (actual time=483.032..581.086 rows=33391 loops=1)
                          Filter: (('1.2'::double precision * _t6.state_avg) < (COALESCE(_t6.sum_wr_return_amt, '0'::numeric))::double precision)
                          Rows Removed by Filter: 98396
                          ->  WindowAgg  (cost=232430730.12..232430996.78 rows=13333 width=80) (actual time=483.026..555.286 rows=131787 loops=1)
                                ->  Sort  (cost=232430730.12..232430763.45 rows=13333 width=72) (actual time=482.548..497.297 rows=131787 loops=1)
                                      Sort Key: _t8.returning_state
                                      Sort Method: external merge  Disk: 4344kB
                                      ->  Subquery Scan on _t8  (cost=200647052.05..232429816.63 rows=13333 width=72) (actual time=327.747..436.493 rows=131787 loops=1)
                                            ->  HashAggregate  (cost=200647052.05..232429683.30 rows=13333 width=80) (actual time=327.737..427.338 rows=131787 loops=1)
                                                  Group Key: COALESCE(_s7.ca_state, 'UNKNOWN'::character varying), _s4.wr_returning_customer_sk
                                                  Filter: (count(_s4.wr_return_amt) > 0)
                                                  Planned Partitions: 4  Batches: 21  Memory Usage: 8249kB  Disk Usage: 7160kB
                                                  Rows Removed by Filter: 1630
                                                  ->  Merge Right Join  (cost=288622.57..24701727.05 rows=1627240000 width=54) (actual time=198.551..279.729 rows=137371 loops=1)
                                                        Merge Cond: (_s7.ca_address_sk = _s4.wr_returning_addr_sk)
                                                        ->  Sort  (cost=32541.96..33166.96 rows=250000 width=20) (actual time=53.581..72.693 rows=249999 loops=1)
                                                              Sort Key: _s7.ca_address_sk
                                                              Sort Method: external merge  Disk: 6320kB
                                                              ->  CTE Scan on _s3 _s7  (cost=0.00..5000.00 rows=250000 width=20) (actual time=0.038..20.568 rows=250000 loops=1)
                                                        ->  Materialize  (cost=256080.61..262589.57 rows=1301792 width=30) (actual time=144.921..170.981 rows=137371 loops=1)
                                                              ->  Sort  (cost=256080.61..259335.09 rows=1301792 width=30) (actual time=144.919..158.531 rows=137371 loops=1)
                                                                    Sort Key: _s4.wr_returning_addr_sk
                                                                    Sort Method: external merge  Disk: 4512kB
                                                                    ->  Hash Join  (cost=11.77..61577.17 rows=1301792 width=30) (actual time=0.094..111.343 rows=137371 loops=1)
                                                                          Hash Cond: (_s4.wr_returned_date_sk = _t10.d_date_sk)
                                                                          ->  CTE Scan on _s0 _s4  (cost=0.00..14384.44 rows=719222 width=38) (actual time=0.013..50.561 rows=719222 loops=1)
                                                                          ->  Hash  (cost=7.24..7.24 rows=362 width=8) (actual time=0.066..0.066 rows=365 loops=1)
                                                                                Buckets: 1024  Batches: 1  Memory Usage: 23kB
                                                                                ->  CTE Scan on _t5 _t10  (cost=0.00..7.24 rows=362 width=8) (actual time=0.004..0.029 rows=365 loops=1)
Planning Time: 0.618 ms
JIT:
  Functions: 138
  Options: Inlining true, Optimization true, Expressions true, Deforming true
  Timing: Generation 7.635 ms, Inlining 164.107 ms, Optimization 675.030 ms, Emission 459.324 ms, Total 1306.096 ms
Execution Time: 6978.713 ms",SUCCESS
44,45,TPCDS,Q31,"WITH ss AS (
    SELECT
        ca.ca_county,
        d.d_qoy,
        d.d_year,
        SUM(ss.ss_ext_sales_price) AS store_sales
    FROM tpcds.store_sales ss
    JOIN tpcds.date_dim d
      ON ss.ss_sold_date_sk = d.d_date_sk
    JOIN tpcds.customer_address ca
      ON ss.ss_addr_sk = ca.ca_address_sk
    GROUP BY
        ca.ca_county,
        d.d_qoy,
        d.d_year
),
ws AS (
    SELECT
        ca.ca_county,
        d.d_qoy,
        d.d_year,
        SUM(ws.ws_ext_sales_price) AS web_sales
    FROM tpcds.web_sales ws
    JOIN tpcds.date_dim d
      ON ws.ws_sold_date_sk = d.d_date_sk
    JOIN tpcds.customer_address ca
      ON ws.ws_bill_addr_sk = ca.ca_address_sk
    GROUP BY
        ca.ca_county,
        d.d_qoy,
        d.d_year
)
SELECT
    ss1.ca_county,
    ss1.d_year,
    ws2.web_sales / ws1.web_sales     AS web_q1_q2_increase,
    ss2.store_sales / ss1.store_sales AS store_q1_q2_increase,
    ws3.web_sales / ws2.web_sales     AS web_q2_q3_increase,
    ss3.store_sales / ss2.store_sales AS store_q2_q3_increase
FROM ss ss1
JOIN ss ss2
  ON ss1.ca_county = ss2.ca_county
JOIN ss ss3
  ON ss2.ca_county = ss3.ca_county
JOIN ws ws1
  ON ss1.ca_county = ws1.ca_county
JOIN ws ws2
  ON ws1.ca_county = ws2.ca_county
JOIN ws ws3
  ON ws1.ca_county = ws3.ca_county
WHERE ss1.d_qoy = 1
  AND ss1.d_year = 2000
  AND ss2.d_qoy = 2
  AND ss2.d_year = 2000
  AND ss3.d_qoy = 3
  AND ss3.d_year = 2000
  AND ws1.d_qoy = 1
  AND ws1.d_year = 2000
  AND ws2.d_qoy = 2
  AND ws2.d_year = 2000
  AND ws3.d_qoy = 3
  AND ws3.d_year = 2000
  AND CASE
          WHEN ws1.web_sales > 0
          THEN ws2.web_sales / ws1.web_sales
          ELSE NULL
      END >
      CASE
          WHEN ss1.store_sales > 0
          THEN ss2.store_sales / ss1.store_sales
          ELSE NULL
      END
  AND CASE
          WHEN ws2.web_sales > 0
          THEN ws3.web_sales / ws2.web_sales
          ELSE NULL
      END >
      CASE
          WHEN ss2.store_sales > 0
          THEN ss3.store_sales / ss2.store_sales
          ELSE NULL
      END
ORDER BY
    web_q1_q2_increase
LIMIT 100;","selected_ss = addresses.store_sales.WHERE(
    PRESENT(customer_address.county)
    & (sold_date.year == 2000)
).CALCULATE(
    ext_sales_price,
    sold_quarter=sold_date.quarter_of_year
)

selected_ws = addresses.web_sales_bill_addr.WHERE(
    PRESENT(bill_address.county)
    & (sold_date.year == 2000)
).CALCULATE(
    ext_sales_price,
    sold_quarter=sold_date.quarter_of_year
)
result = addresses.PARTITION(name='county_groups', by=(county)).CALCULATE(
    ca_county=county,
    d_year=2000,
    store_sales_q1=SUM(selected_ss.WHERE(sold_quarter == 1).ext_sales_price),
    store_sales_q2=SUM(selected_ss.WHERE(sold_quarter == 2).ext_sales_price),
    store_sales_q3=SUM(selected_ss.WHERE(sold_quarter == 3).ext_sales_price),
    web_sales_q1=SUM(selected_ws.WHERE(sold_quarter == 1).ext_sales_price),
    web_sales_q2=SUM(selected_ws.WHERE(sold_quarter == 2).ext_sales_price),
    web_sales_q3=SUM(selected_ws.WHERE(sold_quarter == 3).ext_sales_price)
).CALCULATE(
    ca_county,
    d_year,
    web_q1_q2_increase=KEEP_IF(web_sales_q2 / web_sales_q1, web_sales_q1 != 0),
    store_q1_q2_increase=KEEP_IF(store_sales_q2 / store_sales_q1, store_sales_q1 != 0),
    web_q2_q3_increase=KEEP_IF(web_sales_q3 / web_sales_q2, web_sales_q2 != 0),
    store_q2_q3_increase=KEEP_IF(store_sales_q3 / store_sales_q2, store_sales_q2 != 0)
).WHERE(
    (web_q1_q2_increase > store_q1_q2_increase)
    & (web_q2_q3_increase > store_q2_q3_increase)
).TOP_K(100, web_q1_q2_increase)","WITH _s4 AS (
  SELECT
    ca_address_sk,
    ca_county
  FROM tpcds.customer_address
), _s0 AS (
  SELECT
    ss_addr_sk,
    ss_ext_sales_price,
    ss_sold_date_sk
  FROM tpcds.store_sales
), _t10 AS (
  SELECT
    d_date_sk,
    d_qoy,
    d_year
  FROM tpcds.date_dim
  WHERE
    d_qoy = 1 AND d_year = 2000
), _s5 AS (
  SELECT
    _s0.ss_addr_sk,
    _s0.ss_ext_sales_price
  FROM _s0 AS _s0
  LEFT JOIN _s4 AS _s1
    ON _s0.ss_addr_sk = _s1.ca_address_sk
  JOIN _t10 AS _t10
    ON _s0.ss_sold_date_sk = _t10.d_date_sk
  WHERE
    NOT _s1.ca_county IS NULL
), _s10 AS (
  SELECT
    _s4.ca_address_sk,
    MAX(_s4.ca_county) AS anything_ca_county,
    SUM(_s5.ss_ext_sales_price) AS sum_ss_ext_sales_price
  FROM _s4 AS _s4
  LEFT JOIN _s5 AS _s5
    ON _s4.ca_address_sk = _s5.ss_addr_sk
  GROUP BY
    1
), _t12 AS (
  SELECT
    d_date_sk,
    d_qoy,
    d_year
  FROM tpcds.date_dim
  WHERE
    d_qoy = 2 AND d_year = 2000
), _s11 AS (
  SELECT
    _s6.ss_addr_sk,
    _s6.ss_ext_sales_price
  FROM _s0 AS _s6
  LEFT JOIN _s4 AS _s7
    ON _s6.ss_addr_sk = _s7.ca_address_sk
  JOIN _t12 AS _t12
    ON _s6.ss_sold_date_sk = _t12.d_date_sk
  WHERE
    NOT _s7.ca_county IS NULL
), _s16 AS (
  SELECT
    _s10.ca_address_sk,
    MAX(_s10.anything_ca_county) AS anything_anything_ca_county,
    MAX(_s10.sum_ss_ext_sales_price) AS anything_sum_ss_ext_sales_price,
    SUM(_s11.ss_ext_sales_price) AS sum_ss_ext_sales_price
  FROM _s10 AS _s10
  LEFT JOIN _s11 AS _s11
    ON _s10.ca_address_sk = _s11.ss_addr_sk
  GROUP BY
    1
), _t14 AS (
  SELECT
    d_date_sk,
    d_qoy,
    d_year
  FROM tpcds.date_dim
  WHERE
    d_qoy = 3 AND d_year = 2000
), _s17 AS (
  SELECT
    _s12.ss_addr_sk,
    _s12.ss_ext_sales_price
  FROM _s0 AS _s12
  LEFT JOIN _s4 AS _s13
    ON _s12.ss_addr_sk = _s13.ca_address_sk
  JOIN _t14 AS _t14
    ON _s12.ss_sold_date_sk = _t14.d_date_sk
  WHERE
    NOT _s13.ca_county IS NULL
), _s22 AS (
  SELECT
    _s16.ca_address_sk,
    MAX(_s16.anything_anything_ca_county) AS anything_anything_anything_ca_county,
    MAX(_s16.anything_sum_ss_ext_sales_price) AS anything_anything_sum_ss_ext_sales_price,
    MAX(_s16.sum_ss_ext_sales_price) AS anything_sum_ss_ext_sales_price,
    SUM(_s17.ss_ext_sales_price) AS sum_ss_ext_sales_price
  FROM _s16 AS _s16
  LEFT JOIN _s17 AS _s17
    ON _s16.ca_address_sk = _s17.ss_addr_sk
  GROUP BY
    1
), _s18 AS (
  SELECT
    ws_bill_addr_sk,
    ws_ext_sales_price,
    ws_sold_date_sk
  FROM tpcds.web_sales
), _s23 AS (
  SELECT
    _s18.ws_bill_addr_sk,
    _s18.ws_ext_sales_price
  FROM _s18 AS _s18
  LEFT JOIN _s4 AS _s19
    ON _s18.ws_bill_addr_sk = _s19.ca_address_sk
  JOIN _t10 AS _t16
    ON _s18.ws_sold_date_sk = _t16.d_date_sk
  WHERE
    NOT _s19.ca_county IS NULL
), _s28 AS (
  SELECT
    _s22.ca_address_sk,
    MAX(_s22.anything_anything_anything_ca_county) AS anything_anything_anything_anything_ca_county,
    MAX(_s22.anything_anything_sum_ss_ext_sales_price) AS anything_anything_anything_sum_ss_ext_sales_price,
    MAX(_s22.anything_sum_ss_ext_sales_price) AS anything_anything_sum_ss_ext_sales_price,
    MAX(_s22.sum_ss_ext_sales_price) AS anything_sum_ss_ext_sales_price,
    SUM(_s23.ws_ext_sales_price) AS sum_ws_ext_sales_price
  FROM _s22 AS _s22
  LEFT JOIN _s23 AS _s23
    ON _s22.ca_address_sk = _s23.ws_bill_addr_sk
  GROUP BY
    1
), _s29 AS (
  SELECT
    _s24.ws_bill_addr_sk,
    _s24.ws_ext_sales_price
  FROM _s18 AS _s24
  LEFT JOIN _s4 AS _s25
    ON _s24.ws_bill_addr_sk = _s25.ca_address_sk
  JOIN _t12 AS _t18
    ON _s24.ws_sold_date_sk = _t18.d_date_sk
  WHERE
    NOT _s25.ca_county IS NULL
), _s34 AS (
  SELECT
    _s28.ca_address_sk,
    MAX(_s28.anything_anything_anything_anything_ca_county) AS anything_anything_anything_anything_anything_ca_county,
    MAX(_s28.anything_anything_anything_sum_ss_ext_sales_price) AS anything_anything_anything_anything_sum_ss_ext_sales_price,
    MAX(_s28.anything_anything_sum_ss_ext_sales_price) AS anything_anything_anything_sum_ss_ext_sales_price,
    MAX(_s28.anything_sum_ss_ext_sales_price) AS anything_anything_sum_ss_ext_sales_price,
    MAX(_s28.sum_ws_ext_sales_price) AS anything_sum_ws_ext_sales_price,
    SUM(_s29.ws_ext_sales_price) AS sum_ws_ext_sales_price
  FROM _s28 AS _s28
  LEFT JOIN _s29 AS _s29
    ON _s28.ca_address_sk = _s29.ws_bill_addr_sk
  GROUP BY
    1
), _s35 AS (
  SELECT
    _s30.ws_bill_addr_sk,
    _s30.ws_ext_sales_price
  FROM _s18 AS _s30
  LEFT JOIN _s4 AS _s31
    ON _s30.ws_bill_addr_sk = _s31.ca_address_sk
  JOIN _t14 AS _t20
    ON _s30.ws_sold_date_sk = _t20.d_date_sk
  WHERE
    NOT _s31.ca_county IS NULL
), _t2 AS (
  SELECT
    MAX(_s34.anything_anything_anything_anything_anything_ca_county) AS anything_anything_anything_anything_anything_anything_ca_county,
    MAX(_s34.anything_anything_anything_anything_sum_ss_ext_sales_price) AS anything_anything_anything_anything_anything_sum_ss_ext_sales_price,
    MAX(_s34.anything_anything_anything_sum_ss_ext_sales_price) AS anything_anything_anything_anything_sum_ss_ext_sales_price,
    MAX(_s34.anything_anything_sum_ss_ext_sales_price) AS anything_anything_anything_sum_ss_ext_sales_price,
    MAX(_s34.anything_sum_ws_ext_sales_price) AS anything_anything_sum_ws_ext_sales_price,
    MAX(_s34.sum_ws_ext_sales_price) AS anything_sum_ws_ext_sales_price,
    SUM(_s35.ws_ext_sales_price) AS sum_ws_ext_sales_price
  FROM _s34 AS _s34
  LEFT JOIN _s35 AS _s35
    ON _s34.ca_address_sk = _s35.ws_bill_addr_sk
  GROUP BY
    _s34.ca_address_sk
), _t1 AS (
  SELECT
    anything_anything_anything_anything_anything_anything_ca_county,
    SUM(anything_anything_anything_anything_anything_sum_ss_ext_sales_price) AS sum_anything_anything_anything_anything_anything_sum_ss_ext_sales_price,
    SUM(anything_anything_anything_anything_sum_ss_ext_sales_price) AS sum_anything_anything_anything_anything_sum_ss_ext_sales_price,
    SUM(anything_anything_anything_sum_ss_ext_sales_price) AS sum_anything_anything_anything_sum_ss_ext_sales_price,
    SUM(anything_anything_sum_ws_ext_sales_price) AS sum_anything_anything_sum_ws_ext_sales_price,
    SUM(anything_sum_ws_ext_sales_price) AS sum_anything_sum_ws_ext_sales_price,
    SUM(sum_ws_ext_sales_price) AS sum_sum_ws_ext_sales_price
  FROM _t2
  GROUP BY
    1
)
SELECT
  anything_anything_anything_anything_anything_anything_ca_county AS ca_county,
  2000 AS d_year,
  CASE
    WHEN sum_anything_anything_sum_ws_ext_sales_price <> 0
    THEN CAST(sum_anything_sum_ws_ext_sales_price AS DOUBLE PRECISION) / sum_anything_anything_sum_ws_ext_sales_price
    ELSE NULL
  END AS web_q1_q2_increase,
  CASE
    WHEN sum_anything_anything_anything_anything_anything_sum_ss_ext_sales_price <> 0
    THEN CAST(sum_anything_anything_anything_anything_sum_ss_ext_sales_price AS DOUBLE PRECISION) / sum_anything_anything_anything_anything_anything_sum_ss_ext_sales_price
    ELSE NULL
  END AS store_q1_q2_increase,
  CASE
    WHEN sum_anything_sum_ws_ext_sales_price <> 0
    THEN CAST(COALESCE(sum_sum_ws_ext_sales_price, 0) AS DOUBLE PRECISION) / sum_anything_sum_ws_ext_sales_price
    ELSE NULL
  END AS web_q2_q3_increase,
  CASE
    WHEN sum_anything_anything_anything_anything_sum_ss_ext_sales_price <> 0
    THEN CAST(COALESCE(sum_anything_anything_anything_sum_ss_ext_sales_price, 0) AS DOUBLE PRECISION) / sum_anything_anything_anything_anything_sum_ss_ext_sales_price
    ELSE NULL
  END AS store_q2_q3_increase
FROM _t1
WHERE
  CASE
    WHEN (
      NOT sum_anything_anything_anything_anything_anything_sum_ss_ext_sales_price IS NULL
      AND sum_anything_anything_anything_anything_anything_sum_ss_ext_sales_price <> 0
    )
    THEN CAST(COALESCE(sum_anything_anything_anything_anything_sum_ss_ext_sales_price, 0) AS DOUBLE PRECISION) / COALESCE(sum_anything_anything_anything_anything_anything_sum_ss_ext_sales_price, 0)
    ELSE NULL
  END < CASE
    WHEN (
      NOT sum_anything_anything_sum_ws_ext_sales_price IS NULL
      AND sum_anything_anything_sum_ws_ext_sales_price <> 0
    )
    THEN CAST(COALESCE(sum_anything_sum_ws_ext_sales_price, 0) AS DOUBLE PRECISION) / COALESCE(sum_anything_anything_sum_ws_ext_sales_price, 0)
    ELSE NULL
  END
  AND CASE
    WHEN (
      NOT sum_anything_anything_anything_anything_sum_ss_ext_sales_price IS NULL
      AND sum_anything_anything_anything_anything_sum_ss_ext_sales_price <> 0
    )
    THEN CAST(COALESCE(sum_anything_anything_anything_sum_ss_ext_sales_price, 0) AS DOUBLE PRECISION) / COALESCE(sum_anything_anything_anything_anything_sum_ss_ext_sales_price, 0)
    ELSE NULL
  END < CASE
    WHEN (
      NOT sum_anything_sum_ws_ext_sales_price IS NULL
      AND sum_anything_sum_ws_ext_sales_price <> 0
    )
    THEN CAST(COALESCE(sum_sum_ws_ext_sales_price, 0) AS DOUBLE PRECISION) / COALESCE(sum_anything_sum_ws_ext_sales_price, 0)
    ELSE NULL
  END
ORDER BY
  3 NULLS FIRST
LIMIT 100",30.992847134999465,25.04836453899952,"Limit  (cost=4393169.26..4393169.26 rows=1 width=214) (actual time=32241.754..32250.248 rows=100 loops=1)
  CTE ss
    ->  Finalize GroupAggregate  (cost=2478033.85..2879806.76 rows=1483380 width=62) (actual time=9853.310..9939.620 rows=38504 loops=1)
          Group Key: ca.ca_county, d.d_qoy, d.d_year
          ->  Gather Merge  (cost=2478033.85..2824180.01 rows=2966760 width=62) (actual time=9853.273..9890.599 rows=113541 loops=1)
                Workers Planned: 2
                Workers Launched: 2
                ->  Sort  (cost=2477033.82..2480742.27 rows=1483380 width=62) (actual time=9804.556..9811.786 rows=37847 loops=3)
                      Sort Key: ca.ca_county, d.d_qoy, d.d_year
                      Sort Method: external merge  Disk: 4112kB
                      Worker 0:  Sort Method: external merge  Disk: 4104kB
                      Worker 1:  Sort Method: external merge  Disk: 4128kB
                      ->  Partial HashAggregate  (cost=2023346.75..2213438.98 rows=1483380 width=62) (actual time=9001.363..9740.202 rows=37847 loops=3)
                            Group Key: ca.ca_county, d.d_qoy, d.d_year
                            Planned Partitions: 64  Batches: 65  Memory Usage: 8209kB  Disk Usage: 188456kB
                            Worker 0:  Batches: 65  Memory Usage: 8209kB  Disk Usage: 187400kB
                            Worker 1:  Batches: 65  Memory Usage: 8209kB  Disk Usage: 241680kB
                            ->  Parallel Hash Join  (cost=9830.58..1007770.84 rows=10979199 width=36) (actual time=314.067..6039.224 rows=8951984 loops=3)
                                  Hash Cond: (ss.ss_sold_date_sk = d.d_date_sk)
                                  ->  Parallel Hash Join  (cost=6831.75..897163.56 rows=11473316 width=28) (actual time=57.967..4074.266 rows=9168133 loops=3)
                                        Hash Cond: (ss.ss_addr_sk = ca.ca_address_sk)
                                        ->  Parallel Seq Scan on store_sales ss  (cost=0.00..797528.85 rows=11999285 width=22) (actual time=0.078..1335.839 rows=9600330 loops=3)
                                        ->  Parallel Hash  (cost=5529.67..5529.67 rows=104167 width=22) (actual time=57.558..57.559 rows=83333 loops=3)
                                              Buckets: 262144  Batches: 1  Memory Usage: 16064kB
                                              ->  Parallel Seq Scan on customer_address ca  (cost=0.00..5529.67 rows=104167 width=22) (actual time=0.453..36.363 rows=83333 loops=3)
                                  ->  Parallel Hash  (cost=2461.70..2461.70 rows=42970 width=24) (actual time=255.450..255.451 rows=24350 loops=3)
                                        Buckets: 131072  Batches: 1  Memory Usage: 5088kB
                                        ->  Parallel Seq Scan on date_dim d  (cost=0.00..2461.70 rows=42970 width=24) (actual time=164.621..168.667 rows=24350 loops=3)
  CTE ws
    ->  Finalize GroupAggregate  (cost=836749.57..1290817.27 rows=1483380 width=62) (actual time=4968.759..6405.971 rows=37641 loops=1)
          Group Key: ca_1.ca_county, d_1.d_qoy, d_1.d_year
          ->  Gather Merge  (cost=836749.57..1235190.52 rows=2966760 width=62) (actual time=4968.710..6333.924 rows=103565 loops=1)
                Workers Planned: 2
                Workers Launched: 2
                ->  Partial GroupAggregate  (cost=835749.54..891752.78 rows=1483380 width=62) (actual time=4823.626..5971.005 rows=34522 loops=3)
                      Group Key: ca_1.ca_county, d_1.d_qoy, d_1.d_year
                      ->  Sort  (cost=835749.54..843241.74 rows=2996879 width=36) (actual time=4823.574..5530.695 rows=2398318 loops=3)
                            Sort Key: ca_1.ca_county, d_1.d_qoy, d_1.d_year
                            Sort Method: external merge  Disk: 99336kB
                            Worker 0:  Sort Method: external merge  Disk: 130688kB
                            Worker 1:  Sort Method: external merge  Disk: 122016kB
                            ->  Parallel Hash Join  (cost=9830.58..349461.84 rows=2996879 width=36) (actual time=319.116..1815.857 rows=2398318 loops=3)
                                  Hash Cond: (ws.ws_sold_date_sk = d_1.d_date_sk)
                                  ->  Parallel Hash Join  (cost=6831.75..317592.28 rows=2997878 width=28) (actual time=33.525..1093.052 rows=2398621 loops=3)
                                        Hash Cond: (ws.ws_bill_addr_sk = ca_1.ca_address_sk)
                                        ->  Parallel Seq Scan on web_sales ws  (cost=0.00..287022.78 rows=2999078 width=22) (actual time=0.014..391.174 rows=2399189 loops=3)
                                        ->  Parallel Hash  (cost=5529.67..5529.67 rows=104167 width=22) (actual time=33.229..33.230 rows=83333 loops=3)
                                              Buckets: 262144  Batches: 1  Memory Usage: 16064kB
                                              ->  Parallel Seq Scan on customer_address ca_1  (cost=0.00..5529.67 rows=104167 width=22) (actual time=0.047..12.769 rows=83333 loops=3)
                                  ->  Parallel Hash  (cost=2461.70..2461.70 rows=42970 width=24) (actual time=285.024..285.024 rows=24350 loops=3)
                                        Buckets: 131072  Batches: 1  Memory Usage: 5088kB
                                        ->  Parallel Seq Scan on date_dim d_1  (cost=0.00..2461.70 rows=42970 width=24) (actual time=184.411..188.714 rows=24350 loops=3)
  ->  Sort  (cost=222545.22..222545.23 rows=1 width=214) (actual time=31544.780..31544.792 rows=100 loops=1)
        Sort Key: ((ws2.web_sales / ws1.web_sales))
        Sort Method: top-N heapsort  Memory: 46kB
        ->  Nested Loop  (cost=0.00..222545.21 rows=1 width=214) (actual time=16467.468..31544.269 rows=307 loops=1)
              Join Filter: (((ss1.ca_county)::text = (ws3.ca_county)::text) AND (CASE WHEN (ws2.web_sales > '0'::numeric) THEN (ws3.web_sales / ws2.web_sales) ELSE NULL::numeric END > CASE WHEN (ss2.store_sales > '0'::numeric) THEN (ss3.store_sales / ss2.store_sales) ELSE NULL::numeric END))
              Rows Removed by Join Filter: 1717403
              ->  Nested Loop  (cost=0.00..185459.78 rows=1 width=558) (actual time=16388.877..29828.207 rows=930 loops=1)
                    Join Filter: (((ss1.ca_county)::text = (ws2.ca_county)::text) AND (CASE WHEN (ws1.web_sales > '0'::numeric) THEN (ws2.web_sales / ws1.web_sales) ELSE NULL::numeric END > CASE WHEN (ss1.store_sales > '0'::numeric) THEN (ss2.store_sales / ss1.store_sales) ELSE NULL::numeric END))
                    Rows Removed by Join Filter: 3397560
                    ->  Nested Loop  (cost=0.00..148374.35 rows=1 width=448) (actual time=14822.156..25007.348 rows=1842 loops=1)
                          Join Filter: ((ss1.ca_county)::text = (ws1.ca_county)::text)
                          Rows Removed by Join Filter: 3400336
                          ->  Nested Loop  (cost=0.00..111289.39 rows=1 width=338) (actual time=9853.360..16800.399 rows=1846 loops=1)
                                Join Filter: ((ss1.ca_county)::text = (ss3.ca_county)::text)
                                Rows Removed by Join Filter: 3407716
                                ->  Nested Loop  (cost=0.00..74199.43 rows=7 width=228) (actual time=9853.341..13289.238 rows=1846 loops=1)
                                      Join Filter: ((ss1.ca_county)::text = (ss2.ca_county)::text)
                                      Rows Removed by Join Filter: 3409563
                                      ->  CTE Scan on ss ss1  (cost=0.00..37084.50 rows=37 width=118) (actual time=9853.321..9855.374 rows=1847 loops=1)
                                            Filter: ((d_qoy = 1) AND (d_year = 2000))
                                            Rows Removed by Filter: 36657
                                      ->  CTE Scan on ss ss2  (cost=0.00..37084.50 rows=37 width=110) (actual time=0.001..1.777 rows=1847 loops=1847)
                                            Filter: ((d_year = 2000) AND (d_qoy = 2))
                                            Rows Removed by Filter: 36657
                                ->  CTE Scan on ss ss3  (cost=0.00..37084.50 rows=37 width=110) (actual time=0.001..1.821 rows=1847 loops=1846)
                                      Filter: ((d_year = 2000) AND (d_qoy = 3))
                                      Rows Removed by Filter: 36657
                          ->  CTE Scan on ws ws1  (cost=0.00..37084.50 rows=37 width=110) (actual time=2.692..4.365 rows=1843 loops=1846)
                                Filter: ((d_qoy = 1) AND (d_year = 2000))
                                Rows Removed by Filter: 35798
                    ->  CTE Scan on ws ws2  (cost=0.00..37084.50 rows=37 width=110) (actual time=0.001..2.522 rows=1845 loops=1842)
                          Filter: ((d_year = 2000) AND (d_qoy = 2))
                          Rows Removed by Filter: 35796
              ->  CTE Scan on ws ws3  (cost=0.00..37084.50 rows=37 width=110) (actual time=0.001..1.751 rows=1847 loops=930)
                    Filter: ((d_year = 2000) AND (d_qoy = 3))
                    Rows Removed by Filter: 35794
Planning Time: 1.264 ms
JIT:
  Functions: 191
  Options: Inlining true, Optimization true, Expressions true, Deforming true
  Timing: Generation 11.134 ms, Inlining 264.656 ms, Optimization 947.441 ms, Emission 665.358 ms, Total 1888.588 ms
Execution Time: 32292.193 ms","Limit  (cost=460528728387.39..460528728387.44 rows=22 width=68) (actual time=31483.549..31483.582 rows=100 loops=1)
  CTE _s4
    ->  Seq Scan on customer_address  (cost=0.00..6988.00 rows=250000 width=22) (actual time=0.045..28.957 rows=250000 loops=1)
  CTE _s0
    ->  Seq Scan on store_sales  (cost=0.00..965518.84 rows=28798284 width=22) (actual time=0.009..3960.321 rows=28800991 loops=1)
  CTE _t10
    ->  Seq Scan on date_dim  (cost=0.00..3127.73 rows=91 width=24) (actual time=2.724..5.484 rows=91 loops=1)
          Filter: ((d_qoy = 1) AND (d_year = 2000))
          Rows Removed by Filter: 72958
  CTE _t12
    ->  Seq Scan on date_dim date_dim_1  (cost=0.00..3127.73 rows=91 width=24) (actual time=2.743..5.395 rows=91 loops=1)
          Filter: ((d_qoy = 2) AND (d_year = 2000))
          Rows Removed by Filter: 72958
  CTE _t14
    ->  Seq Scan on date_dim date_dim_2  (cost=0.00..3127.73 rows=90 width=24) (actual time=2.892..5.634 rows=92 loops=1)
          Filter: ((d_qoy = 3) AND (d_year = 2000))
          Rows Removed by Filter: 72957
  CTE _s18
    ->  Seq Scan on web_sales  (cost=0.00..329009.87 rows=7197787 width=22) (actual time=0.039..1159.815 rows=7197566 loops=1)
  ->  Sort  (cost=460527417487.47..460527417487.53 rows=22 width=68) (actual time=30234.486..30234.509 rows=100 loops=1)
        Sort Key: (CASE WHEN (_t1.sum_anything_anything_sum_ws_ext_sales_price <> '0'::numeric) THEN ((_t1.sum_anything_sum_ws_ext_sales_price)::double precision / (_t1.sum_anything_anything_sum_ws_ext_sales_price)::double precision) ELSE NULL::double precision END) NULLS FIRST
        Sort Method: top-N heapsort  Memory: 46kB
        ->  Subquery Scan on _t1  (cost=460527417467.88..460527417486.98 rows=22 width=68) (actual time=30163.537..30234.404 rows=307 loops=1)
              ->  GroupAggregate  (cost=460527417467.88..460527417485.88 rows=22 width=224) (actual time=30163.531..30234.070 rows=307 loops=1)
                    Group Key: _t2.anything_anything_anything_anything_anything_anything_ca_county
                    Filter: ((CASE WHEN ((sum(_t2.anything_anything_anything_anything_anything_sum_ss_ext_sales_p) IS NOT NULL) AND (sum(_t2.anything_anything_anything_anything_anything_sum_ss_ext_sales_p) <> '0'::numeric)) THEN ((COALESCE(sum(_t2.anything_anything_anything_anything_sum_ss_ext_sales_price), '0'::numeric))::double precision / (COALESCE(sum(_t2.anything_anything_anything_anything_anything_sum_ss_ext_sales_p), '0'::numeric))::double precision) ELSE NULL::double precision END < CASE WHEN ((sum(_t2.anything_anything_sum_ws_ext_sales_price) IS NOT NULL) AND (sum(_t2.anything_anything_sum_ws_ext_sales_price) <> '0'::numeric)) THEN ((COALESCE(sum(_t2.anything_sum_ws_ext_sales_price), '0'::numeric))::double precision / (COALESCE(sum(_t2.anything_anything_sum_ws_ext_sales_price), '0'::numeric))::double precision) ELSE NULL::double precision END) AND (CASE WHEN ((sum(_t2.anything_anything_anything_anything_sum_ss_ext_sales_price) IS NOT NULL) AND (sum(_t2.anything_anything_anything_anything_sum_ss_ext_sales_price) <> '0'::numeric)) THEN ((COALESCE(sum(_t2.anything_anything_anything_sum_ss_ext_sales_price), '0'::numeric))::double precision / (COALESCE(sum(_t2.anything_anything_anything_anything_sum_ss_ext_sales_price), '0'::numeric))::double precision) ELSE NULL::double precision END < CASE WHEN ((sum(_t2.anything_sum_ws_ext_sales_price) IS NOT NULL) AND (sum(_t2.anything_sum_ws_ext_sales_price) <> '0'::numeric)) THEN ((COALESCE(sum(_t2.sum_ws_ext_sales_price), '0'::numeric))::double precision / (COALESCE(sum(_t2.anything_sum_ws_ext_sales_price), '0'::numeric))::double precision) ELSE NULL::double precision END))
                    Rows Removed by Filter: 1540
                    ->  Sort  (cost=460527417467.88..460527417468.38 rows=200 width=224) (actual time=30162.882..30190.802 rows=250000 loops=1)
                          Sort Key: _t2.anything_anything_anything_anything_anything_anything_ca_county
                          Sort Method: external merge  Disk: 8440kB
                          ->  Subquery Scan on _t2  (cost=10973834.56..460527417460.24 rows=200 width=224) (actual time=26137.923..29969.836 rows=250000 loops=1)
                                ->  GroupAggregate  (cost=10973834.56..460527417458.24 rows=200 width=232) (actual time=26137.921..29946.238 rows=250000 loops=1)
                                      Group Key: _s4.ca_address_sk
                                      ->  Merge Left Join  (cost=10973834.56..460446847227.52 rows=4028511411 width=214) (actual time=26137.879..29729.404 rows=594015 loops=1)
                                            Merge Cond: (_s4.ca_address_sk = _s30.ws_bill_addr_sk)
                                            ->  GroupAggregate  (cost=10256694.14..460325265403.80 rows=200 width=200) (actual time=25051.760..28363.628 rows=250000 loops=1)
                                                  Group Key: _s4.ca_address_sk
                                                  ->  Merge Left Join  (cost=10256694.14..460253983129.94 rows=4073272649 width=182) (actual time=25051.712..28195.019 rows=436544 loops=1)
                                                        Merge Cond: (_s4.ca_address_sk = _s24.ws_bill_addr_sk)
                                                        ->  GroupAggregate  (cost=9533564.06..460131052390.23 rows=200 width=168) (actual time=24005.709..26969.667 rows=250000 loops=1)
                                                              Group Key: _s4.ca_address_sk
                                                              ->  Merge Left Join  (cost=9533564.06..460069953298.00 rows=4073272649 width=150) (actual time=24005.664..26807.744 rows=444366 loops=1)
                                                                    Merge Cond: (_s4.ca_address_sk = _s18.ws_bill_addr_sk)
                                                                    ->  GroupAggregate  (cost=8810433.98..459947022558.29 rows=200 width=136) (actual time=20691.907..23310.784 rows=250000 loops=1)
                                                                          Group Key: _s4.ca_address_sk
                                                                          ->  Merge Left Join  (cost=8810433.98..459745547061.09 rows=16118039576 width=118) (actual time=20691.868..22983.855 rows=1540400 loops=1)
                                                                                Merge Cond: (_s4.ca_address_sk = _s12.ss_addr_sk)
                                                                                ->  GroupAggregate  (cost=5903683.87..459259065477.64 rows=200 width=104) (actual time=16423.289..17864.825 rows=250000 loops=1)
                                                                                      Group Key: _s4.ca_address_sk
                                                                                      ->  Merge Left Join  (cost=5903683.87..459096094186.09 rows=16297128905 width=86) (actual time=16423.271..17658.389 rows=940049 loops=1)
                                                                                            Merge Cond: (_s4.ca_address_sk = _s6.ss_addr_sk)
                                                                                            ->  GroupAggregate  (cost=2971530.66..458604214167.55 rows=200 width=72) (actual time=12399.275..13139.212 rows=250000 loops=1)
                                                                                                  Group Key: _s4.ca_address_sk
                                                                                                  ->  Merge Left Join  (cost=2971530.66..305818630680.68 rows=20371411131250 width=100) (actual time=12399.246..12946.927 rows=982173 loops=1)
                                                                                                        Merge Cond: (_s4.ca_address_sk = _s0.ss_addr_sk)
                                                                                                        ->  Sort  (cost=39377.46..40002.46 rows=250000 width=86) (actual time=105.380..130.519 rows=250000 loops=1)
                                                                                                              Sort Key: _s4.ca_address_sk
                                                                                                              Sort Method: external merge  Disk: 7976kB
                                                                                                              ->  CTE Scan on _s4  (cost=0.00..5000.00 rows=250000 width=86) (actual time=0.048..79.645 rows=250000 loops=1)
                                                                                                        ->  Materialize  (cost=2932153.20..288165906.73 rows=16297128905 width=22) (actual time=12293.839..12697.037 rows=793573 loops=1)
                                                                                                              ->  Merge Join  (cost=2932153.20..247423084.46 rows=16297128905 width=22) (actual time=12293.836..12571.491 rows=793573 loops=1)
                                                                                                                    Merge Cond: (_s1.ca_address_sk = _s0.ss_addr_sk)
                                                                                                                    ->  Sort  (cost=30695.39..31317.27 rows=248750 width=8) (actual time=44.809..60.704 rows=242498 loops=1)
                                                                                                                          Sort Key: _s1.ca_address_sk
                                                                                                                          Sort Method: external merge  Disk: 2856kB
                                                                                                                          ->  CTE Scan on _s4 _s1  (cost=0.00..5000.00 rows=248750 width=8) (actual time=0.018..21.608 rows=242498 loops=1)
                                                                                                                                Filter: (ca_county IS NOT NULL)
                                                                                                                                Rows Removed by Filter: 7502
                                                                                                                    ->  Materialize  (cost=2901457.81..2966973.90 rows=13103219 width=22) (actual time=12248.988..12405.716 rows=819009 loops=1)
                                                                                                                          ->  Sort  (cost=2901457.81..2934215.86 rows=13103219 width=22) (actual time=12248.986..12331.732 rows=819009 loops=1)
                                                                                                                                Sort Key: _s0.ss_addr_sk
                                                                                                                                Sort Method: external merge  Disk: 21176kB
                                                                                                                                ->  Hash Join  (cost=2.96..814994.39 rows=13103219 width=22) (actual time=5.580..12102.162 rows=838762 loops=1)
                                                                                                                                      Hash Cond: (_s0.ss_sold_date_sk = _t10.d_date_sk)
                                                                                                                                      ->  CTE Scan on _s0  (cost=0.00..575965.68 rows=28798284 width=30) (actual time=0.010..10180.773 rows=28800991 loops=1)
                                                                                                                                      ->  Hash  (cost=1.82..1.82 rows=91 width=8) (actual time=5.517..5.518 rows=91 loops=1)
                                                                                                                                            Buckets: 1024  Batches: 1  Memory Usage: 12kB
                                                                                                                                            ->  CTE Scan on _t10  (cost=0.00..1.82 rows=91 width=8) (actual time=2.727..5.504 rows=91 loops=1)
                                                                                            ->  Materialize  (cost=2932153.20..288165906.73 rows=16297128905 width=22) (actual time=4023.988..4407.884 rows=748583 loops=1)
                                                                                                  ->  Merge Join  (cost=2932153.20..247423084.46 rows=16297128905 width=22) (actual time=4023.985..4291.396 rows=748583 loops=1)
                                                                                                        Merge Cond: (_s7.ca_address_sk = _s6.ss_addr_sk)
                                                                                                        ->  Sort  (cost=30695.39..31317.27 rows=248750 width=8) (actual time=44.063..59.951 rows=242495 loops=1)
                                                                                                              Sort Key: _s7.ca_address_sk
                                                                                                              Sort Method: external merge  Disk: 2856kB
                                                                                                              ->  CTE Scan on _s4 _s7  (cost=0.00..5000.00 rows=248750 width=8) (actual time=0.009..21.667 rows=242498 loops=1)
                                                                                                                    Filter: (ca_county IS NOT NULL)
                                                                                                                    Rows Removed by Filter: 7502
                                                                                                        ->  Materialize  (cost=2901457.81..2966973.90 rows=13103219 width=22) (actual time=3979.881..4128.694 rows=772346 loops=1)
                                                                                                              ->  Sort  (cost=2901457.81..2934215.86 rows=13103219 width=22) (actual time=3979.879..4057.911 rows=772346 loops=1)
                                                                                                                    Sort Key: _s6.ss_addr_sk
                                                                                                                    Sort Method: external merge  Disk: 19968kB
                                                                                                                    ->  Hash Join  (cost=2.96..814994.39 rows=13103219 width=22) (actual time=5.482..3842.420 rows=791057 loops=1)
                                                                                                                          Hash Cond: (_s6.ss_sold_date_sk = _t12.d_date_sk)
                                                                                                                          ->  CTE Scan on _s0 _s6  (cost=0.00..575965.68 rows=28798284 width=30) (actual time=0.010..1990.688 rows=28800991 loops=1)
                                                                                                                          ->  Hash  (cost=1.82..1.82 rows=91 width=8) (actual time=5.427..5.428 rows=91 loops=1)
                                                                                                                                Buckets: 1024  Batches: 1  Memory Usage: 12kB
                                                                                                                                ->  CTE Scan on _t12  (cost=0.00..1.82 rows=91 width=8) (actual time=2.746..5.415 rows=91 loops=1)
                                                                                ->  Materialize  (cost=2906750.12..285006088.25 rows=16118039576 width=22) (actual time=4268.572..4935.349 rows=1387452 loops=1)
                                                                                      ->  Merge Join  (cost=2906750.12..244710989.31 rows=16118039576 width=22) (actual time=4268.562..4717.840 rows=1387452 loops=1)
                                                                                            Merge Cond: (_s13.ca_address_sk = _s12.ss_addr_sk)
                                                                                            ->  Sort  (cost=30695.39..31317.27 rows=248750 width=8) (actual time=45.679..62.153 rows=242498 loops=1)
                                                                                                  Sort Key: _s13.ca_address_sk
                                                                                                  Sort Method: external merge  Disk: 2856kB
                                                                                                  ->  CTE Scan on _s4 _s13  (cost=0.00..5000.00 rows=248750 width=8) (actual time=0.009..22.771 rows=242498 loops=1)
                                                                                                        Filter: (ca_county IS NOT NULL)
                                                                                                        Rows Removed by Filter: 7502
                                                                                            ->  Materialize  (cost=2876054.72..2940850.86 rows=12959228 width=22) (actual time=4222.842..4482.347 rows=1431272 loops=1)
                                                                                                  ->  Sort  (cost=2876054.72..2908452.79 rows=12959228 width=22) (actual time=4222.839..4353.462 rows=1431272 loops=1)
                                                                                                        Sort Key: _s12.ss_addr_sk
                                                                                                        Sort Method: external merge  Disk: 36944kB
                                                                                                        ->  Hash Join  (cost=2.92..813554.45 rows=12959228 width=22) (actual time=5.729..3870.644 rows=1465854 loops=1)
                                                                                                              Hash Cond: (_s12.ss_sold_date_sk = _t14.d_date_sk)
                                                                                                              ->  CTE Scan on _s0 _s12  (cost=0.00..575965.68 rows=28798284 width=30) (actual time=0.002..1986.937 rows=28800991 loops=1)
                                                                                                              ->  Hash  (cost=1.80..1.80 rows=90 width=8) (actual time=5.668..5.669 rows=92 loops=1)
                                                                                                                    Buckets: 1024  Batches: 1  Memory Usage: 12kB
                                                                                                                    ->  CTE Scan on _t14  (cost=0.00..1.80 rows=90 width=8) (actual time=2.895..5.655 rows=92 loops=1)
                                                                    ->  Materialize  (cost=723130.08..72014831.09 rows=4073272649 width=22) (actual time=3313.749..3441.556 rows=211467 loops=1)
                                                                          ->  Merge Join  (cost=723130.08..61831649.47 rows=4073272649 width=22) (actual time=3313.747..3407.984 rows=211467 loops=1)
                                                                                Merge Cond: (_s19.ca_address_sk = _s18.ws_bill_addr_sk)
                                                                                ->  Sort  (cost=30695.39..31317.27 rows=248750 width=8) (actual time=44.654..59.612 rows=242494 loops=1)
                                                                                      Sort Key: _s19.ca_address_sk
                                                                                      Sort Method: external merge  Disk: 2856kB
                                                                                      ->  CTE Scan on _s4 _s19  (cost=0.00..5000.00 rows=248750 width=8) (actual time=0.007..21.618 rows=242498 loops=1)
                                                                                            Filter: (ca_county IS NOT NULL)
                                                                                            Rows Removed by Filter: 7502
                                                                                ->  Materialize  (cost=692434.69..708809.65 rows=3274993 width=22) (actual time=3269.048..3310.189 rows=218521 loops=1)
                                                                                      ->  Sort  (cost=692434.69..700622.17 rows=3274993 width=22) (actual time=3269.046..3290.285 rows=218521 loops=1)
                                                                                            Sort Key: _s18.ws_bill_addr_sk
                                                                                            Sort Method: external merge  Disk: 5632kB
                                                                                            ->  Hash Join  (cost=2.96..203700.33 rows=3274993 width=22) (actual time=0.170..3228.365 rows=218549 loops=1)
                                                                                                  Hash Cond: (_s18.ws_sold_date_sk = _t16.d_date_sk)
                                                                                                  ->  CTE Scan on _s18  (cost=0.00..143955.74 rows=7197787 width=30) (actual time=0.040..2735.989 rows=7197566 loops=1)
                                                                                                  ->  Hash  (cost=1.82..1.82 rows=91 width=8) (actual time=0.023..0.024 rows=91 loops=1)
                                                                                                        Buckets: 1024  Batches: 1  Memory Usage: 12kB
                                                                                                        ->  CTE Scan on _t10 _t16  (cost=0.00..1.82 rows=91 width=8) (actual time=0.004..0.011 rows=91 loops=1)
                                                        ->  Materialize  (cost=723130.08..72014831.09 rows=4073272649 width=22) (actual time=1045.995..1169.271 rows=202862 loops=1)
                                                              ->  Merge Join  (cost=723130.08..61831649.47 rows=4073272649 width=22) (actual time=1045.993..1137.752 rows=202862 loops=1)
                                                                    Merge Cond: (_s25.ca_address_sk = _s24.ws_bill_addr_sk)
                                                                    ->  Sort  (cost=30695.39..31317.27 rows=248750 width=8) (actual time=45.439..60.307 rows=242489 loops=1)
                                                                          Sort Key: _s25.ca_address_sk
                                                                          Sort Method: external merge  Disk: 2856kB
                                                                          ->  CTE Scan on _s4 _s25  (cost=0.00..5000.00 rows=248750 width=8) (actual time=0.007..21.818 rows=242498 loops=1)
                                                                                Filter: (ca_county IS NOT NULL)
                                                                                Rows Removed by Filter: 7502
                                                                    ->  Materialize  (cost=692434.69..708809.65 rows=3274993 width=22) (actual time=1000.512..1039.910 rows=208375 loops=1)
                                                                          ->  Sort  (cost=692434.69..700622.17 rows=3274993 width=22) (actual time=1000.511..1021.007 rows=208375 loops=1)
                                                                                Sort Key: _s24.ws_bill_addr_sk
                                                                                Sort Method: external merge  Disk: 5368kB
                                                                                ->  Hash Join  (cost=2.96..203700.33 rows=3274993 width=22) (actual time=0.106..962.913 rows=208401 loops=1)
                                                                                      Hash Cond: (_s24.ws_sold_date_sk = _t18.d_date_sk)
                                                                                      ->  CTE Scan on _s18 _s24  (cost=0.00..143955.74 rows=7197787 width=30) (actual time=0.013..499.212 rows=7197566 loops=1)
                                                                                      ->  Hash  (cost=1.82..1.82 rows=91 width=8) (actual time=0.022..0.022 rows=91 loops=1)
                                                                                            Buckets: 1024  Batches: 1  Memory Usage: 12kB
                                                                                            ->  CTE Scan on _t12 _t18  (cost=0.00..1.82 rows=91 width=8) (actual time=0.003..0.010 rows=91 loops=1)
                                            ->  Materialize  (cost=717140.42..71225428.58 rows=4028511411 width=22) (actual time=1086.110..1289.652 rows=373250 loops=1)
                                                  ->  Merge Join  (cost=717140.42..61154150.06 rows=4028511411 width=22) (actual time=1086.109..1232.075 rows=373250 loops=1)
                                                        Merge Cond: (_s31.ca_address_sk = _s30.ws_bill_addr_sk)
                                                        ->  Sort  (cost=30695.39..31317.27 rows=248750 width=8) (actual time=45.612..60.800 rows=242491 loops=1)
                                                              Sort Key: _s31.ca_address_sk
                                                              Sort Method: external merge  Disk: 2856kB
                                                              ->  CTE Scan on _s4 _s31  (cost=0.00..5000.00 rows=248750 width=8) (actual time=0.008..21.755 rows=242498 loops=1)
                                                                    Filter: (ca_county IS NOT NULL)
                                                                    Rows Removed by Filter: 7502
                                                        ->  Materialize  (cost=686445.03..702640.05 rows=3239004 width=22) (actual time=1040.453..1113.847 rows=384796 loops=1)
                                                              ->  Sort  (cost=686445.03..694542.54 rows=3239004 width=22) (actual time=1040.451..1078.790 rows=384796 loops=1)
                                                                    Sort Key: _s30.ws_bill_addr_sk
                                                                    Sort Method: external merge  Disk: 9912kB
                                                                    ->  Hash Join  (cost=2.92..203340.41 rows=3239004 width=22) (actual time=0.038..973.305 rows=384834 loops=1)
                                                                          Hash Cond: (_s30.ws_sold_date_sk = _t20.d_date_sk)
                                                                          ->  CTE Scan on _s18 _s30  (cost=0.00..143955.74 rows=7197787 width=30) (actual time=0.002..501.457 rows=7197566 loops=1)
                                                                          ->  Hash  (cost=1.80..1.80 rows=90 width=8) (actual time=0.022..0.022 rows=92 loops=1)
                                                                                Buckets: 1024  Batches: 1  Memory Usage: 12kB
                                                                                ->  CTE Scan on _t14 _t20  (cost=0.00..1.80 rows=90 width=8) (actual time=0.003..0.010 rows=92 loops=1)
Planning Time: 1.362 ms
JIT:
  Functions: 197
  Options: Inlining true, Optimization true, Expressions true, Deforming true
  Timing: Generation 6.170 ms, Inlining 14.236 ms, Optimization 701.747 ms, Emission 533.468 ms, Total 1255.621 ms
Execution Time: 31656.747 ms",SUCCESS
