,index,benchmark,question_id,ground_truth,pydough_code,pydough_sql,exec_time,pydough_exec_time,exec_plan,pydough_exec_plan,status
0,1,TPCH,Q1,"SELECT
    l_returnflag,
    l_linestatus,
    SUM(l_quantity) AS sum_qty,
    SUM(l_extendedprice) AS sum_base_price,
    SUM(l_extendedprice * (1 - l_discount)) AS sum_disc_price,
    SUM(l_extendedprice * (1 - l_discount) * (1 + l_tax)) AS sum_charge,
    AVG(l_quantity) AS avg_qty,
    AVG(l_extendedprice) AS avg_price,
    AVG(l_discount) AS avg_disc,
    COUNT(*) AS count_order
FROM
    tpch.lineitem
WHERE
    l_shipdate <= DATE '1998-12-01' - INTERVAL '90 days'
GROUP BY
    l_returnflag,
    l_linestatus
ORDER BY
    l_returnflag,
    l_linestatus;","result = (
        lines.WHERE(ship_date <= DATETIME('1998-12-1', '-90 days'))
        .PARTITION(name=""groups"", by=(return_flag, status))
        .CALCULATE(
            L_RETURNFLAG=return_flag,
            L_LINESTATUS=status,
            SUM_QTY=SUM(lines.quantity),
            SUM_BASE_PRICE=SUM(lines.extended_price),
            SUM_DISC_PRICE=SUM(lines.extended_price * (1 - lines.discount)),
            SUM_CHARGE=SUM(
                lines.extended_price * (1 - lines.discount) * (1 + lines.tax)
            ),
            AVG_QTY=AVG(lines.quantity),
            AVG_PRICE=AVG(lines.extended_price),
            AVG_DISC=AVG(lines.discount),
            COUNT_ORDER=COUNT(lines),
        )
        .ORDER_BY(L_RETURNFLAG.ASC(), L_LINESTATUS.ASC())
    )","SELECT
  l_returnflag AS L_RETURNFLAG,
  l_linestatus AS L_LINESTATUS,
  COALESCE(SUM(l_quantity), 0) AS SUM_QTY,
  COALESCE(SUM(l_extendedprice), 0) AS SUM_BASE_PRICE,
  COALESCE(SUM(l_extendedprice * (
    1 - l_discount
  )), 0) AS SUM_DISC_PRICE,
  COALESCE(SUM(l_extendedprice * (
    1 - l_discount
  ) * (
    1 + l_tax
  )), 0) AS SUM_CHARGE,
  AVG(CAST(l_quantity AS DECIMAL)) AS AVG_QTY,
  AVG(CAST(l_extendedprice AS DECIMAL)) AS AVG_PRICE,
  AVG(CAST(l_discount AS DECIMAL)) AS AVG_DISC,
  COUNT(*) AS COUNT_ORDER
FROM tpch.lineitem
WHERE
  l_shipdate <= CAST('1998-09-02' AS DATE)
GROUP BY
  1,
  2
ORDER BY
  1 NULLS FIRST,
  2 NULLS FIRST",25.168331975,25.06850677500006,"Finalize GroupAggregate  (cost=1685201.13..1698235.12 rows=40000 width=248) (actual time=24989.699..24995.681 rows=4 loops=1)
  Group Key: l_returnflag, l_linestatus
  ->  Gather Merge  (cost=1685201.13..1694535.12 rows=80000 width=248) (actual time=24989.665..24995.624 rows=12 loops=1)
        Workers Planned: 2
        Workers Launched: 2
        ->  Sort  (cost=1684201.11..1684301.11 rows=40000 width=248) (actual time=24971.551..24971.552 rows=4 loops=3)
              Sort Key: l_returnflag, l_linestatus
              Sort Method: quicksort  Memory: 27kB
              Worker 0:  Sort Method: quicksort  Memory: 27kB
              Worker 1:  Sort Method: quicksort  Memory: 27kB
              ->  Partial HashAggregate  (cost=1593260.22..1676492.06 rows=40000 width=248) (actual time=24971.495..24971.514 rows=4 loops=3)
                    Group Key: l_returnflag, l_linestatus
                    Planned Partitions: 8  Batches: 1  Memory Usage: 217kB
                    Worker 0:  Batches: 1  Memory Usage: 217kB
                    Worker 1:  Batches: 1  Memory Usage: 217kB
                    ->  Parallel Seq Scan on lineitem  (cost=0.00..1098328.25 rows=3010993 width=88) (actual time=235.439..3547.274 rows=19714203 loops=3)
                          Filter: (l_shipdate <= '1998-09-02 00:00:00'::timestamp without time zone)
                          Rows Removed by Filter: 281148
Planning Time: 0.174 ms
JIT:
  Functions: 27
  Options: Inlining true, Optimization true, Expressions true, Deforming true
  Timing: Generation 3.245 ms, Inlining 182.849 ms, Optimization 297.541 ms, Emission 225.910 ms, Total 709.546 ms
Execution Time: 24996.727 ms","Finalize GroupAggregate  (cost=1700456.10..1714290.08 rows=40000 width=248) (actual time=27701.537..27707.594 rows=4 loops=1)
  Group Key: l_returnflag, l_linestatus
  ->  Gather Merge  (cost=1700456.10..1709790.08 rows=80000 width=248) (actual time=27701.487..27707.494 rows=12 loops=1)
        Workers Planned: 2
        Workers Launched: 2
        ->  Sort  (cost=1699456.07..1699556.07 rows=40000 width=248) (actual time=27684.089..27684.090 rows=4 loops=3)
              Sort Key: l_returnflag NULLS FIRST, l_linestatus NULLS FIRST
              Sort Method: quicksort  Memory: 27kB
              Worker 0:  Sort Method: quicksort  Memory: 27kB
              Worker 1:  Sort Method: quicksort  Memory: 27kB
              ->  Partial HashAggregate  (cost=1608315.19..1691747.03 rows=40000 width=248) (actual time=27684.033..27684.055 rows=4 loops=3)
                    Group Key: l_returnflag, l_linestatus
                    Planned Partitions: 8  Batches: 1  Memory Usage: 225kB
                    Worker 0:  Batches: 1  Memory Usage: 225kB
                    Worker 1:  Batches: 1  Memory Usage: 225kB
                    ->  Parallel Seq Scan on lineitem  (cost=0.00..1098328.25 rows=3010993 width=88) (actual time=231.533..4567.176 rows=19714203 loops=3)
                          Filter: (l_shipdate <= '1998-09-02'::date)
                          Rows Removed by Filter: 281148
Planning Time: 0.136 ms
JIT:
  Functions: 27
  Options: Inlining true, Optimization true, Expressions true, Deforming true
  Timing: Generation 3.445 ms, Inlining 171.893 ms, Optimization 292.222 ms, Emission 229.746 ms, Total 697.307 ms
Execution Time: 27708.765 ms",SUCCESS
1,2,TPCH,Q2,"SELECT
    s.s_acctbal,
    s.s_name,
    n.n_name,
    p.p_partkey,
    p.p_mfgr,
    s.s_address,
    s.s_phone,
    s.s_comment
FROM
    tpch.part p
JOIN tpch.partsupp ps
    ON p.p_partkey = ps.ps_partkey
JOIN tpch.supplier s
    ON s.s_suppkey = ps.ps_suppkey
JOIN tpch.nation n
    ON s.s_nationkey = n.n_nationkey
JOIN tpch.region r
    ON n.n_regionkey = r.r_regionkey
WHERE
    p.p_size = 15
    AND p.p_type LIKE '%BRASS'
    AND r.r_name = 'EUROPE'
    AND ps.ps_supplycost = (
        SELECT
            MIN(ps2.ps_supplycost)
        FROM
            tpch.partsupp ps2
        JOIN tpch.supplier s2
            ON s2.s_suppkey = ps2.ps_suppkey
        JOIN tpch.nation n2
            ON s2.s_nationkey = n2.n_nationkey
        JOIN tpch.region r2
            ON n2.n_regionkey = r2.r_regionkey
        WHERE
            ps2.ps_partkey = p.p_partkey
            AND r2.r_name = 'EUROPE'
    )
ORDER BY
    s.s_acctbal DESC,
    n.n_name,
    s.s_name,
    p.p_partkey
LIMIT 10;","result = (
        parts.WHERE(ENDSWITH(part_type, ""BRASS"") & (size == 15))
        .CALCULATE(P_PARTKEY=key, P_MFGR=manufacturer)
        .supply_records.WHERE(supplier.nation.region.name == ""EUROPE"")
        .BEST(by=supply_cost.ASC(), per=""parts"", allow_ties=True)
        .CALCULATE(
            S_ACCTBAL=supplier.account_balance,
            S_NAME=supplier.name,
            N_NAME=supplier.nation.name,
            P_PARTKEY=P_PARTKEY,
            P_MFGR=P_MFGR,
            S_ADDRESS=supplier.address,
            S_PHONE=supplier.phone,
            S_COMMENT=supplier.comment,
        )
        .TOP_K(
            10,
            by=(S_ACCTBAL.DESC(), N_NAME.ASC(), S_NAME.ASC(), P_PARTKEY.ASC()),
        )
    )","WITH _t AS (
  SELECT
    nation.n_name,
    part.p_mfgr,
    part.p_partkey,
    supplier.s_acctbal,
    supplier.s_address,
    supplier.s_comment,
    supplier.s_name,
    supplier.s_phone,
    RANK() OVER (PARTITION BY partsupp.ps_partkey ORDER BY partsupp.ps_supplycost) AS _w
  FROM tpch.part AS part
  JOIN tpch.partsupp AS partsupp
    ON part.p_partkey = partsupp.ps_partkey
  JOIN tpch.supplier AS supplier
    ON partsupp.ps_suppkey = supplier.s_suppkey
  JOIN tpch.nation AS nation
    ON nation.n_nationkey = supplier.s_nationkey
  JOIN tpch.region AS region
    ON nation.n_regionkey = region.r_regionkey AND region.r_name = 'EUROPE'
  WHERE
    part.p_size = 15 AND part.p_type LIKE '%BRASS'
)
SELECT
  s_acctbal AS S_ACCTBAL,
  s_name AS S_NAME,
  n_name AS N_NAME,
  p_partkey AS P_PARTKEY,
  p_mfgr AS P_MFGR,
  s_address AS S_ADDRESS,
  s_phone AS S_PHONE,
  s_comment AS S_COMMENT
FROM _t
WHERE
  _w = 1
ORDER BY
  1 DESC NULLS LAST,
  3 NULLS FIRST,
  2 NULLS FIRST,
  4 NULLS FIRST
LIMIT 10",204.85585634300014,0.6084700490000614,"Limit  (cost=356144.45..356144.45 rows=1 width=216) (actual time=2210.803..2211.970 rows=10 loops=1)
  ->  Sort  (cost=356144.45..356144.45 rows=1 width=216) (actual time=2188.201..2189.366 rows=10 loops=1)
        Sort Key: s.s_acctbal DESC, n.n_name, s.s_name, p.p_partkey
        Sort Method: top-N heapsort  Memory: 29kB
        ->  Merge Join  (cost=237603.33..356144.44 rows=1 width=216) (actual time=1589.361..2187.881 rows=4667 loops=1)
              Merge Cond: (p.p_partkey = ps.ps_partkey)
              Join Filter: (ps.ps_supplycost = (SubPlan 1))
              Rows Removed by Join Filter: 1684
              ->  Gather Merge  (cost=1000.45..83624.27 rows=8500 width=19) (actual time=55.090..57.215 rows=7854 loops=1)
                    Workers Planned: 2
                    Workers Launched: 2
                    ->  Parallel Index Scan using part_pkey on part p  (cost=0.43..81643.13 rows=3542 width=19) (actual time=2.618..229.356 rows=2618 loops=3)
                          Filter: (((p_type)::text ~~ '%BRASS'::text) AND (p_size = 15))
                          Rows Removed by Filter: 664049
              ->  Materialize  (cost=236602.87..236813.41 rows=42108 width=207) (actual time=1532.623..1856.559 rows=1602443 loops=1)
                    ->  Sort  (cost=236602.87..236708.14 rows=42108 width=207) (actual time=1532.617..1698.658 rows=1602443 loops=1)
                          Sort Key: ps.ps_partkey
                          Sort Method: external merge  Disk: 253032kB
                          ->  Gather  (cost=3976.60..229193.10 rows=42108 width=207) (actual time=46.421..862.361 rows=1602640 loops=1)
                                Workers Planned: 2
                                Workers Launched: 2
                                ->  Parallel Hash Join  (cost=2976.60..223982.30 rows=17545 width=207) (actual time=36.349..838.713 rows=534213 loops=3)
                                      Hash Cond: (ps.ps_suppkey = s.s_suppkey)
                                      ->  Parallel Seq Scan on partsupp ps  (cost=0.00..208401.77 rows=3333578 width=14) (actual time=0.020..326.721 rows=2666667 loops=3)
                                      ->  Parallel Hash  (cost=2972.74..2972.74 rows=309 width=201) (actual time=15.143..15.146 rows=6678 loops=3)
                                            Buckets: 32768 (originally 1024)  Batches: 1 (originally 1)  Memory Usage: 4056kB
                                            ->  Hash Join  (cost=24.81..2972.74 rows=309 width=201) (actual time=0.105..33.936 rows=20033 loops=1)
                                                  Hash Cond: (s.s_nationkey = n.n_nationkey)
                                                  ->  Parallel Seq Scan on supplier s  (cost=0.00..2724.24 rows=58824 width=137) (actual time=0.004..9.013 rows=100000 loops=1)
                                                  ->  Hash  (cost=24.80..24.80 rows=1 width=72) (actual time=0.082..0.085 rows=5 loops=1)
                                                        Buckets: 1024  Batches: 1  Memory Usage: 9kB
                                                        ->  Hash Join  (cost=12.39..24.80 rows=1 width=72) (actual time=0.072..0.079 rows=5 loops=1)
                                                              Hash Cond: (n.n_regionkey = r.r_regionkey)
                                                              ->  Seq Scan on nation n  (cost=0.00..11.90 rows=190 width=76) (actual time=0.016..0.018 rows=25 loops=1)
                                                              ->  Hash  (cost=12.38..12.38 rows=1 width=4) (actual time=0.040..0.041 rows=1 loops=1)
                                                                    Buckets: 1024  Batches: 1  Memory Usage: 9kB
                                                                    ->  Seq Scan on region r  (cost=0.00..12.38 rows=1 width=4) (actual time=0.033..0.034 rows=1 loops=1)
                                                                          Filter: ((r_name)::text = 'EUROPE'::text)
                                                                          Rows Removed by Filter: 4
              SubPlan 1
                ->  Aggregate  (cost=198.80..198.81 rows=1 width=32) (actual time=0.025..0.025 rows=1 loops=6351)
                      ->  Nested Loop  (cost=1.01..198.80 rows=1 width=6) (actual time=0.016..0.025 rows=2 loops=6351)
                            ->  Nested Loop  (cost=0.87..191.01 rows=18 width=10) (actual time=0.011..0.021 rows=4 loops=6351)
                                  ->  Nested Loop  (cost=0.72..188.08 rows=18 width=10) (actual time=0.010..0.018 rows=4 loops=6351)
                                        ->  Index Scan using partsupp_pkey on partsupp ps2  (cost=0.43..38.50 rows=18 width=10) (actual time=0.007..0.007 rows=4 loops=6351)
                                              Index Cond: (ps_partkey = p.p_partkey)
                                        ->  Index Scan using supplier_pkey on supplier s2  (cost=0.29..8.31 rows=1 width=8) (actual time=0.002..0.002 rows=1 loops=25404)
                                              Index Cond: (s_suppkey = ps2.ps_suppkey)
                                  ->  Index Scan using nation_pkey on nation n2  (cost=0.14..0.16 rows=1 width=8) (actual time=0.001..0.001 rows=1 loops=25404)
                                        Index Cond: (n_nationkey = s2.s_nationkey)
                            ->  Index Scan using region_pkey on region r2  (cost=0.14..0.42 rows=1 width=4) (actual time=0.001..0.001 rows=0 loops=25404)
                                  Index Cond: (r_regionkey = n2.n_regionkey)
                                  Filter: ((r_name)::text = 'EUROPE'::text)
                                  Rows Removed by Filter: 1
Planning Time: 2.442 ms
JIT:
  Functions: 133
  Options: Inlining false, Optimization false, Expressions true, Deforming true
  Timing: Generation 10.145 ms, Inlining 0.000 ms, Optimization 3.348 ms, Emission 76.122 ms, Total 89.615 ms
Execution Time: 2244.285 ms","Limit  (cost=154345.06..154345.06 rows=1 width=216) (actual time=223.560..230.476 rows=10 loops=1)
  ->  Sort  (cost=154345.06..154345.06 rows=1 width=216) (actual time=207.461..214.375 rows=10 loops=1)
        Sort Key: _t.s_acctbal DESC NULLS LAST, _t.n_name NULLS FIRST, _t.s_name NULLS FIRST, _t.p_partkey NULLS FIRST
        Sort Method: top-N heapsort  Memory: 29kB
        ->  Subquery Scan on _t  (cost=154318.83..154345.05 rows=1 width=216) (actual time=202.087..213.264 rows=4667 loops=1)
              Filter: (_t._w = 1)
              ->  WindowAgg  (cost=154318.83..154342.81 rows=179 width=234) (actual time=202.077..212.820 rows=4667 loops=1)
                    Run Condition: (rank() OVER (?) <= 1)
                    ->  Gather Merge  (cost=154318.83..154339.68 rows=179 width=226) (actual time=202.044..209.965 rows=6351 loops=1)
                          Workers Planned: 2
                          Workers Launched: 2
                          ->  Sort  (cost=153318.81..153318.99 rows=75 width=226) (actual time=183.686..183.786 rows=2117 loops=3)
                                Sort Key: partsupp.ps_partkey, partsupp.ps_supplycost
                                Sort Method: quicksort  Memory: 699kB
                                Worker 0:  Sort Method: quicksort  Memory: 362kB
                                Worker 1:  Sort Method: quicksort  Memory: 377kB
                                ->  Parallel Hash Join  (cost=2977.03..153316.47 rows=75 width=226) (actual time=22.872..182.376 rows=2117 loops=3)
                                      Hash Cond: (partsupp.ps_suppkey = supplier.s_suppkey)
                                      ->  Nested Loop  (cost=0.43..150286.30 rows=14168 width=33) (actual time=13.977..170.009 rows=10472 loops=3)
                                            ->  Parallel Seq Scan on part  (cost=0.00..49695.84 rows=3542 width=19) (actual time=13.902..138.926 rows=2618 loops=3)
                                                  Filter: (((p_type)::text ~~ '%BRASS'::text) AND (p_size = 15))
                                                  Rows Removed by Filter: 664049
                                            ->  Index Scan using partsupp_pkey on partsupp  (cost=0.43..28.22 rows=18 width=14) (actual time=0.010..0.011 rows=4 loops=7854)
                                                  Index Cond: (ps_partkey = part.p_partkey)
                                      ->  Parallel Hash  (cost=2972.74..2972.74 rows=309 width=201) (actual time=8.480..8.482 rows=6678 loops=3)
                                            Buckets: 32768 (originally 1024)  Batches: 1 (originally 1)  Memory Usage: 4056kB
                                            ->  Hash Join  (cost=24.81..2972.74 rows=309 width=201) (actual time=0.070..17.750 rows=20033 loops=1)
                                                  Hash Cond: (supplier.s_nationkey = nation.n_nationkey)
                                                  ->  Parallel Seq Scan on supplier  (cost=0.00..2724.24 rows=58824 width=137) (actual time=0.004..6.520 rows=100000 loops=1)
                                                  ->  Hash  (cost=24.80..24.80 rows=1 width=72) (actual time=0.051..0.053 rows=5 loops=1)
                                                        Buckets: 1024  Batches: 1  Memory Usage: 9kB
                                                        ->  Hash Join  (cost=12.39..24.80 rows=1 width=72) (actual time=0.038..0.048 rows=5 loops=1)
                                                              Hash Cond: (nation.n_regionkey = region.r_regionkey)
                                                              ->  Seq Scan on nation  (cost=0.00..11.90 rows=190 width=76) (actual time=0.004..0.006 rows=25 loops=1)
                                                              ->  Hash  (cost=12.38..12.38 rows=1 width=4) (actual time=0.022..0.022 rows=1 loops=1)
                                                                    Buckets: 1024  Batches: 1  Memory Usage: 9kB
                                                                    ->  Seq Scan on region  (cost=0.00..12.38 rows=1 width=4) (actual time=0.016..0.017 rows=1 loops=1)
                                                                          Filter: ((r_name)::text = 'EUROPE'::text)
                                                                          Rows Removed by Filter: 4
Planning Time: 0.581 ms
JIT:
  Functions: 113
  Options: Inlining false, Optimization false, Expressions true, Deforming true
  Timing: Generation 5.397 ms, Inlining 0.000 ms, Optimization 2.387 ms, Emission 55.143 ms, Total 62.926 ms
Execution Time: 232.120 ms",SUCCESS
2,3,TPCH,Q3,"SELECT
    l.l_orderkey,
    SUM(l.l_extendedprice * (1 - l.l_discount)) AS revenue,
    o.o_orderdate,
    o.o_shippriority
FROM
    tpch.customer c
JOIN tpch.orders o
    ON c.c_custkey = o.o_custkey
JOIN tpch.lineitem l
    ON l.l_orderkey = o.o_orderkey
WHERE
    c.c_mktsegment = 'BUILDING'
    AND o.o_orderdate < DATE '1995-03-15'
    AND l.l_shipdate > DATE '1995-03-15'
GROUP BY
    l.l_orderkey,
    o.o_orderdate,
    o.o_shippriority
ORDER BY
    revenue DESC,
    o.o_orderdate
LIMIT 10;","result = (
        orders.CALCULATE(order_date, ship_priority)
        .WHERE(
            (customer.market_segment == ""BUILDING"")
            & (order_date < DATETIME('1995-3-15'))
        )
        .lines.WHERE(ship_date > DATETIME('1995-3-15'))
        .PARTITION(name=""groups"", by=(order_key, order_date, ship_priority))
        .CALCULATE(
            L_ORDERKEY=order_key,
            REVENUE=SUM(lines.extended_price * (1 - lines.discount)),
            O_ORDERDATE=order_date,
            O_SHIPPRIORITY=ship_priority,
        )
        .TOP_K(10, by=(REVENUE.DESC(), O_ORDERDATE.ASC(), L_ORDERKEY.ASC()))
    )","SELECT
  lineitem.l_orderkey AS L_ORDERKEY,
  COALESCE(SUM(lineitem.l_extendedprice * (
    1 - lineitem.l_discount
  )), 0) AS REVENUE,
  orders.o_orderdate AS O_ORDERDATE,
  orders.o_shippriority AS O_SHIPPRIORITY
FROM tpch.orders AS orders
JOIN tpch.customer AS customer
  ON customer.c_custkey = orders.o_custkey AND customer.c_mktsegment = 'BUILDING'
JOIN tpch.lineitem AS lineitem
  ON lineitem.l_orderkey = orders.o_orderkey
  AND lineitem.l_shipdate > CAST('1995-03-15' AS DATE)
WHERE
  orders.o_orderdate < CAST('1995-03-15' AS DATE)
GROUP BY
  1,
  3,
  4
ORDER BY
  2 DESC NULLS LAST,
  3 NULLS FIRST,
  1 NULLS FIRST
LIMIT 10",26.926393465000046,21.20643416300004,"Limit  (cost=1538609.05..1538609.08 rows=10 width=44) (actual time=32140.760..32561.670 rows=10 loops=1)
  ->  Sort  (cost=1538609.05..1539788.36 rows=471722 width=44) (actual time=31910.587..32331.495 rows=10 loops=1)
        Sort Key: (sum((l.l_extendedprice * ('1'::numeric - l.l_discount)))) DESC, o.o_orderdate
        Sort Method: top-N heapsort  Memory: 26kB
        ->  Finalize GroupAggregate  (cost=1466334.76..1528415.31 rows=471722 width=44) (actual time=31748.768..32311.661 rows=114003 loops=1)
              Group Key: l.l_orderkey, o.o_orderdate, o.o_shippriority
              ->  Gather Merge  (cost=1466334.76..1517605.01 rows=393102 width=44) (actual time=31748.749..32243.148 rows=114019 loops=1)
                    Workers Planned: 2
                    Workers Launched: 2
                    ->  Partial GroupAggregate  (cost=1465334.73..1471231.26 rows=196551 width=44) (actual time=31732.457..31798.046 rows=38006 loops=3)
                          Group Key: l.l_orderkey, o.o_orderdate, o.o_shippriority
                          ->  Sort  (cost=1465334.73..1465826.11 rows=196551 width=48) (actual time=31732.417..31742.451 rows=100705 loops=3)
                                Sort Key: l.l_orderkey, o.o_orderdate, o.o_shippriority
                                Sort Method: external merge  Disk: 3336kB
                                Worker 0:  Sort Method: external merge  Disk: 4000kB
                                Worker 1:  Sort Method: external merge  Disk: 3192kB
                                ->  Parallel Hash Join  (cost=331567.00..1442005.43 rows=196551 width=48) (actual time=26879.689..31693.340 rows=100705 loops=3)
                                      Hash Cond: (l.l_orderkey = o.o_orderkey)
                                      ->  Parallel Seq Scan on lineitem l  (cost=0.00..1098328.25 rows=3010993 width=40) (actual time=0.274..19601.044 rows=10778083 loops=3)
                                            Filter: (l_shipdate > '1995-03-15'::date)
                                            Rows Removed by Filter: 9217267
                                      ->  Parallel Hash  (cost=329594.99..329594.99 rows=157761 width=12) (actual time=4995.898..4995.902 rows=487308 loops=3)
                                            Buckets: 131072 (originally 524288)  Batches: 16 (originally 1)  Memory Usage: 5376kB
                                            ->  Parallel Hash Join  (cost=45086.77..329594.99 rows=157761 width=12) (actual time=637.865..4804.456 rows=487308 loops=3)
                                                  Hash Cond: (o.o_custkey = c.c_custkey)
                                                  ->  Parallel Seq Scan on orders o  (cost=0.00..282393.54 rows=805588 width=16) (actual time=0.284..3447.389 rows=2429814 loops=3)
                                                        Filter: (o_orderdate < '1995-03-15'::date)
                                                        Rows Removed by Filter: 2570186
                                                  ->  Parallel Hash  (cost=43556.77..43556.77 rows=122400 width=4) (actual time=636.120..636.121 rows=100092 loops=3)
                                                        Buckets: 524288  Batches: 1  Memory Usage: 15872kB
                                                        ->  Parallel Seq Scan on customer c  (cost=0.00..43556.77 rows=122400 width=4) (actual time=211.776..601.544 rows=100092 loops=3)
                                                              Filter: ((c_mktsegment)::text = 'BUILDING'::text)
                                                              Rows Removed by Filter: 399908
Planning Time: 2.210 ms
JIT:
  Functions: 94
  Options: Inlining true, Optimization true, Expressions true, Deforming true
  Timing: Generation 4.492 ms, Inlining 155.780 ms, Optimization 431.373 ms, Emission 278.079 ms, Total 869.725 ms
Execution Time: 32563.784 ms","Limit  (cost=1688761.24..1688761.27 rows=10 width=44) (actual time=21225.570..21406.804 rows=10 loops=1)
  ->  Sort  (cost=1688761.24..1689964.24 rows=481200 width=44) (actual time=21025.484..21206.716 rows=10 loops=1)
        Sort Key: (COALESCE(sum((lineitem.l_extendedprice * ('1'::numeric - lineitem.l_discount))), '0'::numeric)) DESC NULLS LAST, orders.o_orderdate NULLS FIRST, lineitem.l_orderkey NULLS FIRST
        Sort Method: top-N heapsort  Memory: 26kB
        ->  Finalize GroupAggregate  (cost=1590341.43..1678362.68 rows=481200 width=44) (actual time=20847.787..21183.436 rows=114003 loops=1)
              Group Key: lineitem.l_orderkey, orders.o_orderdate, orders.o_shippriority
              ->  Gather Merge  (cost=1590341.43..1665175.53 rows=573772 width=44) (actual time=20847.762..21105.741 rows=114021 loops=1)
                    Workers Planned: 2
                    Workers Launched: 2
                    ->  Partial GroupAggregate  (cost=1589341.40..1597947.98 rows=286886 width=44) (actual time=20831.650..20899.977 rows=38007 loops=3)
                          Group Key: lineitem.l_orderkey, orders.o_orderdate, orders.o_shippriority
                          ->  Sort  (cost=1589341.40..1590058.62 rows=286886 width=48) (actual time=20831.611..20842.050 rows=100705 loops=3)
                                Sort Key: lineitem.l_orderkey NULLS FIRST, orders.o_orderdate NULLS FIRST, orders.o_shippriority
                                Sort Method: external merge  Disk: 2992kB
                                Worker 0:  Sort Method: external merge  Disk: 4456kB
                                Worker 1:  Sort Method: external merge  Disk: 3064kB
                                ->  Parallel Hash Join  (cost=393737.19..1554508.02 rows=286886 width=48) (actual time=19551.515..20794.319 rows=100705 loops=3)
                                      Hash Cond: (lineitem.l_orderkey = orders.o_orderkey)
                                      ->  Parallel Seq Scan on lineitem  (cost=0.00..1098328.25 rows=3010993 width=40) (actual time=0.314..12602.388 rows=10778083 loops=3)
                                            Filter: (l_shipdate > '1995-03-15'::date)
                                            Rows Removed by Filter: 9217267
                                      ->  Parallel Hash  (cost=383384.87..383384.87 rows=595545 width=12) (actual time=4862.695..4862.699 rows=487308 loops=3)
                                            Buckets: 262144  Batches: 16  Memory Usage: 6400kB
                                            ->  Parallel Hash Join  (cost=45086.77..383384.87 rows=595545 width=12) (actual time=607.040..4746.734 rows=487308 loops=3)
                                                  Hash Cond: (orders.o_custkey = customer.c_custkey)
                                                  ->  Parallel Seq Scan on orders  (cost=0.00..330315.24 rows=3041082 width=16) (actual time=0.298..3505.604 rows=2429814 loops=3)
                                                        Filter: (o_orderdate < '1995-03-15'::date)
                                                        Rows Removed by Filter: 2570186
                                                  ->  Parallel Hash  (cost=43556.77..43556.77 rows=122400 width=4) (actual time=605.286..605.287 rows=100092 loops=3)
                                                        Buckets: 524288  Batches: 1  Memory Usage: 15904kB
                                                        ->  Parallel Seq Scan on customer  (cost=0.00..43556.77 rows=122400 width=4) (actual time=197.426..572.919 rows=100092 loops=3)
                                                              Filter: ((c_mktsegment)::text = 'BUILDING'::text)
                                                              Rows Removed by Filter: 399908
Planning Time: 0.392 ms
JIT:
  Functions: 91
  Options: Inlining true, Optimization true, Expressions true, Deforming true
  Timing: Generation 4.643 ms, Inlining 155.421 ms, Optimization 385.665 ms, Emission 250.829 ms, Total 796.558 ms
Execution Time: 21409.039 ms",SUCCESS
3,4,TPCH,Q4,"SELECT
    o.o_orderpriority,
    COUNT(*) AS order_count
FROM
    tpch.orders o
WHERE
    o.o_orderdate >= DATE '1993-07-01'
    AND o.o_orderdate < DATE '1993-07-01' + INTERVAL '3 months'
    AND EXISTS (
        SELECT
            1
        FROM
            tpch.lineitem l
        WHERE
            l.l_orderkey = o.o_orderkey
            AND l.l_commitdate < l.l_receiptdate
    )
GROUP BY
    o.o_orderpriority
ORDER BY
    o.o_orderpriority;","result = (
        orders.WHERE(
            (YEAR(order_date) == 1993)
            & (QUARTER(order_date) == 3)
            & HAS(lines.WHERE(commit_date < receipt_date))
        )
        .PARTITION(name=""priorities"", by=order_priority)
        .CALCULATE(
            O_ORDERPRIORITY=order_priority,
            ORDER_COUNT=COUNT(orders),
        )
        .ORDER_BY(O_ORDERPRIORITY.ASC())
    )","WITH _u_0 AS (
  SELECT
    l_orderkey AS _u_1
  FROM tpch.lineitem
  WHERE
    l_commitdate < l_receiptdate
  GROUP BY
    1
)
SELECT
  orders.o_orderpriority AS O_ORDERPRIORITY,
  COUNT(*) AS ORDER_COUNT
FROM tpch.orders AS orders
LEFT JOIN _u_0 AS _u_0
  ON _u_0._u_1 = orders.o_orderkey
WHERE
  EXTRACT(MONTH FROM CAST(orders.o_orderdate AS TIMESTAMP)) IN (7, 8, 9)
  AND EXTRACT(YEAR FROM CAST(orders.o_orderdate AS TIMESTAMP)) = 1993
  AND NOT _u_0._u_1 IS NULL
GROUP BY
  1
ORDER BY
  1 NULLS FIRST",159.1263995920001,27.311248250000062,"Finalize GroupAggregate  (cost=1313558.80..1313612.71 rows=5 width=17) (actual time=13179.730..13195.386 rows=5 loops=1)
  Group Key: o.o_orderpriority
  ->  Gather Merge  (cost=1313558.80..1313612.61 rows=10 width=17) (actual time=13171.865..13195.314 rows=15 loops=1)
        Workers Planned: 2
        Workers Launched: 2
        ->  Partial GroupAggregate  (cost=1312558.77..1312611.43 rows=5 width=17) (actual time=13133.483..13152.899 rows=5 loops=3)
              Group Key: o.o_orderpriority
              ->  Sort  (cost=1312558.77..1312576.31 rows=7014 width=9) (actual time=13127.083..13141.644 rows=175347 loops=3)
                    Sort Key: o.o_orderpriority
                    Sort Method: external merge  Disk: 2296kB
                    Worker 0:  Sort Method: external merge  Disk: 2304kB
                    Worker 1:  Sort Method: external merge  Disk: 2328kB
                    ->  Nested Loop Semi Join  (cost=0.56..1312110.72 rows=7014 width=9) (actual time=160.714..13076.547 rows=175347 loops=3)
                          ->  Parallel Seq Scan on orders o  (cost=0.00..345941.49 rows=230900 width=13) (actual time=160.432..693.308 rows=191224 loops=3)
                                Filter: ((o_orderdate >= '1993-07-01'::date) AND (o_orderdate < '1993-10-01 00:00:00'::timestamp without time zone))
                                Rows Removed by Filter: 4808776
                          ->  Index Scan using lineitem_pkey on lineitem l  (cost=0.56..155.28 rows=44 width=4) (actual time=0.064..0.064 rows=1 loops=573671)
                                Index Cond: (l_orderkey = o.o_orderkey)
                                Filter: (l_commitdate < l_receiptdate)
                                Rows Removed by Filter: 1
Planning Time: 2.616 ms
JIT:
  Functions: 42
  Options: Inlining true, Optimization true, Expressions true, Deforming true
  Timing: Generation 4.917 ms, Inlining 179.390 ms, Optimization 183.295 ms, Emission 118.707 ms, Total 486.309 ms
Execution Time: 13196.739 ms","GroupAggregate  (cost=2400583.58..2400583.88 rows=5 width=17) (actual time=28648.500..28706.428 rows=5 loops=1)
  Group Key: orders.o_orderpriority
  ->  Sort  (cost=2400583.58..2400583.66 rows=34 width=9) (actual time=28633.980..28677.002 rows=526040 loops=1)
        Sort Key: orders.o_orderpriority NULLS FIRST
        Sort Method: external merge  Disk: 6920kB
        ->  Hash Join  (cost=1982415.65..2400582.71 rows=34 width=9) (actual time=25839.638..28561.563 rows=526040 loops=1)
              Hash Cond: (orders.o_orderkey = lineitem.l_orderkey)
              ->  Gather  (cost=1000.00..417372.11 rows=1125 width=13) (actual time=145.782..1432.314 rows=573671 loops=1)
                    Workers Planned: 2
                    Workers Launched: 2
                    ->  Parallel Seq Scan on orders  (cost=0.00..416259.61 rows=469 width=13) (actual time=117.545..1457.087 rows=191224 loops=3)
                          Filter: ((EXTRACT(year FROM (o_orderdate)::timestamp without time zone) = '1993'::numeric) AND (EXTRACT(month FROM (o_orderdate)::timestamp without time zone) = ANY ('{7,8,9}'::numeric[])))
                          Rows Removed by Filter: 4808776
              ->  Hash  (cost=1973939.81..1973939.81 rows=455667 width=4) (actual time=25692.967..25693.026 rows=13753474 loops=1)
                    Buckets: 262144 (originally 262144)  Batches: 128 (originally 4)  Memory Usage: 6145kB
                    ->  Group  (cost=1865331.75..1973939.81 rows=455667 width=4) (actual time=21368.467..24153.369 rows=13753474 loops=1)
                          Group Key: lineitem.l_orderkey
                          ->  Gather Merge  (cost=1865331.75..1971661.48 rows=911334 width=4) (actual time=21368.440..22994.350 rows=13759175 loops=1)
                                Workers Planned: 2
                                Workers Launched: 2
                                ->  Sort  (cost=1864331.73..1865470.90 rows=455667 width=4) (actual time=20755.576..21100.339 rows=4586392 loops=3)
                                      Sort Key: lineitem.l_orderkey
                                      Sort Method: external merge  Disk: 57528kB
                                      Worker 0:  Sort Method: external merge  Disk: 52600kB
                                      Worker 1:  Sort Method: external merge  Disk: 51736kB
                                      ->  Partial HashAggregate  (cost=1745630.89..1815274.45 rows=455667 width=4) (actual time=12289.916..19575.922 rows=4586392 loops=3)
                                            Group Key: lineitem.l_orderkey
                                            Planned Partitions: 8  Batches: 305  Memory Usage: 10321kB  Disk Usage: 417312kB
                                            Worker 0:  Batches: 257  Memory Usage: 10321kB  Disk Usage: 383496kB
                                            Worker 1:  Batches: 281  Memory Usage: 10321kB  Disk Usage: 375536kB
                                            ->  Parallel Seq Scan on lineitem  (cost=0.00..1297833.08 rows=8331122 width=4) (actual time=75.291..7227.393 rows=12643116 loops=3)
                                                  Filter: ((l_orderkey IS NOT NULL) AND (l_commitdate < l_receiptdate))
                                                  Rows Removed by Filter: 7352235
Planning Time: 0.175 ms
JIT:
  Functions: 50
  Options: Inlining true, Optimization true, Expressions true, Deforming true
  Timing: Generation 3.144 ms, Inlining 303.008 ms, Optimization 168.901 ms, Emission 119.153 ms, Total 594.206 ms
Execution Time: 28767.226 ms",SUCCESS
4,5,TPCH,Q5,"SELECT
    n.n_name,
    SUM(l.l_extendedprice * (1 - l.l_discount)) AS revenue
FROM
    tpch.customer c
JOIN tpch.orders o
    ON c.c_custkey = o.o_custkey
JOIN tpch.lineitem l
    ON l.l_orderkey = o.o_orderkey
JOIN tpch.supplier s
    ON l.l_suppkey = s.s_suppkey
    AND c.c_nationkey = s.s_nationkey
JOIN tpch.nation n
    ON s.s_nationkey = n.n_nationkey
JOIN tpch.region r
    ON n.n_regionkey = r.r_regionkey
WHERE
    r.r_name = 'ASIA'
    AND o.o_orderdate >= DATE '1994-01-01'
    AND o.o_orderdate < DATE '1994-01-01' + INTERVAL '1 year'
GROUP BY
    n.n_name
ORDER BY
    revenue DESC;","selected_lines = (
    customers.orders.WHERE(
        (order_date >= DATETIME('1994-1-1'))
        & (order_date < DATETIME('1995-1-1'))
    )
    .lines.WHERE(supplier.nation.name == nation_name)
    .CALCULATE(value=extended_price * (1 - discount))
)
result = (nations.CALCULATE(nation_name=name)
    .WHERE(region.name == ""ASIA"")
    .WHERE(HAS(selected_lines))
    .CALCULATE(N_NAME=name, REVENUE=SUM(selected_lines.value))
    .ORDER_BY(REVENUE.DESC())
)","WITH _s11 AS (
  SELECT
    nation.n_name,
    supplier.s_suppkey
  FROM tpch.supplier AS supplier
  JOIN tpch.nation AS nation
    ON nation.n_nationkey = supplier.s_nationkey
)
SELECT
  MAX(nation.n_name) AS N_NAME,
  COALESCE(SUM(lineitem.l_extendedprice * (
    1 - lineitem.l_discount
  )), 0) AS REVENUE
FROM tpch.nation AS nation
JOIN tpch.region AS region
  ON nation.n_regionkey = region.r_regionkey AND region.r_name = 'ASIA'
JOIN tpch.customer AS customer
  ON customer.c_nationkey = nation.n_nationkey
JOIN tpch.orders AS orders
  ON customer.c_custkey = orders.o_custkey
  AND orders.o_orderdate < CAST('1995-01-01' AS DATE)
  AND orders.o_orderdate >= CAST('1994-01-01' AS DATE)
JOIN tpch.lineitem AS lineitem
  ON lineitem.l_orderkey = orders.o_orderkey
JOIN _s11 AS _s11
  ON _s11.n_name = nation.n_name AND _s11.s_suppkey = lineitem.l_suppkey
GROUP BY
  nation.n_nationkey
ORDER BY
  2 DESC NULLS LAST",23.098634606000132,10.197431784999935,"Sort  (cost=1175993.56..1175994.03 rows=190 width=100) (actual time=8516.392..8588.705 rows=5 loops=1)
  Sort Key: (sum((l.l_extendedprice * ('1'::numeric - l.l_discount)))) DESC
  Sort Method: quicksort  Memory: 25kB
  ->  Finalize GroupAggregate  (cost=1175944.93..1175986.37 rows=190 width=100) (actual time=8509.225..8588.696 rows=5 loops=1)
        Group Key: n.n_name
        ->  Gather Merge  (cost=1175944.93..1175982.57 rows=190 width=100) (actual time=8506.397..8588.668 rows=10 loops=1)
              Workers Planned: 1
              Workers Launched: 1
              ->  Partial GroupAggregate  (cost=1174944.92..1174961.18 rows=190 width=100) (actual time=8484.365..8493.533 rows=5 loops=2)
                    Group Key: n.n_name
                    ->  Sort  (cost=1174944.92..1174947.70 rows=1111 width=80) (actual time=8482.125..8483.862 rows=36492 loops=2)
                          Sort Key: n.n_name
                          Sort Method: quicksort  Memory: 3208kB
                          Worker 0:  Sort Method: quicksort  Memory: 2942kB
                          ->  Parallel Hash Join  (cost=1171718.67..1174888.72 rows=1111 width=80) (actual time=8419.743..8475.918 rows=36492 loops=2)
                                Hash Cond: ((s.s_suppkey = l.l_suppkey) AND (s.s_nationkey = c.c_nationkey))
                                ->  Parallel Seq Scan on supplier s  (cost=0.00..2724.24 rows=58824 width=8) (actual time=0.019..5.247 rows=50000 loops=2)
                                ->  Parallel Hash  (cost=1171423.67..1171423.67 rows=19667 width=92) (actual time=8398.957..8399.177 rows=912928 loops=2)
                                      Buckets: 131072 (originally 65536)  Batches: 16 (originally 1)  Memory Usage: 8960kB
                                      ->  Nested Loop  (cost=44437.44..1171423.67 rows=19667 width=92) (actual time=1429.896..8091.879 rows=912928 loops=2)
                                            ->  Parallel Hash Join  (cost=44436.88..393903.29 rows=4918 width=80) (actual time=1429.829..1819.075 rows=228386 loops=2)
                                                  Hash Cond: (o.o_custkey = c.c_custkey)
                                                  ->  Parallel Seq Scan on orders o  (cost=0.00..345941.49 rows=934512 width=8) (actual time=0.054..628.855 rows=1137960 loops=2)
                                                        Filter: ((o_orderdate >= '1994-01-01'::date) AND (o_orderdate < '1995-01-01 00:00:00'::timestamp without time zone))
                                                        Rows Removed by Filter: 6362040
                                                  ->  Parallel Hash  (cost=44395.75..44395.75 rows=3290 width=80) (actual time=609.105..609.109 rows=150135 loops=2)
                                                        Buckets: 131072 (originally 8192)  Batches: 4 (originally 1)  Memory Usage: 5184kB
                                                        ->  Hash Join  (cost=24.81..44395.75 rows=3290 width=80) (actual time=389.744..528.484 rows=150135 loops=2)
                                                              Hash Cond: (c.c_nationkey = n.n_nationkey)
                                                              ->  Parallel Seq Scan on customer c  (cost=0.00..41994.21 rows=625021 width=8) (actual time=0.014..75.245 rows=750000 loops=2)
                                                              ->  Hash  (cost=24.80..24.80 rows=1 width=72) (actual time=389.715..389.718 rows=5 loops=2)
                                                                    Buckets: 1024  Batches: 1  Memory Usage: 9kB
                                                                    ->  Hash Join  (cost=12.39..24.80 rows=1 width=72) (actual time=389.708..389.713 rows=5 loops=2)
                                                                          Hash Cond: (n.n_regionkey = r.r_regionkey)
                                                                          ->  Seq Scan on nation n  (cost=0.00..11.90 rows=190 width=76) (actual time=0.009..0.011 rows=25 loops=2)
                                                                          ->  Hash  (cost=12.38..12.38 rows=1 width=4) (actual time=389.679..389.680 rows=1 loops=2)
                                                                                Buckets: 1024  Batches: 1  Memory Usage: 9kB
                                                                                ->  Seq Scan on region r  (cost=0.00..12.38 rows=1 width=4) (actual time=389.669..389.671 rows=1 loops=2)
                                                                                      Filter: ((r_name)::text = 'ASIA'::text)
                                                                                      Rows Removed by Filter: 4
                                            ->  Index Scan using lineitem_pkey on lineitem l  (cost=0.56..156.78 rows=132 width=20) (actual time=0.025..0.027 rows=4 loops=456771)
                                                  Index Cond: (l_orderkey = o.o_orderkey)
Planning Time: 1.571 ms
JIT:
  Functions: 109
  Options: Inlining true, Optimization true, Expressions true, Deforming true
  Timing: Generation 5.558 ms, Inlining 88.650 ms, Optimization 425.489 ms, Emission 265.437 ms, Total 785.134 ms
Execution Time: 8590.650 ms","Sort  (cost=1175930.82..1175931.29 rows=190 width=68) (actual time=10848.847..10924.580 rows=5 loops=1)
  Sort Key: (COALESCE(sum((lineitem.l_extendedprice * ('1'::numeric - lineitem.l_discount))), '0'::numeric)) DESC NULLS LAST
  Sort Method: quicksort  Memory: 25kB
  ->  Finalize GroupAggregate  (cost=1175899.35..1175923.63 rows=190 width=68) (actual time=10841.233..10924.565 rows=5 loops=1)
        Group Key: nation.n_nationkey
        ->  Gather Merge  (cost=1175899.35..1175919.79 rows=146 width=68) (actual time=10838.531..10924.525 rows=10 loops=1)
              Workers Planned: 1
              Workers Launched: 1
              ->  Partial GroupAggregate  (cost=1174899.34..1174903.36 rows=146 width=68) (actual time=10818.611..10828.310 rows=5 loops=2)
                    Group Key: nation.n_nationkey
                    ->  Sort  (cost=1174899.34..1174899.71 rows=146 width=84) (actual time=10816.061..10818.084 rows=36492 loops=2)
                          Sort Key: nation.n_nationkey
                          Sort Method: quicksort  Memory: 3121kB
                          Worker 0:  Sort Method: quicksort  Memory: 3127kB
                          ->  Hash Join  (cost=1171687.80..1174894.09 rows=146 width=84) (actual time=10574.474..10810.634 rows=36492 loops=2)
                                Hash Cond: ((supplier.s_nationkey = nation_1.n_nationkey) AND ((nation.n_name)::text = (nation_1.n_name)::text))
                                ->  Parallel Hash Join  (cost=1171673.05..1174733.57 rows=27765 width=88) (actual time=10179.702..10343.190 rows=912928 loops=2)
                                      Hash Cond: (supplier.s_suppkey = lineitem.l_suppkey)
                                      ->  Parallel Seq Scan on supplier  (cost=0.00..2724.24 rows=58824 width=8) (actual time=0.228..29.768 rows=50000 loops=2)
                                      ->  Parallel Hash  (cost=1171427.21..1171427.21 rows=19667 width=88) (actual time=10135.360..10135.370 rows=912928 loops=2)
                                            Buckets: 131072 (originally 65536)  Batches: 16 (originally 1)  Memory Usage: 8448kB
                                            ->  Nested Loop  (cost=44437.44..1171427.21 rows=19667 width=88) (actual time=1018.296..9796.455 rows=912928 loops=2)
                                                  ->  Parallel Hash Join  (cost=44436.88..393903.29 rows=4918 width=76) (actual time=1018.072..1395.145 rows=228386 loops=2)
                                                        Hash Cond: (orders.o_custkey = customer.c_custkey)
                                                        ->  Parallel Seq Scan on orders  (cost=0.00..345941.49 rows=934512 width=8) (actual time=0.045..638.285 rows=1137960 loops=2)
                                                              Filter: ((o_orderdate < '1995-01-01'::date) AND (o_orderdate >= '1994-01-01'::date))
                                                              Rows Removed by Filter: 6362040
                                                        ->  Parallel Hash  (cost=44395.75..44395.75 rows=3290 width=76) (actual time=187.659..187.664 rows=150135 loops=2)
                                                              Buckets: 262144 (originally 8192)  Batches: 4 (originally 1)  Memory Usage: 5728kB
                                                              ->  Hash Join  (cost=24.81..44395.75 rows=3290 width=76) (actual time=0.079..144.860 rows=150135 loops=2)
                                                                    Hash Cond: (customer.c_nationkey = nation.n_nationkey)
                                                                    ->  Parallel Seq Scan on customer  (cost=0.00..41994.21 rows=625021 width=8) (actual time=0.021..81.938 rows=750000 loops=2)
                                                                    ->  Hash  (cost=24.80..24.80 rows=1 width=72) (actual time=0.045..0.048 rows=5 loops=2)
                                                                          Buckets: 1024  Batches: 1  Memory Usage: 9kB
                                                                          ->  Hash Join  (cost=12.39..24.80 rows=1 width=72) (actual time=0.039..0.044 rows=5 loops=2)
                                                                                Hash Cond: (nation.n_regionkey = region.r_regionkey)
                                                                                ->  Seq Scan on nation  (cost=0.00..11.90 rows=190 width=76) (actual time=0.008..0.009 rows=25 loops=2)
                                                                                ->  Hash  (cost=12.38..12.38 rows=1 width=4) (actual time=0.021..0.022 rows=1 loops=2)
                                                                                      Buckets: 1024  Batches: 1  Memory Usage: 9kB
                                                                                      ->  Seq Scan on region  (cost=0.00..12.38 rows=1 width=4) (actual time=0.018..0.018 rows=1 loops=2)
                                                                                            Filter: ((r_name)::text = 'ASIA'::text)
                                                                                            Rows Removed by Filter: 4
                                                  ->  Index Scan using lineitem_pkey on lineitem  (cost=0.56..156.78 rows=132 width=20) (actual time=0.034..0.036 rows=4 loops=456771)
                                                        Index Cond: (l_orderkey = orders.o_orderkey)
                                ->  Hash  (cost=11.90..11.90 rows=190 width=72) (actual time=394.726..394.727 rows=25 loops=2)
                                      Buckets: 1024  Batches: 1  Memory Usage: 10kB
                                      ->  Seq Scan on nation nation_1  (cost=0.00..11.90 rows=190 width=72) (actual time=394.693..394.703 rows=25 loops=2)
Planning Time: 1.636 ms
JIT:
  Functions: 123
  Options: Inlining true, Optimization true, Expressions true, Deforming true
  Timing: Generation 4.055 ms, Inlining 73.203 ms, Optimization 429.072 ms, Emission 287.375 ms, Total 793.705 ms
Execution Time: 10926.714 ms",SUCCESS
5,6,TPCH,Q6,"SELECT
    SUM(l.l_extendedprice * l.l_discount) AS revenue
FROM
    tpch.lineitem l
WHERE
    l.l_shipdate >= DATE '1994-01-01'
    AND l.l_shipdate < DATE '1994-01-01' + INTERVAL '1 year'
    AND l.l_discount BETWEEN 0.06 - 0.01 AND 0.06 + 0.01
    AND l.l_quantity < 24;","selected_lines = lines.WHERE(
    (ship_date >= DATETIME('1994-1-1'))
    & (ship_date < DATETIME('1995-1-1'))
    & (0.05 <= discount)
    & (discount <= 0.07)
    & (quantity < 24)
).CALCULATE(amt=extended_price * discount)
result = TPCH.CALCULATE(REVENUE=SUM(selected_lines.amt))","SELECT
  COALESCE(SUM(l_extendedprice * l_discount), 0) AS REVENUE
FROM tpch.lineitem
WHERE
  l_discount <= 0.07
  AND l_discount >= 0.05
  AND l_quantity < 24
  AND l_shipdate < CAST('1995-01-01' AS DATE)
  AND l_shipdate >= CAST('1994-01-01' AS DATE)",7.223207456000182,9.941443223000078,"Finalize Aggregate  (cost=1551123.41..1551123.42 rows=1 width=32) (actual time=9282.292..9293.253 rows=1 loops=1)
  ->  Gather  (cost=1551123.19..1551123.40 rows=2 width=32) (actual time=9282.072..9293.209 rows=3 loops=1)
        Workers Planned: 2
        Workers Launched: 2
        ->  Partial Aggregate  (cost=1550123.19..1550123.20 rows=1 width=32) (actual time=9265.452..9265.453 rows=1 loops=3)
              ->  Parallel Seq Scan on lineitem l  (cost=0.00..1547766.75 rows=471287 width=12) (actual time=137.010..9153.340 rows=379755 loops=3)
                    Filter: ((l_shipdate >= '1994-01-01'::date) AND (l_shipdate < '1995-01-01 00:00:00'::timestamp without time zone) AND (l_discount >= 0.05) AND (l_discount <= 0.07) AND (l_quantity < '24'::numeric))
                    Rows Removed by Filter: 19615596
Planning Time: 0.087 ms
JIT:
  Functions: 17
  Options: Inlining true, Optimization true, Expressions true, Deforming true
  Timing: Generation 1.935 ms, Inlining 179.888 ms, Optimization 148.601 ms, Emission 81.582 ms, Total 412.006 ms
Execution Time: 9293.897 ms","Finalize Aggregate  (cost=1551123.41..1551123.42 rows=1 width=32) (actual time=9732.578..9742.967 rows=1 loops=1)
  ->  Gather  (cost=1551123.19..1551123.40 rows=2 width=32) (actual time=9732.406..9742.936 rows=3 loops=1)
        Workers Planned: 2
        Workers Launched: 2
        ->  Partial Aggregate  (cost=1550123.19..1550123.20 rows=1 width=32) (actual time=9715.229..9715.230 rows=1 loops=3)
              ->  Parallel Seq Scan on lineitem  (cost=0.00..1547766.75 rows=471287 width=12) (actual time=121.677..9603.026 rows=379755 loops=3)
                    Filter: ((l_discount <= 0.07) AND (l_discount >= 0.05) AND (l_quantity < '24'::numeric) AND (l_shipdate < '1995-01-01'::date) AND (l_shipdate >= '1994-01-01'::date))
                    Rows Removed by Filter: 19615596
Planning Time: 0.083 ms
JIT:
  Functions: 17
  Options: Inlining true, Optimization true, Expressions true, Deforming true
  Timing: Generation 1.933 ms, Inlining 169.323 ms, Optimization 117.326 ms, Emission 77.123 ms, Total 365.704 ms
Execution Time: 9743.582 ms",SUCCESS
6,7,TPCH,Q7,"SELECT
    supp_nation,
    cust_nation,
    l_year,
    SUM(volume) AS revenue
FROM (
    SELECT
        n1.n_name AS supp_nation,
        n2.n_name AS cust_nation,
        EXTRACT(YEAR FROM l.l_shipdate) AS l_year,
        l.l_extendedprice * (1 - l.l_discount) AS volume
    FROM
        tpch.supplier s
    JOIN tpch.lineitem l
        ON s.s_suppkey = l.l_suppkey
    JOIN tpch.orders o
        ON o.o_orderkey = l.l_orderkey
    JOIN tpch.customer c
        ON c.c_custkey = o.o_custkey
    JOIN tpch.nation n1
        ON s.s_nationkey = n1.n_nationkey
    JOIN tpch.nation n2
        ON c.c_nationkey = n2.n_nationkey
    WHERE
        (
            (n1.n_name = 'FRANCE' AND n2.n_name = 'GERMANY')
            OR
            (n1.n_name = 'GERMANY' AND n2.n_name = 'FRANCE')
        )
        AND l.l_shipdate BETWEEN DATE '1995-01-01'
                            AND DATE '1996-12-31'
) AS shipping
GROUP BY
    supp_nation,
    cust_nation,
    l_year
ORDER BY
    supp_nation,
    cust_nation,
    l_year;","result = (
        lines.CALCULATE(
            supp_nation=supplier.nation.name,
            cust_nation=order.customer.nation.name,
            l_year=YEAR(ship_date),
            volume=extended_price * (1 - discount),
        )
        .WHERE(
            ISIN(YEAR(ship_date), (1995, 1996))
            & (
                ((supp_nation == ""FRANCE"") & (cust_nation == ""GERMANY""))
                | ((supp_nation == ""GERMANY"") & (cust_nation == ""FRANCE""))
            )
        )
        .PARTITION(name=""groups"", by=(supp_nation, cust_nation, l_year))
        .CALCULATE(
            SUPP_NATION=supp_nation,
            CUST_NATION=cust_nation,
            L_YEAR=l_year,
            REVENUE=SUM(lines.volume),
        )
        .ORDER_BY(SUPP_NATION.ASC(), CUST_NATION.ASC(), L_YEAR.ASC())
    )","WITH _s9 AS (
  SELECT
    nation.n_name,
    orders.o_orderkey
  FROM tpch.orders AS orders
  JOIN tpch.customer AS customer
    ON customer.c_custkey = orders.o_custkey
  JOIN tpch.nation AS nation
    ON customer.c_nationkey = nation.n_nationkey
    AND (
      nation.n_name = 'FRANCE' OR nation.n_name = 'GERMANY'
    )
)
SELECT
  nation.n_name AS SUPP_NATION,
  _s9.n_name AS CUST_NATION,
  EXTRACT(YEAR FROM CAST(lineitem.l_shipdate AS TIMESTAMP)) AS L_YEAR,
  COALESCE(SUM(lineitem.l_extendedprice * (
    1 - lineitem.l_discount
  )), 0) AS REVENUE
FROM tpch.lineitem AS lineitem
JOIN tpch.supplier AS supplier
  ON lineitem.l_suppkey = supplier.s_suppkey
JOIN tpch.nation AS nation
  ON nation.n_nationkey = supplier.s_nationkey
JOIN _s9 AS _s9
  ON (
    _s9.n_name = 'FRANCE' OR nation.n_name = 'FRANCE'
  )
  AND (
    _s9.n_name = 'GERMANY' OR nation.n_name = 'GERMANY'
  )
  AND _s9.o_orderkey = lineitem.l_orderkey
  AND (
    nation.n_name = 'FRANCE' OR nation.n_name = 'GERMANY'
  )
WHERE
  EXTRACT(YEAR FROM CAST(lineitem.l_shipdate AS TIMESTAMP)) IN (1995, 1996)
GROUP BY
  1,
  2,
  3
ORDER BY
  1 NULLS FIRST,
  2 NULLS FIRST,
  3 NULLS FIRST",21.13246213000002,29.013338558999976,"Finalize GroupAggregate  (cost=1776203.56..1776340.11 rows=1010 width=200) (actual time=19750.683..19889.776 rows=4 loops=1)
  Group Key: n1.n_name, n2.n_name, (EXTRACT(year FROM l.l_shipdate))
  ->  Gather Merge  (cost=1776203.56..1776314.43 rows=842 width=200) (actual time=19747.244..19889.728 rows=12 loops=1)
        Workers Planned: 2
        Workers Launched: 2
        ->  Partial GroupAggregate  (cost=1775203.54..1775217.22 rows=421 width=200) (actual time=19725.662..19733.014 rows=4 loops=3)
              Group Key: n1.n_name, n2.n_name, (EXTRACT(year FROM l.l_shipdate))
              ->  Sort  (cost=1775203.54..1775204.59 rows=421 width=180) (actual time=19723.025..19724.398 rows=19455 loops=3)
                    Sort Key: n1.n_name, n2.n_name, (EXTRACT(year FROM l.l_shipdate))
                    Sort Method: quicksort  Memory: 1954kB
                    Worker 0:  Sort Method: quicksort  Memory: 1825kB
                    Worker 1:  Sort Method: quicksort  Memory: 2062kB
                    ->  Parallel Hash Join  (cost=385894.26..1775185.19 rows=421 width=180) (actual time=16212.522..19710.927 rows=19455 loops=3)
                          Hash Cond: (l.l_suppkey = s.s_suppkey)
                          Join Filter: ((((n1.n_name)::text = 'FRANCE'::text) AND ((n2.n_name)::text = 'GERMANY'::text)) OR (((n1.n_name)::text = 'GERMANY'::text) AND ((n2.n_name)::text = 'FRANCE'::text)))
                          Rows Removed by Join Filter: 19550
                          ->  Parallel Hash Join  (cost=382991.55..1771973.33 rows=79534 width=88) (actual time=15637.467..19056.611 rows=487923 loops=3)
                                Hash Cond: (l.l_orderkey = o.o_orderkey)
                                ->  Parallel Seq Scan on lineitem l  (cost=0.00..1360316.50 rows=7555704 width=24) (actual time=0.306..12272.559 rows=6076775 loops=3)
                                      Filter: ((l_shipdate >= '1995-01-01'::date) AND (l_shipdate <= '1996-12-31'::date))
                                      Rows Removed by Filter: 13918576
                                ->  Parallel Hash  (cost=382169.12..382169.12 rows=65795 width=72) (actual time=2058.427..2058.789 rows=401936 loops=3)
                                      Buckets: 131072 (originally 262144)  Batches: 8 (originally 1)  Memory Usage: 8192kB
                                      ->  Parallel Hash Join  (cost=43766.61..382169.12 rows=65795 width=72) (actual time=674.357..1937.256 rows=401936 loops=3)
                                            Hash Cond: (o.o_custkey = c.c_custkey)
                                            ->  Parallel Seq Scan on orders o  (cost=0.00..314689.00 rows=6250500 width=8) (actual time=0.289..546.615 rows=5000000 loops=3)
                                            ->  Parallel Hash  (cost=43684.37..43684.37 rows=6579 width=72) (actual time=673.973..673.976 rows=40156 loops=3)
                                                  Buckets: 131072 (originally 16384)  Batches: 1 (originally 1)  Memory Usage: 7616kB
                                                  ->  Hash Join  (cost=12.88..43684.37 rows=6579 width=72) (actual time=0.394..654.131 rows=40156 loops=3)
                                                        Hash Cond: (c.c_nationkey = n2.n_nationkey)
                                                        ->  Parallel Seq Scan on customer c  (cost=0.00..41994.21 rows=625021 width=8) (actual time=0.347..606.014 rows=500000 loops=3)
                                                        ->  Hash  (cost=12.85..12.85 rows=2 width=72) (actual time=0.030..0.031 rows=2 loops=3)
                                                              Buckets: 1024  Batches: 1  Memory Usage: 9kB
                                                              ->  Seq Scan on nation n2  (cost=0.00..12.85 rows=2 width=72) (actual time=0.023..0.025 rows=2 loops=3)
                                                                    Filter: (((n_name)::text = 'GERMANY'::text) OR ((n_name)::text = 'FRANCE'::text))
                                                                    Rows Removed by Filter: 23
                          ->  Parallel Hash  (cost=2894.97..2894.97 rows=619 width=72) (actual time=574.357..574.359 rows=2670 loops=3)
                                Buckets: 8192 (originally 2048)  Batches: 1 (originally 1)  Memory Usage: 528kB
                                ->  Hash Join  (cost=12.88..2894.97 rows=619 width=72) (actual time=536.524..543.142 rows=2670 loops=3)
                                      Hash Cond: (s.s_nationkey = n1.n_nationkey)
                                      ->  Parallel Seq Scan on supplier s  (cost=0.00..2724.24 rows=58824 width=8) (actual time=0.009..3.232 rows=33333 loops=3)
                                      ->  Hash  (cost=12.85..12.85 rows=2 width=72) (actual time=536.492..536.492 rows=2 loops=3)
                                            Buckets: 1024  Batches: 1  Memory Usage: 9kB
                                            ->  Seq Scan on nation n1  (cost=0.00..12.85 rows=2 width=72) (actual time=536.481..536.484 rows=2 loops=3)
                                                  Filter: (((n_name)::text = 'FRANCE'::text) OR ((n_name)::text = 'GERMANY'::text))
                                                  Rows Removed by Filter: 23
Planning Time: 0.874 ms
JIT:
  Functions: 180
  Options: Inlining true, Optimization true, Expressions true, Deforming true
  Timing: Generation 9.094 ms, Inlining 177.428 ms, Optimization 859.877 ms, Emission 572.487 ms, Total 1618.886 ms
Execution Time: 19892.997 ms","GroupAggregate  (cost=1427711.83..1427721.77 rows=1 width=200) (actual time=14523.528..23085.468 rows=4 loops=1)
  Group Key: nation.n_name, nation_1.n_name, EXTRACT(year FROM (lineitem.l_shipdate)::timestamp without time zone)
  ->  Nested Loop  (cost=1427711.83..1427721.73 rows=1 width=180) (actual time=11540.393..23050.923 rows=58365 loops=1)
        Join Filter: (nation_1.n_nationkey = customer.c_nationkey)
        Rows Removed by Join Filter: 1401892
        ->  Nested Loop  (cost=1427711.40..1427716.55 rows=1 width=160) (actual time=11540.191..16487.369 rows=1460257 loops=1)
              ->  Gather Merge  (cost=1427710.97..1427711.09 rows=1 width=160) (actual time=11540.163..12222.106 rows=1460257 loops=1)
                    Workers Planned: 2
                    Workers Launched: 2
                    ->  Sort  (cost=1426710.94..1426710.95 rows=1 width=160) (actual time=11511.209..11737.919 rows=486752 loops=3)
                          Sort Key: nation.n_name NULLS FIRST, nation_1.n_name NULLS FIRST, (EXTRACT(year FROM (lineitem.l_shipdate)::timestamp without time zone)) NULLS FIRST
                          Sort Method: external merge  Disk: 28408kB
                          Worker 0:  Sort Method: external merge  Disk: 28056kB
                          Worker 1:  Sort Method: external merge  Disk: 26568kB
                          ->  Parallel Hash Join  (cost=2973.75..1426710.93 rows=1 width=160) (actual time=435.009..11125.195 rows=486752 loops=3)
                                Hash Cond: (lineitem.l_suppkey = supplier.s_suppkey)
                                ->  Parallel Seq Scan on lineitem  (cost=0.00..1422799.92 rows=249934 width=24) (actual time=0.302..9816.983 rows=6076775 loops=3)
                                      Filter: (EXTRACT(year FROM (l_shipdate)::timestamp without time zone) = ANY ('{1995,1996}'::numeric[]))
                                      Rows Removed by Filter: 13918576
                                ->  Parallel Hash  (cost=2973.73..2973.73 rows=1 width=144) (actual time=433.839..433.844 rows=2670 loops=3)
                                      Buckets: 8192 (originally 1024)  Batches: 1 (originally 1)  Memory Usage: 632kB
                                      ->  Hash Join  (cost=25.81..2973.73 rows=1 width=144) (actual time=362.903..395.129 rows=2670 loops=3)
                                            Hash Cond: (supplier.s_nationkey = nation.n_nationkey)
                                            ->  Parallel Seq Scan on supplier  (cost=0.00..2724.24 rows=58824 width=8) (actual time=0.196..29.075 rows=33333 loops=3)
                                            ->  Hash  (cost=25.79..25.79 rows=1 width=144) (actual time=362.682..362.684 rows=2 loops=3)
                                                  Buckets: 1024  Batches: 1  Memory Usage: 9kB
                                                  ->  Nested Loop  (cost=0.00..25.79 rows=1 width=144) (actual time=362.673..362.678 rows=2 loops=3)
                                                        Join Filter: ((((nation_1.n_name)::text = 'FRANCE'::text) OR ((nation.n_name)::text = 'FRANCE'::text)) AND (((nation_1.n_name)::text = 'GERMANY'::text) OR ((nation.n_name)::text = 'GERMANY'::text)))
                                                        Rows Removed by Join Filter: 2
                                                        ->  Seq Scan on nation  (cost=0.00..12.85 rows=2 width=72) (actual time=362.640..362.641 rows=2 loops=3)
                                                              Filter: (((n_name)::text = 'FRANCE'::text) OR ((n_name)::text = 'GERMANY'::text))
                                                              Rows Removed by Filter: 23
                                                        ->  Materialize  (cost=0.00..12.86 rows=2 width=72) (actual time=0.013..0.014 rows=2 loops=6)
                                                              ->  Seq Scan on nation nation_1  (cost=0.00..12.85 rows=2 width=72) (actual time=0.018..0.020 rows=2 loops=3)
                                                                    Filter: (((n_name)::text = 'FRANCE'::text) OR ((n_name)::text = 'GERMANY'::text))
                                                                    Rows Removed by Filter: 23
              ->  Index Scan using orders_pkey on orders  (cost=0.43..5.46 rows=1 width=8) (actual time=0.003..0.003 rows=1 loops=1460257)
                    Index Cond: (o_orderkey = lineitem.l_orderkey)
        ->  Index Scan using customer_pkey on customer  (cost=0.43..5.17 rows=1 width=8) (actual time=0.004..0.004 rows=1 loops=1460257)
              Index Cond: (c_custkey = orders.o_custkey)
Planning Time: 3.798 ms
JIT:
  Functions: 111
  Options: Inlining true, Optimization true, Expressions true, Deforming true
  Timing: Generation 10.514 ms, Inlining 190.911 ms, Optimization 579.611 ms, Emission 317.265 ms, Total 1098.301 ms
Execution Time: 23091.334 ms",SUCCESS
7,8,TPCH,Q8,"SELECT
    o_year,
    SUM(
        CASE
            WHEN nation = 'BRAZIL' THEN volume
            ELSE 0
        END
    ) / SUM(volume) AS mkt_share
FROM (
    SELECT
        EXTRACT(YEAR FROM o.o_orderdate) AS o_year,
        l.l_extendedprice * (1 - l.l_discount) AS volume,
        n2.n_name AS nation
    FROM
        tpch.part p
    JOIN tpch.lineitem l
        ON p.p_partkey = l.l_partkey
    JOIN tpch.supplier s
        ON s.s_suppkey = l.l_suppkey
    JOIN tpch.orders o
        ON o.o_orderkey = l.l_orderkey
    JOIN tpch.customer c
        ON c.c_custkey = o.o_custkey
    JOIN tpch.nation n1
        ON c.c_nationkey = n1.n_nationkey
    JOIN tpch.region r
        ON n1.n_regionkey = r.r_regionkey
    JOIN tpch.nation n2
        ON s.s_nationkey = n2.n_nationkey
    WHERE
        r.r_name = 'AMERICA'
        AND o.o_orderdate BETWEEN DATE '1995-01-01'
                              AND DATE '1996-12-31'
        AND p.p_type = 'ECONOMY ANODIZED STEEL'
) AS all_nations
GROUP BY
    o_year
ORDER BY
    o_year;","vol_metric = extended_price * (1 - discount)
is_brazilian = supplier.nation.name == ""BRAZIL""
result = (
    lines.WHERE(
        (part.part_type == ""ECONOMY ANODIZED STEEL"")
        & ISIN(YEAR(order.order_date), (1995, 1996))
        & (order.customer.nation.region.name == ""AMERICA"")
    )
    .CALCULATE(
        O_YEAR=YEAR(order.order_date),
        volume=vol_metric,
        brazil_volume=IFF(is_brazilian, vol_metric, 0),
    )
    .PARTITION(name=""years"", by=O_YEAR)
    .CALCULATE(
        O_YEAR,
        MKT_SHARE=SUM(lines.brazil_volume) / SUM(lines.volume),
    )
)","SELECT
  EXTRACT(YEAR FROM CAST(orders.o_orderdate AS TIMESTAMP)) AS O_YEAR,
  CAST(COALESCE(
    SUM(
      CASE
        WHEN nation_2.n_name = 'BRAZIL'
        THEN lineitem.l_extendedprice * (
          1 - lineitem.l_discount
        )
        ELSE 0
      END
    ),
    0
  ) AS DOUBLE PRECISION) / COALESCE(SUM(lineitem.l_extendedprice * (
    1 - lineitem.l_discount
  )), 0) AS MKT_SHARE
FROM tpch.lineitem AS lineitem
JOIN tpch.part AS part
  ON lineitem.l_partkey = part.p_partkey AND part.p_type = 'ECONOMY ANODIZED STEEL'
JOIN tpch.orders AS orders
  ON EXTRACT(YEAR FROM CAST(orders.o_orderdate AS TIMESTAMP)) IN (1995, 1996)
  AND lineitem.l_orderkey = orders.o_orderkey
JOIN tpch.customer AS customer
  ON customer.c_custkey = orders.o_custkey
JOIN tpch.nation AS nation
  ON customer.c_nationkey = nation.n_nationkey
JOIN tpch.region AS region
  ON nation.n_regionkey = region.r_regionkey AND region.r_name = 'AMERICA'
JOIN tpch.supplier AS supplier
  ON lineitem.l_suppkey = supplier.s_suppkey
JOIN tpch.nation AS nation_2
  ON nation_2.n_nationkey = supplier.s_nationkey
GROUP BY
  1",11.283688554000037,17.35637556300003,"Finalize GroupAggregate  (cost=1749313.08..1749404.53 rows=638 width=64) (actual time=11871.606..11891.716 rows=2 loops=1)
  Group Key: (EXTRACT(year FROM o.o_orderdate))
  ->  Gather Merge  (cost=1749313.08..1749385.12 rows=532 width=96) (actual time=11869.138..11891.672 rows=6 loops=1)
        Workers Planned: 2
        Workers Launched: 2
        ->  Partial GroupAggregate  (cost=1748313.05..1748323.69 rows=266 width=96) (actual time=11848.310..11850.543 rows=2 loops=3)
              Group Key: (EXTRACT(year FROM o.o_orderdate))
              ->  Sort  (cost=1748313.05..1748313.72 rows=266 width=112) (actual time=11846.272..11847.097 rows=8085 loops=3)
                    Sort Key: (EXTRACT(year FROM o.o_orderdate))
                    Sort Method: quicksort  Memory: 563kB
                    Worker 0:  Sort Method: quicksort  Memory: 556kB
                    Worker 1:  Sort Method: quicksort  Memory: 945kB
                    ->  Hash Join  (cost=445361.88..1748302.34 rows=266 width=112) (actual time=11778.352..11843.973 rows=8085 loops=3)
                          Hash Cond: (s.s_nationkey = n2.n_nationkey)
                          ->  Nested Loop  (cost=445347.60..1748286.69 rows=266 width=20) (actual time=11266.024..11328.843 rows=8085 loops=3)
                                ->  Parallel Hash Join  (cost=445347.31..1746929.04 rows=266 width=20) (actual time=11265.988..11307.997 rows=8085 loops=3)
                                      Hash Cond: (l.l_orderkey = o.o_orderkey)
                                      ->  Parallel Hash Join  (cost=47681.79..1348639.18 rows=166195 width=20) (actual time=157.487..10034.167 rows=134496 loops=3)
                                            Hash Cond: (l.l_partkey = p.p_partkey)
                                            ->  Parallel Seq Scan on lineitem l  (cost=0.00..1235349.67 rows=24993367 width=24) (actual time=0.280..7597.949 rows=19995351 loops=3)
                                            ->  Parallel Hash  (cost=47612.53..47612.53 rows=5541 width=4) (actual time=156.460..156.461 rows=4484 loops=3)
                                                  Buckets: 16384  Batches: 1  Memory Usage: 704kB
                                                  ->  Parallel Seq Scan on part p  (cost=0.00..47612.53 rows=5541 width=4) (actual time=0.192..155.273 rows=4484 loops=3)
                                                        Filter: ((p_type)::text = 'ECONOMY ANODIZED STEEL'::text)
                                                        Rows Removed by Filter: 662183
                                      ->  Parallel Hash  (cost=397540.59..397540.59 rows=9994 width=8) (actual time=1175.360..1175.366 rows=303453 loops=3)
                                            Buckets: 262144 (originally 32768)  Batches: 8 (originally 1)  Memory Usage: 6560kB
                                            ->  Parallel Hash Join  (cost=44436.88..397540.59 rows=9994 width=8) (actual time=137.631..1064.944 rows=303453 loops=3)
                                                  Hash Cond: (o.o_custkey = c.c_custkey)
                                                  ->  Parallel Seq Scan on orders o  (cost=0.00..345941.49 rows=1898819 width=12) (actual time=0.378..584.800 rows=1519171 loops=3)
                                                        Filter: ((o_orderdate >= '1995-01-01'::date) AND (o_orderdate <= '1996-12-31'::date))
                                                        Rows Removed by Filter: 3480829
                                                  ->  Parallel Hash  (cost=44395.75..44395.75 rows=3290 width=4) (actual time=137.202..137.206 rows=99812 loops=3)
                                                        Buckets: 524288 (originally 8192)  Batches: 1 (originally 1)  Memory Usage: 19904kB
                                                        ->  Hash Join  (cost=24.81..44395.75 rows=3290 width=4) (actual time=0.102..107.906 rows=99812 loops=3)
                                                              Hash Cond: (c.c_nationkey = n1.n_nationkey)
                                                              ->  Parallel Seq Scan on customer c  (cost=0.00..41994.21 rows=625021 width=8) (actual time=0.029..58.122 rows=500000 loops=3)
                                                              ->  Hash  (cost=24.80..24.80 rows=1 width=4) (actual time=0.060..0.063 rows=5 loops=3)
                                                                    Buckets: 1024  Batches: 1  Memory Usage: 9kB
                                                                    ->  Hash Join  (cost=12.39..24.80 rows=1 width=4) (actual time=0.042..0.058 rows=5 loops=3)
                                                                          Hash Cond: (n1.n_regionkey = r.r_regionkey)
                                                                          ->  Seq Scan on nation n1  (cost=0.00..11.90 rows=190 width=8) (actual time=0.005..0.017 rows=25 loops=3)
                                                                          ->  Hash  (cost=12.38..12.38 rows=1 width=4) (actual time=0.024..0.025 rows=1 loops=3)
                                                                                Buckets: 1024  Batches: 1  Memory Usage: 9kB
                                                                                ->  Seq Scan on region r  (cost=0.00..12.38 rows=1 width=4) (actual time=0.020..0.020 rows=1 loops=3)
                                                                                      Filter: ((r_name)::text = 'AMERICA'::text)
                                                                                      Rows Removed by Filter: 4
                                ->  Index Scan using supplier_pkey on supplier s  (cost=0.29..5.10 rows=1 width=8) (actual time=0.002..0.002 rows=1 loops=24254)
                                      Index Cond: (s_suppkey = l.l_suppkey)
                          ->  Hash  (cost=11.90..11.90 rows=190 width=72) (actual time=512.285..512.285 rows=25 loops=3)
                                Buckets: 1024  Batches: 1  Memory Usage: 10kB
                                ->  Seq Scan on nation n2  (cost=0.00..11.90 rows=190 width=72) (actual time=512.256..512.263 rows=25 loops=3)
Planning Time: 1.146 ms
JIT:
  Functions: 201
  Options: Inlining true, Optimization true, Expressions true, Deforming true
  Timing: Generation 8.497 ms, Inlining 195.140 ms, Optimization 770.464 ms, Emission 571.699 ms, Total 1545.800 ms
Execution Time: 11894.079 ms","Finalize GroupAggregate  (cost=467686.28..467689.54 rows=21 width=40) (actual time=16947.041..16958.349 rows=2 loops=1)
  Group Key: (EXTRACT(year FROM (orders.o_orderdate)::timestamp without time zone))
  ->  Gather Merge  (cost=467686.28..467688.74 rows=18 width=96) (actual time=16945.308..16958.305 rows=6 loops=1)
        Workers Planned: 2
        Workers Launched: 2
        ->  Partial GroupAggregate  (cost=466686.25..466686.63 rows=9 width=96) (actual time=16920.326..16922.994 rows=2 loops=3)
              Group Key: (EXTRACT(year FROM (orders.o_orderdate)::timestamp without time zone))
              ->  Sort  (cost=466686.25..466686.27 rows=9 width=112) (actual time=16917.990..16918.730 rows=8085 loops=3)
                    Sort Key: (EXTRACT(year FROM (orders.o_orderdate)::timestamp without time zone))
                    Sort Method: quicksort  Memory: 626kB
                    Worker 0:  Sort Method: quicksort  Memory: 823kB
                    Worker 1:  Sort Method: quicksort  Memory: 615kB
                    ->  Hash Join  (cost=44452.44..466686.11 rows=9 width=112) (actual time=189.571..16910.009 rows=8085 loops=3)
                          Hash Cond: (supplier.s_nationkey = nation_2.n_nationkey)
                          ->  Nested Loop  (cost=44438.16..466671.77 rows=9 width=20) (actual time=162.117..16873.679 rows=8085 loops=3)
                                ->  Nested Loop  (cost=44437.87..466625.83 rows=9 width=20) (actual time=161.998..16802.907 rows=8085 loops=3)
                                      ->  Nested Loop  (cost=44437.44..459701.31 rows=1315 width=24) (actual time=155.477..9626.018 rows=1212976 loops=3)
                                            ->  Parallel Hash Join  (cost=44436.88..406240.38 rows=329 width=8) (actual time=154.967..2378.174 rows=303453 loops=3)
                                                  Hash Cond: (orders.o_custkey = customer.c_custkey)
                                                  ->  Parallel Seq Scan on orders  (cost=0.00..361567.74 rows=62505 width=12) (actual time=0.371..1616.534 rows=1519171 loops=3)
                                                        Filter: (EXTRACT(year FROM (o_orderdate)::timestamp without time zone) = ANY ('{1995,1996}'::numeric[]))
                                                        Rows Removed by Filter: 3480829
                                                  ->  Parallel Hash  (cost=44395.75..44395.75 rows=3290 width=4) (actual time=154.377..154.381 rows=99812 loops=3)
                                                        Buckets: 524288 (originally 8192)  Batches: 1 (originally 1)  Memory Usage: 19904kB
                                                        ->  Hash Join  (cost=24.81..44395.75 rows=3290 width=4) (actual time=0.175..124.161 rows=99812 loops=3)
                                                              Hash Cond: (customer.c_nationkey = nation.n_nationkey)
                                                              ->  Parallel Seq Scan on customer  (cost=0.00..41994.21 rows=625021 width=8) (actual time=0.020..63.444 rows=500000 loops=3)
                                                              ->  Hash  (cost=24.80..24.80 rows=1 width=4) (actual time=0.134..0.137 rows=5 loops=3)
                                                                    Buckets: 1024  Batches: 1  Memory Usage: 9kB
                                                                    ->  Hash Join  (cost=12.39..24.80 rows=1 width=4) (actual time=0.125..0.132 rows=5 loops=3)
                                                                          Hash Cond: (nation.n_regionkey = region.r_regionkey)
                                                                          ->  Seq Scan on nation  (cost=0.00..11.90 rows=190 width=8) (actual time=0.004..0.006 rows=25 loops=3)
                                                                          ->  Hash  (cost=12.38..12.38 rows=1 width=4) (actual time=0.111..0.112 rows=1 loops=3)
                                                                                Buckets: 1024  Batches: 1  Memory Usage: 9kB
                                                                                ->  Seq Scan on region  (cost=0.00..12.38 rows=1 width=4) (actual time=0.106..0.107 rows=1 loops=3)
                                                                                      Filter: ((r_name)::text = 'AMERICA'::text)
                                                                                      Rows Removed by Filter: 4
                                            ->  Index Scan using lineitem_pkey on lineitem  (cost=0.56..161.18 rows=132 width=24) (actual time=0.021..0.023 rows=4 loops=910360)
                                                  Index Cond: (l_orderkey = orders.o_orderkey)
                                      ->  Index Scan using part_pkey on part  (cost=0.43..5.27 rows=1 width=4) (actual time=0.006..0.006 rows=0 loops=3638929)
                                            Index Cond: (p_partkey = lineitem.l_partkey)
                                            Filter: ((p_type)::text = 'ECONOMY ANODIZED STEEL'::text)
                                            Rows Removed by Filter: 1
                                ->  Index Scan using supplier_pkey on supplier  (cost=0.29..5.10 rows=1 width=8) (actual time=0.008..0.008 rows=1 loops=24254)
                                      Index Cond: (s_suppkey = lineitem.l_suppkey)
                          ->  Hash  (cost=11.90..11.90 rows=190 width=72) (actual time=27.213..27.214 rows=25 loops=3)
                                Buckets: 1024  Batches: 1  Memory Usage: 10kB
                                ->  Seq Scan on nation nation_2  (cost=0.00..11.90 rows=190 width=72) (actual time=27.179..27.194 rows=25 loops=3)
Planning Time: 4.515 ms
JIT:
  Functions: 180
  Options: Inlining false, Optimization false, Expressions true, Deforming true
  Timing: Generation 11.156 ms, Inlining 0.000 ms, Optimization 3.347 ms, Emission 78.292 ms, Total 92.794 ms
Execution Time: 16960.516 ms",SUCCESS
8,9,TPCH,Q9,"SELECT
    nation,
    o_year,
    SUM(amount) AS sum_profit
FROM (
    SELECT
        n.n_name AS nation,
        EXTRACT(YEAR FROM o.o_orderdate) AS o_year,
        l.l_extendedprice * (1 - l.l_discount)
            - ps.ps_supplycost * l.l_quantity AS amount
    FROM
        tpch.part p
    JOIN tpch.lineitem l
        ON p.p_partkey = l.l_partkey
    JOIN tpch.partsupp ps
        ON ps.ps_partkey = l.l_partkey
        AND ps.ps_suppkey = l.l_suppkey
    JOIN tpch.supplier s
        ON s.s_suppkey = l.l_suppkey
    JOIN tpch.orders o
        ON o.o_orderkey = l.l_orderkey
    JOIN tpch.nation n
        ON s.s_nationkey = n.n_nationkey
    WHERE
        p.p_name LIKE '%green%'
) AS profit
GROUP BY
    nation,
    o_year
ORDER BY
    nation,
    o_year DESC;","result = (
    lines.WHERE(CONTAINS(part.name, 'green'))
    .CALCULATE(
        nation_name=supplier.nation.name,
        o_year=YEAR(order.order_date),
        value=extended_price * (1 - discount)
        - part_and_supplier.supply_cost * quantity,
    ).PARTITION(name='groups', by=(nation_name, o_year))
    .CALCULATE(NATION=nation_name, O_YEAR=o_year, sum_profit=SUM(lines.value))
    .ORDER_BY(NATION.ASC(), O_YEAR.DESC())
)","SELECT
  nation.n_name AS NATION,
  EXTRACT(YEAR FROM CAST(orders.o_orderdate AS TIMESTAMP)) AS O_YEAR,
  COALESCE(
    SUM(
      lineitem.l_extendedprice * (
        1 - lineitem.l_discount
      ) - partsupp.ps_supplycost * lineitem.l_quantity
    ),
    0
  ) AS sum_profit
FROM tpch.lineitem AS lineitem
JOIN tpch.part AS part
  ON lineitem.l_partkey = part.p_partkey AND part.p_name LIKE '%green%'
JOIN tpch.supplier AS supplier
  ON lineitem.l_suppkey = supplier.s_suppkey
JOIN tpch.nation AS nation
  ON nation.n_nationkey = supplier.s_nationkey
JOIN tpch.orders AS orders
  ON lineitem.l_orderkey = orders.o_orderkey
JOIN tpch.partsupp AS partsupp
  ON lineitem.l_partkey = partsupp.ps_partkey
  AND lineitem.l_suppkey = partsupp.ps_suppkey
GROUP BY
  1,
  2
ORDER BY
  1 NULLS FIRST,
  2 DESC NULLS LAST",26.14397287099996,25.802307257999928,"Finalize GroupAggregate  (cost=1684447.48..1684473.54 rows=194 width=132) (actual time=25309.395..26112.109 rows=175 loops=1)
  Group Key: n.n_name, (EXTRACT(year FROM o.o_orderdate))
  ->  Gather Merge  (cost=1684447.48..1684469.01 rows=162 width=132) (actual time=25304.666..26111.752 rows=525 loops=1)
        Workers Planned: 2
        Workers Launched: 2
        ->  Partial GroupAggregate  (cost=1683447.46..1683450.29 rows=81 width=132) (actual time=24659.782..25317.727 rows=175 loops=3)
              Group Key: n.n_name, (EXTRACT(year FROM o.o_orderdate))
              ->  Sort  (cost=1683447.46..1683447.66 rows=81 width=123) (actual time=24657.453..24821.512 rows=1087204 loops=3)
                    Sort Key: n.n_name, (EXTRACT(year FROM o.o_orderdate)) DESC
                    Sort Method: external merge  Disk: 57400kB
                    Worker 0:  Sort Method: external merge  Disk: 52768kB
                    Worker 1:  Sort Method: external merge  Disk: 44832kB
                    ->  Hash Join  (cost=323152.72..1683444.89 rows=81 width=123) (actual time=12923.130..23264.343 rows=1087204 loops=3)
                          Hash Cond: (s.s_nationkey = n.n_nationkey)
                          ->  Nested Loop  (cost=323138.44..1683430.20 rows=81 width=31) (actual time=12531.740..22434.518 rows=1087204 loops=3)
                                ->  Nested Loop  (cost=323138.01..1682972.97 rows=81 width=31) (actual time=12531.604..16013.167 rows=1087204 loops=3)
                                      ->  Parallel Hash Join  (cost=323137.71..1682534.34 rows=81 width=35) (actual time=12531.462..13433.809 rows=1087204 loops=3)
                                            Hash Cond: ((p.p_partkey = ps.ps_partkey) AND (l.l_suppkey = ps.ps_suppkey))
                                            ->  Parallel Hash Join  (cost=48454.27..1349411.66 rows=2019665 width=33) (actual time=133.002..10006.072 rows=1087204 loops=3)
                                                  Hash Cond: (l.l_partkey = p.p_partkey)
                                                  ->  Parallel Seq Scan on lineitem l  (cost=0.00..1235349.67 rows=24993367 width=29) (actual time=0.335..7053.604 rows=19995351 loops=3)
                                                  ->  Parallel Hash  (cost=47612.53..47612.53 rows=67339 width=4) (actual time=131.676..131.677 rows=36261 loops=3)
                                                        Buckets: 262144  Batches: 1  Memory Usage: 6336kB
                                                        ->  Parallel Seq Scan on part p  (cost=0.00..47612.53 rows=67339 width=4) (actual time=0.061..118.700 rows=36261 loops=3)
                                                              Filter: ((p_name)::text ~~ '%green%'::text)
                                                              Rows Removed by Filter: 630406
                                            ->  Parallel Hash  (cost=208401.77..208401.77 rows=3333578 width=14) (actual time=2105.482..2105.483 rows=2666667 loops=3)
                                                  Buckets: 262144  Batches: 64  Memory Usage: 7968kB
                                                  ->  Parallel Seq Scan on partsupp ps  (cost=0.00..208401.77 rows=3333578 width=14) (actual time=0.343..1537.894 rows=2666667 loops=3)
                                      ->  Index Scan using supplier_pkey on supplier s  (cost=0.29..5.42 rows=1 width=8) (actual time=0.002..0.002 rows=1 loops=3261613)
                                            Index Cond: (s_suppkey = ps.ps_suppkey)
                                ->  Index Scan using orders_pkey on orders o  (cost=0.43..5.64 rows=1 width=8) (actual time=0.006..0.006 rows=1 loops=3261613)
                                      Index Cond: (o_orderkey = l.l_orderkey)
                          ->  Hash  (cost=11.90..11.90 rows=190 width=72) (actual time=391.356..391.357 rows=25 loops=3)
                                Buckets: 1024  Batches: 1  Memory Usage: 10kB
                                ->  Seq Scan on nation n  (cost=0.00..11.90 rows=190 width=72) (actual time=391.326..391.334 rows=25 loops=3)
Planning Time: 6.122 ms
JIT:
  Functions: 141
  Options: Inlining true, Optimization true, Expressions true, Deforming true
  Timing: Generation 9.585 ms, Inlining 185.393 ms, Optimization 577.182 ms, Emission 411.570 ms, Total 1183.731 ms
Execution Time: 26121.428 ms","Finalize GroupAggregate  (cost=1684458.78..1684485.87 rows=197 width=132) (actual time=25546.907..26202.848 rows=175 loops=1)
  Group Key: nation.n_name, (EXTRACT(year FROM (orders.o_orderdate)::timestamp without time zone))
  ->  Gather Merge  (cost=1684458.78..1684480.79 rows=164 width=132) (actual time=25543.120..26202.480 rows=525 loops=1)
        Workers Planned: 2
        Workers Launched: 2
        ->  Partial GroupAggregate  (cost=1683458.76..1683461.83 rows=82 width=132) (actual time=24768.696..25437.856 rows=175 loops=3)
              Group Key: nation.n_name, (EXTRACT(year FROM (orders.o_orderdate)::timestamp without time zone))
              ->  Sort  (cost=1683458.76..1683458.96 rows=82 width=123) (actual time=24765.819..24935.776 rows=1087204 loops=3)
                    Sort Key: nation.n_name NULLS FIRST, (EXTRACT(year FROM (orders.o_orderdate)::timestamp without time zone)) DESC NULLS LAST
                    Sort Method: external merge  Disk: 44664kB
                    Worker 0:  Sort Method: external merge  Disk: 58680kB
                    Worker 1:  Sort Method: external merge  Disk: 51648kB
                    ->  Nested Loop  (cost=323152.72..1683456.15 rows=82 width=123) (actual time=12863.781..23322.950 rows=1087204 loops=3)
                          ->  Hash Join  (cost=323152.28..1682992.87 rows=82 width=95) (actual time=12863.604..16547.557 rows=1087204 loops=3)
                                Hash Cond: (supplier.s_nationkey = nation.n_nationkey)
                                ->  Nested Loop  (cost=323138.01..1682978.38 rows=82 width=31) (actual time=12469.736..15924.822 rows=1087204 loops=3)
                                      ->  Parallel Hash Join  (cost=323137.71..1682534.34 rows=82 width=35) (actual time=12469.595..13371.852 rows=1087204 loops=3)
                                            Hash Cond: ((lineitem.l_partkey = partsupp.ps_partkey) AND (lineitem.l_suppkey = partsupp.ps_suppkey))
                                            ->  Parallel Hash Join  (cost=48454.27..1349411.66 rows=2019665 width=33) (actual time=133.368..9930.540 rows=1087204 loops=3)
                                                  Hash Cond: (lineitem.l_partkey = part.p_partkey)
                                                  ->  Parallel Seq Scan on lineitem  (cost=0.00..1235349.67 rows=24993367 width=29) (actual time=0.334..7029.020 rows=19995351 loops=3)
                                                  ->  Parallel Hash  (cost=47612.53..47612.53 rows=67339 width=4) (actual time=132.045..132.046 rows=36261 loops=3)
                                                        Buckets: 262144  Batches: 1  Memory Usage: 6368kB
                                                        ->  Parallel Seq Scan on part  (cost=0.00..47612.53 rows=67339 width=4) (actual time=0.065..120.199 rows=36261 loops=3)
                                                              Filter: ((p_name)::text ~~ '%green%'::text)
                                                              Rows Removed by Filter: 630406
                                            ->  Parallel Hash  (cost=208401.77..208401.77 rows=3333578 width=14) (actual time=2121.238..2121.239 rows=2666667 loops=3)
                                                  Buckets: 262144  Batches: 64  Memory Usage: 8000kB
                                                  ->  Parallel Seq Scan on partsupp  (cost=0.00..208401.77 rows=3333578 width=14) (actual time=0.308..1550.964 rows=2666667 loops=3)
                                      ->  Index Scan using supplier_pkey on supplier  (cost=0.29..5.42 rows=1 width=8) (actual time=0.002..0.002 rows=1 loops=3261613)
                                            Index Cond: (s_suppkey = lineitem.l_suppkey)
                                ->  Hash  (cost=11.90..11.90 rows=190 width=72) (actual time=393.836..393.837 rows=25 loops=3)
                                      Buckets: 1024  Batches: 1  Memory Usage: 10kB
                                      ->  Seq Scan on nation  (cost=0.00..11.90 rows=190 width=72) (actual time=393.810..393.817 rows=25 loops=3)
                          ->  Index Scan using orders_pkey on orders  (cost=0.43..5.64 rows=1 width=8) (actual time=0.006..0.006 rows=1 loops=3261613)
                                Index Cond: (o_orderkey = lineitem.l_orderkey)
Planning Time: 5.510 ms
JIT:
  Functions: 141
  Options: Inlining true, Optimization true, Expressions true, Deforming true
  Timing: Generation 9.655 ms, Inlining 206.479 ms, Optimization 585.597 ms, Emission 389.527 ms, Total 1191.258 ms
Execution Time: 26211.194 ms",SUCCESS
9,10,TPCH,Q10,"SELECT
    c.c_custkey,
    c.c_name,
    SUM(l.l_extendedprice * (1 - l.l_discount)) AS revenue,
    c.c_acctbal,
    n.n_name,
    c.c_address,
    c.c_phone,
    c.c_comment
FROM
    tpch.customer c
JOIN tpch.orders o
    ON c.c_custkey = o.o_custkey
JOIN tpch.lineitem l
    ON l.l_orderkey = o.o_orderkey
JOIN tpch.nation n
    ON c.c_nationkey = n.n_nationkey
WHERE
    o.o_orderdate >= DATE '1993-10-01'
    AND o.o_orderdate < DATE '1993-10-01' + INTERVAL '3 months'
    AND l.l_returnflag = 'R'
GROUP BY
    c.c_custkey,
    c.c_name,
    c.c_acctbal,
    c.c_phone,
    n.n_name,
    c.c_address,
    c.c_comment
ORDER BY
    revenue DESC
LIMIT 20;","selected_lines = orders.WHERE(
    (YEAR(order_date) == 1993) & (QUARTER(order_date) == 4)
).lines.WHERE(return_flag == ""R"")
result = customers.CALCULATE(
    C_CUSTKEY=key,
    C_NAME=name,
    REVENUE=SUM(selected_lines.extended_price * (1 - selected_lines.discount)),
    C_ACCTBAL=account_balance,
    N_NAME=nation.name,
    C_ADDRESS=address,
    C_PHONE=phone,
    C_COMMENT=comment,
).TOP_K(20, by=(REVENUE.DESC(), C_CUSTKEY.ASC()))","WITH _s3 AS (
  SELECT
    orders.o_custkey,
    SUM(lineitem.l_extendedprice * (
      1 - lineitem.l_discount
    )) AS sum_expr
  FROM tpch.orders AS orders
  JOIN tpch.lineitem AS lineitem
    ON lineitem.l_orderkey = orders.o_orderkey AND lineitem.l_returnflag = 'R'
  WHERE
    EXTRACT(MONTH FROM CAST(orders.o_orderdate AS TIMESTAMP)) IN (10, 11, 12)
    AND EXTRACT(YEAR FROM CAST(orders.o_orderdate AS TIMESTAMP)) = 1993
  GROUP BY
    1
)
SELECT
  customer.c_custkey AS C_CUSTKEY,
  customer.c_name AS C_NAME,
  COALESCE(_s3.sum_expr, 0) AS REVENUE,
  customer.c_acctbal AS C_ACCTBAL,
  nation.n_name AS N_NAME,
  customer.c_address AS C_ADDRESS,
  customer.c_phone AS C_PHONE,
  customer.c_comment AS C_COMMENT
FROM tpch.customer AS customer
LEFT JOIN _s3 AS _s3
  ON _s3.o_custkey = customer.c_custkey
JOIN tpch.nation AS nation
  ON customer.c_nationkey = nation.n_nationkey
ORDER BY
  3 DESC NULLS LAST,
  1 NULLS FIRST
LIMIT 20",14.219540350999978,12.679014329999973,"Limit  (cost=1943397.10..1943397.15 rows=20 width=243) (actual time=14341.379..14436.296 rows=20 loops=1)
  ->  Sort  (cost=1943397.10..1944845.27 rows=579266 width=243) (actual time=14111.468..14206.383 rows=20 loops=1)
        Sort Key: (sum((l.l_extendedprice * ('1'::numeric - l.l_discount)))) DESC
        Sort Method: top-N heapsort  Memory: 34kB
        ->  Finalize GroupAggregate  (cost=1853559.47..1927983.04 rows=579266 width=243) (actual time=13447.754..14113.975 rows=381105 loops=1)
              Group Key: c.c_custkey, n.n_name
              ->  Gather Merge  (cost=1853559.47..1915915.00 rows=482722 width=243) (actual time=13447.742..13851.149 rows=382574 loops=1)
                    Workers Planned: 2
                    Workers Launched: 2
                    ->  Partial GroupAggregate  (cost=1852559.45..1859196.88 rows=241361 width=243) (actual time=13417.381..13693.983 rows=127525 loops=3)
                          Group Key: c.c_custkey, n.n_name
                          ->  Sort  (cost=1852559.45..1853162.85 rows=241361 width=223) (actual time=13417.325..13471.922 rows=382361 loops=3)
                                Sort Key: c.c_custkey, n.n_name
                                Sort Method: external merge  Disk: 69960kB
                                Worker 0:  Sort Method: external merge  Disk: 63560kB
                                Worker 1:  Sort Method: external merge  Disk: 65232kB
                                ->  Hash Join  (cost=413209.64..1805406.27 rows=241361 width=223) (actual time=12720.346..13113.294 rows=382361 loops=3)
                                      Hash Cond: (c.c_nationkey = n.n_nationkey)
                                      ->  Parallel Hash Join  (cost=413195.37..1804744.30 rows=241361 width=159) (actual time=12461.899..12795.674 rows=382361 loops=3)
                                            Hash Cond: (o.o_custkey = c.c_custkey)
                                            ->  Parallel Hash Join  (cost=349959.39..1725087.75 rows=241361 width=16) (actual time=11291.225..12107.106 rows=382361 loops=3)
                                                  Hash Cond: (l.l_orderkey = o.o_orderkey)
                                                  ->  Parallel Seq Scan on lineitem l  (cost=0.00..1297833.08 rows=6160865 width=16) (actual time=0.341..9795.615 rows=4936061 loops=3)
                                                        Filter: (l_returnflag = 'R'::bpchar)
                                                        Rows Removed by Filter: 15059290
                                                  ->  Parallel Hash  (cost=345941.49..345941.49 rows=244872 width=8) (actual time=533.561..533.563 rows=191052 loops=3)
                                                        Buckets: 262144  Batches: 4  Memory Usage: 7712kB
                                                        ->  Parallel Seq Scan on orders o  (cost=0.00..345941.49 rows=244872 width=8) (actual time=0.058..487.061 rows=191052 loops=3)
                                                              Filter: ((o_orderdate >= '1993-10-01'::date) AND (o_orderdate < '1994-01-01 00:00:00'::timestamp without time zone))
                                                              Rows Removed by Filter: 4808948
                                            ->  Parallel Hash  (cost=41994.21..41994.21 rows=625021 width=147) (actual time=257.474..257.474 rows=500000 loops=3)
                                                  Buckets: 65536  Batches: 64  Memory Usage: 4832kB
                                                  ->  Parallel Seq Scan on customer c  (cost=0.00..41994.21 rows=625021 width=147) (actual time=0.040..75.155 rows=500000 loops=3)
                                      ->  Hash  (cost=11.90..11.90 rows=190 width=72) (actual time=258.409..258.410 rows=25 loops=3)
                                            Buckets: 1024  Batches: 1  Memory Usage: 10kB
                                            ->  Seq Scan on nation n  (cost=0.00..11.90 rows=190 width=72) (actual time=258.385..258.389 rows=25 loops=3)
Planning Time: 0.520 ms
JIT:
  Functions: 109
  Options: Inlining true, Optimization true, Expressions true, Deforming true
  Timing: Generation 5.956 ms, Inlining 189.810 ms, Optimization 488.341 ms, Emission 327.296 ms, Total 1011.402 ms
Execution Time: 14448.086 ms","Limit  (cost=623515.00..623515.05 rows=20 width=243) (actual time=12939.368..12939.478 rows=20 loops=1)
  ->  Sort  (cost=623515.00..627265.13 rows=1500051 width=243) (actual time=12725.144..12725.252 rows=20 loops=1)
        Sort Key: (COALESCE(_s3.sum_expr, '0'::numeric)) DESC NULLS LAST, customer.c_custkey NULLS FIRST
        Sort Method: top-N heapsort  Memory: 32kB
        ->  Hash Join  (cost=524891.56..583599.19 rows=1500051 width=243) (actual time=11237.187..12390.053 rows=1500000 loops=1)
              Hash Cond: (customer.c_nationkey = nation.n_nationkey)
              ->  Hash Left Join  (cost=524877.29..579559.44 rows=1500051 width=179) (actual time=11236.796..12204.091 rows=1500000 loops=1)
                    Hash Cond: (customer.c_custkey = _s3.o_custkey)
                    ->  Seq Scan on customer  (cost=0.00..50744.51 rows=1500051 width=147) (actual time=0.012..158.858 rows=1500000 loops=1)
                    ->  Hash  (cost=524863.43..524863.43 rows=1109 width=36) (actual time=11236.666..11236.770 rows=381105 loops=1)
                          Buckets: 262144 (originally 2048)  Batches: 4 (originally 1)  Memory Usage: 6514kB
                          ->  Subquery Scan on _s3  (cost=524713.34..524863.43 rows=1109 width=36) (actual time=10646.715..11166.983 rows=381105 loops=1)
                                ->  Finalize GroupAggregate  (cost=524713.34..524852.34 rows=1109 width=36) (actual time=10646.713..11140.222 rows=381105 loops=1)
                                      Group Key: orders.o_custkey
                                      ->  Gather Merge  (cost=524713.34..524831.54 rows=924 width=36) (actual time=10646.685..10916.998 rows=450580 loops=1)
                                            Workers Planned: 2
                                            Workers Launched: 2
                                            ->  Partial GroupAggregate  (cost=523713.32..523724.87 rows=462 width=36) (actual time=10622.712..10860.852 rows=150193 loops=3)
                                                  Group Key: orders.o_custkey
                                                  ->  Sort  (cost=523713.32..523714.47 rows=462 width=16) (actual time=10622.673..10666.382 rows=382361 loops=3)
                                                        Sort Key: orders.o_custkey
                                                        Sort Method: external merge  Disk: 10312kB
                                                        Worker 0:  Sort Method: external merge  Disk: 10480kB
                                                        Worker 1:  Sort Method: external merge  Disk: 10152kB
                                                        ->  Nested Loop  (cost=0.56..523692.87 rows=462 width=16) (actual time=126.816..10478.274 rows=382361 loops=3)
                                                              ->  Parallel Seq Scan on orders  (cost=0.00..416259.61 rows=469 width=8) (actual time=126.387..1475.433 rows=191052 loops=3)
                                                                    Filter: ((EXTRACT(year FROM (o_orderdate)::timestamp without time zone) = '1993'::numeric) AND (EXTRACT(month FROM (o_orderdate)::timestamp without time zone) = ANY ('{10,11,12}'::numeric[])))
                                                                    Rows Removed by Filter: 4808948
                                                              ->  Index Scan using lineitem_pkey on lineitem  (cost=0.56..228.75 rows=32 width=16) (actual time=0.045..0.047 rows=2 loops=573157)
                                                                    Index Cond: (l_orderkey = orders.o_orderkey)
                                                                    Filter: (l_returnflag = 'R'::bpchar)
                                                                    Rows Removed by Filter: 2
              ->  Hash  (cost=11.90..11.90 rows=190 width=72) (actual time=0.371..0.372 rows=25 loops=1)
                    Buckets: 1024  Batches: 1  Memory Usage: 10kB
                    ->  Seq Scan on nation  (cost=0.00..11.90 rows=190 width=72) (actual time=0.358..0.361 rows=25 loops=1)
Planning Time: 1.668 ms
JIT:
  Functions: 67
  Options: Inlining true, Optimization true, Expressions true, Deforming true
  Timing: Generation 9.110 ms, Inlining 151.045 ms, Optimization 260.847 ms, Emission 181.515 ms, Total 602.518 ms
Execution Time: 12942.509 ms",SUCCESS
10,11,TPCH,Q11,"SELECT
    ps.ps_partkey,
    SUM(ps.ps_supplycost * ps.ps_availqty) AS value
FROM
    tpch.partsupp ps
JOIN tpch.supplier s
    ON ps.ps_suppkey = s.s_suppkey
JOIN tpch.nation n
    ON s.s_nationkey = n.n_nationkey
WHERE
    n.n_name = 'GERMANY'
GROUP BY
    ps.ps_partkey
HAVING
    SUM(ps.ps_supplycost * ps.ps_availqty) > (
        SELECT
            SUM(ps2.ps_supplycost * ps2.ps_availqty) * 0.0001
        FROM
            tpch.partsupp ps2
        JOIN tpch.supplier s2
            ON ps2.ps_suppkey = s2.s_suppkey
        JOIN tpch.nation n2
            ON s2.s_nationkey = n2.n_nationkey
        WHERE
            n2.n_name = 'GERMANY'
    )
ORDER BY
    value DESC;","is_german_supplier = supplier.nation.name == ""GERMANY""
selected_records = supply_records.WHERE(is_german_supplier).CALCULATE(
    metric=supply_cost * available_quantity
)
result = (
    TPCH.CALCULATE(min_market_share=SUM(selected_records.metric) * 0.0001)
    .supply_records.WHERE(is_german_supplier)
    .PARTITION(name=""parts"", by=part_key)
    .CALCULATE(
        PS_PARTKEY=part_key,
        VALUE=SUM(supply_records.supply_cost * supply_records.available_quantity),
    )
    .WHERE(VALUE > min_market_share)
    .TOP_K(10, by=VALUE.DESC())
)","WITH _s0 AS (
  SELECT
    s_nationkey,
    s_suppkey
  FROM tpch.supplier
), _t2 AS (
  SELECT
    n_name,
    n_nationkey
  FROM tpch.nation
  WHERE
    n_name = 'GERMANY'
), _s8 AS (
  SELECT
    SUM(partsupp.ps_supplycost * partsupp.ps_availqty) AS sum_metric
  FROM tpch.partsupp AS partsupp
  JOIN _s0 AS _s0
    ON _s0.s_suppkey = partsupp.ps_suppkey
  JOIN _t2 AS _t2
    ON _s0.s_nationkey = _t2.n_nationkey
), _s9 AS (
  SELECT
    partsupp.ps_partkey,
    SUM(partsupp.ps_supplycost * partsupp.ps_availqty) AS sum_expr
  FROM tpch.partsupp AS partsupp
  JOIN _s0 AS _s4
    ON _s4.s_suppkey = partsupp.ps_suppkey
  JOIN _t2 AS _t4
    ON _s4.s_nationkey = _t4.n_nationkey
  GROUP BY
    1
)
SELECT
  _s9.ps_partkey AS PS_PARTKEY,
  COALESCE(_s9.sum_expr, 0) AS VALUE
FROM _s8 AS _s8
JOIN _s9 AS _s9
  ON (
    COALESCE(_s8.sum_metric, 0) * 0.0001
  ) < COALESCE(_s9.sum_expr, 0)
ORDER BY
  2 DESC NULLS LAST
LIMIT 10",2.6014747930000794,5.184100038999986,"Sort  (cost=457527.30..457562.39 rows=14036 width=36) (actual time=1671.131..1677.634 rows=0 loops=1)
  Sort Key: (sum((ps.ps_supplycost * (ps.ps_availqty)::numeric))) DESC
  Sort Method: quicksort  Memory: 25kB
  InitPlan 1 (returns $1)
    ->  Finalize Aggregate  (cost=225035.86..225035.87 rows=1 width=32) (actual time=699.523..699.831 rows=1 loops=1)
          ->  Gather  (cost=225035.64..225035.85 rows=2 width=32) (actual time=699.337..699.810 rows=3 loops=1)
                Workers Planned: 2
                Workers Launched: 2
                ->  Partial Aggregate  (cost=224035.64..224035.65 rows=1 width=32) (actual time=685.885..685.890 rows=1 loops=3)
                      ->  Parallel Hash Join  (cost=2898.35..223904.05 rows=17545 width=10) (actual time=17.491..651.318 rows=107973 loops=3)
                            Hash Cond: (ps2.ps_suppkey = s2.s_suppkey)
                            ->  Parallel Seq Scan on partsupp ps2  (cost=0.00..208401.77 rows=3333578 width=14) (actual time=0.026..303.736 rows=2666667 loops=3)
                            ->  Parallel Hash  (cost=2894.48..2894.48 rows=309 width=4) (actual time=17.110..17.113 rows=1350 loops=3)
                                  Buckets: 4096 (originally 1024)  Batches: 1 (originally 1)  Memory Usage: 280kB
                                  ->  Hash Join  (cost=12.39..2894.48 rows=309 width=4) (actual time=5.879..14.050 rows=1350 loops=3)
                                        Hash Cond: (s2.s_nationkey = n2.n_nationkey)
                                        ->  Parallel Seq Scan on supplier s2  (cost=0.00..2724.24 rows=58824 width=8) (actual time=0.008..3.059 rows=33333 loops=3)
                                        ->  Hash  (cost=12.38..12.38 rows=1 width=4) (actual time=5.847..5.848 rows=1 loops=3)
                                              Buckets: 1024  Batches: 1  Memory Usage: 9kB
                                              ->  Seq Scan on nation n2  (cost=0.00..12.38 rows=1 width=4) (actual time=5.840..5.841 rows=1 loops=3)
                                                    Filter: ((n_name)::text = 'GERMANY'::text)
                                                    Rows Removed by Filter: 24
  ->  Finalize GroupAggregate  (cost=226140.89..231524.56 rows=14036 width=36) (actual time=1671.127..1677.321 rows=0 loops=1)
        Group Key: ps.ps_partkey
        Filter: (sum((ps.ps_supplycost * (ps.ps_availqty)::numeric)) > $1)
        Rows Removed by Filter: 304774
        ->  Gather Merge  (cost=226140.89..230629.77 rows=35090 width=36) (actual time=714.975..822.855 rows=304794 loops=1)
              Workers Planned: 2
              Workers Launched: 2
              ->  Partial GroupAggregate  (cost=225140.86..225579.49 rows=17545 width=36) (actual time=699.082..789.707 rows=101598 loops=3)
                    Group Key: ps.ps_partkey
                    ->  Sort  (cost=225140.86..225184.73 rows=17545 width=14) (actual time=699.044..709.270 rows=107973 loops=3)
                          Sort Key: ps.ps_partkey
                          Sort Method: external merge  Disk: 2472kB
                          Worker 0:  Sort Method: external merge  Disk: 2464kB
                          Worker 1:  Sort Method: external merge  Disk: 3336kB
                          ->  Parallel Hash Join  (cost=2898.35..223904.05 rows=17545 width=14) (actual time=27.052..668.373 rows=107973 loops=3)
                                Hash Cond: (ps.ps_suppkey = s.s_suppkey)
                                ->  Parallel Seq Scan on partsupp ps  (cost=0.00..208401.77 rows=3333578 width=18) (actual time=0.040..304.828 rows=2666667 loops=3)
                                ->  Parallel Hash  (cost=2894.48..2894.48 rows=309 width=4) (actual time=26.788..26.790 rows=1350 loops=3)
                                      Buckets: 4096 (originally 1024)  Batches: 1 (originally 1)  Memory Usage: 280kB
                                      ->  Hash Join  (cost=12.39..2894.48 rows=309 width=4) (actual time=15.679..22.731 rows=1350 loops=3)
                                            Hash Cond: (s.s_nationkey = n.n_nationkey)
                                            ->  Parallel Seq Scan on supplier s  (cost=0.00..2724.24 rows=58824 width=8) (actual time=0.003..3.234 rows=33333 loops=3)
                                            ->  Hash  (cost=12.38..12.38 rows=1 width=4) (actual time=15.652..15.653 rows=1 loops=3)
                                                  Buckets: 1024  Batches: 1  Memory Usage: 9kB
                                                  ->  Seq Scan on nation n  (cost=0.00..12.38 rows=1 width=4) (actual time=15.644..15.646 rows=1 loops=3)
                                                        Filter: ((n_name)::text = 'GERMANY'::text)
                                                        Rows Removed by Filter: 24
Planning Time: 0.341 ms
JIT:
  Functions: 147
  Options: Inlining false, Optimization false, Expressions true, Deforming true
  Timing: Generation 6.207 ms, Inlining 0.000 ms, Optimization 3.129 ms, Emission 61.473 ms, Total 70.809 ms
Execution Time: 1679.935 ms","Limit  (cost=896122.81..896122.84 rows=10 width=36) (actual time=5874.484..5874.493 rows=0 loops=1)
  CTE _s0
    ->  Seq Scan on supplier  (cost=0.00..3136.00 rows=100000 width=8) (actual time=0.018..8.762 rows=100000 loops=1)
  CTE _t2
    ->  Seq Scan on nation  (cost=0.00..12.38 rows=1 width=72) (actual time=0.010..0.012 rows=1 loops=1)
          Filter: ((n_name)::text = 'GERMANY'::text)
          Rows Removed by Filter: 24
  ->  Sort  (cost=892974.44..893007.82 rows=13354 width=36) (actual time=5656.917..5656.924 rows=0 loops=1)
        Sort Key: (COALESCE((sum((partsupp_1.ps_supplycost * (partsupp_1.ps_availqty)::numeric))), '0'::numeric)) DESC NULLS LAST
        Sort Method: quicksort  Memory: 25kB
        ->  Nested Loop  (cost=891083.37..892685.86 rows=13354 width=36) (actual time=5656.904..5656.910 rows=0 loops=1)
              Join Filter: ((COALESCE((sum((partsupp.ps_supplycost * (partsupp.ps_availqty)::numeric))), '0'::numeric) * 0.0001) < COALESCE((sum((partsupp_1.ps_supplycost * (partsupp_1.ps_availqty)::numeric))), '0'::numeric))
              Rows Removed by Join Filter: 304774
              ->  Aggregate  (cost=436347.56..436347.57 rows=1 width=32) (actual time=2819.395..2819.400 rows=1 loops=1)
                    ->  Hash Join  (cost=394145.22..436047.09 rows=40062 width=10) (actual time=2013.691..2761.471 rows=323920 loops=1)
                          Hash Cond: (_s0.s_suppkey = partsupp.ps_suppkey)
                          ->  Hash Join  (cost=0.03..2380.03 rows=500 width=4) (actual time=0.062..33.750 rows=4049 loops=1)
                                Hash Cond: (_s0.s_nationkey = _t2.n_nationkey)
                                ->  CTE Scan on _s0  (cost=0.00..2000.00 rows=100000 width=8) (actual time=0.020..27.404 rows=100000 loops=1)
                                ->  Hash  (cost=0.02..0.02 rows=1 width=4) (actual time=0.018..0.020 rows=1 loops=1)
                                      Buckets: 1024  Batches: 1  Memory Usage: 9kB
                                      ->  CTE Scan on _t2  (cost=0.00..0.02 rows=1 width=4) (actual time=0.013..0.015 rows=1 loops=1)
                          ->  Hash  (cost=255071.86..255071.86 rows=8000586 width=14) (actual time=2010.958..2010.958 rows=8000000 loops=1)
                                Buckets: 262144 (originally 262144)  Batches: 128 (originally 64)  Memory Usage: 8116kB
                                ->  Seq Scan on partsupp  (cost=0.00..255071.86 rows=8000586 width=14) (actual time=0.040..845.180 rows=8000000 loops=1)
              ->  GroupAggregate  (cost=454735.82..455737.37 rows=40062 width=36) (actual time=2607.850..2796.344 rows=304774 loops=1)
                    Group Key: partsupp_1.ps_partkey
                    ->  Sort  (cost=454735.82..454835.97 rows=40062 width=14) (actual time=2607.805..2629.860 rows=323920 loops=1)
                          Sort Key: partsupp_1.ps_partkey
                          Sort Method: external sort  Disk: 9544kB
                          ->  Hash Join  (cost=401958.22..451673.09 rows=40062 width=14) (actual time=1998.216..2496.342 rows=323920 loops=1)
                                Hash Cond: (_s4.s_suppkey = partsupp_1.ps_suppkey)
                                ->  Hash Join  (cost=0.03..2380.03 rows=500 width=4) (actual time=0.041..12.528 rows=4049 loops=1)
                                      Hash Cond: (_s4.s_nationkey = _t4.n_nationkey)
                                      ->  CTE Scan on _s0 _s4  (cost=0.00..2000.00 rows=100000 width=8) (actual time=0.016..6.645 rows=100000 loops=1)
                                      ->  Hash  (cost=0.02..0.02 rows=1 width=4) (actual time=0.008..0.009 rows=1 loops=1)
                                            Buckets: 1024  Batches: 1  Memory Usage: 9kB
                                            ->  CTE Scan on _t2 _t4  (cost=0.00..0.02 rows=1 width=4) (actual time=0.004..0.005 rows=1 loops=1)
                                ->  Hash  (cost=255071.86..255071.86 rows=8000586 width=18) (actual time=1997.006..1997.006 rows=8000000 loops=1)
                                      Buckets: 131072  Batches: 64  Memory Usage: 7403kB
                                      ->  Seq Scan on partsupp partsupp_1  (cost=0.00..255071.86 rows=8000586 width=18) (actual time=0.036..838.669 rows=8000000 loops=1)
Planning Time: 0.256 ms
JIT:
  Functions: 52
  Options: Inlining true, Optimization true, Expressions true, Deforming true
  Timing: Generation 3.505 ms, Inlining 11.327 ms, Optimization 122.271 ms, Emission 84.111 ms, Total 221.213 ms
Execution Time: 5879.987 ms",SUCCESS
11,12,TPCH,Q12,"SELECT
    l.l_shipmode,
    SUM(
        CASE
            WHEN o.o_orderpriority = '1-URGENT'
              OR o.o_orderpriority = '2-HIGH'
            THEN 1
            ELSE 0
        END
    ) AS high_line_count,
    SUM(
        CASE
            WHEN o.o_orderpriority <> '1-URGENT'
             AND o.o_orderpriority <> '2-HIGH'
            THEN 1
            ELSE 0
        END
    ) AS low_line_count
FROM
    tpch.orders o
JOIN tpch.lineitem l
    ON o.o_orderkey = l.l_orderkey
WHERE
    l.l_shipmode IN ('MAIL', 'SHIP')
    AND l.l_commitdate < l.l_receiptdate
    AND l.l_shipdate < l.l_commitdate
    AND l.l_receiptdate >= DATE '1994-01-01'
    AND l.l_receiptdate < DATE '1994-01-01' + INTERVAL '1 year'
GROUP BY
    l.l_shipmode
ORDER BY
    l.l_shipmode;","result = (
        lines.WHERE(
            ((ship_mode == ""MAIL"") | (ship_mode == ""SHIP""))
            & (ship_date < commit_date)
            & (commit_date < receipt_date)
            & (YEAR(receipt_date) == 1994)
        )
        .CALCULATE(
            is_high_priority=ISIN(order.order_priority, (""1-URGENT"", ""2-HIGH"")),
        )
        .PARTITION(""modes"", by=ship_mode)
        .CALCULATE(
            L_SHIPMODE=ship_mode,
            HIGH_LINE_COUNT=SUM(lines.is_high_priority),
            LOW_LINE_COUNT=SUM(~(lines.is_high_priority)),
        )
        .ORDER_BY(L_SHIPMODE.ASC())
    )","SELECT
  lineitem.l_shipmode AS L_SHIPMODE,
  COALESCE(
    SUM(CASE WHEN orders.o_orderpriority IN ('1-URGENT', '2-HIGH') THEN 1 ELSE 0 END),
    0
  ) AS HIGH_LINE_COUNT,
  COALESCE(
    SUM(CASE WHEN NOT orders.o_orderpriority IN ('1-URGENT', '2-HIGH') THEN 1 ELSE 0 END),
    0
  ) AS LOW_LINE_COUNT
FROM tpch.lineitem AS lineitem
JOIN tpch.orders AS orders
  ON lineitem.l_orderkey = orders.o_orderkey
WHERE
  EXTRACT(YEAR FROM CAST(lineitem.l_receiptdate AS TIMESTAMP)) = 1994
  AND lineitem.l_commitdate < lineitem.l_receiptdate
  AND lineitem.l_commitdate > lineitem.l_shipdate
  AND (
    lineitem.l_shipmode = 'MAIL' OR lineitem.l_shipmode = 'SHIP'
  )
GROUP BY
  1
ORDER BY
  1 NULLS FIRST",13.709121062999884,9.90566266399992,"Finalize GroupAggregate  (cost=2016315.81..2018721.85 rows=7 width=21) (actual time=12147.981..12252.279 rows=2 loops=1)
  Group Key: l.l_shipmode
  ->  Gather Merge  (cost=2016315.81..2018721.68 rows=14 width=21) (actual time=12128.234..12252.228 rows=6 loops=1)
        Workers Planned: 2
        Workers Launched: 2
        ->  Partial GroupAggregate  (cost=2015315.79..2017720.04 rows=7 width=21) (actual time=12098.545..12114.293 rows=2 loops=3)
              Group Key: l.l_shipmode
              ->  Sort  (cost=2015315.79..2015616.31 rows=120209 width=14) (actual time=12083.481..12094.640 rows=103601 loops=3)
                    Sort Key: l.l_shipmode
                    Sort Method: external merge  Disk: 3272kB
                    Worker 0:  Sort Method: external merge  Disk: 2144kB
                    Worker 1:  Sort Method: external merge  Disk: 2024kB
                    ->  Parallel Hash Join  (cost=423341.25..2003118.54 rows=120209 width=14) (actual time=11643.499..12062.266 rows=103601 loops=3)
                          Hash Cond: (l.l_orderkey = o.o_orderkey)
                          ->  Parallel Seq Scan on lineitem l  (cost=0.00..1547766.75 rows=120209 width=9) (actual time=0.697..9615.635 rows=103601 loops=3)
                                Filter: (((l_shipmode)::text = ANY ('{MAIL,SHIP}'::text[])) AND (l_commitdate < l_receiptdate) AND (l_shipdate < l_commitdate) AND (l_receiptdate >= '1994-01-01'::date) AND (l_receiptdate < '1995-01-01 00:00:00'::timestamp without time zone))
                                Rows Removed by Filter: 19891750
                          ->  Parallel Hash  (cost=314689.00..314689.00 rows=6250500 width=13) (actual time=1950.567..1950.568 rows=5000000 loops=3)
                                Buckets: 262144  Batches: 128  Memory Usage: 7808kB
                                ->  Parallel Seq Scan on orders o  (cost=0.00..314689.00 rows=6250500 width=13) (actual time=240.543..925.509 rows=5000000 loops=3)
Planning Time: 0.345 ms
JIT:
  Functions: 54
  Options: Inlining true, Optimization true, Expressions true, Deforming true
  Timing: Generation 3.656 ms, Inlining 186.904 ms, Optimization 311.631 ms, Emission 223.323 ms, Total 725.514 ms
Execution Time: 12254.168 ms","Finalize GroupAggregate  (cost=1703462.06..1703519.29 rows=7 width=21) (actual time=9832.953..9833.049 rows=2 loops=1)
  Group Key: lineitem.l_shipmode
  ->  Gather Merge  (cost=1703462.06..1703519.11 rows=14 width=21) (actual time=9814.886..9832.987 rows=6 loops=1)
        Workers Planned: 2
        Workers Launched: 2
        ->  Partial GroupAggregate  (cost=1702462.04..1702517.47 rows=7 width=21) (actual time=9779.447..9793.193 rows=2 loops=3)
              Group Key: lineitem.l_shipmode
              ->  Sort  (cost=1702462.04..1702471.27 rows=3691 width=14) (actual time=9760.904..9770.809 rows=103601 loops=3)
                    Sort Key: lineitem.l_shipmode NULLS FIRST
                    Sort Method: external merge  Disk: 2512kB
                    Worker 0:  Sort Method: external merge  Disk: 2464kB
                    Worker 1:  Sort Method: external merge  Disk: 2456kB
                    ->  Nested Loop  (cost=0.43..1702243.35 rows=3691 width=14) (actual time=264.384..9722.528 rows=103601 loops=3)
                          ->  Parallel Seq Scan on lineitem  (cost=0.00..1672733.58 rows=3691 width=9) (actual time=264.212..9206.790 rows=103601 loops=3)
                                Filter: ((l_commitdate < l_receiptdate) AND (l_commitdate > l_shipdate) AND (((l_shipmode)::text = 'MAIL'::text) OR ((l_shipmode)::text = 'SHIP'::text)) AND (EXTRACT(year FROM (l_receiptdate)::timestamp without time zone) = '1994'::numeric))
                                Rows Removed by Filter: 19891750
                          ->  Index Scan using orders_pkey on orders  (cost=0.43..8.00 rows=1 width=13) (actual time=0.004..0.004 rows=1 loops=310803)
                                Index Cond: (o_orderkey = lineitem.l_orderkey)
Planning Time: 1.828 ms
JIT:
  Functions: 42
  Options: Inlining true, Optimization true, Expressions true, Deforming true
  Timing: Generation 7.813 ms, Inlining 202.552 ms, Optimization 358.313 ms, Emission 230.055 ms, Total 798.733 ms
Execution Time: 9834.709 ms",SUCCESS
12,13,TPCH,Q13,"SELECT
    c_count,
    COUNT(*) AS custdist
FROM (
    SELECT
        c.c_custkey,
        COUNT(o.o_orderkey) AS c_count
    FROM
        tpch.customer c
    LEFT JOIN tpch.orders o
        ON c.c_custkey = o.o_custkey
        AND o.o_comment NOT LIKE '%special%requests%'
    GROUP BY
        c.c_custkey
) AS c_orders
GROUP BY
    c_count
ORDER BY
    custdist DESC,
    c_count DESC
LIMIT 10;","selected_orders = orders.WHERE(~(LIKE(comment, ""%special%requests%"")))
result = (
    customers.CALCULATE(num_non_special_orders=COUNT(selected_orders))
    .PARTITION(name=""num_order_groups"", by=num_non_special_orders)
    .CALCULATE(C_COUNT=num_non_special_orders, CUSTDIST=COUNT(customers))
    .TOP_K(10, by=(CUSTDIST.DESC(), C_COUNT.DESC()))
)","WITH _s1 AS (
  SELECT
    o_custkey,
    COUNT(*) AS n_rows
  FROM tpch.orders
  WHERE
    NOT o_comment LIKE '%special%requests%'
  GROUP BY
    1
)
SELECT
  COALESCE(_s1.n_rows, 0) AS C_COUNT,
  COUNT(*) AS CUSTDIST
FROM tpch.customer AS customer
LEFT JOIN _s1 AS _s1
  ON _s1.o_custkey = customer.c_custkey
GROUP BY
  1
ORDER BY
  2 DESC NULLS LAST,
  1 DESC NULLS LAST
LIMIT 10",7.106881477000115,5.480319683000062,"Limit  (cost=1395094.72..1395094.74 rows=10 width=16) (actual time=7800.322..7873.438 rows=10 loops=1)
  ->  Sort  (cost=1395094.72..1395095.22 rows=200 width=16) (actual time=7721.117..7794.231 rows=10 loops=1)
        Sort Key: (count(*)) DESC, (count(o.o_orderkey)) DESC
        Sort Method: top-N heapsort  Memory: 25kB
        ->  HashAggregate  (cost=1395088.40..1395090.40 rows=200 width=16) (actual time=7721.092..7794.211 rows=46 loops=1)
              Group Key: count(o.o_orderkey)
              Batches: 1  Memory Usage: 40kB
              ->  Finalize HashAggregate  (cost=1328289.25..1372587.63 rows=1500051 width=12) (actual time=7035.195..7656.669 rows=1500000 loops=1)
                    Group Key: c.c_custkey
                    Planned Partitions: 32  Batches: 161  Memory Usage: 11025kB  Disk Usage: 63240kB
                    ->  Gather  (cost=774225.49..1136095.21 rows=3000102 width=12) (actual time=5717.795..6654.507 rows=1656855 loops=1)
                          Workers Planned: 2
                          Workers Launched: 2
                          ->  Partial HashAggregate  (cost=773225.49..835085.01 rows=1500051 width=12) (actual time=5705.217..6432.713 rows=552285 loops=3)
                                Group Key: c.c_custkey
                                Planned Partitions: 32  Batches: 33  Memory Usage: 8209kB  Disk Usage: 161128kB
                                Worker 0:  Batches: 33  Memory Usage: 8209kB  Disk Usage: 128024kB
                                Worker 1:  Batches: 33  Memory Usage: 8209kB  Disk Usage: 128008kB
                                ->  Parallel Hash Right Join  (cost=40478.66..435840.58 rows=5997954 width=8) (actual time=2609.339..4343.143 rows=5112535 loops=3)
                                      Hash Cond: (o.o_custkey = c.c_custkey)
                                      ->  Parallel Seq Scan on orders o  (cost=0.00..330315.24 rows=5997954 width=8) (actual time=0.075..1587.022 rows=4945861 loops=3)
                                            Filter: ((o_comment)::text !~~ '%special%requests%'::text)
                                            Rows Removed by Filter: 54139
                                      ->  Parallel Hash  (cost=30223.90..30223.90 rows=625021 width=4) (actual time=206.610..206.611 rows=500000 loops=3)
                                            Buckets: 262144  Batches: 16  Memory Usage: 5792kB
                                            ->  Parallel Index Only Scan using customer_pkey on customer c  (cost=0.43..30223.90 rows=625021 width=4) (actual time=0.052..46.706 rows=500000 loops=3)
                                                  Heap Fetches: 0
Planning Time: 0.211 ms
JIT:
  Functions: 63
  Options: Inlining true, Optimization true, Expressions true, Deforming true
  Timing: Generation 3.948 ms, Inlining 182.522 ms, Optimization 173.499 ms, Emission 132.357 ms, Total 492.327 ms
Execution Time: 7905.488 ms","Limit  (cost=1121205.52..1121205.55 rows=10 width=16) (actual time=6060.237..6086.592 rows=10 loops=1)
  ->  Sort  (cost=1121205.52..1121206.02 rows=200 width=16) (actual time=5987.645..6013.998 rows=10 loops=1)
        Sort Key: (count(*)) DESC NULLS LAST, (COALESCE((count(*)), '0'::bigint)) DESC NULLS LAST
        Sort Method: top-N heapsort  Memory: 25kB
        ->  HashAggregate  (cost=1121199.20..1121201.20 rows=200 width=16) (actual time=5987.615..6013.975 rows=46 loops=1)
              Group Key: COALESCE((count(*)), '0'::bigint)
              Batches: 1  Memory Usage: 40kB
              ->  Merge Left Join  (cost=826920.13..1113698.95 rows=1500051 width=8) (actual time=4806.837..5868.360 rows=1500000 loops=1)
                    Merge Cond: (customer.c_custkey = orders.o_custkey)
                    ->  Index Only Scan using customer_pkey on customer  (cost=0.43..38974.19 rows=1500051 width=4) (actual time=0.024..129.508 rows=1500000 loops=1)
                          Heap Fetches: 0
                    ->  Finalize GroupAggregate  (cost=826919.71..1051068.00 rows=884739 width=12) (actual time=4806.799..5497.656 rows=999979 loops=1)
                          Group Key: orders.o_custkey
                          ->  Gather Merge  (cost=826919.71..1033373.22 rows=1769478 width=12) (actual time=4806.754..5225.154 rows=2921978 loops=1)
                                Workers Planned: 2
                                Workers Launched: 2
                                ->  Sort  (cost=825919.68..828131.53 rows=884739 width=12) (actual time=4774.752..4859.937 rows=973993 loops=3)
                                      Sort Key: orders.o_custkey
                                      Sort Method: external merge  Disk: 25344kB
                                      Worker 0:  Sort Method: external merge  Disk: 24560kB
                                      Worker 1:  Sort Method: external merge  Disk: 24560kB
                                      ->  Partial HashAggregate  (cost=667700.16..723406.56 rows=884739 width=12) (actual time=3279.056..4371.814 rows=973993 loops=3)
                                            Group Key: orders.o_custkey
                                            Planned Partitions: 16  Batches: 17  Memory Usage: 8337kB  Disk Usage: 195248kB
                                            Worker 0:  Batches: 17  Memory Usage: 8337kB  Disk Usage: 113592kB
                                            Worker 1:  Batches: 17  Memory Usage: 8337kB  Disk Usage: 114704kB
                                            ->  Parallel Seq Scan on orders  (cost=0.00..330315.24 rows=5997954 width=4) (actual time=91.178..1666.443 rows=4945861 loops=3)
                                                  Filter: ((o_comment)::text !~~ '%special%requests%'::text)
                                                  Rows Removed by Filter: 54139
Planning Time: 0.175 ms
JIT:
  Functions: 38
  Options: Inlining true, Optimization true, Expressions true, Deforming true
  Timing: Generation 2.605 ms, Inlining 174.823 ms, Optimization 117.265 ms, Emission 100.348 ms, Total 395.041 ms
Execution Time: 6118.292 ms",SUCCESS
13,14,TPCH,Q14,"SELECT
    100.00 * SUM(
        CASE
            WHEN p.p_type LIKE 'PROMO%'
            THEN l.l_extendedprice * (1 - l.l_discount)
            ELSE 0
        END
    ) / SUM(l.l_extendedprice * (1 - l.l_discount)) AS promo_revenue
FROM
    tpch.lineitem l
JOIN tpch.part p
    ON l.l_partkey = p.p_partkey
WHERE
    l.l_shipdate >= DATE '1995-09-01'
    AND l.l_shipdate < DATE '1995-09-01' + INTERVAL '1 month';","value_metric = extended_price * (1 - discount)
selected_lines = lines.WHERE(
    (YEAR(ship_date) == 1995) & (MONTH(ship_date) == 9)
).CALCULATE(
    value=value_metric,
    promo_value=IFF(STARTSWITH(part.part_type, ""PROMO""), value_metric, 0),
)
result = TPCH.CALCULATE(
    PROMO_REVENUE=100.0
    * SUM(selected_lines.promo_value)
    / SUM(selected_lines.value)
)","SELECT
  (
    100.0 * COALESCE(
      SUM(
        CASE
          WHEN part.p_type LIKE 'PROMO%'
          THEN lineitem.l_extendedprice * (
            1 - lineitem.l_discount
          )
          ELSE 0
        END
      ),
      0
    )
  ) / COALESCE(SUM(lineitem.l_extendedprice * (
    1 - lineitem.l_discount
  )), 0) AS PROMO_REVENUE
FROM tpch.lineitem AS lineitem
JOIN tpch.part AS part
  ON lineitem.l_partkey = part.p_partkey
WHERE
  EXTRACT(MONTH FROM CAST(lineitem.l_shipdate AS TIMESTAMP)) = 9
  AND EXTRACT(YEAR FROM CAST(lineitem.l_shipdate AS TIMESTAMP)) = 1995",9.790738973000089,11.197756415000185,"Finalize Aggregate  (cost=1438285.15..1438285.17 rows=1 width=32) (actual time=9790.708..9817.637 rows=1 loops=1)
  ->  Gather  (cost=1438284.92..1438285.13 rows=2 width=64) (actual time=9790.681..9817.617 rows=3 loops=1)
        Workers Planned: 2
        Workers Launched: 2
        ->  Partial Aggregate  (cost=1437284.92..1437284.93 rows=1 width=64) (actual time=9776.107..9776.111 rows=1 loops=3)
              ->  Parallel Hash Join  (cost=61642.75..1431647.81 rows=322120 width=33) (actual time=9560.239..9675.955 rows=249741 loops=3)
                    Hash Cond: (l.l_partkey = p.p_partkey)
                    ->  Parallel Seq Scan on lineitem l  (cost=0.00..1360316.50 rows=322120 width=16) (actual time=0.599..9073.016 rows=249741 loops=3)
                          Filter: ((l_shipdate >= '1995-09-01'::date) AND (l_shipdate < '1995-10-01 00:00:00'::timestamp without time zone))
                          Rows Removed by Filter: 19745610
                    ->  Parallel Hash  (cost=45529.22..45529.22 rows=833322 width=25) (actual time=394.301..394.302 rows=666667 loops=3)
                          Buckets: 131072  Batches: 32  Memory Usage: 4864kB
                          ->  Parallel Seq Scan on part p  (cost=0.00..45529.22 rows=833322 width=25) (actual time=170.206..260.482 rows=666667 loops=3)
Planning Time: 0.224 ms
JIT:
  Functions: 44
  Options: Inlining true, Optimization true, Expressions true, Deforming true
  Timing: Generation 2.881 ms, Inlining 176.512 ms, Optimization 193.473 ms, Emission 140.768 ms, Total 513.634 ms
Execution Time: 9818.653 ms","Finalize Aggregate  (cost=1616191.14..1616191.15 rows=1 width=32) (actual time=11104.437..11116.724 rows=1 loops=1)
  ->  Gather  (cost=1616190.90..1616191.11 rows=2 width=64) (actual time=11104.258..11116.695 rows=3 loops=1)
        Workers Planned: 2
        Workers Launched: 2
        ->  Partial Aggregate  (cost=1615190.90..1615190.91 rows=1 width=64) (actual time=11085.210..11085.212 rows=1 loops=3)
              ->  Nested Loop  (cost=0.43..1615179.96 rows=625 width=33) (actual time=197.182..10936.472 rows=249741 loops=3)
                    ->  Parallel Seq Scan on lineitem  (cost=0.00..1610250.17 rows=625 width=16) (actual time=197.010..9372.315 rows=249741 loops=3)
                          Filter: ((EXTRACT(month FROM (l_shipdate)::timestamp without time zone) = '9'::numeric) AND (EXTRACT(year FROM (l_shipdate)::timestamp without time zone) = '1995'::numeric))
                          Rows Removed by Filter: 19745610
                    ->  Index Scan using part_pkey on part  (cost=0.43..7.89 rows=1 width=25) (actual time=0.006..0.006 rows=1 loops=749223)
                          Index Cond: (p_partkey = lineitem.l_partkey)
Planning Time: 0.692 ms
JIT:
  Functions: 32
  Options: Inlining true, Optimization true, Expressions true, Deforming true
  Timing: Generation 7.392 ms, Inlining 198.410 ms, Optimization 218.957 ms, Emission 170.354 ms, Total 595.114 ms
Execution Time: 11117.747 ms",SUCCESS
14,15,TPCH,Q15,"WITH revenue AS (
    SELECT
        l.l_suppkey AS supplier_no,
        SUM(l.l_extendedprice * (1 - l.l_discount)) AS total_revenue
    FROM
        tpch.lineitem l
    WHERE
        l.l_shipdate >= DATE '1996-01-01'
        AND l.l_shipdate < DATE '1996-01-01' + INTERVAL '3 months'
    GROUP BY
        l.l_suppkey
)
SELECT
    s.s_suppkey,
    s.s_name,
    s.s_address,
    s.s_phone,
    r.total_revenue
FROM
    tpch.supplier s
JOIN revenue r
    ON s.s_suppkey = r.supplier_no
WHERE
    r.total_revenue = (
        SELECT
            MAX(total_revenue)
        FROM
            revenue
    )
ORDER BY
    s.s_suppkey;","selected_lines = lines.WHERE(
    (ship_date >= DATETIME('1996-1-1'))
    & (ship_date < DATETIME('1996-4-1'))
)
total = SUM(selected_lines.extended_price * (1 - selected_lines.discount))
result = (
    TPCH.CALCULATE(
        max_revenue=MAX(
            suppliers.WHERE(HAS(selected_lines))
            .CALCULATE(total_revenue=total)
            .total_revenue
        )
    )
    .suppliers.WHERE(HAS(selected_lines) & (total == max_revenue))
    .CALCULATE(
        S_SUPPKEY=key,
        S_NAME=name,
        S_ADDRESS=address,
        S_PHONE=phone,
        TOTAL_REVENUE=total,
    )
    .ORDER_BY(S_SUPPKEY.ASC())
)","WITH _t3 AS (
  SELECT
    l_discount,
    l_extendedprice,
    l_shipdate,
    l_suppkey
  FROM tpch.lineitem
  WHERE
    l_shipdate < CAST('1996-04-01' AS DATE)
    AND l_shipdate >= CAST('1996-01-01' AS DATE)
), _t1 AS (
  SELECT
    SUM(l_extendedprice * (
      1 - l_discount
    )) AS sum_expr
  FROM _t3
  GROUP BY
    l_suppkey
), _s0 AS (
  SELECT
    MAX(COALESCE(sum_expr, 0)) AS max_total_revenue
  FROM _t1
), _s3 AS (
  SELECT
    l_suppkey,
    SUM(l_extendedprice * (
      1 - l_discount
    )) AS sum_expr
  FROM _t3
  GROUP BY
    1
)
SELECT
  supplier.s_suppkey AS S_SUPPKEY,
  supplier.s_name AS S_NAME,
  supplier.s_address AS S_ADDRESS,
  supplier.s_phone AS S_PHONE,
  COALESCE(_s3.sum_expr, 0) AS TOTAL_REVENUE
FROM _s0 AS _s0
CROSS JOIN tpch.supplier AS supplier
JOIN _s3 AS _s3
  ON _s0.max_total_revenue = COALESCE(_s3.sum_expr, 0)
  AND _s3.l_suppkey = supplier.s_suppkey
ORDER BY
  1 NULLS FIRST",10.19414047600003,12.194246138999915,"Sort  (cost=1481392.41..1481393.64 rows=493 width=96) (actual time=10238.615..10238.701 rows=1 loops=1)
  Sort Key: s.s_suppkey
  Sort Method: quicksort  Memory: 25kB
  CTE revenue
    ->  Finalize GroupAggregate  (cost=1448273.52..1473972.16 rows=98519 width=36) (actual time=10029.007..10191.549 rows=100000 loops=1)
          Group Key: l.l_suppkey
          ->  Gather Merge  (cost=1448273.52..1471262.89 rows=197038 width=36) (actual time=10028.964..10078.423 rows=299839 loops=1)
                Workers Planned: 2
                Workers Launched: 2
                ->  Sort  (cost=1447273.50..1447519.79 rows=98519 width=36) (actual time=9959.896..9971.894 rows=99946 loops=3)
                      Sort Key: l.l_suppkey
                      Sort Method: external merge  Disk: 7936kB
                      Worker 0:  Sort Method: external merge  Disk: 7936kB
                      Worker 1:  Sort Method: external merge  Disk: 7936kB
                      ->  Partial HashAggregate  (cost=1425901.84..1436407.27 rows=98519 width=36) (actual time=9523.405..9923.977 rows=99946 loops=3)
                            Group Key: l.l_suppkey
                            Planned Partitions: 4  Batches: 21  Memory Usage: 8249kB  Disk Usage: 28008kB
                            Worker 0:  Batches: 21  Memory Usage: 8249kB  Disk Usage: 27808kB
                            Worker 1:  Batches: 21  Memory Usage: 8249kB  Disk Usage: 27680kB
                            ->  Parallel Seq Scan on lineitem l  (cost=0.00..1360316.50 rows=949652 width=16) (actual time=185.149..8838.702 rows=755238 loops=3)
                                  Filter: ((l_shipdate >= '1996-01-01'::date) AND (l_shipdate < '1996-04-01 00:00:00'::timestamp without time zone))
                                  Rows Removed by Filter: 19240113
  InitPlan 2 (returns $2)
    ->  Aggregate  (cost=2216.68..2216.69 rows=1 width=32) (actual time=192.532..192.533 rows=1 loops=1)
          ->  CTE Scan on revenue  (cost=0.00..1970.38 rows=98519 width=32) (actual time=0.000..183.611 rows=100000 loops=1)
  ->  Nested Loop  (cost=0.29..5181.51 rows=493 width=96) (actual time=10235.129..10238.611 rows=1 loops=1)
        ->  CTE Scan on revenue r  (cost=0.00..2216.68 rows=493 width=36) (actual time=10235.083..10238.564 rows=1 loops=1)
              Filter: (total_revenue = $2)
              Rows Removed by Filter: 99999
        ->  Index Scan using supplier_pkey on supplier s  (cost=0.29..6.01 rows=1 width=64) (actual time=0.018..0.018 rows=1 loops=1)
              Index Cond: (s_suppkey = r.supplier_no)
Planning Time: 0.168 ms
JIT:
  Functions: 50
  Options: Inlining true, Optimization true, Expressions true, Deforming true
  Timing: Generation 4.532 ms, Inlining 237.541 ms, Optimization 378.265 ms, Emission 245.308 ms, Total 865.645 ms
Execution Time: 10245.044 ms","Sort  (cost=1726000.06..1726000.06 rows=1 width=96) (actual time=12184.850..12184.990 rows=1 loops=1)
  Sort Key: supplier.s_suppkey NULLS FIRST
  Sort Method: quicksort  Memory: 25kB
  CTE _t3
    ->  Gather  (cost=1000.00..1589233.00 rows=2279165 width=20) (actual time=197.031..7494.777 rows=2265714 loops=1)
          Workers Planned: 2
          Workers Launched: 2
          ->  Parallel Seq Scan on lineitem  (cost=0.00..1360316.50 rows=949652 width=20) (actual time=149.359..8668.720 rows=755238 loops=3)
                Filter: ((l_shipdate < '1996-04-01'::date) AND (l_shipdate >= '1996-01-01'::date))
                Rows Removed by Filter: 19240113
  ->  Nested Loop  (cost=136755.22..136767.05 rows=1 width=96) (actual time=12006.366..12184.848 rows=1 loops=1)
        ->  Hash Join  (cost=136754.92..136759.96 rows=1 width=36) (actual time=12006.336..12184.815 rows=1 loops=1)
              Hash Cond: (COALESCE((sum((_t3.l_extendedprice * ('1'::numeric - _t3.l_discount)))), '0'::numeric) = (max(COALESCE((sum((_t3_1.l_extendedprice * ('1'::numeric - _t3_1.l_discount)))), '0'::numeric))))
              ->  HashAggregate  (cost=68374.95..68377.45 rows=200 width=36) (actual time=9616.900..10303.850 rows=100000 loops=1)
                    Group Key: _t3.l_suppkey
                    Batches: 21  Memory Usage: 8265kB  Disk Usage: 69488kB
                    ->  CTE Scan on _t3  (cost=0.00..45583.30 rows=2279165 width=40) (actual time=197.035..8049.679 rows=2265714 loops=1)
              ->  Hash  (cost=68379.96..68379.96 rows=1 width=32) (actual time=1874.448..1874.450 rows=1 loops=1)
                    Buckets: 1024  Batches: 1  Memory Usage: 9kB
                    ->  Aggregate  (cost=68379.95..68379.96 rows=1 width=32) (actual time=1874.440..1874.442 rows=1 loops=1)
                          ->  HashAggregate  (cost=68374.95..68377.45 rows=200 width=36) (actual time=1176.355..1870.163 rows=100000 loops=1)
                                Group Key: _t3_1.l_suppkey
                                Batches: 21  Memory Usage: 8265kB  Disk Usage: 69488kB
                                ->  CTE Scan on _t3 _t3_1  (cost=0.00..45583.30 rows=2279165 width=40) (actual time=0.032..176.250 rows=2265714 loops=1)
        ->  Index Scan using supplier_pkey on supplier  (cost=0.29..7.09 rows=1 width=64) (actual time=0.020..0.021 rows=1 loops=1)
              Index Cond: (s_suppkey = _t3.l_suppkey)
Planning Time: 0.259 ms
JIT:
  Functions: 44
  Options: Inlining true, Optimization true, Expressions true, Deforming true
  Timing: Generation 3.266 ms, Inlining 190.360 ms, Optimization 230.308 ms, Emission 150.347 ms, Total 574.282 ms
Execution Time: 12215.927 ms",SUCCESS
15,16,TPCH,Q16,"SELECT
    p.p_brand,
    p.p_type,
    p.p_size,
    COUNT(DISTINCT ps.ps_suppkey) AS supplier_count
FROM
    tpch.part p
JOIN tpch.partsupp ps
    ON p.p_partkey = ps.ps_partkey
WHERE
    p.p_brand <> 'Brand#45'
    AND p.p_type NOT LIKE 'MEDIUM POLISHED%'
    AND p.p_size IN (49, 14, 23, 45, 19, 3, 36, 9)
    AND ps.ps_suppkey NOT IN (
        SELECT
            s.s_suppkey
        FROM
            tpch.supplier s
        WHERE
            s.s_comment LIKE '%Customer%Complaints%'
    )
GROUP BY
    p.p_brand,
    p.p_type,
    p.p_size
ORDER BY
    supplier_count DESC,
    p.p_brand,
    p.p_type,
    p.p_size
LIMIT 10;","valid_part = part.WHERE(
    (brand != ""BRAND#45"")
    & ~STARTSWITH(part_type, ""MEDIUM POLISHED%"")
    & ISIN(size, [49, 14, 23, 45, 19, 3, 36, 9])
)
result = (
    supply_records.WHERE(
        ~LIKE(supplier.comment, ""%Customer%Complaints%"") & HAS(valid_part)
    )
    .CALCULATE(
        P_BRAND=valid_part.brand,
        P_TYPE=valid_part.part_type,
        P_SIZE=valid_part.size,
    )
    .PARTITION(name=""groups"", by=(P_BRAND, P_TYPE, P_SIZE))
    .CALCULATE(
        P_BRAND,
        P_TYPE,
        P_SIZE,
        SUPPLIER_COUNT=NDISTINCT(supply_records.supplier_key),
    )
    .TOP_K(
        10, by=(SUPPLIER_COUNT.DESC(), P_BRAND.ASC(), P_TYPE.ASC(), P_SIZE.ASC())
    )
)","SELECT
  part.p_brand AS P_BRAND,
  part.p_type AS P_TYPE,
  part.p_size AS P_SIZE,
  COUNT(DISTINCT partsupp.ps_suppkey) AS SUPPLIER_COUNT
FROM tpch.partsupp AS partsupp
JOIN tpch.supplier AS supplier
  ON NOT supplier.s_comment LIKE '%Customer%Complaints%'
  AND partsupp.ps_suppkey = supplier.s_suppkey
JOIN tpch.part AS part
  ON NOT part.p_type LIKE 'MEDIUM POLISHED%%'
  AND part.p_brand <> 'BRAND#45'
  AND part.p_partkey = partsupp.ps_partkey
  AND part.p_size IN (49, 14, 23, 45, 19, 3, 36, 9)
GROUP BY
  1,
  2,
  3
ORDER BY
  4 DESC NULLS LAST,
  1 NULLS FIRST,
  2 NULLS FIRST,
  3 NULLS FIRST
LIMIT 10",3.5814206730001388,2.5512964810000085,"Limit  (cost=361278.74..361278.76 rows=10 width=42) (actual time=3564.854..3611.445 rows=10 loops=1)
  ->  Sort  (cost=361278.74..361661.80 rows=153225 width=42) (actual time=3555.195..3601.785 rows=10 loops=1)
        Sort Key: (count(DISTINCT ps.ps_suppkey)) DESC, p.p_brand, p.p_type, p.p_size
        Sort Method: top-N heapsort  Memory: 26kB
        ->  GroupAggregate  (cost=281928.51..357967.60 rows=153225 width=42) (actual time=2824.432..3596.052 rows=27840 loops=1)
              Group Key: p.p_brand, p.p_type, p.p_size
              ->  Gather Merge  (cost=281928.51..350543.92 rows=589143 width=38) (actual time=2824.358..3422.346 rows=1186602 loops=1)
                    Workers Planned: 2
                    Workers Launched: 2
                    ->  Sort  (cost=280928.49..281542.18 rows=245476 width=38) (actual time=2791.355..3080.021 rows=395534 loops=3)
                          Sort Key: p.p_brand, p.p_type, p.p_size, ps.ps_suppkey
                          Sort Method: external merge  Disk: 15608kB
                          Worker 0:  Sort Method: external merge  Disk: 15600kB
                          Worker 1:  Sort Method: external merge  Disk: 27120kB
                          ->  Parallel Hash Join  (cost=63908.62..252238.98 rows=245476 width=38) (actual time=1306.230..1637.070 rows=395534 loops=3)
                                Hash Cond: (ps.ps_partkey = p.p_partkey)
                                ->  Parallel Index Only Scan using partsupp_pkey on partsupp ps  (cost=3386.46..173360.48 rows=1666789 width=8) (actual time=26.812..671.865 rows=2665173 loops=3)
                                      Filter: (NOT (hashed SubPlan 1))
                                      Rows Removed by Filter: 1493
                                      Heap Fetches: 0
                                      SubPlan 1
                                        ->  Seq Scan on supplier s  (cost=0.00..3386.00 rows=10 width=4) (actual time=0.375..26.357 rows=56 loops=3)
                                              Filter: ((s_comment)::text ~~ '%Customer%Complaints%'::text)
                                              Rows Removed by Filter: 99944
                                ->  Parallel Hash  (cost=58029.06..58029.06 rows=122728 width=38) (actual time=197.351..197.352 rows=98941 loops=3)
                                      Buckets: 131072  Batches: 4  Memory Usage: 6432kB
                                      ->  Parallel Seq Scan on part p  (cost=0.00..58029.06 rows=122728 width=38) (actual time=7.801..168.042 rows=98941 loops=3)
                                            Filter: (((p_brand)::text <> 'Brand#45'::text) AND ((p_type)::text !~~ 'MEDIUM POLISHED%'::text) AND (p_size = ANY ('{49,14,23,45,19,3,36,9}'::integer[])))
                                            Rows Removed by Filter: 567725
Planning Time: 0.395 ms
JIT:
  Functions: 79
  Options: Inlining false, Optimization false, Expressions true, Deforming true
  Timing: Generation 4.443 ms, Inlining 0.000 ms, Optimization 2.248 ms, Emission 31.683 ms, Total 38.373 ms
Execution Time: 3615.080 ms","Limit  (cost=440824.05..440824.07 rows=10 width=42) (actual time=2631.123..2642.423 rows=10 loops=1)
  ->  Sort  (cost=440824.05..441212.95 rows=155562 width=42) (actual time=2623.927..2635.226 rows=10 loops=1)
        Sort Key: (count(DISTINCT partsupp.ps_suppkey)) DESC NULLS LAST, part.p_brand NULLS FIRST, part.p_type NULLS FIRST, part.p_size NULLS FIRST
        Sort Method: top-N heapsort  Memory: 26kB
        ->  GroupAggregate  (cost=281215.14..437462.41 rows=155562 width=42) (actual time=1860.938..2629.092 rows=29000 loops=1)
              Group Key: part.p_brand, part.p_type, part.p_size
              ->  Gather Merge  (cost=281215.14..423674.96 rows=1223183 width=38) (actual time=1860.800..2453.012 rows=1235619 loops=1)
                    Workers Planned: 2
                    Workers Launched: 2
                    ->  Sort  (cost=280215.12..281489.27 rows=509660 width=38) (actual time=1802.591..2100.896 rows=411873 loops=3)
                          Sort Key: part.p_brand NULLS FIRST, part.p_type NULLS FIRST, part.p_size NULLS FIRST, partsupp.ps_suppkey
                          Sort Method: external merge  Disk: 16232kB
                          Worker 0:  Sort Method: external merge  Disk: 15608kB
                          Worker 1:  Sort Method: external merge  Disk: 28896kB
                          ->  Parallel Hash Join  (cost=3606.95..217964.45 rows=509660 width=38) (actual time=27.950..618.338 rows=411873 loops=3)
                                Hash Cond: (partsupp.ps_suppkey = supplier.s_suppkey)
                                ->  Nested Loop  (cost=0.43..213019.88 rows=509711 width=38) (actual time=0.130..446.276 rows=412112 loops=3)
                                      ->  Parallel Seq Scan on part  (cost=0.00..58029.06 rows=127417 width=38) (actual time=0.074..170.934 rows=103028 loops=3)
                                            Filter: (((p_type)::text !~~ 'MEDIUM POLISHED%%'::text) AND ((p_brand)::text <> 'BRAND#45'::text) AND (p_size = ANY ('{49,14,23,45,19,3,36,9}'::integer[])))
                                            Rows Removed by Filter: 563639
                                      ->  Index Only Scan using partsupp_pkey on partsupp  (cost=0.43..1.04 rows=18 width=8) (actual time=0.002..0.002 rows=4 loops=309084)
                                            Index Cond: (ps_partkey = part.p_partkey)
                                            Heap Fetches: 0
                                ->  Parallel Hash  (cost=2871.29..2871.29 rows=58818 width=4) (actual time=26.679..26.681 rows=33315 loops=3)
                                      Buckets: 131072  Batches: 1  Memory Usage: 4992kB
                                      ->  Parallel Seq Scan on supplier  (cost=0.00..2871.29 rows=58818 width=4) (actual time=5.203..18.133 rows=33315 loops=3)
                                            Filter: ((s_comment)::text !~~ '%Customer%Complaints%'::text)
                                            Rows Removed by Filter: 19
Planning Time: 0.465 ms
JIT:
  Functions: 49
  Options: Inlining false, Optimization false, Expressions true, Deforming true
  Timing: Generation 4.680 ms, Inlining 0.000 ms, Optimization 1.158 ms, Emission 21.700 ms, Total 27.538 ms
Execution Time: 2645.583 ms",SUCCESS
16,17,TPCH,Q17,"WITH avg_qty AS (
  SELECT
    l_partkey,
    0.2 * AVG(l_quantity) AS avg_q
  FROM tpch.lineitem
  GROUP BY l_partkey
)
SELECT
  SUM(l.l_extendedprice) / 7.0 AS avg_yearly
FROM tpch.lineitem l
JOIN tpch.part p
  ON p.p_partkey = l.l_partkey
JOIN avg_qty a
  ON a.l_partkey = l.l_partkey
WHERE p.p_brand = 'Brand#23'
  AND p.p_container = 'MED BOX'
  AND l.l_quantity < a.avg_q;","selected_lines = parts.WHERE(
    (brand == ""Brand#23"") & (container == ""MED BOX"")
).lines.WHERE(quantity < 0.2 * RELAVG(quantity, per=""parts""))
result = TPCH.CALCULATE(AVG_YEARLY=SUM(selected_lines.extended_price) / 7.0)","WITH _t AS (
  SELECT
    lineitem.l_extendedprice,
    lineitem.l_quantity,
    AVG(CAST(lineitem.l_quantity AS DOUBLE PRECISION)) OVER (PARTITION BY lineitem.l_partkey) AS _w
  FROM tpch.part AS part
  JOIN tpch.lineitem AS lineitem
    ON lineitem.l_partkey = part.p_partkey
  WHERE
    part.p_brand = 'Brand#23' AND part.p_container = 'MED BOX'
)
SELECT
  CAST(COALESCE(SUM(l_extendedprice), 0) AS DOUBLE PRECISION) / 7.0 AS AVG_YEARLY
FROM _t
WHERE
  l_quantity < (
    0.2 * _w
  )",38.19016205600019,8.815662945999975,"Aggregate  (cost=5354203.75..5354203.76 rows=1 width=32) (actual time=38253.198..38253.524 rows=1 loops=1)
  ->  Hash Join  (cost=4030882.94..5354154.16 rows=19836 width=8) (actual time=29072.359..38252.817 rows=5526 loops=1)
        Hash Cond: (p.p_partkey = lineitem.l_partkey)
        Join Filter: (l.l_quantity < ((0.2 * avg(lineitem.l_quantity))))
        Rows Removed by Join Filter: 55859
        ->  Gather  (cost=50706.31..1357695.20 rows=60315 width=21) (actual time=287.816..9314.708 rows=61385 loops=1)
              Workers Planned: 2
              Workers Launched: 2
              ->  Parallel Hash Join  (cost=49706.31..1350663.70 rows=25131 width=21) (actual time=272.926..9811.446 rows=20462 loops=3)
                    Hash Cond: (l.l_partkey = p.p_partkey)
                    ->  Parallel Seq Scan on lineitem l  (cost=0.00..1235349.67 rows=24993367 width=17) (actual time=0.317..7407.160 rows=19995351 loops=3)
                    ->  Parallel Hash  (cost=49695.84..49695.84 rows=838 width=4) (actual time=271.500..271.500 rows=681 loops=3)
                          Buckets: 2048  Batches: 1  Memory Usage: 144kB
                          ->  Parallel Seq Scan on part p  (cost=0.00..49695.84 rows=838 width=4) (actual time=204.204..271.198 rows=681 loops=3)
                                Filter: (((p_brand)::text = 'Brand#23'::text) AND ((p_container)::text = 'MED BOX'::text))
                                Rows Removed by Filter: 665985
        ->  Hash  (cost=3940095.78..3940095.78 rows=1973188 width=36) (actual time=28783.470..28783.525 rows=2000000 loops=1)
              Buckets: 131072  Batches: 32  Memory Usage: 4029kB
              ->  Finalize GroupAggregate  (cost=3420457.46..3940095.78 rows=1973188 width=36) (actual time=24775.687..28423.905 rows=2000000 loops=1)
                    Group Key: lineitem.l_partkey
                    ->  Gather Merge  (cost=3420457.46..3880900.14 rows=3946376 width=36) (actual time=24775.640..25816.304 rows=5999721 loops=1)
                          Workers Planned: 2
                          Workers Launched: 2
                          ->  Sort  (cost=3419457.43..3424390.40 rows=1973188 width=36) (actual time=24588.320..24844.143 rows=1999907 loops=3)
                                Sort Key: lineitem.l_partkey
                                Sort Method: external merge  Disk: 150736kB
                                Worker 0:  Sort Method: external merge  Disk: 150736kB
                                Worker 1:  Sort Method: external merge  Disk: 150736kB
                                ->  Partial HashAggregate  (cost=2836487.24..3105227.94 rows=1973188 width=36) (actual time=15729.999..23606.221 rows=1999907 loops=3)
                                      Group Key: lineitem.l_partkey
                                      Planned Partitions: 128  Batches: 129  Memory Usage: 8209kB  Disk Usage: 777656kB
                                      Worker 0:  Batches: 129  Memory Usage: 8209kB  Disk Usage: 777432kB
                                      Worker 1:  Batches: 129  Memory Usage: 8209kB  Disk Usage: 777864kB
                                      ->  Parallel Seq Scan on lineitem  (cost=0.00..1235349.67 rows=24993367 width=9) (actual time=0.017..6176.148 rows=19995351 loops=3)
Planning Time: 0.250 ms
JIT:
  Functions: 81
  Options: Inlining true, Optimization true, Expressions true, Deforming true
  Timing: Generation 5.172 ms, Inlining 385.881 ms, Optimization 445.149 ms, Emission 306.328 ms, Total 1142.530 ms
Execution Time: 38311.766 ms","Aggregate  (cost=1362686.41..1362686.43 rows=1 width=8) (actual time=8875.571..8878.404 rows=1 loops=1)
  ->  Subquery Scan on _t  (cost=1353500.45..1362636.15 rows=20105 width=8) (actual time=8830.411..8877.826 rows=5526 loops=1)
        Filter: ((_t.l_quantity)::double precision < ('0.2'::double precision * _t._w))
        Rows Removed by Filter: 55859
        ->  WindowAgg  (cost=1353500.45..1361580.63 rows=60315 width=25) (actual time=8830.407..8868.319 rows=61385 loops=1)
              ->  Gather Merge  (cost=1353500.45..1360525.12 rows=60315 width=17) (actual time=8830.331..8843.334 rows=61385 loops=1)
                    Workers Planned: 2
                    Workers Launched: 2
                    ->  Sort  (cost=1352500.42..1352563.25 rows=25131 width=17) (actual time=8814.860..8817.502 rows=20462 loops=3)
                          Sort Key: lineitem.l_partkey
                          Sort Method: quicksort  Memory: 1708kB
                          Worker 0:  Sort Method: quicksort  Memory: 1691kB
                          Worker 1:  Sort Method: quicksort  Memory: 1700kB
                          ->  Parallel Hash Join  (cost=49706.31..1350663.70 rows=25131 width=17) (actual time=273.972..8803.646 rows=20462 loops=3)
                                Hash Cond: (lineitem.l_partkey = part.p_partkey)
                                ->  Parallel Seq Scan on lineitem  (cost=0.00..1235349.67 rows=24993367 width=17) (actual time=0.219..6436.022 rows=19995351 loops=3)
                                ->  Parallel Hash  (cost=49695.84..49695.84 rows=838 width=4) (actual time=272.313..272.314 rows=681 loops=3)
                                      Buckets: 2048  Batches: 1  Memory Usage: 144kB
                                      ->  Parallel Seq Scan on part  (cost=0.00..49695.84 rows=838 width=4) (actual time=196.811..271.983 rows=681 loops=3)
                                            Filter: (((p_brand)::text = 'Brand#23'::text) AND ((p_container)::text = 'MED BOX'::text))
                                            Rows Removed by Filter: 665985
Planning Time: 0.257 ms
JIT:
  Functions: 44
  Options: Inlining true, Optimization true, Expressions true, Deforming true
  Timing: Generation 2.541 ms, Inlining 200.586 ms, Optimization 225.711 ms, Emission 162.973 ms, Total 591.811 ms
Execution Time: 8879.463 ms",SUCCESS
17,18,TPCH,Q18,"SELECT
    c.c_name,
    c.c_custkey,
    o.o_orderkey,
    o.o_orderdate,
    o.o_totalprice,
    SUM(l.l_quantity) AS total_quantity
FROM
    tpch.customer c
JOIN tpch.orders o
    ON c.c_custkey = o.o_custkey
JOIN tpch.lineitem l
    ON o.o_orderkey = l.l_orderkey
WHERE
    o.o_orderkey IN (
        SELECT
            l2.l_orderkey
        FROM
            tpch.lineitem l2
        GROUP BY
            l2.l_orderkey
        HAVING
            SUM(l2.l_quantity) > 300
    )
GROUP BY
    c.c_name,
    c.c_custkey,
    o.o_orderkey,
    o.o_orderdate,
    o.o_totalprice
ORDER BY
    o.o_totalprice DESC,
    o.o_orderdate
LIMIT 10;","result = (
        orders.CALCULATE(
            C_NAME=customer.name,
            C_CUSTKEY=customer.key,
            O_ORDERKEY=key,
            O_ORDERDATE=order_date,
            O_TOTALPRICE=total_price,
            TOTAL_QUANTITY=SUM(lines.quantity),
        )
        .WHERE(TOTAL_QUANTITY > 300)
        .TOP_K(
            10,
            by=(O_TOTALPRICE.DESC(), O_ORDERDATE.ASC()),
        )
    )","WITH _t1 AS (
  SELECT
    l_orderkey,
    SUM(l_quantity) AS sum_l_quantity
  FROM tpch.lineitem
  GROUP BY
    1
)
SELECT
  customer.c_name AS C_NAME,
  customer.c_custkey AS C_CUSTKEY,
  orders.o_orderkey AS O_ORDERKEY,
  orders.o_orderdate AS O_ORDERDATE,
  orders.o_totalprice AS O_TOTALPRICE,
  _t1.sum_l_quantity AS TOTAL_QUANTITY
FROM tpch.orders AS orders
JOIN tpch.customer AS customer
  ON customer.c_custkey = orders.o_custkey
JOIN _t1 AS _t1
  ON NOT _t1.sum_l_quantity IS NULL
  AND _t1.l_orderkey = orders.o_orderkey
  AND _t1.sum_l_quantity > 300
ORDER BY
  5 DESC NULLS LAST,
  4 NULLS FIRST
LIMIT 10",67.31341235599984,39.759058764999736,"Limit  (cost=6235074.28..6235074.30 rows=10 width=71) (actual time=63303.416..63303.553 rows=10 loops=1)
  ->  Sort  (cost=6235074.28..6236592.64 rows=607346 width=71) (actual time=62970.271..62970.407 rows=10 loops=1)
        Sort Key: o.o_totalprice DESC, o.o_orderdate
        Sort Method: top-N heapsort  Memory: 26kB
        ->  GroupAggregate  (cost=6093291.14..6221949.75 rows=607346 width=71) (actual time=62657.668..62970.199 rows=624 loops=1)
              Group Key: c.c_custkey, o.o_orderkey
              ->  Incremental Sort  (cost=6093291.14..6209802.83 rows=607346 width=44) (actual time=62657.648..62969.363 rows=4368 loops=1)
                    Sort Key: c.c_custkey, o.o_orderkey
                    Presorted Key: c.c_custkey
                    Full-sort Groups: 125  Sort Method: quicksort  Average Memory: 27kB  Peak Memory: 27kB
                    ->  Merge Join  (cost=6093290.98..6182472.26 rows=607346 width=44) (actual time=62655.966..62968.387 rows=4368 loops=1)
                          Merge Cond: (c.c_custkey = o.o_custkey)
                          ->  Index Scan using customer_pkey on customer c  (cost=0.43..74803.78 rows=1500051 width=23) (actual time=0.029..239.029 rows=1499744 loops=1)
                          ->  Materialize  (cost=6093290.25..6096326.98 rows=607346 width=25) (actual time=62655.114..62656.135 rows=4368 loops=1)
                                ->  Sort  (cost=6093290.25..6094808.61 rows=607346 width=25) (actual time=62655.111..62655.692 rows=4368 loops=1)
                                      Sort Key: o.o_custkey
                                      Sort Method: quicksort  Memory: 431kB
                                      ->  Hash Join  (cost=3942053.55..6020416.11 rows=607346 width=25) (actual time=44142.308..62654.261 rows=4368 loops=1)
                                            Hash Cond: (l.l_orderkey = o.o_orderkey)
                                            ->  Hash Join  (cost=3264444.57..5007161.05 rows=19994693 width=13) (actual time=39050.734..56969.804 rows=4368 loops=1)
                                                  Hash Cond: (l.l_orderkey = l2.l_orderkey)
                                                  ->  Seq Scan on lineitem l  (cost=0.00..1585256.80 rows=59984080 width=9) (actual time=0.350..13371.405 rows=59986052 loops=1)
                                                  ->  Hash  (cost=3262545.96..3262545.96 rows=151889 width=4) (actual time=39046.584..39046.715 rows=624 loops=1)
                                                        Buckets: 262144  Batches: 1  Memory Usage: 2070kB
                                                        ->  Finalize GroupAggregate  (cost=3142546.23..3262545.96 rows=151889 width=4) (actual time=29550.141..39045.938 rows=624 loops=1)
                                                              Group Key: l2.l_orderkey
                                                              Filter: (sum(l2.l_quantity) > '300'::numeric)
                                                              Rows Removed by Filter: 14999376
                                                              ->  Gather Merge  (cost=3142546.23..3248875.95 rows=911334 width=36) (actual time=29548.759..31963.772 rows=15008299 loops=1)
                                                                    Workers Planned: 2
                                                                    Workers Launched: 2
                                                                    ->  Sort  (cost=3141546.20..3142685.37 rows=455667 width=36) (actual time=25343.266..26062.975 rows=5002766 loops=3)
                                                                          Sort Key: l2.l_orderkey
                                                                          Sort Method: external merge  Disk: 322648kB
                                                                          Worker 0:  Sort Method: external merge  Disk: 452576kB
                                                                          Worker 1:  Sort Method: external merge  Disk: 355800kB
                                                                          ->  Partial HashAggregate  (cost=2836487.24..3086258.93 rows=455667 width=36) (actual time=11016.088..23138.152 rows=5002766 loops=3)
                                                                                Group Key: l2.l_orderkey
                                                                                Planned Partitions: 32  Batches: 521  Memory Usage: 8345kB  Disk Usage: 628912kB
                                                                                Worker 0:  Batches: 609  Memory Usage: 8345kB  Disk Usage: 881984kB
                                                                                Worker 1:  Batches: 537  Memory Usage: 8345kB  Disk Usage: 692616kB
                                                                                ->  Parallel Seq Scan on lineitem l2  (cost=0.00..1235349.67 rows=24993367 width=9) (actual time=0.014..2178.688 rows=19995351 loops=3)
                                            ->  Hash  (cost=402195.99..402195.99 rows=15001199 width=20) (actual time=4084.952..4084.952 rows=15000000 loops=1)
                                                  Buckets: 131072  Batches: 128  Memory Usage: 7409kB
                                                  ->  Seq Scan on orders o  (cost=0.00..402195.99 rows=15001199 width=20) (actual time=0.291..1605.661 rows=15000000 loops=1)
Planning Time: 12.136 ms
JIT:
  Functions: 64
  Options: Inlining true, Optimization true, Expressions true, Deforming true
  Timing: Generation 101.549 ms, Inlining 265.110 ms, Optimization 305.413 ms, Emission 208.664 ms, Total 880.736 ms
Execution Time: 63506.347 ms","Limit  (cost=3957803.49..3957803.52 rows=10 width=71) (actual time=47746.126..47746.244 rows=10 loops=1)
  ->  Sort  (cost=3957803.49..3958181.32 rows=151130 width=71) (actual time=47631.909..47632.026 rows=10 loops=1)
        Sort Key: orders.o_totalprice DESC NULLS LAST, orders.o_orderdate NULLS FIRST
        Sort Method: top-N heapsort  Memory: 26kB
        ->  Nested Loop  (cost=3267127.81..3954537.63 rows=151130 width=71) (actual time=43615.369..47631.468 rows=624 loops=1)
              ->  Hash Join  (cost=3267127.39..3885678.53 rows=151130 width=52) (actual time=43615.345..47626.877 rows=624 loops=1)
                    Hash Cond: (orders.o_orderkey = _t1.l_orderkey)
                    ->  Seq Scan on orders  (cost=0.00..402195.99 rows=15001199 width=20) (actual time=0.031..1526.811 rows=15000000 loops=1)
                    ->  Hash  (cost=3264057.26..3264057.26 rows=151130 width=36) (actual time=43614.564..43614.678 rows=624 loops=1)
                          Buckets: 131072  Batches: 2  Memory Usage: 1037kB
                          ->  Subquery Scan on _t1  (cost=3142546.23..3264057.26 rows=151130 width=36) (actual time=34585.517..43613.877 rows=624 loops=1)
                                ->  Finalize GroupAggregate  (cost=3142546.23..3262545.96 rows=151130 width=36) (actual time=34585.512..43613.545 rows=624 loops=1)
                                      Group Key: lineitem.l_orderkey
                                      Filter: ((sum(lineitem.l_quantity) IS NOT NULL) AND (sum(lineitem.l_quantity) > '300'::numeric))
                                      Rows Removed by Filter: 14999376
                                      ->  Gather Merge  (cost=3142546.23..3248875.95 rows=911334 width=36) (actual time=34437.641..36759.191 rows=15008448 loops=1)
                                            Workers Planned: 2
                                            Workers Launched: 2
                                            ->  Sort  (cost=3141546.20..3142685.37 rows=455667 width=36) (actual time=33817.387..34499.311 rows=5002816 loops=3)
                                                  Sort Key: lineitem.l_orderkey
                                                  Sort Method: external merge  Disk: 350584kB
                                                  Worker 0:  Sort Method: external merge  Disk: 366544kB
                                                  Worker 1:  Sort Method: external merge  Disk: 413904kB
                                                  ->  Partial HashAggregate  (cost=2836487.24..3086258.93 rows=455667 width=36) (actual time=15370.928..31573.019 rows=5002816 loops=3)
                                                        Group Key: lineitem.l_orderkey
                                                        Planned Partitions: 32  Batches: 513  Memory Usage: 8345kB  Disk Usage: 685504kB
                                                        Worker 0:  Batches: 545  Memory Usage: 8345kB  Disk Usage: 718176kB
                                                        Worker 1:  Batches: 553  Memory Usage: 8345kB  Disk Usage: 816216kB
                                                        ->  Parallel Seq Scan on lineitem  (cost=0.00..1235349.67 rows=24993367 width=9) (actual time=0.107..6637.102 rows=19995351 loops=3)
              ->  Index Scan using customer_pkey on customer  (cost=0.43..0.46 rows=1 width=23) (actual time=0.006..0.006 rows=1 loops=624)
                    Index Cond: (c_custkey = orders.o_custkey)
Planning Time: 0.307 ms
JIT:
  Functions: 49
  Options: Inlining true, Optimization true, Expressions true, Deforming true
  Timing: Generation 3.442 ms, Inlining 197.772 ms, Optimization 223.338 ms, Emission 146.548 ms, Total 571.099 ms
Execution Time: 47833.960 ms",SUCCESS
18,19,TPCH,Q19,"SELECT
    SUM(l.l_extendedprice * (1 - l.l_discount)) AS revenue
FROM
    tpch.lineitem l
JOIN tpch.part p
    ON p.p_partkey = l.l_partkey
WHERE
    (
        p.p_brand = 'Brand#12'
        AND p.p_container IN (
            'SM CASE', 'SM BOX', 'SM PACK', 'SM PKG'
        )
        AND l.l_quantity BETWEEN 1 AND 11
        AND p.p_size BETWEEN 1 AND 5
        AND l.l_shipmode IN ('AIR', 'AIR REG')
        AND l.l_shipinstruct = 'DELIVER IN PERSON'
    )
    OR (
        p.p_brand = 'Brand#23'
        AND p.p_container IN (
            'MED BAG', 'MED BOX', 'MED PKG', 'MED PACK'
        )
        AND l.l_quantity BETWEEN 10 AND 20
        AND p.p_size BETWEEN 1 AND 10
        AND l.l_shipmode IN ('AIR', 'AIR REG')
        AND l.l_shipinstruct = 'DELIVER IN PERSON'
    )
    OR (
        p.p_brand = 'Brand#34'
        AND p.p_container IN (
            'LG CASE', 'LG BOX', 'LG PACK', 'LG PKG'
        )
        AND l.l_quantity BETWEEN 20 AND 30
        AND p.p_size BETWEEN 1 AND 15
        AND l.l_shipmode IN ('AIR', 'AIR REG')
        AND l.l_shipinstruct = 'DELIVER IN PERSON'
    );","selected_lines = lines.WHERE(
    (ISIN(ship_mode, (""AIR"", ""AIR REG"")))
    & (ship_instruct == ""DELIVER IN PERSON"")
    & (
        (
            MONOTONIC(1, part.size, 5)
            & MONOTONIC(1, quantity, 11)
            & ISIN(
                part.container,
                (""SM CASE"", ""SM BOX"", ""SM PACK"", ""SM PKG""),
            )
            & (part.brand == ""Brand#12"")
        )
        | (
            MONOTONIC(1, part.size, 10)
            & MONOTONIC(10, quantity, 20)
            & ISIN(
                part.container,
                (""MED BAG"", ""MED BOX"", ""MED PACK"", ""MED PKG""),
            )
            & (part.brand == ""Brand#23"")
        )
        | (
            MONOTONIC(1, part.size, 15)
            & MONOTONIC(20, quantity, 30)
            & ISIN(
                part.container,
                (""LG CASE"", ""LG BOX"", ""LG PACK"", ""LG PKG""),
            )
            & (part.brand == ""Brand#34"")
        )
    )
)
result = TPCH.CALCULATE(
    REVENUE=SUM(selected_lines.extended_price * (1 - selected_lines.discount))
)","SELECT
  COALESCE(SUM(lineitem.l_extendedprice * (
    1 - lineitem.l_discount
  )), 0) AS REVENUE
FROM tpch.lineitem AS lineitem
JOIN tpch.part AS part
  ON (
    (
      lineitem.l_quantity <= 11
      AND lineitem.l_quantity >= 1
      AND part.p_brand = 'Brand#12'
      AND part.p_container IN ('SM CASE', 'SM BOX', 'SM PACK', 'SM PKG')
      AND part.p_size <= 5
      AND part.p_size >= 1
    )
    OR (
      lineitem.l_quantity <= 20
      AND lineitem.l_quantity >= 10
      AND part.p_brand = 'Brand#23'
      AND part.p_container IN ('MED BAG', 'MED BOX', 'MED PACK', 'MED PKG')
      AND part.p_size <= 10
      AND part.p_size >= 1
    )
    OR (
      lineitem.l_quantity <= 30
      AND lineitem.l_quantity >= 20
      AND part.p_brand = 'Brand#34'
      AND part.p_container IN ('LG CASE', 'LG BOX', 'LG PACK', 'LG PKG')
      AND part.p_size <= 15
      AND part.p_size >= 1
    )
  )
  AND lineitem.l_partkey = part.p_partkey
WHERE
  lineitem.l_shipinstruct = 'DELIVER IN PERSON'
  AND lineitem.l_shipmode IN ('AIR', 'AIR REG')",6.732528746999833,4.206930775999808,"Finalize Aggregate  (cost=1810079.17..1810079.18 rows=1 width=32) (actual time=4066.853..4073.383 rows=1 loops=1)
  ->  Gather  (cost=1810078.95..1810079.16 rows=2 width=32) (actual time=4066.653..4073.359 rows=3 loops=1)
        Workers Planned: 2
        Workers Launched: 2
        ->  Partial Aggregate  (cost=1809078.95..1809078.96 rows=1 width=32) (actual time=4051.656..4051.658 rows=1 loops=3)
              ->  Parallel Hash Join  (cost=72637.18..1809075.46 rows=465 width=12) (actual time=456.048..4051.134 rows=378 loops=3)
                    Hash Cond: (l.l_partkey = p.p_partkey)
                    Join Filter: ((((p.p_brand)::text = 'Brand#12'::text) AND ((p.p_container)::text = ANY ('{""SM CASE"",""SM BOX"",""SM PACK"",""SM PKG""}'::text[])) AND (l.l_quantity >= '1'::numeric) AND (l.l_quantity <= '11'::numeric) AND (p.p_size <= 5)) OR (((p.p_brand)::text = 'Brand#23'::text) AND ((p.p_container)::text = ANY ('{""MED BAG"",""MED BOX"",""MED PKG"",""MED PACK""}'::text[])) AND (l.l_quantity >= '10'::numeric) AND (l.l_quantity <= '20'::numeric) AND (p.p_size <= 10)) OR (((p.p_brand)::text = 'Brand#34'::text) AND ((p.p_container)::text = ANY ('{""LG CASE"",""LG BOX"",""LG PACK"",""LG PKG""}'::text[])) AND (l.l_quantity >= '20'::numeric) AND (l.l_quantity <= '30'::numeric) AND (p.p_size <= 15)))
                    Rows Removed by Join Filter: 639
                    ->  Parallel Seq Scan on lineitem l  (cost=0.00..1735217.00 rows=465249 width=21) (actual time=0.068..3546.105 rows=428115 loops=3)
                          Filter: (((l_shipmode)::text = ANY ('{AIR,""AIR REG""}'::text[])) AND ((l_shipinstruct)::text = 'DELIVER IN PERSON'::text) AND (((l_quantity >= '1'::numeric) AND (l_quantity <= '11'::numeric)) OR ((l_quantity >= '10'::numeric) AND (l_quantity <= '20'::numeric)) OR ((l_quantity >= '20'::numeric) AND (l_quantity <= '30'::numeric))))
                          Rows Removed by Filter: 19567236
                    ->  Parallel Hash  (cost=72612.21..72612.21 rows=1998 width=25) (actual time=441.986..441.987 rows=1585 loops=3)
                          Buckets: 8192  Batches: 1  Memory Usage: 384kB
                          ->  Parallel Seq Scan on part p  (cost=0.00..72612.21 rows=1998 width=25) (actual time=325.006..441.207 rows=1585 loops=3)
                                Filter: ((p_size >= 1) AND ((((p_brand)::text = 'Brand#12'::text) AND ((p_container)::text = ANY ('{""SM CASE"",""SM BOX"",""SM PACK"",""SM PKG""}'::text[])) AND (p_size <= 5)) OR (((p_brand)::text = 'Brand#23'::text) AND ((p_container)::text = ANY ('{""MED BAG"",""MED BOX"",""MED PKG"",""MED PACK""}'::text[])) AND (p_size <= 10)) OR (((p_brand)::text = 'Brand#34'::text) AND ((p_container)::text = ANY ('{""LG CASE"",""LG BOX"",""LG PACK"",""LG PKG""}'::text[])) AND (p_size <= 15))))
                                Rows Removed by Filter: 665082
Planning Time: 0.310 ms
JIT:
  Functions: 59
  Options: Inlining true, Optimization true, Expressions true, Deforming true
  Timing: Generation 5.623 ms, Inlining 174.088 ms, Optimization 457.519 ms, Emission 342.877 ms, Total 980.107 ms
Execution Time: 4075.040 ms","Finalize Aggregate  (cost=1810079.17..1810079.18 rows=1 width=32) (actual time=4087.104..4093.862 rows=1 loops=1)
  ->  Gather  (cost=1810078.95..1810079.16 rows=2 width=32) (actual time=4086.905..4093.839 rows=3 loops=1)
        Workers Planned: 2
        Workers Launched: 2
        ->  Partial Aggregate  (cost=1809078.95..1809078.96 rows=1 width=32) (actual time=4071.571..4071.573 rows=1 loops=3)
              ->  Parallel Hash Join  (cost=72637.18..1809075.46 rows=465 width=12) (actual time=463.367..4071.021 rows=378 loops=3)
                    Hash Cond: (lineitem.l_partkey = part.p_partkey)
                    Join Filter: (((lineitem.l_quantity <= '11'::numeric) AND (lineitem.l_quantity >= '1'::numeric) AND ((part.p_brand)::text = 'Brand#12'::text) AND ((part.p_container)::text = ANY ('{""SM CASE"",""SM BOX"",""SM PACK"",""SM PKG""}'::text[])) AND (part.p_size <= 5)) OR ((lineitem.l_quantity <= '20'::numeric) AND (lineitem.l_quantity >= '10'::numeric) AND ((part.p_brand)::text = 'Brand#23'::text) AND ((part.p_container)::text = ANY ('{""MED BAG"",""MED BOX"",""MED PACK"",""MED PKG""}'::text[])) AND (part.p_size <= 10)) OR ((lineitem.l_quantity <= '30'::numeric) AND (lineitem.l_quantity >= '20'::numeric) AND ((part.p_brand)::text = 'Brand#34'::text) AND ((part.p_container)::text = ANY ('{""LG CASE"",""LG BOX"",""LG PACK"",""LG PKG""}'::text[])) AND (part.p_size <= 15)))
                    Rows Removed by Join Filter: 639
                    ->  Parallel Seq Scan on lineitem  (cost=0.00..1735217.00 rows=465249 width=21) (actual time=0.081..3558.334 rows=428115 loops=3)
                          Filter: (((l_shipmode)::text = ANY ('{AIR,""AIR REG""}'::text[])) AND ((l_shipinstruct)::text = 'DELIVER IN PERSON'::text) AND (((l_quantity <= '11'::numeric) AND (l_quantity >= '1'::numeric)) OR ((l_quantity <= '20'::numeric) AND (l_quantity >= '10'::numeric)) OR ((l_quantity <= '30'::numeric) AND (l_quantity >= '20'::numeric))))
                          Rows Removed by Filter: 19567236
                    ->  Parallel Hash  (cost=72612.21..72612.21 rows=1998 width=25) (actual time=449.576..449.577 rows=1585 loops=3)
                          Buckets: 8192  Batches: 1  Memory Usage: 416kB
                          ->  Parallel Seq Scan on part  (cost=0.00..72612.21 rows=1998 width=25) (actual time=323.706..448.840 rows=1585 loops=3)
                                Filter: ((p_size >= 1) AND ((((p_brand)::text = 'Brand#12'::text) AND ((p_container)::text = ANY ('{""SM CASE"",""SM BOX"",""SM PACK"",""SM PKG""}'::text[])) AND (p_size <= 5)) OR (((p_brand)::text = 'Brand#23'::text) AND ((p_container)::text = ANY ('{""MED BAG"",""MED BOX"",""MED PACK"",""MED PKG""}'::text[])) AND (p_size <= 10)) OR (((p_brand)::text = 'Brand#34'::text) AND ((p_container)::text = ANY ('{""LG CASE"",""LG BOX"",""LG PACK"",""LG PKG""}'::text[])) AND (p_size <= 15))))
                                Rows Removed by Filter: 665082
Planning Time: 0.377 ms
JIT:
  Functions: 59
  Options: Inlining true, Optimization true, Expressions true, Deforming true
  Timing: Generation 5.652 ms, Inlining 172.979 ms, Optimization 437.908 ms, Emission 359.406 ms, Total 975.944 ms
Execution Time: 4095.619 ms",SUCCESS
19,20,TPCH,Q20,"WITH forest_parts AS (
    SELECT p_partkey
    FROM tpch.part
    WHERE p_name LIKE 'forest%'
),
lineitem_agg AS (
    SELECT
        l_partkey,
        l_suppkey,
        0.5 * SUM(l_quantity) AS half_qty
    FROM tpch.lineitem
    WHERE
        l_shipdate >= DATE '1994-01-01'
        AND l_shipdate < DATE '1994-01-01' + INTERVAL '1' YEAR
    GROUP BY l_partkey, l_suppkey
),
qualified_suppliers AS (
    SELECT DISTINCT ps.ps_suppkey
    FROM tpch.partsupp ps
    JOIN forest_parts fp
        ON ps.ps_partkey = fp.p_partkey
    JOIN lineitem_agg la
        ON la.l_partkey = ps.ps_partkey
        AND la.l_suppkey = ps.ps_suppkey
    WHERE ps.ps_availqty > la.half_qty
)
SELECT
    s.s_name,
    s.s_address
FROM tpch.supplier s
JOIN tpch.nation n
    ON s.s_nationkey = n.n_nationkey
JOIN qualified_suppliers qs
    ON s.s_suppkey = qs.ps_suppkey
WHERE
    n.n_name = 'CANADA'
ORDER BY
    s.s_name
LIMIT 10;","selected_lines = lines.WHERE(YEAR(ship_date) == 1994)
selected_parts_supplied = supply_records.WHERE(
    HAS(part.WHERE(STARTSWITH(name, 'forest')))
    & (available_quantity > 0.5 * SUM(selected_lines.quantity))
    & HAS(selected_lines)
)
result = (
    suppliers.CALCULATE(S_NAME=name, S_ADDRESS=address)
    .WHERE(
        (nation.name == 'CANADA')
        & HAS(selected_parts_supplied)
    )
    .TOP_K(10, by=S_NAME.ASC())
)","WITH _s5 AS (
  SELECT
    l_partkey,
    l_suppkey,
    SUM(l_quantity) AS sum_l_quantity
  FROM tpch.lineitem
  WHERE
    EXTRACT(YEAR FROM CAST(l_shipdate AS TIMESTAMP)) = 1994
  GROUP BY
    1,
    2
), _u_0 AS (
  SELECT
    partsupp.ps_suppkey AS _u_1
  FROM tpch.partsupp AS partsupp
  JOIN tpch.part AS part
    ON part.p_name LIKE 'forest%' AND part.p_partkey = partsupp.ps_partkey
  JOIN _s5 AS _s5
    ON _s5.l_partkey = partsupp.ps_partkey
    AND _s5.l_suppkey = partsupp.ps_suppkey
    AND partsupp.ps_availqty > (
      0.5 * COALESCE(_s5.sum_l_quantity, 0)
    )
  GROUP BY
    1
)
SELECT
  supplier.s_name AS S_NAME,
  supplier.s_address AS S_ADDRESS
FROM tpch.supplier AS supplier
JOIN tpch.nation AS nation
  ON nation.n_name = 'CANADA' AND nation.n_nationkey = supplier.s_nationkey
LEFT JOIN _u_0 AS _u_0
  ON _u_0._u_1 = supplier.s_suppkey
WHERE
  NOT _u_0._u_1 IS NULL
ORDER BY
  1 NULLS FIRST
LIMIT 10",19.2216526899997,12.878718746999766,"Limit  (cost=2748470.41..2748554.05 rows=1 width=44) (actual time=14247.242..14303.058 rows=10 loops=1)
  ->  Nested Loop  (cost=2748470.41..2748554.05 rows=1 width=44) (actual time=14027.128..14082.940 rows=10 loops=1)
        Join Filter: (s.s_suppkey = ps.ps_suppkey)
        Rows Removed by Join Filter: 803023
        ->  Gather Merge  (cost=3907.27..3967.22 rows=526 width=48) (actual time=25.246..25.376 rows=28 loops=1)
              Workers Planned: 1
              Workers Launched: 1
              ->  Sort  (cost=2907.26..2908.04 rows=309 width=48) (actual time=11.408..11.412 rows=14 loops=2)
                    Sort Key: s.s_name
                    Sort Method: quicksort  Memory: 399kB
                    Worker 0:  Sort Method: quicksort  Memory: 25kB
                    ->  Hash Join  (cost=12.39..2894.48 rows=309 width=48) (actual time=0.027..8.828 rows=2027 loops=2)
                          Hash Cond: (s.s_nationkey = n.n_nationkey)
                          ->  Parallel Seq Scan on supplier s  (cost=0.00..2724.24 rows=58824 width=52) (actual time=0.007..5.337 rows=50000 loops=2)
                          ->  Hash  (cost=12.38..12.38 rows=1 width=4) (actual time=0.025..0.027 rows=1 loops=1)
                                Buckets: 1024  Batches: 1  Memory Usage: 9kB
                                ->  Seq Scan on nation n  (cost=0.00..12.38 rows=1 width=4) (actual time=0.020..0.021 rows=1 loops=1)
                                      Filter: ((n_name)::text = 'CANADA'::text)
                                      Rows Removed by Filter: 24
        ->  Materialize  (cost=2744563.14..2744563.17 rows=3 width=4) (actual time=499.578..500.996 rows=28680 loops=28)
              ->  Unique  (cost=2744563.14..2744563.15 rows=3 width=4) (actual time=13988.193..13996.321 rows=44482 loops=1)
                    ->  Sort  (cost=2744563.14..2744563.14 rows=3 width=4) (actual time=13988.192..13990.607 rows=58655 loops=1)
                          Sort Key: ps.ps_suppkey
                          Sort Method: quicksort  Memory: 1537kB
                          ->  Nested Loop  (cost=2539856.58..2744563.11 rows=3 width=4) (actual time=8897.836..13979.990 rows=58655 loops=1)
                                Join Filter: (ps.ps_partkey = part.p_partkey)
                                ->  Hash Join  (cost=2539856.15..2713646.90 rows=48833 width=44) (actual time=8897.793..13593.176 rows=58782 loops=1)
                                      Hash Cond: (lineitem.l_partkey = part.p_partkey)
                                      ->  HashAggregate  (cost=2488970.90..2650071.37 rows=4834381 width=40) (actual time=8754.009..12897.986 rows=5441669 loops=1)
                                            Group Key: lineitem.l_partkey, lineitem.l_suppkey
                                            Planned Partitions: 256  Batches: 1281  Memory Usage: 8249kB  Disk Usage: 507312kB
                                            ->  Seq Scan on lineitem  (cost=0.00..1885177.20 rows=9071079 width=13) (actual time=0.041..5454.530 rows=9099165 loops=1)
                                                  Filter: ((l_shipdate >= '1994-01-01'::date) AND (l_shipdate < '1995-01-01 00:00:00'::timestamp without time zone))
                                                  Rows Removed by Filter: 50886887
                                      ->  Hash  (cost=50632.73..50632.73 rows=20202 width=4) (actual time=143.700..143.764 rows=21551 loops=1)
                                            Buckets: 32768  Batches: 1  Memory Usage: 1014kB
                                            ->  Gather  (cost=1000.00..50632.73 rows=20202 width=4) (actual time=0.283..138.772 rows=21551 loops=1)
                                                  Workers Planned: 2
                                                  Workers Launched: 2
                                                  ->  Parallel Seq Scan on part  (cost=0.00..47612.53 rows=8418 width=4) (actual time=52.467..127.255 rows=7184 loops=3)
                                                        Filter: ((p_name)::text ~~ 'forest%'::text)
                                                        Rows Removed by Filter: 659483
                                ->  Index Scan using partsupp_pkey on partsupp ps  (cost=0.43..0.62 rows=1 width=12) (actual time=0.006..0.006 rows=1 loops=58782)
                                      Index Cond: ((ps_partkey = lineitem.l_partkey) AND (ps_suppkey = lineitem.l_suppkey))
                                      Filter: ((ps_availqty)::numeric > ((0.5 * sum(lineitem.l_quantity))))
                                      Rows Removed by Filter: 0
Planning Time: 1.047 ms
JIT:
  Functions: 69
  Options: Inlining true, Optimization true, Expressions true, Deforming true
  Timing: Generation 3.941 ms, Inlining 157.221 ms, Optimization 160.845 ms, Emission 114.168 ms, Total 436.174 ms
Execution Time: 14362.373 ms","Limit  (cost=1539937.28..1540005.12 rows=1 width=44) (actual time=13882.637..13938.616 rows=10 loops=1)
  ->  Nested Loop  (cost=1539937.28..1540005.12 rows=1 width=44) (actual time=13654.569..13710.545 rows=10 loops=1)
        Join Filter: (supplier.s_suppkey = partsupp.ps_suppkey)
        Rows Removed by Join Filter: 803023
        ->  Gather Merge  (cost=3907.27..3967.22 rows=526 width=48) (actual time=21.706..21.833 rows=28 loops=1)
              Workers Planned: 1
              Workers Launched: 1
              ->  Sort  (cost=2907.26..2908.04 rows=309 width=48) (actual time=10.807..10.812 rows=14 loops=2)
                    Sort Key: supplier.s_name NULLS FIRST
                    Sort Method: quicksort  Memory: 399kB
                    Worker 0:  Sort Method: quicksort  Memory: 25kB
                    ->  Hash Join  (cost=12.39..2894.48 rows=309 width=48) (actual time=0.033..8.938 rows=2027 loops=2)
                          Hash Cond: (supplier.s_nationkey = nation.n_nationkey)
                          ->  Parallel Seq Scan on supplier  (cost=0.00..2724.24 rows=58824 width=52) (actual time=0.008..5.419 rows=50000 loops=2)
                          ->  Hash  (cost=12.38..12.38 rows=1 width=4) (actual time=0.031..0.033 rows=1 loops=1)
                                Buckets: 1024  Batches: 1  Memory Usage: 9kB
                                ->  Seq Scan on nation  (cost=0.00..12.38 rows=1 width=4) (actual time=0.024..0.026 rows=1 loops=1)
                                      Filter: ((n_name)::text = 'CANADA'::text)
                                      Rows Removed by Filter: 24
        ->  Materialize  (cost=1536030.00..1536030.01 rows=1 width=4) (actual time=486.337..487.827 rows=28680 loops=28)
              ->  Group  (cost=1536030.00..1536030.01 rows=1 width=4) (actual time=13617.418..13625.969 rows=44482 loops=1)
                    Group Key: partsupp.ps_suppkey
                    ->  Sort  (cost=1536030.00..1536030.01 rows=1 width=4) (actual time=13617.390..13619.920 rows=58655 loops=1)
                          Sort Key: partsupp.ps_suppkey
                          Sort Method: quicksort  Memory: 1537kB
                          ->  Nested Loop  (cost=1488595.47..1536029.99 rows=1 width=4) (actual time=6426.144..13609.459 rows=58655 loops=1)
                                Join Filter: (partsupp.ps_partkey = part.p_partkey)
                                ->  Merge Join  (cost=1488595.04..1527284.26 rows=2962 width=44) (actual time=6426.103..13382.619 rows=58782 loops=1)
                                      Merge Cond: (lineitem.l_partkey = part.p_partkey)
                                      ->  Finalize GroupAggregate  (cost=1436517.64..1474343.08 rows=293261 width=40) (actual time=6285.293..12972.844 rows=5441655 loops=1)
                                            Group Key: lineitem.l_partkey, lineitem.l_suppkey
                                            ->  Gather Merge  (cost=1436517.64..1468177.98 rows=249934 width=40) (actual time=6285.275..9579.546 rows=7499274 loops=1)
                                                  Workers Planned: 2
                                                  Workers Launched: 2
                                                  ->  Partial GroupAggregate  (cost=1435517.62..1438329.37 rows=124967 width=40) (actual time=6265.681..8053.041 rows=2499762 loops=3)
                                                        Group Key: lineitem.l_partkey, lineitem.l_suppkey
                                                        ->  Sort  (cost=1435517.62..1435830.03 rows=124967 width=13) (actual time=6265.639..6631.610 rows=3033052 loops=3)
                                                              Sort Key: lineitem.l_partkey, lineitem.l_suppkey
                                                              Sort Method: external merge  Disk: 93392kB
                                                              Worker 0:  Sort Method: external merge  Disk: 55760kB
                                                              Worker 1:  Sort Method: external merge  Disk: 55816kB
                                                              ->  Parallel Seq Scan on lineitem  (cost=0.00..1422799.92 rows=124967 width=13) (actual time=117.915..4970.201 rows=3033055 loops=3)
                                                                    Filter: (EXTRACT(year FROM (l_shipdate)::timestamp without time zone) = '1994'::numeric)
                                                                    Rows Removed by Filter: 16962296
                                      ->  Sort  (cost=52077.40..52127.90 rows=20202 width=4) (actual time=140.742..142.580 rows=21551 loops=1)
                                            Sort Key: part.p_partkey
                                            Sort Method: quicksort  Memory: 769kB
                                            ->  Gather  (cost=1000.00..50632.73 rows=20202 width=4) (actual time=0.298..138.755 rows=21551 loops=1)
                                                  Workers Planned: 2
                                                  Workers Launched: 2
                                                  ->  Parallel Seq Scan on part  (cost=0.00..47612.53 rows=8418 width=4) (actual time=60.714..121.013 rows=7184 loops=3)
                                                        Filter: ((p_name)::text ~~ 'forest%'::text)
                                                        Rows Removed by Filter: 659483
                                ->  Index Scan using partsupp_pkey on partsupp  (cost=0.43..2.94 rows=1 width=12) (actual time=0.003..0.003 rows=1 loops=58782)
                                      Index Cond: ((ps_partkey = lineitem.l_partkey) AND (ps_suppkey = lineitem.l_suppkey) AND (ps_suppkey IS NOT NULL))
                                      Filter: ((ps_availqty)::numeric > (0.5 * COALESCE((sum(lineitem.l_quantity)), '0'::numeric)))
                                      Rows Removed by Filter: 0
Planning Time: 0.576 ms
JIT:
  Functions: 88
  Options: Inlining true, Optimization true, Expressions true, Deforming true
  Timing: Generation 4.917 ms, Inlining 341.432 ms, Optimization 242.127 ms, Emission 180.304 ms, Total 768.780 ms
Execution Time: 13952.545 ms",SUCCESS
20,21,TPCH,Q21,"SELECT
    s.s_name,
    COUNT(*) AS numwait
FROM tpch.supplier s
JOIN tpch.lineitem l1
    ON s.s_suppkey = l1.l_suppkey
JOIN tpch.orders o
    ON o.o_orderkey = l1.l_orderkey
JOIN tpch.nation n
    ON s.s_nationkey = n.n_nationkey
WHERE o.o_orderstatus = 'F'
  AND l1.l_receiptdate > l1.l_commitdate
  AND EXISTS (
      SELECT 1
      FROM tpch.lineitem l2
      WHERE l2.l_orderkey = l1.l_orderkey
        AND l2.l_suppkey <> l1.l_suppkey
  )
  AND NOT EXISTS (
      SELECT 1
      FROM tpch.lineitem l3
      WHERE l3.l_orderkey = l1.l_orderkey
        AND l3.l_suppkey <> l1.l_suppkey
        AND l3.l_receiptdate > l3.l_commitdate
  )
  AND n.n_name = 'SAUDI ARABIA'
GROUP BY s.s_name
ORDER BY numwait DESC, s.s_name
LIMIT 10;","date_check = receipt_date > commit_date
waiting_entries = (
    lines.CALCULATE(original_key=supplier_key)
    .WHERE(date_check)
    .order.WHERE(
        (order_status == ""F"")
        & HAS(lines.WHERE(supplier_key != original_key))
        & HASNOT(lines.WHERE((supplier_key != original_key) & date_check))
    )
)
result = (
    suppliers.WHERE(nation.name == ""SAUDI ARABIA"")
    .CALCULATE(
        S_NAME=name,
        NUMWAIT=COUNT(waiting_entries),
    )
    .TOP_K(
        10,
        by=(NUMWAIT.DESC(), S_NAME.ASC()),
    )
)","WITH _t5 AS (
  SELECT
    l_commitdate,
    l_linenumber,
    l_orderkey,
    l_receiptdate,
    l_suppkey
  FROM tpch.lineitem
  WHERE
    l_commitdate < l_receiptdate
), _t3 AS (
  SELECT
    _t5.l_linenumber,
    _t5.l_orderkey,
    orders.o_orderkey,
    MAX(_t5.l_suppkey) AS anything_l_suppkey,
    MAX(orders.o_orderstatus) AS anything_o_orderstatus
  FROM _t5 AS _t5
  JOIN tpch.orders AS orders
    ON _t5.l_orderkey = orders.o_orderkey
  JOIN tpch.lineitem AS lineitem
    ON _t5.l_suppkey <> lineitem.l_suppkey AND lineitem.l_orderkey = orders.o_orderkey
  GROUP BY
    1,
    2,
    3
), _u_0 AS (
  SELECT
    _t6.l_linenumber AS _u_1,
    _t6.l_orderkey AS _u_2
  FROM _t5 AS _t6
  JOIN tpch.lineitem AS lineitem
    ON _t6.l_orderkey = lineitem.l_orderkey
    AND _t6.l_suppkey <> lineitem.l_suppkey
    AND lineitem.l_commitdate < lineitem.l_receiptdate
  GROUP BY
    1,
    2
), _s11 AS (
  SELECT
    _t3.anything_l_suppkey
  FROM _t3 AS _t3
  LEFT JOIN _u_0 AS _u_0
    ON _t3.l_linenumber = _u_0._u_1
    AND _t3.l_orderkey = _u_0._u_2
    AND _t3.o_orderkey = _u_0._u_2
  WHERE
    _t3.anything_o_orderstatus = 'F' AND _u_0._u_1 IS NULL
)
SELECT
  MAX(supplier.s_name) AS S_NAME,
  COUNT(_s11.anything_l_suppkey) AS NUMWAIT
FROM tpch.supplier AS supplier
JOIN tpch.nation AS nation
  ON nation.n_name = 'SAUDI ARABIA' AND nation.n_nationkey = supplier.s_nationkey
LEFT JOIN _s11 AS _s11
  ON _s11.anything_l_suppkey = supplier.s_suppkey
GROUP BY
  supplier.s_suppkey
ORDER BY
  2 DESC NULLS LAST,
  1 NULLS FIRST
LIMIT 10",6.852331842999774,268.41369304,"Limit  (cost=1764092.89..1764092.90 rows=1 width=27) (actual time=6626.002..6626.341 rows=10 loops=1)
  ->  Sort  (cost=1764092.89..1764092.90 rows=1 width=27) (actual time=6407.957..6408.295 rows=10 loops=1)
        Sort Key: (count(*)) DESC, s.s_name
        Sort Method: top-N heapsort  Memory: 26kB
        ->  GroupAggregate  (cost=1764092.86..1764092.88 rows=1 width=27) (actual time=6402.041..6407.832 rows=4009 loops=1)
              Group Key: s.s_name
              ->  Sort  (cost=1764092.86..1764092.87 rows=1 width=19) (actual time=6401.997..6403.879 rows=39448 loops=1)
                    Sort Key: s.s_name
                    Sort Method: quicksort  Memory: 2769kB
                    ->  Nested Loop  (cost=3899.91..1764092.85 rows=1 width=19) (actual time=238.890..6295.456 rows=39448 loops=1)
                          ->  Nested Loop Semi Join  (cost=3899.48..1764085.69 rows=1 width=27) (actual time=238.860..5758.849 rows=81045 loops=1)
                                ->  Gather  (cost=3898.91..1763878.26 rows=1 width=27) (actual time=238.845..4968.855 rows=135716 loops=1)
                                      Workers Planned: 2
                                      Workers Launched: 2
                                      ->  Nested Loop Anti Join  (cost=2898.91..1762878.16 rows=1 width=27) (actual time=224.314..5822.553 rows=45239 loops=3)
                                            ->  Parallel Hash Join  (cost=2898.35..1332230.57 rows=43848 width=27) (actual time=224.199..4400.757 rows=507455 loops=3)
                                                  Hash Cond: (l1.l_suppkey = s.s_suppkey)
                                                  ->  Parallel Seq Scan on lineitem l1  (cost=0.00..1297833.08 rows=8331122 width=8) (actual time=0.050..2760.984 rows=12643116 loops=3)
                                                        Filter: (l_receiptdate > l_commitdate)
                                                        Rows Removed by Filter: 7352235
                                                  ->  Parallel Hash  (cost=2894.48..2894.48 rows=309 width=23) (actual time=223.899..223.902 rows=1337 loops=3)
                                                        Buckets: 4096 (originally 1024)  Batches: 1 (originally 1)  Memory Usage: 344kB
                                                        ->  Hash Join  (cost=12.39..2894.48 rows=309 width=23) (actual time=144.518..152.990 rows=1337 loops=3)
                                                              Hash Cond: (s.s_nationkey = n.n_nationkey)
                                                              ->  Parallel Seq Scan on supplier s  (cost=0.00..2724.24 rows=58824 width=27) (actual time=0.016..4.969 rows=33333 loops=3)
                                                              ->  Hash  (cost=12.38..12.38 rows=1 width=4) (actual time=144.478..144.479 rows=1 loops=3)
                                                                    Buckets: 1024  Batches: 1  Memory Usage: 9kB
                                                                    ->  Seq Scan on nation n  (cost=0.00..12.38 rows=1 width=4) (actual time=144.471..144.472 rows=1 loops=3)
                                                                          Filter: ((n_name)::text = 'SAUDI ARABIA'::text)
                                                                          Rows Removed by Filter: 24
                                            ->  Index Scan using lineitem_pkey on lineitem l3  (cost=0.56..207.73 rows=44 width=8) (actual time=0.002..0.002 rows=1 loops=1522366)
                                                  Index Cond: (l_orderkey = l1.l_orderkey)
                                                  Filter: ((l_receiptdate > l_commitdate) AND (l_suppkey <> l1.l_suppkey))
                                                  Rows Removed by Filter: 1
                                ->  Index Scan using lineitem_pkey on lineitem l2  (cost=0.56..207.40 rows=132 width=8) (actual time=0.005..0.005 rows=1 loops=135716)
                                      Index Cond: (l_orderkey = l1.l_orderkey)
                                      Filter: (l_suppkey <> l1.l_suppkey)
                                      Rows Removed by Filter: 1
                          ->  Index Scan using orders_pkey on orders o  (cost=0.43..7.17 rows=1 width=4) (actual time=0.006..0.006 rows=0 loops=81045)
                                Index Cond: (o_orderkey = l1.l_orderkey)
                                Filter: (o_orderstatus = 'F'::bpchar)
                                Rows Removed by Filter: 1
Planning Time: 1.623 ms
JIT:
  Functions: 105
  Options: Inlining true, Optimization true, Expressions true, Deforming true
  Timing: Generation 4.688 ms, Inlining 123.149 ms, Optimization 314.657 ms, Emission 213.703 ms, Total 656.197 ms
Execution Time: 6628.235 ms","Limit  (cost=56901423.66..56901423.68 rows=10 width=44) (actual time=297743.101..297743.112 rows=10 loops=1)
  CTE _t5
    ->  Seq Scan on lineitem lineitem_2  (cost=0.00..1735217.00 rows=19994693 width=20) (actual time=0.018..7164.716 rows=37929348 loops=1)
          Filter: (l_commitdate < l_receiptdate)
          Rows Removed by Filter: 22056704
  ->  Sort  (cost=55166206.66..55166207.97 rows=526 width=44) (actual time=297407.475..297407.485 rows=10 loops=1)
        Sort Key: (count(_t3.anything_l_suppkey)) DESC NULLS LAST, (max((supplier.s_name)::text)) NULLS FIRST
        Sort Method: top-N heapsort  Memory: 26kB
        ->  GroupAggregate  (cost=55159926.70..55166195.29 rows=526 width=44) (actual time=297266.162..297406.910 rows=4010 loops=1)
              Group Key: supplier.s_suppkey
              ->  Merge Left Join  (cost=55159926.70..55166186.09 rows=526 width=27) (actual time=297266.060..297402.980 rows=39449 loops=1)
                    Merge Cond: (supplier.s_suppkey = _t3.anything_l_suppkey)
                    ->  Nested Loop  (cost=0.29..6257.48 rows=526 width=23) (actual time=0.065..32.054 rows=4010 loops=1)
                          Join Filter: (nation.n_nationkey = supplier.s_nationkey)
                          Rows Removed by Join Filter: 95990
                          ->  Index Scan using supplier_pkey on supplier  (cost=0.29..4745.10 rows=100000 width=27) (actual time=0.018..12.616 rows=100000 loops=1)
                          ->  Materialize  (cost=0.00..12.38 rows=1 width=4) (actual time=0.000..0.000 rows=1 loops=100000)
                                ->  Seq Scan on nation  (cost=0.00..12.38 rows=1 width=4) (actual time=0.016..0.017 rows=1 loops=1)
                                      Filter: ((n_name)::text = 'SAUDI ARABIA'::text)
                                      Rows Removed by Filter: 24
                    ->  Sort  (cost=55159926.40..55159926.84 rows=175 width=4) (actual time=297265.880..297325.275 rows=990375 loops=1)
                          Sort Key: _t3.anything_l_suppkey
                          Sort Method: external sort  Disk: 15552kB
                          ->  Hash Right Anti Join  (cost=55158781.76..55159919.88 rows=175 width=4) (actual time=290484.426..297032.036 rows=990572 loops=1)
                                Hash Cond: ((_t6.l_linenumber = _t3.l_linenumber) AND (_t6.l_orderkey = _t3.l_orderkey) AND (_t6.l_orderkey = _t3.o_orderkey))
                                ->  HashAggregate  (cost=21439527.06..21439927.06 rows=40000 width=8) (actual time=62541.049..91751.964 rows=34557064 loops=1)
                                      Group Key: _t6.l_linenumber, _t6.l_orderkey
                                      Batches: 1925  Memory Usage: 10033kB  Disk Usage: 2747312kB
                                      ->  Hash Join  (cost=2063255.66..17052730.45 rows=877359322 width=8) (actual time=12173.791..43793.473 rows=95916266 loops=1)
                                            Hash Cond: (_t6.l_orderkey = lineitem.l_orderkey)
                                            Join Filter: (_t6.l_suppkey <> lineitem.l_suppkey)
                                            Rows Removed by Join Filter: 37930326
                                            ->  CTE Scan on _t5 _t6  (cost=0.00..399893.86 rows=19994693 width=12) (actual time=0.345..3833.128 rows=37929348 loops=1)
                                            ->  Hash  (cost=1735217.00..1735217.00 rows=19994693 width=8) (actual time=12165.950..12165.951 rows=37929348 loops=1)
                                                  Buckets: 262144 (originally 262144)  Batches: 256 (originally 128)  Memory Usage: 7825kB
                                                  ->  Seq Scan on lineitem  (cost=0.00..1735217.00 rows=19994693 width=8) (actual time=0.053..7086.828 rows=37929348 loops=1)
                                                        Filter: (l_commitdate < l_receiptdate)
                                                        Rows Removed by Filter: 22056704
                                ->  Hash  (cost=33719251.20..33719251.20 rows=200 width=16) (actual time=193097.288..193097.292 rows=17654363 loops=1)
                                      Buckets: 262144 (originally 1024)  Batches: 256 (originally 1)  Memory Usage: 6145kB
                                      ->  Subquery Scan on _t3  (cost=33718749.20..33719251.20 rows=200 width=16) (actual time=123023.641..189977.668 rows=17654363 loops=1)
                                            ->  HashAggregate  (cost=33718749.20..33719249.20 rows=200 width=48) (actual time=123023.638..188642.451 rows=17654363 loops=1)
                                                  Group Key: _t5.l_linenumber, _t5.l_orderkey
                                                  Filter: (max(orders.o_orderstatus) = 'F'::bpchar)
                                                  Batches: 1029  Memory Usage: 8241kB  Disk Usage: 5880584kB
                                                  Rows Removed by Filter: 18919625
                                                  ->  Hash Join  (cost=3960943.03..7397969.10 rows=2632078010 width=18) (actual time=35455.634..90995.105 rows=151691143 loops=1)
                                                        Hash Cond: (_t5.l_orderkey = orders.o_orderkey)
                                                        Join Filter: (_t5.l_suppkey <> lineitem_1.l_suppkey)
                                                        Rows Removed by Join Filter: 37930892
                                                        ->  CTE Scan on _t5  (cost=0.00..399893.86 rows=19994693 width=12) (actual time=0.021..16408.557 rows=37929348 loops=1)
                                                        ->  Hash  (cost=2918250.03..2918250.03 rows=59984080 width=14) (actual time=35444.127..35444.129 rows=59986052 loops=1)
                                                              Buckets: 262144  Batches: 512  Memory Usage: 7555kB
                                                              ->  Hash Join  (cost=648309.98..2918250.03 rows=59984080 width=14) (actual time=4133.075..27172.275 rows=59986052 loops=1)
                                                                    Hash Cond: (lineitem_1.l_orderkey = orders.o_orderkey)
                                                                    ->  Seq Scan on lineitem lineitem_1  (cost=0.00..1585256.80 rows=59984080 width=8) (actual time=0.007..6418.899 rows=59986052 loops=1)
                                                                    ->  Hash  (cost=402195.99..402195.99 rows=15001199 width=6) (actual time=4130.482..4130.483 rows=15000000 loops=1)
                                                                          Buckets: 262144  Batches: 128  Memory Usage: 6391kB
                                                                          ->  Seq Scan on orders  (cost=0.00..402195.99 rows=15001199 width=6) (actual time=0.035..2304.307 rows=15000000 loops=1)
Planning Time: 0.664 ms
JIT:
  Functions: 80
  Options: Inlining true, Optimization true, Expressions true, Deforming true
  Timing: Generation 2.972 ms, Inlining 34.936 ms, Optimization 235.847 ms, Emission 154.311 ms, Total 428.066 ms
Execution Time: 298466.538 ms",SUCCESS
21,22,TPCH,Q22,"SELECT
    cntrycode,
    COUNT(*) AS numcust,
    SUM(c_acctbal) AS totacctbal
FROM (
    SELECT
        SUBSTRING(c.c_phone FROM 1 FOR 2) AS cntrycode,
        c.c_acctbal
    FROM tpch.customer c
    WHERE SUBSTRING(c.c_phone FROM 1 FOR 2) IN
          ('13', '31', '23', '29', '30', '18', '17')
      AND c.c_acctbal > (
          SELECT AVG(c2.c_acctbal)
          FROM tpch.customer c2
          WHERE c2.c_acctbal > 0.00
            AND SUBSTRING(c2.c_phone FROM 1 FOR 2) IN
                ('13', '31', '23', '29', '30', '18', '17')
      )
      AND NOT EXISTS (
          SELECT 1
          FROM tpch.orders o
          WHERE o.o_custkey = c.c_custkey
      )
) AS custsale
GROUP BY cntrycode
ORDER BY cntrycode;","is_selected_code = ISIN(cntry_code, (""13"", ""31"", ""23"", ""29"", ""30"", ""18"", ""17""))
selected_customers = customers.CALCULATE(cntry_code=phone[:2]).WHERE(
    is_selected_code
)
result = (
    TPCH.CALCULATE(
        global_avg_balance=AVG(
            selected_customers.WHERE(account_balance > 0.0).account_balance
        )
    )
    .customers.CALCULATE(cntry_code=phone[:2])
    .WHERE(
        is_selected_code & (account_balance > global_avg_balance) & HASNOT(orders)
    )
    .PARTITION(
        name=""countries"",
        by=cntry_code,
    )
    .CALCULATE(
        CNTRYCODE=cntry_code,
        NUMCUST=COUNT(customers),
        TOTACCTBAL=SUM(customers.account_balance),
    )
    .ORDER_BY(CNTRYCODE.ASC())
)","WITH _s0 AS (
  SELECT
    AVG(CAST(c_acctbal AS DECIMAL)) AS avg_c_acctbal
  FROM tpch.customer
  WHERE
    SUBSTRING(c_phone FROM 1 FOR 2) IN ('13', '31', '23', '29', '30', '18', '17')
    AND c_acctbal > 0.0
), _u_0 AS (
  SELECT
    o_custkey AS _u_1
  FROM tpch.orders
  GROUP BY
    1
)
SELECT
  SUBSTRING(customer.c_phone FROM 1 FOR 2) AS CNTRYCODE,
  COUNT(*) AS NUMCUST,
  COALESCE(SUM(customer.c_acctbal), 0) AS TOTACCTBAL
FROM _s0 AS _s0
JOIN tpch.customer AS customer
  ON SUBSTRING(customer.c_phone FROM 1 FOR 2) IN ('13', '31', '23', '29', '30', '18', '17')
  AND _s0.avg_c_acctbal < customer.c_acctbal
LEFT JOIN _u_0 AS _u_0
  ON _u_0._u_1 = customer.c_custkey
WHERE
  _u_0._u_1 IS NULL
GROUP BY
  1
ORDER BY
  1 NULLS FIRST",5.693370163000054,5.265749641999719,"Finalize GroupAggregate  (cost=475607.64..476540.39 rows=7179 width=72) (actual time=1959.358..1967.049 rows=7 loops=1)
  Group Key: (SUBSTRING(c.c_phone FROM 1 FOR 2))
  InitPlan 1 (returns $1)
    ->  Finalize Aggregate  (cost=51638.26..51638.27 rows=1 width=32) (actual time=237.562..237.668 rows=1 loops=1)
          ->  Gather  (cost=51638.04..51638.25 rows=2 width=32) (actual time=237.400..237.631 rows=3 loops=1)
                Workers Planned: 2
                Workers Launched: 2
                ->  Partial Aggregate  (cost=50638.04..50638.05 rows=1 width=32) (actual time=220.308..220.309 rows=1 loops=3)
                      ->  Parallel Seq Scan on customer c2  (cost=0.00..50588.25 rows=19912 width=6) (actual time=8.388..206.702 rows=127259 loops=3)
                            Filter: ((c_acctbal > 0.00) AND (SUBSTRING(c_phone FROM 1 FOR 2) = ANY ('{13,31,23,29,30,18,17}'::text[])))
                            Rows Removed by Filter: 372741
  ->  Gather Merge  (cost=423969.37..424734.61 rows=5982 width=72) (actual time=1959.325..1966.903 rows=7 loops=1)
        Workers Planned: 2
        Params Evaluated: $1
        Workers Launched: 2
        ->  Partial GroupAggregate  (cost=422969.34..423044.12 rows=2991 width=72) (actual time=1674.981..1678.121 rows=2 loops=3)
              Group Key: (SUBSTRING(c.c_phone FROM 1 FOR 2))
              ->  Sort  (cost=422969.34..422976.82 rows=2991 width=38) (actual time=1674.476..1675.567 rows=21305 loops=3)
                    Sort Key: (SUBSTRING(c.c_phone FROM 1 FOR 2))
                    Sort Method: quicksort  Memory: 25kB
                    Worker 0:  Sort Method: quicksort  Memory: 25kB
                    Worker 1:  Sort Method: quicksort  Memory: 4028kB
                    ->  Parallel Hash Right Anti Join  (cost=50679.40..422796.67 rows=2991 width=38) (actual time=1664.140..1670.121 rows=21305 loops=3)
                          Hash Cond: (o.o_custkey = c.c_custkey)
                          ->  Parallel Seq Scan on orders o  (cost=0.00..314689.00 rows=6250500 width=4) (actual time=0.023..520.301 rows=5000000 loops=3)
                          ->  Parallel Hash  (cost=50588.25..50588.25 rows=7292 width=26) (actual time=203.883..203.884 rows=63564 loops=3)
                                Buckets: 262144 (originally 32768)  Batches: 1 (originally 1)  Memory Usage: 15840kB
                                ->  Parallel Seq Scan on customer c  (cost=0.00..50588.25 rows=7292 width=26) (actual time=6.674..177.222 rows=63564 loops=3)
                                      Filter: ((c_acctbal > $1) AND (SUBSTRING(c_phone FROM 1 FOR 2) = ANY ('{13,31,23,29,30,18,17}'::text[])))
                                      Rows Removed by Filter: 436436
Planning Time: 0.245 ms
JIT:
  Functions: 71
  Options: Inlining false, Optimization false, Expressions true, Deforming true
  Timing: Generation 4.405 ms, Inlining 0.000 ms, Optimization 2.582 ms, Emission 42.609 ms, Total 49.596 ms
Execution Time: 1968.597 ms","GroupAggregate  (cost=1115866.46..1116085.21 rows=8750 width=72) (actual time=5654.080..5662.856 rows=7 loops=1)
  Group Key: (SUBSTRING(customer.c_phone FROM 1 FOR 2))
  ->  Sort  (cost=1115866.46..1115888.33 rows=8750 width=38) (actual time=5652.613..5655.490 rows=63914 loops=1)
        Sort Key: (SUBSTRING(customer.c_phone FROM 1 FOR 2)) NULLS FIRST
        Sort Method: quicksort  Memory: 4028kB
        ->  Hash Right Anti Join  (cost=1089179.24..1115293.55 rows=8750 width=38) (actual time=5581.263..5642.040 rows=63914 loops=1)
              Hash Cond: (orders.o_custkey = customer.c_custkey)
              ->  Finalize HashAggregate  (cost=981390.03..1004061.47 rows=884739 width=4) (actual time=4216.077..4701.837 rows=999982 loops=1)
                    Group Key: orders.o_custkey
                    Planned Partitions: 16  Batches: 81  Memory Usage: 9361kB  Disk Usage: 64472kB
                    ->  Gather  (cost=651653.37..886280.59 rows=1769478 width=4) (actual time=2424.284..3516.035 rows=2936097 loops=1)
                          Workers Planned: 2
                          Workers Launched: 2
                          ->  Partial HashAggregate  (cost=650653.37..708332.79 rows=884739 width=4) (actual time=2407.105..3366.318 rows=978699 loops=3)
                                Group Key: orders.o_custkey
                                Planned Partitions: 16  Batches: 81  Memory Usage: 10385kB  Disk Usage: 129568kB
                                Worker 0:  Batches: 81  Memory Usage: 10641kB  Disk Usage: 129056kB
                                Worker 1:  Batches: 81  Memory Usage: 10385kB  Disk Usage: 178424kB
                                ->  Parallel Seq Scan on orders  (cost=0.00..314689.00 rows=6250500 width=4) (actual time=0.023..523.683 rows=5000000 loops=3)
              ->  Hash  (cost=107570.45..107570.45 rows=17501 width=26) (actual time=733.202..733.299 rows=190691 loops=1)
                    Buckets: 131072 (originally 32768)  Batches: 2 (originally 1)  Memory Usage: 7169kB
                    ->  Nested Loop  (cost=52638.26..107570.45 rows=17501 width=26) (actual time=404.514..699.748 rows=190691 loops=1)
                          Join Filter: ((avg((customer_1.c_acctbal)::numeric)) < customer.c_acctbal)
                          Rows Removed by Join Filter: 229283
                          ->  Finalize Aggregate  (cost=51638.26..51638.27 rows=1 width=32) (actual time=404.203..404.251 rows=1 loops=1)
                                ->  Gather  (cost=51638.04..51638.25 rows=2 width=32) (actual time=404.047..404.209 rows=3 loops=1)
                                      Workers Planned: 2
                                      Workers Launched: 2
                                      ->  Partial Aggregate  (cost=50638.04..50638.05 rows=1 width=32) (actual time=390.540..390.541 rows=1 loops=3)
                                            ->  Parallel Seq Scan on customer customer_1  (cost=0.00..50588.25 rows=19912 width=6) (actual time=193.470..377.625 rows=127259 loops=3)
                                                  Filter: ((c_acctbal > 0.0) AND (SUBSTRING(c_phone FROM 1 FOR 2) = ANY ('{13,31,23,29,30,18,17}'::text[])))
                                                  Rows Removed by Filter: 372741
                          ->  Gather  (cost=1000.00..55275.90 rows=52502 width=26) (actual time=0.293..251.025 rows=419974 loops=1)
                                Workers Planned: 2
                                Workers Launched: 2
                                ->  Parallel Seq Scan on customer  (cost=0.00..49025.70 rows=21876 width=26) (actual time=75.967..259.104 rows=139991 loops=3)
                                      Filter: (SUBSTRING(c_phone FROM 1 FOR 2) = ANY ('{13,31,23,29,30,18,17}'::text[]))
                                      Rows Removed by Filter: 360009
Planning Time: 0.271 ms
JIT:
  Functions: 69
  Options: Inlining true, Optimization true, Expressions true, Deforming true
  Timing: Generation 4.423 ms, Inlining 469.564 ms, Optimization 315.391 ms, Emission 227.706 ms, Total 1017.085 ms
Execution Time: 5692.040 ms",SUCCESS
22,23,TPCDS,Q1,"WITH customer_total_return AS (
    SELECT
        sr_customer_sk  AS ctr_customer_sk,
        sr_store_sk     AS ctr_store_sk,
        SUM(sr_return_amt) AS ctr_total_return
    FROM tpcds.store_returns
    JOIN tpcds.date_dim ON sr_returned_date_sk = d_date_sk AND d_year = 2000
    GROUP BY sr_customer_sk, sr_store_sk
),
store_avg AS (
    SELECT
        ctr_store_sk,
        AVG(ctr_total_return) * 1.2 AS avg_return_threshold
    FROM customer_total_return
    GROUP BY ctr_store_sk
)
SELECT c_customer_id
FROM customer_total_return ctr1
JOIN tpcds.store     ON s_store_sk = ctr1.ctr_store_sk AND s_state = 'TN'
JOIN tpcds.customer  ON ctr1.ctr_customer_sk = c_customer_sk
JOIN store_avg       ON ctr1.ctr_store_sk = store_avg.ctr_store_sk
WHERE ctr1.ctr_total_return > store_avg.avg_return_threshold
ORDER BY c_customer_id
LIMIT 10;","result = (store_returns.WHERE(
    (store.state == ""TN"") & (returned_date.year == 2000)
).PARTITION(
    name=""store_customer_groups"",
    by=(customer_key, store_key)
).CALCULATE(
    customer_total=SUM(store_returns.amount)
).PARTITION(
    name=""store_groups"", by=store_key
).CALCULATE(
    store_avg=1.2 * AVG(store_customer_groups.customer_total)
).store_customer_groups.WHERE(
    customer_total > store_avg
).store_returns.customer.CALCULATE(
    c_customer_id=_id
).TOP_K(10, by=c_customer_id))","WITH _s0 AS (
  SELECT
    sr_customer_sk,
    sr_return_amt,
    sr_returned_date_sk,
    sr_store_sk
  FROM tpcds.store_returns
), _t3 AS (
  SELECT
    s_state,
    s_store_sk
  FROM tpcds.store
  WHERE
    s_state = 'TN'
), _t4 AS (
  SELECT
    d_date_sk,
    d_year
  FROM tpcds.date_dim
  WHERE
    d_year = 2000
), _t1 AS (
  SELECT
    _s0.sr_store_sk,
    SUM(_s0.sr_return_amt) AS sum_sr_return_amt
  FROM _s0 AS _s0
  JOIN _t3 AS _t3
    ON _s0.sr_store_sk = _t3.s_store_sk
  JOIN _t4 AS _t4
    ON _s0.sr_returned_date_sk = _t4.d_date_sk
  GROUP BY
    _s0.sr_customer_sk,
    1
), _s8 AS (
  SELECT
    sr_store_sk,
    AVG(CAST(COALESCE(sum_sr_return_amt, 0) AS DECIMAL)) AS avg_customer_total
  FROM _t1
  GROUP BY
    1
), _s9 AS (
  SELECT
    _s4.sr_customer_sk,
    _s4.sr_store_sk,
    SUM(_s4.sr_return_amt) AS sum_sr_return_amt
  FROM _s0 AS _s4
  JOIN _t3 AS _t6
    ON _s4.sr_store_sk = _t6.s_store_sk
  JOIN _t4 AS _t7
    ON _s4.sr_returned_date_sk = _t7.d_date_sk
  GROUP BY
    1,
    2
)
SELECT
  customer.c_customer_id
FROM _s8 AS _s8
JOIN _s9 AS _s9
  ON (
    1.2 * _s8.avg_customer_total
  ) < COALESCE(_s9.sum_sr_return_amt, 0)
  AND _s8.sr_store_sk = _s9.sr_store_sk
JOIN tpcds.store_returns AS store_returns
  ON _s9.sr_customer_sk = store_returns.sr_customer_sk
  AND _s9.sr_store_sk = store_returns.sr_store_sk
JOIN _t3 AS _t8
  ON _t8.s_store_sk = store_returns.sr_store_sk
JOIN _t4 AS _t9
  ON _t9.d_date_sk = store_returns.sr_returned_date_sk
JOIN tpcds.customer AS customer
  ON customer.c_customer_sk = store_returns.sr_customer_sk
ORDER BY
  1 NULLS FIRST
LIMIT 10",2.3698798460000035,4.660958377000043,"Limit  (cost=115430.39..115430.41 rows=10 width=17) (actual time=1373.450..1373.720 rows=10 loops=1)
  CTE customer_total_return
    ->  Finalize GroupAggregate  (cost=83001.92..84746.80 rows=13806 width=48) (actual time=332.295..798.690 rows=539331 loops=1)
          Group Key: store_returns.sr_customer_sk, store_returns.sr_store_sk
          ->  Gather Merge  (cost=83001.92..84459.19 rows=11504 width=48) (actual time=332.271..512.545 rows=543156 loops=1)
                Workers Planned: 2
                Workers Launched: 2
                ->  Partial GroupAggregate  (cost=82001.90..82131.32 rows=5752 width=48) (actual time=314.336..443.117 rows=181052 loops=3)
                      Group Key: store_returns.sr_customer_sk, store_returns.sr_store_sk
                      ->  Sort  (cost=82001.90..82016.28 rows=5752 width=22) (actual time=314.298..335.807 rows=185902 loops=3)
                            Sort Key: store_returns.sr_customer_sk, store_returns.sr_store_sk
                            Sort Method: external merge  Disk: 5440kB
                            Worker 0:  Sort Method: external merge  Disk: 5064kB
                            Worker 1:  Sort Method: external merge  Disk: 7256kB
                            ->  Parallel Hash Join  (cost=2571.80..81642.69 rows=5752 width=22) (actual time=9.567..247.869 rows=185902 loops=3)
                                  Hash Cond: (store_returns.sr_returned_date_sk = date_dim.d_date_sk)
                                  ->  Parallel Seq Scan on store_returns  (cost=0.00..74541.14 rows=1198914 width=30) (actual time=0.021..112.118 rows=959177 loops=3)
                                  ->  Parallel Hash  (cost=2569.12..2569.12 rows=214 width=8) (actual time=3.165..3.166 rows=122 loops=3)
                                        Buckets: 1024  Batches: 1  Memory Usage: 40kB
                                        ->  Parallel Seq Scan on date_dim  (cost=0.00..2569.12 rows=214 width=8) (actual time=4.587..9.377 rows=366 loops=1)
                                              Filter: (d_year = 2000)
                                              Rows Removed by Filter: 72683
  ->  Sort  (cost=30683.59..30685.37 rows=713 width=17) (actual time=1353.114..1353.119 rows=10 loops=1)
        Sort Key: customer.c_customer_id
        Sort Method: top-N heapsort  Memory: 25kB
        ->  Hash Join  (cost=26897.31..30668.18 rows=713 width=17) (actual time=1154.565..1344.605 rows=45702 loops=1)
              Hash Cond: (ctr1.ctr_customer_sk = customer.c_customer_sk)
              ->  Hash Join  (cost=357.31..694.37 rows=713 width=8) (actual time=1020.952..1169.119 rows=45719 loops=1)
                    Hash Cond: (ctr1.ctr_store_sk = store.s_store_sk)
                    ->  Hash Join  (cost=350.65..663.32 rows=4602 width=24) (actual time=1020.850..1157.304 rows=137685 loops=1)
                          Hash Cond: (ctr1.ctr_store_sk = customer_total_return.ctr_store_sk)
                          Join Filter: (ctr1.ctr_total_return > ((avg(customer_total_return.ctr_total_return) * 1.2)))
                          Rows Removed by Join Filter: 396509
                          ->  CTE Scan on customer_total_return ctr1  (cost=0.00..276.12 rows=13806 width=48) (actual time=332.297..371.370 rows=539331 loops=1)
                          ->  Hash  (cost=348.15..348.15 rows=200 width=40) (actual time=688.511..688.512 rows=51 loops=1)
                                Buckets: 1024  Batches: 1  Memory Usage: 11kB
                                ->  HashAggregate  (cost=345.15..348.15 rows=200 width=40) (actual time=688.473..688.497 rows=52 loops=1)
                                      Group Key: customer_total_return.ctr_store_sk
                                      Batches: 1  Memory Usage: 64kB
                                      ->  CTE Scan on customer_total_return  (cost=0.00..276.12 rows=13806 width=40) (actual time=0.001..587.230 rows=539331 loops=1)
                    ->  Hash  (cost=6.28..6.28 rows=31 width=8) (actual time=0.089..0.090 rows=31 loops=1)
                          Buckets: 1024  Batches: 1  Memory Usage: 10kB
                          ->  Seq Scan on store  (cost=0.00..6.28 rows=31 width=8) (actual time=0.042..0.082 rows=31 loops=1)
                                Filter: ((s_state)::text = 'TN'::text)
                                Rows Removed by Filter: 71
              ->  Hash  (cost=16872.00..16872.00 rows=500000 width=25) (actual time=133.237..133.238 rows=500000 loops=1)
                    Buckets: 131072  Batches: 8  Memory Usage: 4929kB
                    ->  Seq Scan on customer  (cost=0.00..16872.00 rows=500000 width=25) (actual time=0.022..57.888 rows=500000 loops=1)
Planning Time: 0.330 ms
JIT:
  Functions: 90
  Options: Inlining false, Optimization false, Expressions true, Deforming true
  Timing: Generation 4.081 ms, Inlining 0.000 ms, Optimization 1.929 ms, Emission 37.249 ms, Total 43.259 ms
Execution Time: 1379.316 ms","Limit  (cost=582592.86..582592.89 rows=10 width=17) (actual time=6039.131..6039.149 rows=10 loops=1)
  CTE _s0
    ->  Seq Scan on store_returns store_returns_1  (cost=0.00..91325.94 rows=2877394 width=30) (actual time=0.011..376.169 rows=2877532 loops=1)
  CTE _t3
    ->  Seq Scan on store  (cost=0.00..6.28 rows=31 width=11) (actual time=0.014..0.040 rows=31 loops=1)
          Filter: ((s_state)::text = 'TN'::text)
          Rows Removed by Filter: 71
  CTE _t4
    ->  Seq Scan on date_dim  (cost=0.00..2945.11 rows=364 width=16) (actual time=2.626..5.271 rows=366 loops=1)
          Filter: (d_year = 2000)
          Rows Removed by Filter: 72683
  ->  Sort  (cost=488315.53..488315.57 rows=14 width=17) (actual time=5404.031..5404.045 rows=10 loops=1)
        Sort Key: customer.c_customer_id NULLS FIRST
        Sort Method: top-N heapsort  Memory: 25kB
        ->  Hash Join  (cost=469568.13..488315.27 rows=14 width=17) (actual time=5295.905..5394.687 rows=47280 loops=1)
              Hash Cond: (customer.c_customer_sk = _s9.sr_customer_sk)
              ->  Seq Scan on customer  (cost=0.00..16872.00 rows=500000 width=25) (actual time=0.024..47.329 rows=500000 loops=1)
              ->  Hash  (cost=469567.95..469567.95 rows=14 width=16) (actual time=5295.837..5295.850 rows=47280 loops=1)
                    Buckets: 65536 (originally 1024)  Batches: 1 (originally 1)  Memory Usage: 2729kB
                    ->  Nested Loop  (cost=362453.29..469567.95 rows=14 width=16) (actual time=3697.038..5289.642 rows=47280 loops=1)
                          Join Filter: (store_returns.sr_returned_date_sk = _t9.d_date_sk)
                          Rows Removed by Join Filter: 18745356
                          ->  CTE Scan on _t4 _t9  (cost=0.00..7.28 rows=364 width=8) (actual time=2.629..2.699 rows=366 loops=1)
                          ->  Materialize  (cost=362453.29..469129.53 rows=79 width=24) (actual time=10.093..12.323 rows=51346 loops=366)
                                ->  Nested Loop  (cost=362453.29..469129.14 rows=79 width=24) (actual time=3694.188..3810.451 rows=51346 loops=1)
                                      Join Filter: (_s8.sr_store_sk = _t8.s_store_sk)
                                      Rows Removed by Join Filter: 1540380
                                      ->  CTE Scan on _t3 _t8  (cost=0.00..0.62 rows=31 width=8) (actual time=0.014..0.022 rows=31 loops=1)
                                      ->  Materialize  (cost=362453.29..468892.18 rows=511 width=48) (actual time=75.529..120.896 rows=51346 loops=31)
                                            ->  Hash Join  (cost=362453.29..468889.62 rows=511 width=48) (actual time=2341.398..3677.075 rows=51346 loops=1)
                                                  Hash Cond: (_s9.sr_store_sk = _s8.sr_store_sk)
                                                  Join Filter: ((1.2 * _s8.avg_customer_total) < COALESCE(_s9.sum_sr_return_amt, '0'::numeric))
                                                  Rows Removed by Join Filter: 144646
                                                  ->  Hash Join  (cost=181423.15..287855.40 rows=1533 width=72) (actual time=741.745..2021.374 rows=195992 loops=1)
                                                        Hash Cond: ((store_returns.sr_store_sk = _s9.sr_store_sk) AND (store_returns.sr_customer_sk = _s9.sr_customer_sk))
                                                        ->  Seq Scan on store_returns  (cost=0.00..91325.94 rows=2877394 width=24) (actual time=0.019..276.480 rows=2877532 loops=1)
                                                        ->  Hash  (cost=180823.15..180823.15 rows=40000 width=48) (actual time=741.619..741.624 rows=177510 loops=1)
                                                              Buckets: 262144 (originally 65536)  Batches: 2 (originally 1)  Memory Usage: 7165kB
                                                              ->  Subquery Scan on _s9  (cost=168825.51..180823.15 rows=40000 width=48) (actual time=587.294..713.451 rows=177527 loops=1)
                                                                    ->  HashAggregate  (cost=168825.51..180423.15 rows=40000 width=48) (actual time=587.288..701.246 rows=177527 loops=1)
                                                                          Group Key: _s4.sr_customer_sk, _s4.sr_store_sk
                                                                          Planned Partitions: 4  Batches: 21  Memory Usage: 8249kB  Disk Usage: 7624kB
                                                                          ->  Hash Join  (cost=12.84..102112.85 rows=811713 width=30) (actual time=0.118..533.496 rows=181937 loops=1)
                                                                                Hash Cond: (_s4.sr_returned_date_sk = _t7.d_date_sk)
                                                                                ->  Hash Join  (cost=1.01..72799.08 rows=445996 width=38) (actual time=0.046..458.712 rows=924363 loops=1)
                                                                                      Hash Cond: (_s4.sr_store_sk = _t6.s_store_sk)
                                                                                      ->  CTE Scan on _s0 _s4  (cost=0.00..57547.88 rows=2877394 width=38) (actual time=0.022..205.629 rows=2877532 loops=1)
                                                                                      ->  Hash  (cost=0.62..0.62 rows=31 width=8) (actual time=0.013..0.015 rows=31 loops=1)
                                                                                            Buckets: 1024  Batches: 1  Memory Usage: 10kB
                                                                                            ->  CTE Scan on _t3 _t6  (cost=0.00..0.62 rows=31 width=8) (actual time=0.005..0.008 rows=31 loops=1)
                                                                                ->  Hash  (cost=7.28..7.28 rows=364 width=8) (actual time=0.064..0.065 rows=366 loops=1)
                                                                                      Buckets: 1024  Batches: 1  Memory Usage: 23kB
                                                                                      ->  CTE Scan on _t4 _t7  (cost=0.00..7.28 rows=364 width=8) (actual time=0.006..0.030 rows=366 loops=1)
                                                  ->  Hash  (cost=181027.65..181027.65 rows=200 width=40) (actual time=1599.637..1599.641 rows=17 loops=1)
                                                        Buckets: 1024  Batches: 1  Memory Usage: 9kB
                                                        ->  Subquery Scan on _s8  (cost=181023.15..181027.65 rows=200 width=40) (actual time=1599.621..1599.633 rows=17 loops=1)
                                                              ->  HashAggregate  (cost=181023.15..181025.65 rows=200 width=40) (actual time=1599.618..1599.627 rows=17 loops=1)
                                                                    Group Key: _s0.sr_store_sk
                                                                    Batches: 1  Memory Usage: 40kB
                                                                    ->  HashAggregate  (cost=168825.51..180423.15 rows=40000 width=48) (actual time=1466.595..1580.666 rows=177527 loops=1)
                                                                          Group Key: _s0.sr_customer_sk, _s0.sr_store_sk
                                                                          Planned Partitions: 4  Batches: 21  Memory Usage: 8249kB  Disk Usage: 7624kB
                                                                          ->  Hash Join  (cost=12.84..102112.85 rows=811713 width=30) (actual time=2.817..1405.585 rows=181937 loops=1)
                                                                                Hash Cond: (_s0.sr_returned_date_sk = _t4.d_date_sk)
                                                                                ->  Hash Join  (cost=1.01..72799.08 rows=445996 width=38) (actual time=0.063..1323.022 rows=924363 loops=1)
                                                                                      Hash Cond: (_s0.sr_store_sk = _t3.s_store_sk)
                                                                                      ->  CTE Scan on _s0  (cost=0.00..57547.88 rows=2877394 width=38) (actual time=0.012..1059.173 rows=2877532 loops=1)
                                                                                      ->  Hash  (cost=0.62..0.62 rows=31 width=8) (actual time=0.041..0.042 rows=31 loops=1)
                                                                                            Buckets: 1024  Batches: 1  Memory Usage: 10kB
                                                                                            ->  CTE Scan on _t3  (cost=0.00..0.62 rows=31 width=8) (actual time=0.003..0.035 rows=31 loops=1)
                                                                                ->  Hash  (cost=7.28..7.28 rows=364 width=8) (actual time=2.742..2.742 rows=366 loops=1)
                                                                                      Buckets: 1024  Batches: 1  Memory Usage: 23kB
                                                                                      ->  CTE Scan on _t4  (cost=0.00..7.28 rows=364 width=8) (actual time=0.002..2.708 rows=366 loops=1)
Planning Time: 1.463 ms
JIT:
  Functions: 103
  Options: Inlining true, Optimization true, Expressions true, Deforming true
  Timing: Generation 3.654 ms, Inlining 32.771 ms, Optimization 400.156 ms, Emission 270.949 ms, Total 707.530 ms
Execution Time: 6060.511 ms",SUCCESS
23,24,TPCDS,Q2,"WITH wscs AS (
    SELECT sold_date_sk, sales_price
    FROM (
        SELECT ws_sold_date_sk AS sold_date_sk, ws_ext_sales_price AS sales_price
        FROM tpcds.web_sales
        UNION ALL
        SELECT cs_sold_date_sk AS sold_date_sk, cs_ext_sales_price AS sales_price
        FROM tpcds.catalog_sales
    ) x
),
wswscs AS (
    SELECT
        d_week_seq,
        SUM(CASE WHEN d_day_name = 'Sunday'    THEN sales_price END) AS sun_sales,
        SUM(CASE WHEN d_day_name = 'Monday'    THEN sales_price END) AS mon_sales,
        SUM(CASE WHEN d_day_name = 'Tuesday'   THEN sales_price END) AS tue_sales,
        SUM(CASE WHEN d_day_name = 'Wednesday' THEN sales_price END) AS wed_sales,
        SUM(CASE WHEN d_day_name = 'Thursday'  THEN sales_price END) AS thu_sales,
        SUM(CASE WHEN d_day_name = 'Friday'    THEN sales_price END) AS fri_sales,
        SUM(CASE WHEN d_day_name = 'Saturday'  THEN sales_price END) AS sat_sales
    FROM wscs
    JOIN tpcds.date_dim ON d_date_sk = sold_date_sk
    GROUP BY d_week_seq
)
SELECT
    d_week_seq1,
    ROUND(sun_sales1 / NULLIF(sun_sales2, 0), 2) AS sunday_ratio,
    ROUND(mon_sales1 / NULLIF(mon_sales2, 0), 2) AS monday_ratio,
    ROUND(tue_sales1 / NULLIF(tue_sales2, 0), 2) AS tuesday_ratio,
    ROUND(wed_sales1 / NULLIF(wed_sales2, 0), 2) AS wednesday_ratio,
    ROUND(thu_sales1 / NULLIF(thu_sales2, 0), 2) AS thursday_ratio,
    ROUND(fri_sales1 / NULLIF(fri_sales2, 0), 2) AS friday_ratio,
    ROUND(sat_sales1 / NULLIF(sat_sales2, 0), 2) AS saturday_ratio
FROM (
    SELECT
        wswscs.d_week_seq AS d_week_seq1,
        sun_sales AS sun_sales1, mon_sales AS mon_sales1,
        tue_sales AS tue_sales1, wed_sales AS wed_sales1,
        thu_sales AS thu_sales1, fri_sales AS fri_sales1,
        sat_sales AS sat_sales1,
		ROW_NUMBER() OVER (PARTITION BY wswscs.d_week_seq ORDER BY sun_sales DESC) AS rn1
    FROM wswscs
    JOIN tpcds.date_dim ON date_dim.d_week_seq = wswscs.d_week_seq
    WHERE d_year = 2001
) y
JOIN (
    SELECT
        wswscs.d_week_seq AS d_week_seq2,
        sun_sales AS sun_sales2, mon_sales AS mon_sales2,
        tue_sales AS tue_sales2, wed_sales AS wed_sales2,
        thu_sales AS thu_sales2, fri_sales AS fri_sales2,
        sat_sales AS sat_sales2,
		ROW_NUMBER() OVER (PARTITION BY wswscs.d_week_seq ORDER BY sun_sales DESC) AS rn2
    FROM wswscs
    JOIN tpcds.date_dim ON date_dim.d_week_seq = wswscs.d_week_seq
    WHERE d_year = 2001 + 1 
) z ON d_week_seq1 = d_week_seq2 - 53 WHERE rn1 = 1 and rn2 = 1
ORDER BY d_week_seq1 LIMIT 10;","ct_sales = dates.CALCULATE(day_name).catalog_sales_by_sold_date
wb_sales = dates.CALCULATE(day_name).web_sales_by_sold_date

week_breakdown = dates.WHERE(MONOTONIC(2000, year, 2003)).PARTITION(
    name='week', by=(week_seq)
).CALCULATE(
    sunday_amount=SUM(KEEP_IF(ct_sales.ext_sales_price, ct_sales.day_name == 'Sunday')) + SUM(KEEP_IF(wb_sales.ext_sales_price, wb_sales.day_name == 'Sunday')),
    monday_amount=SUM(KEEP_IF(ct_sales.ext_sales_price, ct_sales.day_name == 'Monday')) + SUM(KEEP_IF(wb_sales.ext_sales_price, wb_sales.day_name == 'Monday')),
    tuesday_amount=SUM(KEEP_IF(ct_sales.ext_sales_price, ct_sales.day_name == 'Tuesday')) + SUM(KEEP_IF(wb_sales.ext_sales_price, wb_sales.day_name == 'Tuesday')),
    wednesday_amount=SUM(KEEP_IF(ct_sales.ext_sales_price, ct_sales.day_name == 'Wednesday')) + SUM(KEEP_IF(wb_sales.ext_sales_price, wb_sales.day_name == 'Wednesday')),
    thursday_amount=SUM(KEEP_IF(ct_sales.ext_sales_price, ct_sales.day_name == 'Thursday')) + SUM(KEEP_IF(wb_sales.ext_sales_price, wb_sales.day_name == 'Thursday')),
    friday_amount=SUM(KEEP_IF(ct_sales.ext_sales_price, ct_sales.day_name == 'Friday')) + SUM(KEEP_IF(wb_sales.ext_sales_price, wb_sales.day_name == 'Friday')),
    saturday_amount=SUM(KEEP_IF(ct_sales.ext_sales_price, ct_sales.day_name == 'Saturday')) + SUM(KEEP_IF(wb_sales.ext_sales_price, wb_sales.day_name == 'Saturday'))
)

week_breakdown_2001 = week_breakdown.WHERE(HAS(dates.WHERE(year == 2001))).CALCULATE(
    week_seq_2001=week_seq,
    sunday_amount_2001=sunday_amount,
    monday_amount_2001=monday_amount,
    tuesday_amount_2001=tuesday_amount,
    wednesday_amount_2001=wednesday_amount,
    thursday_amount_2001=thursday_amount,
    friday_amount_2001=friday_amount,
    saturday_amount_2001=saturday_amount
)

week_breakdown_2002 = week_breakdown.WHERE(HAS(dates.WHERE(year == 2002))).CALCULATE(
    week_seq_2002=week_seq,
    sunday_amount_2002=sunday_amount,
    monday_amount_2002=monday_amount,
    tuesday_amount_2002=tuesday_amount,
    wednesday_amount_2002=wednesday_amount,
    thursday_amount_2002=thursday_amount,
    friday_amount_2002=friday_amount,
    saturday_amount_2002=saturday_amount
)

result = week_breakdown_2001.CROSS(week_breakdown_2002).WHERE(week_seq_2002 == (week_seq_2001 + 53)).CALCULATE(
    d_week_seq1=week_seq_2001,
    sunday_ratio=ROUND(sunday_amount_2001 / KEEP_IF(sunday_amount_2002, sunday_amount_2002 != 0), 2),
    monday_ratio=ROUND(monday_amount_2001 / KEEP_IF(monday_amount_2002, monday_amount_2002 != 0), 2),
    tuesday_ratio=ROUND(tuesday_amount_2001 / KEEP_IF(tuesday_amount_2002, tuesday_amount_2002 != 0), 2),
    wednesday_ratio=ROUND(wednesday_amount_2001 / KEEP_IF(wednesday_amount_2002, wednesday_amount_2002 != 0), 2),
    thursday_ratio=ROUND(thursday_amount_2001 / KEEP_IF(thursday_amount_2002, thursday_amount_2002 != 0), 2),
    friday_ratio=ROUND(friday_amount_2001 / KEEP_IF(friday_amount_2002, friday_amount_2002 != 0), 2),
    saturday_ratio=ROUND(saturday_amount_2001 / KEEP_IF(saturday_amount_2002, saturday_amount_2002 != 0), 2)
).TOP_K(10, by=d_week_seq1)","WITH _t1 AS (
  SELECT
    d_week_seq,
    d_year
  FROM tpcds.date_dim
  WHERE
    d_year <= 2003 AND d_year >= 2000
), _s2 AS (
  SELECT DISTINCT
    d_week_seq
  FROM _t1
), _t3 AS (
  SELECT
    d_date_sk,
    d_day_name,
    d_week_seq,
    d_year
  FROM tpcds.date_dim
  WHERE
    d_year <= 2003 AND d_year >= 2000
), _s1 AS (
  SELECT
    cs_ext_sales_price,
    cs_sold_date_sk
  FROM tpcds.catalog_sales
), _s3 AS (
  SELECT
    _t3.d_week_seq,
    SUM(CASE WHEN _t3.d_day_name = 'Friday' THEN _s1.cs_ext_sales_price ELSE NULL END) AS sum_expr,
    SUM(CASE WHEN _t3.d_day_name = 'Tuesday' THEN _s1.cs_ext_sales_price ELSE NULL END) AS sum_expr_29,
    SUM(CASE WHEN _t3.d_day_name = 'Wednesday' THEN _s1.cs_ext_sales_price ELSE NULL END) AS sum_expr_30,
    SUM(CASE WHEN _t3.d_day_name = 'Monday' THEN _s1.cs_ext_sales_price ELSE NULL END) AS sum_expr_31,
    SUM(CASE WHEN _t3.d_day_name = 'Saturday' THEN _s1.cs_ext_sales_price ELSE NULL END) AS sum_expr_32,
    SUM(CASE WHEN _t3.d_day_name = 'Sunday' THEN _s1.cs_ext_sales_price ELSE NULL END) AS sum_expr_33,
    SUM(CASE WHEN _t3.d_day_name = 'Thursday' THEN _s1.cs_ext_sales_price ELSE NULL END) AS sum_expr_34
  FROM _t3 AS _t3
  JOIN _s1 AS _s1
    ON _s1.cs_sold_date_sk = _t3.d_date_sk
  GROUP BY
    1
), _s5 AS (
  SELECT
    ws_ext_sales_price,
    ws_sold_date_sk
  FROM tpcds.web_sales
), _s7 AS (
  SELECT
    _t5.d_week_seq,
    SUM(CASE WHEN _t5.d_day_name = 'Friday' THEN _s5.ws_ext_sales_price ELSE NULL END) AS sum_expr,
    SUM(CASE WHEN _t5.d_day_name = 'Tuesday' THEN _s5.ws_ext_sales_price ELSE NULL END) AS sum_expr_36,
    SUM(CASE WHEN _t5.d_day_name = 'Wednesday' THEN _s5.ws_ext_sales_price ELSE NULL END) AS sum_expr_37,
    SUM(CASE WHEN _t5.d_day_name = 'Monday' THEN _s5.ws_ext_sales_price ELSE NULL END) AS sum_expr_38,
    SUM(CASE WHEN _t5.d_day_name = 'Saturday' THEN _s5.ws_ext_sales_price ELSE NULL END) AS sum_expr_39,
    SUM(CASE WHEN _t5.d_day_name = 'Sunday' THEN _s5.ws_ext_sales_price ELSE NULL END) AS sum_expr_40,
    SUM(CASE WHEN _t5.d_day_name = 'Thursday' THEN _s5.ws_ext_sales_price ELSE NULL END) AS sum_expr_41
  FROM _t3 AS _t5
  JOIN _s5 AS _s5
    ON _s5.ws_sold_date_sk = _t5.d_date_sk
  GROUP BY
    1
), _u_0 AS (
  SELECT
    d_week_seq AS _u_1
  FROM tpcds.date_dim
  WHERE
    d_year = 2001
  GROUP BY
    1
), _s11 AS (
  SELECT DISTINCT
    d_week_seq
  FROM _t1
), _s15 AS (
  SELECT
    _t9.d_week_seq,
    SUM(CASE WHEN _t9.d_day_name = 'Friday' THEN _s13.cs_ext_sales_price ELSE NULL END) AS sum_expr,
    SUM(CASE WHEN _t9.d_day_name = 'Monday' THEN _s13.cs_ext_sales_price ELSE NULL END) AS sum_expr_43,
    SUM(CASE WHEN _t9.d_day_name = 'Saturday' THEN _s13.cs_ext_sales_price ELSE NULL END) AS sum_expr_44,
    SUM(CASE WHEN _t9.d_day_name = 'Sunday' THEN _s13.cs_ext_sales_price ELSE NULL END) AS sum_expr_45,
    SUM(CASE WHEN _t9.d_day_name = 'Thursday' THEN _s13.cs_ext_sales_price ELSE NULL END) AS sum_expr_46,
    SUM(CASE WHEN _t9.d_day_name = 'Tuesday' THEN _s13.cs_ext_sales_price ELSE NULL END) AS sum_expr_47,
    SUM(
      CASE WHEN _t9.d_day_name = 'Wednesday' THEN _s13.cs_ext_sales_price ELSE NULL END
    ) AS sum_expr_48
  FROM _t3 AS _t9
  JOIN _s1 AS _s13
    ON _s13.cs_sold_date_sk = _t9.d_date_sk
  GROUP BY
    1
), _s19 AS (
  SELECT
    _t11.d_week_seq,
    SUM(CASE WHEN _t11.d_day_name = 'Friday' THEN _s17.ws_ext_sales_price ELSE NULL END) AS sum_expr,
    SUM(CASE WHEN _t11.d_day_name = 'Monday' THEN _s17.ws_ext_sales_price ELSE NULL END) AS sum_expr_50,
    SUM(
      CASE WHEN _t11.d_day_name = 'Saturday' THEN _s17.ws_ext_sales_price ELSE NULL END
    ) AS sum_expr_51,
    SUM(CASE WHEN _t11.d_day_name = 'Sunday' THEN _s17.ws_ext_sales_price ELSE NULL END) AS sum_expr_52,
    SUM(
      CASE WHEN _t11.d_day_name = 'Thursday' THEN _s17.ws_ext_sales_price ELSE NULL END
    ) AS sum_expr_53,
    SUM(CASE WHEN _t11.d_day_name = 'Tuesday' THEN _s17.ws_ext_sales_price ELSE NULL END) AS sum_expr_54,
    SUM(
      CASE WHEN _t11.d_day_name = 'Wednesday' THEN _s17.ws_ext_sales_price ELSE NULL END
    ) AS sum_expr_55
  FROM _t3 AS _t11
  JOIN _s5 AS _s17
    ON _s17.ws_sold_date_sk = _t11.d_date_sk
  GROUP BY
    1
), _u_2 AS (
  SELECT
    d_week_seq AS _u_3
  FROM tpcds.date_dim
  WHERE
    d_year = 2002
  GROUP BY
    1
)
SELECT
  _s2.d_week_seq AS d_week_seq1,
  ROUND(
    CAST(CAST((
      COALESCE(_s3.sum_expr_33, 0) + COALESCE(_s7.sum_expr_40, 0)
    ) AS DOUBLE PRECISION) / CASE
      WHEN (
        COALESCE(_s15.sum_expr_45, 0) + COALESCE(_s19.sum_expr_52, 0)
      ) <> 0
      THEN COALESCE(_s15.sum_expr_45, 0) + COALESCE(_s19.sum_expr_52, 0)
      ELSE NULL
    END AS DECIMAL),
    2
  ) AS sunday_ratio,
  ROUND(
    CAST(CAST((
      COALESCE(_s3.sum_expr_31, 0) + COALESCE(_s7.sum_expr_38, 0)
    ) AS DOUBLE PRECISION) / CASE
      WHEN (
        COALESCE(_s15.sum_expr_43, 0) + COALESCE(_s19.sum_expr_50, 0)
      ) <> 0
      THEN COALESCE(_s15.sum_expr_43, 0) + COALESCE(_s19.sum_expr_50, 0)
      ELSE NULL
    END AS DECIMAL),
    2
  ) AS monday_ratio,
  ROUND(
    CAST(CAST((
      COALESCE(_s3.sum_expr_29, 0) + COALESCE(_s7.sum_expr_36, 0)
    ) AS DOUBLE PRECISION) / CASE
      WHEN (
        COALESCE(_s15.sum_expr_47, 0) + COALESCE(_s19.sum_expr_54, 0)
      ) <> 0
      THEN COALESCE(_s15.sum_expr_47, 0) + COALESCE(_s19.sum_expr_54, 0)
      ELSE NULL
    END AS DECIMAL),
    2
  ) AS tuesday_ratio,
  ROUND(
    CAST(CAST((
      COALESCE(_s3.sum_expr_30, 0) + COALESCE(_s7.sum_expr_37, 0)
    ) AS DOUBLE PRECISION) / CASE
      WHEN (
        COALESCE(_s15.sum_expr_48, 0) + COALESCE(_s19.sum_expr_55, 0)
      ) <> 0
      THEN COALESCE(_s15.sum_expr_48, 0) + COALESCE(_s19.sum_expr_55, 0)
      ELSE NULL
    END AS DECIMAL),
    2
  ) AS wednesday_ratio,
  ROUND(
    CAST(CAST((
      COALESCE(_s3.sum_expr_34, 0) + COALESCE(_s7.sum_expr_41, 0)
    ) AS DOUBLE PRECISION) / CASE
      WHEN (
        COALESCE(_s15.sum_expr_46, 0) + COALESCE(_s19.sum_expr_53, 0)
      ) <> 0
      THEN COALESCE(_s15.sum_expr_46, 0) + COALESCE(_s19.sum_expr_53, 0)
      ELSE NULL
    END AS DECIMAL),
    2
  ) AS thursday_ratio,
  ROUND(
    CAST(CAST((
      COALESCE(_s3.sum_expr, 0) + COALESCE(_s7.sum_expr, 0)
    ) AS DOUBLE PRECISION) / CASE
      WHEN (
        COALESCE(_s15.sum_expr, 0) + COALESCE(_s19.sum_expr, 0)
      ) <> 0
      THEN COALESCE(_s15.sum_expr, 0) + COALESCE(_s19.sum_expr, 0)
      ELSE NULL
    END AS DECIMAL),
    2
  ) AS friday_ratio,
  ROUND(
    CAST(CAST((
      COALESCE(_s3.sum_expr_32, 0) + COALESCE(_s7.sum_expr_39, 0)
    ) AS DOUBLE PRECISION) / CASE
      WHEN (
        COALESCE(_s15.sum_expr_44, 0) + COALESCE(_s19.sum_expr_51, 0)
      ) <> 0
      THEN COALESCE(_s15.sum_expr_44, 0) + COALESCE(_s19.sum_expr_51, 0)
      ELSE NULL
    END AS DECIMAL),
    2
  ) AS saturday_ratio
FROM _s2 AS _s2
LEFT JOIN _s3 AS _s3
  ON _s2.d_week_seq = _s3.d_week_seq
LEFT JOIN _s7 AS _s7
  ON _s2.d_week_seq = _s7.d_week_seq
LEFT JOIN _u_0 AS _u_0
  ON _s2.d_week_seq = _u_0._u_1
JOIN _s11 AS _s11
  ON _s11.d_week_seq = (
    _s2.d_week_seq + 53
  )
LEFT JOIN _s15 AS _s15
  ON _s11.d_week_seq = _s15.d_week_seq
LEFT JOIN _s19 AS _s19
  ON _s11.d_week_seq = _s19.d_week_seq
LEFT JOIN _u_2 AS _u_2
  ON _s11.d_week_seq = _u_2._u_3
WHERE
  NOT _u_0._u_1 IS NULL AND NOT _u_2._u_3 IS NULL
ORDER BY
  1 NULLS FIRST
LIMIT 10",15.909847388000344,23.62430960399979,"Limit  (cost=2050404.49..2050416.41 rows=1 width=232) (actual time=15246.308..15247.966 rows=10 loops=1)
  CTE wswscs
    ->  Finalize GroupAggregate  (cost=2040292.33..2043801.95 rows=10450 width=232) (actual time=14654.756..14658.554 rows=263 loops=1)
          Group Key: date_dim_2.d_week_seq
          ->  Gather Merge  (cost=2040292.33..2042730.83 rows=20900 width=232) (actual time=14654.719..14656.588 rows=789 loops=1)
                Workers Planned: 2
                Workers Launched: 2
                ->  Sort  (cost=2039292.30..2039318.43 rows=10450 width=232) (actual time=14640.180..14640.210 rows=263 loops=3)
                      Sort Key: date_dim_2.d_week_seq
                      Sort Method: quicksort  Memory: 154kB
                      Worker 0:  Sort Method: quicksort  Memory: 152kB
                      Worker 1:  Sort Method: quicksort  Memory: 154kB
                      ->  Partial HashAggregate  (cost=1932839.44..2038594.70 rows=10450 width=232) (actual time=14639.556..14640.078 rows=263 loops=3)
                            Group Key: date_dim_2.d_week_seq
                            Planned Partitions: 4  Batches: 1  Memory Usage: 977kB
                            Worker 0:  Batches: 1  Memory Usage: 977kB
                            Worker 1:  Batches: 1  Memory Usage: 977kB
                            ->  Parallel Hash Join  (cost=2998.82..993472.17 rows=8999926 width=22) (actual time=262.175..11849.673 rows=7175008 loops=3)
                                  Hash Cond: (catalog_sales.cs_sold_date_sk = date_dim_2.d_date_sk)
                                  ->  Parallel Append  (cost=0.00..903782.88 rows=8999925 width=14) (actual time=0.375..10251.419 rows=7199609 loops=3)
                                        ->  Parallel Seq Scan on catalog_sales  (cost=0.00..571766.15 rows=6001415 width=14) (actual time=0.360..5947.148 rows=4800420 loops=3)
                                        ->  Parallel Seq Scan on web_sales  (cost=0.00..287017.10 rows=2998510 width=14) (actual time=0.375..5672.935 rows=3598783 loops=2)
                                  ->  Parallel Hash  (cost=2461.70..2461.70 rows=42970 width=24) (actual time=261.164..261.166 rows=24350 loops=3)
                                        Buckets: 131072  Batches: 1  Memory Usage: 5344kB
                                        ->  Parallel Seq Scan on date_dim date_dim_2  (cost=0.00..2461.70 rows=42970 width=24) (actual time=165.245..169.907 rows=24350 loops=3)
  ->  Merge Join  (cost=6602.54..6614.46 rows=1 width=232) (actual time=14669.847..14669.883 rows=10 loops=1)
        Merge Cond: (y.d_week_seq1 = ((z.d_week_seq2 - 53)))
        ->  Subquery Scan on y  (cost=3295.35..3307.18 rows=2 width=232) (actual time=14662.572..14662.588 rows=10 loops=1)
              Filter: (y.rn1 = 1)
              ->  WindowAgg  (cost=3295.35..3302.63 rows=364 width=240) (actual time=14662.565..14662.579 rows=10 loops=1)
                    Run Condition: (row_number() OVER (?) <= 1)
                    ->  Sort  (cost=3295.35..3296.26 rows=364 width=232) (actual time=14662.536..14662.540 rows=58 loops=1)
                          Sort Key: wswscs.d_week_seq, wswscs.sun_sales DESC
                          Sort Method: quicksort  Memory: 59kB
                          ->  Hash Join  (cost=2949.66..3279.87 rows=364 width=232) (actual time=14661.099..14662.380 rows=365 loops=1)
                                Hash Cond: (wswscs.d_week_seq = date_dim.d_week_seq)
                                ->  CTE Scan on wswscs  (cost=0.00..209.00 rows=10450 width=232) (actual time=14654.759..14657.059 rows=263 loops=1)
                                ->  Hash  (cost=2945.11..2945.11 rows=364 width=8) (actual time=5.184..5.184 rows=365 loops=1)
                                      Buckets: 1024  Batches: 1  Memory Usage: 23kB
                                      ->  Seq Scan on date_dim  (cost=0.00..2945.11 rows=364 width=8) (actual time=2.625..5.145 rows=365 loops=1)
                                            Filter: (d_year = 2001)
                                            Rows Removed by Filter: 72684
        ->  Sort  (cost=3307.19..3307.19 rows=2 width=232) (actual time=7.256..7.259 rows=10 loops=1)
              Sort Key: ((z.d_week_seq2 - 53))
              Sort Method: quicksort  Memory: 30kB
              ->  Subquery Scan on z  (cost=3295.35..3307.18 rows=2 width=232) (actual time=7.175..7.239 rows=53 loops=1)
                    Filter: (z.rn2 = 1)
                    ->  WindowAgg  (cost=3295.35..3302.63 rows=364 width=240) (actual time=7.170..7.229 rows=53 loops=1)
                          Run Condition: (row_number() OVER (?) <= 1)
                          ->  Sort  (cost=3295.35..3296.26 rows=364 width=232) (actual time=7.163..7.177 rows=365 loops=1)
                                Sort Key: wswscs_1.d_week_seq, wswscs_1.sun_sales DESC
                                Sort Method: quicksort  Memory: 59kB
                                ->  Hash Join  (cost=2949.66..3279.87 rows=364 width=232) (actual time=7.041..7.074 rows=365 loops=1)
                                      Hash Cond: (wswscs_1.d_week_seq = date_dim_1.d_week_seq)
                                      ->  CTE Scan on wswscs wswscs_1  (cost=0.00..209.00 rows=10450 width=232) (actual time=0.001..0.017 rows=263 loops=1)
                                      ->  Hash  (cost=2945.11..2945.11 rows=364 width=8) (actual time=6.983..6.983 rows=365 loops=1)
                                            Buckets: 1024  Batches: 1  Memory Usage: 23kB
                                            ->  Seq Scan on date_dim date_dim_1  (cost=0.00..2945.11 rows=364 width=8) (actual time=3.702..6.921 rows=365 loops=1)
                                                  Filter: (d_year = 2002)
                                                  Rows Removed by Filter: 72684
Planning Time: 0.401 ms
JIT:
  Functions: 94
  Options: Inlining true, Optimization true, Expressions true, Deforming true
  Timing: Generation 6.279 ms, Inlining 125.246 ms, Optimization 545.580 ms, Emission 401.632 ms, Total 1078.737 ms
Execution Time: 15251.346 ms","Limit  (cost=24529734.07..24529782.23 rows=10 width=232) (actual time=25624.504..25624.899 rows=10 loops=1)
  CTE _t1
    ->  Seq Scan on date_dim date_dim_2  (cost=0.00..3127.73 rows=1441 width=16) (actual time=2.649..5.214 rows=1461 loops=1)
          Filter: ((d_year <= 2003) AND (d_year >= 2000))
          Rows Removed by Filter: 71588
  CTE _t3
    ->  Seq Scan on date_dim date_dim_3  (cost=0.00..3127.73 rows=1441 width=32) (actual time=2.792..5.463 rows=1461 loops=1)
          Filter: ((d_year <= 2003) AND (d_year >= 2000))
          Rows Removed by Filter: 71588
  CTE _s1
    ->  Seq Scan on catalog_sales  (cost=0.00..655785.97 rows=14403397 width=14) (actual time=0.350..4243.221 rows=14401261 loops=1)
  CTE _s5
    ->  Seq Scan on web_sales  (cost=0.00..328996.25 rows=7196425 width=14) (actual time=0.295..2192.749 rows=7197566 loops=1)
  ->  Merge Join  (cost=23538696.38..23541797.90 rows=644 width=232) (actual time=24539.403..24539.795 rows=10 loops=1)
        Merge Cond: (_t1.d_week_seq = date_dim_1.d_week_seq)
        ->  Nested Loop  (cost=23535718.73..23538709.69 rows=359 width=904) (actual time=24534.145..24534.468 rows=10 loops=1)
              Join Filter: (_t1_1.d_week_seq = date_dim.d_week_seq)
              Rows Removed by Join Filter: 2801
              ->  Nested Loop Left Join  (cost=23532758.13..23534674.73 rows=200 width=912) (actual time=24526.838..24528.899 rows=62 loops=1)
                    Join Filter: (_t1_1.d_week_seq = _s19.d_week_seq)
                    Rows Removed by Join Filter: 5138
                    ->  Nested Loop Left Join  (cost=19612548.74..19613860.31 rows=200 width=688) (actual time=21725.424..21726.817 rows=62 loops=1)
                          Join Filter: (_t1_1.d_week_seq = _s15.d_week_seq)
                          Rows Removed by Join Filter: 5169
                          ->  Nested Loop  (cost=11766431.45..11767137.99 rows=200 width=464) (actual time=17053.556..17054.213 rows=62 loops=1)
                                Join Filter: ((_t1.d_week_seq + 53) = _t1_1.d_week_seq)
                                Rows Removed by Join Filter: 7116
                                ->  Merge Left Join  (cost=11766399.03..11766406.53 rows=200 width=456) (actual time=17053.304..17053.372 rows=62 loops=1)
                                      Merge Cond: (_t1.d_week_seq = _s7.d_week_seq)
                                      ->  Merge Left Join  (cost=7846174.50..7846178.50 rows=200 width=232) (actual time=11182.257..11182.294 rows=62 loops=1)
                                            Merge Cond: (_t1.d_week_seq = _s3.d_week_seq)
                                            ->  Sort  (cost=42.07..42.57 rows=200 width=8) (actual time=5.691..5.696 rows=62 loops=1)
                                                  Sort Key: _t1.d_week_seq NULLS FIRST
                                                  Sort Method: quicksort  Memory: 25kB
                                                  ->  HashAggregate  (cost=32.42..34.42 rows=200 width=8) (actual time=5.635..5.658 rows=210 loops=1)
                                                        Group Key: _t1.d_week_seq
                                                        Batches: 1  Memory Usage: 48kB
                                                        ->  CTE Scan on _t1  (cost=0.00..28.82 rows=1441 width=8) (actual time=2.652..5.448 rows=1461 loops=1)
                                            ->  Sort  (cost=7846132.43..7846132.93 rows=200 width=232) (actual time=11176.554..11176.566 rows=62 loops=1)
                                                  Sort Key: _s3.d_week_seq NULLS FIRST
                                                  Sort Method: quicksort  Memory: 39kB
                                                  ->  Subquery Scan on _s3  (cost=7846117.29..7846124.79 rows=200 width=232) (actual time=11176.335..11176.515 rows=159 loops=1)
                                                        ->  HashAggregate  (cost=7846117.29..7846122.79 rows=200 width=232) (actual time=11176.332..11176.499 rows=159 loops=1)
                                                              Group Key: _t3.d_week_seq
                                                              Batches: 1  Memory Usage: 544kB
                                                              ->  Hash Join  (cost=46.83..3954499.48 rows=103776475 width=60) (actual time=6.387..8849.934 rows=8627065 loops=1)
                                                                    Hash Cond: (_s1.cs_sold_date_sk = _t3.d_date_sk)
                                                                    ->  CTE Scan on _s1  (cost=0.00..288067.94 rows=14403397 width=22) (actual time=0.351..7277.556 rows=14401261 loops=1)
                                                                    ->  Hash  (cost=28.82..28.82 rows=1441 width=54) (actual time=5.959..5.960 rows=1461 loops=1)
                                                                          Buckets: 2048  Batches: 1  Memory Usage: 101kB
                                                                          ->  CTE Scan on _t3  (cost=0.00..28.82 rows=1441 width=54) (actual time=2.796..5.794 rows=1461 loops=1)
                                      ->  Sort  (cost=3920224.53..3920225.03 rows=200 width=232) (actual time=5871.033..5871.044 rows=62 loops=1)
                                            Sort Key: _s7.d_week_seq NULLS FIRST
                                            Sort Method: quicksort  Memory: 39kB
                                            ->  Subquery Scan on _s7  (cost=3920209.39..3920216.89 rows=200 width=232) (actual time=5870.846..5870.991 rows=158 loops=1)
                                                  ->  HashAggregate  (cost=3920209.39..3920214.89 rows=200 width=232) (actual time=5870.844..5870.976 rows=158 loops=1)
                                                        Group Key: _t5.d_week_seq
                                                        Batches: 1  Memory Usage: 544kB
                                                        ->  Hash Join  (cost=46.83..1975825.31 rows=51850242 width=60) (actual time=0.595..4587.361 rows=4334472 loops=1)
                                                              Hash Cond: (_s5.ws_sold_date_sk = _t5.d_date_sk)
                                                              ->  CTE Scan on _s5  (cost=0.00..143928.50 rows=7196425 width=22) (actual time=0.297..3722.987 rows=7197566 loops=1)
                                                              ->  Hash  (cost=28.82..28.82 rows=1441 width=54) (actual time=0.281..0.282 rows=1461 loops=1)
                                                                    Buckets: 2048  Batches: 1  Memory Usage: 101kB
                                                                    ->  CTE Scan on _t3 _t5  (cost=0.00..28.82 rows=1441 width=54) (actual time=0.003..0.110 rows=1461 loops=1)
                                ->  Materialize  (cost=32.42..35.42 rows=200 width=8) (actual time=0.004..0.009 rows=116 loops=62)
                                      ->  HashAggregate  (cost=32.42..34.42 rows=200 width=8) (actual time=0.241..0.265 rows=209 loops=1)
                                            Group Key: _t1_1.d_week_seq
                                            Batches: 1  Memory Usage: 48kB
                                            ->  CTE Scan on _t1 _t1_1  (cost=0.00..28.82 rows=1441 width=8) (actual time=0.001..0.079 rows=1461 loops=1)
                          ->  Materialize  (cost=7846117.29..7846125.79 rows=200 width=232) (actual time=75.353..75.359 rows=84 loops=62)
                                ->  Subquery Scan on _s15  (cost=7846117.29..7846124.79 rows=200 width=232) (actual time=4671.854..4672.026 rows=157 loops=1)
                                      ->  HashAggregate  (cost=7846117.29..7846122.79 rows=200 width=232) (actual time=4671.851..4672.011 rows=157 loops=1)
                                            Group Key: _t9.d_week_seq
                                            Batches: 1  Memory Usage: 544kB
                                            ->  Hash Join  (cost=46.83..3954499.48 rows=103776475 width=60) (actual time=0.321..2479.042 rows=8627065 loops=1)
                                                  Hash Cond: (_s13.cs_sold_date_sk = _t9.d_date_sk)
                                                  ->  CTE Scan on _s1 _s13  (cost=0.00..288067.94 rows=14403397 width=22) (actual time=0.021..1010.635 rows=14401261 loops=1)
                                                  ->  Hash  (cost=28.82..28.82 rows=1441 width=54) (actual time=0.277..0.277 rows=1461 loops=1)
                                                        Buckets: 2048  Batches: 1  Memory Usage: 101kB
                                                        ->  CTE Scan on _t3 _t9  (cost=0.00..28.82 rows=1441 width=54) (actual time=0.004..0.108 rows=1461 loops=1)
                    ->  Materialize  (cost=3920209.39..3920217.89 rows=200 width=232) (actual time=45.184..45.190 rows=84 loops=62)
                          ->  Subquery Scan on _s19  (cost=3920209.39..3920216.89 rows=200 width=232) (actual time=2801.398..2801.527 rows=156 loops=1)
                                ->  HashAggregate  (cost=3920209.39..3920214.89 rows=200 width=232) (actual time=2801.395..2801.512 rows=156 loops=1)
                                      Group Key: _t11.d_week_seq
                                      Batches: 1  Memory Usage: 544kB
                                      ->  Hash Join  (cost=46.83..1975825.31 rows=51850242 width=60) (actual time=0.348..1598.506 rows=4334472 loops=1)
                                            Hash Cond: (_s17.ws_sold_date_sk = _t11.d_date_sk)
                                            ->  CTE Scan on _s5 _s17  (cost=0.00..143928.50 rows=7196425 width=22) (actual time=0.038..509.142 rows=7197566 loops=1)
                                            ->  Hash  (cost=28.82..28.82 rows=1441 width=54) (actual time=0.290..0.290 rows=1461 loops=1)
                                                  Buckets: 2048  Batches: 1  Memory Usage: 101kB
                                                  ->  CTE Scan on _t3 _t11  (cost=0.00..28.82 rows=1441 width=54) (actual time=0.004..0.109 rows=1461 loops=1)
              ->  Materialize  (cost=2960.60..2964.21 rows=359 width=8) (actual time=0.085..0.088 rows=45 loops=62)
                    ->  Group  (cost=2960.60..2962.42 rows=359 width=8) (actual time=5.296..5.336 rows=53 loops=1)
                          Group Key: date_dim.d_week_seq
                          ->  Sort  (cost=2960.60..2961.51 rows=364 width=8) (actual time=5.290..5.304 rows=365 loops=1)
                                Sort Key: date_dim.d_week_seq
                                Sort Method: quicksort  Memory: 25kB
                                ->  Seq Scan on date_dim  (cost=0.00..2945.11 rows=364 width=8) (actual time=2.659..5.263 rows=365 loops=1)
                                      Filter: ((d_week_seq IS NOT NULL) AND (d_year = 2002))
                                      Rows Removed by Filter: 72684
        ->  Sort  (cost=2977.65..2978.55 rows=359 width=8) (actual time=5.225..5.226 rows=10 loops=1)
              Sort Key: date_dim_1.d_week_seq NULLS FIRST
              Sort Method: quicksort  Memory: 25kB
              ->  Group  (cost=2960.60..2962.42 rows=359 width=8) (actual time=5.180..5.216 rows=53 loops=1)
                    Group Key: date_dim_1.d_week_seq
                    ->  Sort  (cost=2960.60..2961.51 rows=364 width=8) (actual time=5.175..5.189 rows=365 loops=1)
                          Sort Key: date_dim_1.d_week_seq
                          Sort Method: quicksort  Memory: 25kB
                          ->  Seq Scan on date_dim date_dim_1  (cost=0.00..2945.11 rows=364 width=8) (actual time=2.627..5.155 rows=365 loops=1)
                                Filter: ((d_week_seq IS NOT NULL) AND (d_year = 2001))
                                Rows Removed by Filter: 72684
Planning Time: 2.076 ms
JIT:
  Functions: 132
  Options: Inlining true, Optimization true, Expressions true, Deforming true
  Timing: Generation 6.104 ms, Inlining 13.647 ms, Optimization 614.436 ms, Emission 457.298 ms, Total 1091.486 ms
Execution Time: 25706.828 ms",SUCCESS
24,25,TPCDS,Q3,"SELECT
    dt.d_year,
    item.i_brand_id  AS brand_id,
    item.i_brand     AS brand,
    SUM(ss_ext_sales_price) AS sum_agg
FROM tpcds.date_dim dt
JOIN tpcds.store_sales ON dt.d_date_sk = store_sales.ss_sold_date_sk
JOIN tpcds.item        ON store_sales.ss_item_sk = item.i_item_sk
WHERE item.i_manufact_id = 128 
  AND dt.d_moy = 11
GROUP BY
    dt.d_year,
    item.i_brand,
    item.i_brand_id
ORDER BY
    dt.d_year,
    sum_agg DESC,
    brand_id
LIMIT 100;","result = items.WHERE(
    (manufacturer_id == 128)
).CALCULATE(brand_id, brand).store_sales.WHERE(sold_date.month_of_year == 11).CALCULATE(
    sold_year=sold_date.year,
    brand_id=brand_id,
    brand=brand,
    extended_price=ext_sales_price
).PARTITION(
    name=""year"", by=(sold_year, brand_id, brand)
).CALCULATE(
    d_year=sold_year,
    brand_id=brand_id,
    brand=brand,
    sum_agg=SUM(store_sales.extended_price)
).TOP_K(100, by=(sold_year, sum_agg.DESC(), brand_id))","SELECT
  date_dim.d_year,
  item.i_brand_id AS brand_id,
  item.i_brand AS brand,
  COALESCE(SUM(store_sales.ss_ext_sales_price), 0) AS sum_agg
FROM tpcds.item AS item
JOIN tpcds.store_sales AS store_sales
  ON item.i_item_sk = store_sales.ss_item_sk
JOIN tpcds.date_dim AS date_dim
  ON date_dim.d_date_sk = store_sales.ss_sold_date_sk AND date_dim.d_moy = 11
WHERE
  item.i_manufact_id = 128
GROUP BY
  1,
  2,
  3
ORDER BY
  1 NULLS FIRST,
  4 DESC NULLS LAST,
  2 NULLS FIRST
LIMIT 100",18.723710780000147,20.245960795999963,"Limit  (cost=40817.14..196707.14 rows=100 width=65) (actual time=26525.676..26659.289 rows=100 loops=1)
  ->  Incremental Sort  (cost=40817.14..3118085.82 rows=1974 width=65) (actual time=26511.073..26644.678 rows=100 loops=1)
        Sort Key: dt.d_year, (sum(store_sales.ss_ext_sales_price)) DESC, item.i_brand_id
        Presorted Key: dt.d_year
        Full-sort Groups: 2  Sort Methods: top-N heapsort, quicksort  Average Memory: 29kB  Peak Memory: 29kB
        Pre-sorted Groups: 2  Sort Method: quicksort  Average Memory: 29kB  Peak Memory: 29kB
        ->  GroupAggregate  (cost=25353.62..3118024.54 rows=1974 width=65) (actual time=26376.991..26644.502 rows=141 loops=1)
              Group Key: dt.d_year, item.i_brand, item.i_brand_id
              ->  Incremental Sort  (cost=25353.62..3117980.13 rows=1974 width=39) (actual time=26376.952..26643.928 rows=3387 loops=1)
                    Sort Key: dt.d_year, item.i_brand, item.i_brand_id
                    Presorted Key: dt.d_year
                    Full-sort Groups: 3  Sort Method: quicksort  Average Memory: 29kB  Peak Memory: 29kB
                    Pre-sorted Groups: 3  Sort Method: quicksort  Average Memory: 160kB  Peak Memory: 161kB
                    ->  Nested Loop  (cost=9812.93..3117918.85 rows=1974 width=39) (actual time=26243.737..26640.701 rows=4885 loops=1)
                          Join Filter: (dt.d_date_sk = store_sales.ss_sold_date_sk)
                          Rows Removed by Join Filter: 156946424
                          ->  Gather Merge  (cost=3777.21..4461.27 rows=6002 width=16) (actual time=17.726..18.727 rows=3031 loops=1)
                                Workers Planned: 1
                                Workers Launched: 1
                                ->  Sort  (cost=2777.20..2786.03 rows=3531 width=16) (actual time=3.734..3.978 rows=1516 loops=2)
                                      Sort Key: dt.d_year
                                      Sort Method: quicksort  Memory: 427kB
                                      Worker 0:  Sort Method: quicksort  Memory: 25kB
                                      ->  Parallel Seq Scan on date_dim dt  (cost=0.00..2569.12 rows=3531 width=16) (actual time=0.029..3.435 rows=3000 loops=2)
                                            Filter: (d_moy = 11)
                                            Rows Removed by Filter: 33524
                          ->  Materialize  (cost=6035.71..851246.57 rows=25128 width=39) (actual time=0.031..6.275 rows=51782 loops=3031)
                                ->  Gather  (cost=6035.71..851120.93 rows=25128 width=39) (actual time=92.369..13257.799 rows=51799 loops=1)
                                      Workers Planned: 2
                                      Workers Launched: 2
                                      ->  Parallel Hash Join  (cost=5035.71..847608.12 rows=10470 width=39) (actual time=79.639..13249.560 rows=17266 loops=3)
                                            Hash Cond: (store_sales.ss_item_sk = item.i_item_sk)
                                            ->  Parallel Seq Scan on store_sales  (cost=0.00..797530.82 rows=11999482 width=22) (actual time=0.273..12196.673 rows=9600330 loops=3)
                                            ->  Parallel Hash  (cost=5035.25..5035.25 rows=37 width=33) (actual time=78.097..78.098 rows=60 loops=3)
                                                  Buckets: 1024  Batches: 1  Memory Usage: 104kB
                                                  ->  Parallel Seq Scan on item  (cost=0.00..5035.25 rows=37 width=33) (actual time=8.432..77.987 rows=60 loops=3)
                                                        Filter: (i_manufact_id = 128)
                                                        Rows Removed by Filter: 33940
Planning Time: 0.200 ms
JIT:
  Functions: 57
  Options: Inlining false, Optimization false, Expressions true, Deforming true
  Timing: Generation 3.746 ms, Inlining 0.000 ms, Optimization 2.068 ms, Emission 32.955 ms, Total 38.770 ms
Execution Time: 26661.251 ms","Limit  (cost=40817.14..196707.14 rows=100 width=65) (actual time=27321.494..27462.977 rows=100 loops=1)
  ->  Incremental Sort  (cost=40817.14..3118085.82 rows=1974 width=65) (actual time=27306.660..27448.136 rows=100 loops=1)
        Sort Key: date_dim.d_year NULLS FIRST, (COALESCE(sum(store_sales.ss_ext_sales_price), '0'::numeric)) DESC NULLS LAST, item.i_brand_id NULLS FIRST
        Presorted Key: date_dim.d_year
        Full-sort Groups: 2  Sort Methods: top-N heapsort, quicksort  Average Memory: 29kB  Peak Memory: 29kB
        Pre-sorted Groups: 2  Sort Method: quicksort  Average Memory: 29kB  Peak Memory: 29kB
        ->  GroupAggregate  (cost=25353.62..3118024.54 rows=1974 width=65) (actual time=27165.455..27447.959 rows=141 loops=1)
              Group Key: date_dim.d_year, item.i_brand_id, item.i_brand
              ->  Incremental Sort  (cost=25353.62..3117980.13 rows=1974 width=39) (actual time=27165.414..27447.407 rows=3380 loops=1)
                    Sort Key: date_dim.d_year NULLS FIRST, item.i_brand_id NULLS FIRST, item.i_brand
                    Presorted Key: date_dim.d_year
                    Full-sort Groups: 3  Sort Method: quicksort  Average Memory: 29kB  Peak Memory: 29kB
                    Pre-sorted Groups: 3  Sort Method: quicksort  Average Memory: 160kB  Peak Memory: 161kB
                    ->  Nested Loop  (cost=9812.93..3117918.85 rows=1974 width=39) (actual time=27024.654..27446.023 rows=4885 loops=1)
                          Join Filter: (store_sales.ss_sold_date_sk = date_dim.d_date_sk)
                          Rows Removed by Join Filter: 156946389
                          ->  Gather Merge  (cost=3777.21..4461.27 rows=6002 width=16) (actual time=17.695..18.730 rows=3031 loops=1)
                                Workers Planned: 1
                                Workers Launched: 1
                                ->  Sort  (cost=2777.20..2786.03 rows=3531 width=16) (actual time=4.003..4.255 rows=1516 loops=2)
                                      Sort Key: date_dim.d_year NULLS FIRST
                                      Sort Method: quicksort  Memory: 427kB
                                      Worker 0:  Sort Method: quicksort  Memory: 25kB
                                      ->  Parallel Seq Scan on date_dim  (cost=0.00..2569.12 rows=3531 width=16) (actual time=0.029..3.704 rows=3000 loops=2)
                                            Filter: (d_moy = 11)
                                            Rows Removed by Filter: 33524
                          ->  Materialize  (cost=6035.71..851246.57 rows=25128 width=39) (actual time=0.029..6.267 rows=51782 loops=3031)
                                ->  Gather  (cost=6035.71..851120.93 rows=25128 width=39) (actual time=86.378..13228.962 rows=51799 loops=1)
                                      Workers Planned: 2
                                      Workers Launched: 2
                                      ->  Parallel Hash Join  (cost=5035.71..847608.12 rows=10470 width=39) (actual time=72.647..13220.884 rows=17266 loops=3)
                                            Hash Cond: (store_sales.ss_item_sk = item.i_item_sk)
                                            ->  Parallel Seq Scan on store_sales  (cost=0.00..797530.82 rows=11999482 width=22) (actual time=0.270..12185.976 rows=9600330 loops=3)
                                            ->  Parallel Hash  (cost=5035.25..5035.25 rows=37 width=33) (actual time=71.143..71.143 rows=60 loops=3)
                                                  Buckets: 1024  Batches: 1  Memory Usage: 104kB
                                                  ->  Parallel Seq Scan on item  (cost=0.00..5035.25 rows=37 width=33) (actual time=8.248..71.031 rows=60 loops=3)
                                                        Filter: (i_manufact_id = 128)
                                                        Rows Removed by Filter: 33940
Planning Time: 0.235 ms
JIT:
  Functions: 57
  Options: Inlining false, Optimization false, Expressions true, Deforming true
  Timing: Generation 4.069 ms, Inlining 0.000 ms, Optimization 1.905 ms, Emission 33.874 ms, Total 39.847 ms
Execution Time: 27465.072 ms",SUCCESS
25,26,TPCDS,Q6,"WITH month_seq AS (
    SELECT d_month_seq
    FROM tpcds.date_dim
    WHERE d_year = 2001
      AND d_moy = 1
    LIMIT 1
),
category_avg AS (
    SELECT i_category,
           AVG(i_current_price) AS avg_price
    FROM tpcds.item
    GROUP BY i_category
)
SELECT
    a.ca_state AS state,
    COUNT(*) AS cnt
FROM tpcds.customer_address a
JOIN tpcds.customer c         ON a.ca_address_sk = c.c_current_addr_sk
JOIN tpcds.store_sales s      ON c.c_customer_sk = s.ss_customer_sk
JOIN tpcds.date_dim d         ON s.ss_sold_date_sk = d.d_date_sk
JOIN tpcds.item i             ON s.ss_item_sk = i.i_item_sk
JOIN category_avg ca    ON i.i_category = ca.i_category
WHERE d.d_month_seq = (SELECT d_month_seq FROM month_seq)
  AND i.i_current_price > 1.2 * ca.avg_price
GROUP BY a.ca_state
HAVING COUNT(*) >= 10
ORDER BY cnt, a.ca_state
LIMIT 10;","selected_month_sold = sold_date.WHERE((month_of_year == 1) & (year == 2001))
result = items.PARTITION(
    name=""item_category"",
    by=category
).CALCULATE(
    category_avg=AVG(items.current_price)
).items.store_sales.WHERE(
    (HAS(selected_month_sold))
    & (item.current_price > 1.2*category_avg)
).customer.CALCULATE(
    state=current_address.state
).PARTITION(
    name=""state"", by=state
).CALCULATE(
    state,
    cnt=COUNT(customer)
).WHERE(cnt >= 10).TOP_K(10, by=(cnt, state))","WITH _s0 AS (
  SELECT
    i_category,
    AVG(CAST(i_current_price AS DECIMAL)) AS avg_i_current_price
  FROM tpcds.item
  GROUP BY
    1
), _t1 AS (
  SELECT
    customer_address.ca_state,
    COUNT(*) AS n_rows
  FROM _s0 AS _s0
  JOIN tpcds.item AS item
    ON _s0.i_category = item.i_category
  JOIN tpcds.store_sales AS store_sales
    ON item.i_item_sk = store_sales.ss_item_sk
  JOIN tpcds.date_dim AS date_dim
    ON date_dim.d_date_sk = store_sales.ss_sold_date_sk
    AND date_dim.d_moy = 1
    AND date_dim.d_year = 2001
  JOIN tpcds.item AS item_2
    ON item_2.i_current_price > (
      1.2 * _s0.avg_i_current_price
    )
    AND item_2.i_item_sk = store_sales.ss_item_sk
  JOIN tpcds.customer AS customer
    ON customer.c_customer_sk = store_sales.ss_customer_sk
  LEFT JOIN tpcds.customer_address AS customer_address
    ON customer.c_current_addr_sk = customer_address.ca_address_sk
  GROUP BY
    1
)
SELECT
  ca_state AS state,
  n_rows AS cnt
FROM _t1
WHERE
  n_rows >= 10
ORDER BY
  2 NULLS FIRST,
  1 NULLS FIRST
LIMIT 10",14.123486551000042,14.378902113000095,"Limit  (cost=878255.36..878255.39 rows=10 width=11) (actual time=14071.342..14080.579 rows=10 loops=1)
  InitPlan 1 (returns $0)
    ->  Limit  (cost=0.00..100.89 rows=1 width=8) (actual time=2.763..2.764 rows=1 loops=1)
          ->  Seq Scan on date_dim  (cost=0.00..3127.73 rows=31 width=8) (actual time=2.756..2.757 rows=1 loops=1)
                Filter: ((d_year = 2001) AND (d_moy = 1))
                Rows Removed by Filter: 36889
  ->  Sort  (cost=878154.47..878154.51 rows=17 width=11) (actual time=13671.682..13680.917 rows=10 loops=1)
        Sort Key: (count(*)), a.ca_state
        Sort Method: top-N heapsort  Memory: 25kB
        ->  Finalize GroupAggregate  (cost=878129.44..878154.12 rows=17 width=11) (actual time=13670.471..13680.891 rows=51 loops=1)
              Group Key: a.ca_state
              Filter: (count(*) >= 10)
              Rows Removed by Filter: 1
              ->  Gather Merge  (cost=878129.44..878152.97 rows=102 width=11) (actual time=13670.422..13680.830 rows=156 loops=1)
                    Workers Planned: 2
                    Params Evaluated: $0
                    Workers Launched: 2
                    ->  Partial GroupAggregate  (cost=877129.41..877141.17 rows=51 width=11) (actual time=13650.216..13651.435 rows=52 loops=3)
                          Group Key: a.ca_state
                          ->  Sort  (cost=877129.41..877133.16 rows=1500 width=3) (actual time=13650.177..13650.657 rows=9110 loops=3)
                                Sort Key: a.ca_state
                                Sort Method: quicksort  Memory: 543kB
                                Worker 0:  Sort Method: quicksort  Memory: 511kB
                                Worker 1:  Sort Method: quicksort  Memory: 514kB
                                ->  Parallel Hash Join  (cost=871123.74..877050.28 rows=1500 width=3) (actual time=13529.408..13646.680 rows=9110 loops=3)
                                      Hash Cond: (a.ca_address_sk = c.c_current_addr_sk)
                                      ->  Parallel Seq Scan on customer_address a  (cost=0.00..5529.67 rows=104167 width=11) (actual time=0.311..105.220 rows=83333 loops=3)
                                      ->  Parallel Hash  (cost=871104.99..871104.99 rows=1500 width=8) (actual time=13528.795..13528.803 rows=9110 loops=3)
                                            Buckets: 32768 (originally 4096)  Batches: 1 (originally 1)  Memory Usage: 1600kB
                                            ->  Parallel Hash Join  (cost=856362.16..871104.99 rows=1500 width=8) (actual time=13324.312..13513.171 rows=9110 loops=3)
                                                  Hash Cond: (c.c_customer_sk = s.ss_customer_sk)
                                                  ->  Parallel Seq Scan on customer c  (cost=0.00..13955.33 rows=208333 width=16) (actual time=0.294..168.293 rows=166667 loops=3)
                                                  ->  Parallel Hash  (cost=856342.56..856342.56 rows=1568 width=8) (actual time=13323.962..13323.969 rows=9322 loops=3)
                                                        Buckets: 32768 (originally 4096)  Batches: 1 (originally 1)  Memory Usage: 1600kB
                                                        ->  Hash Join  (cost=851219.65..856342.56 rows=1568 width=8) (actual time=13174.597..13313.903 rows=9322 loops=3)
                                                              Hash Cond: ((i.i_category)::text = (item.i_category)::text)
                                                              Join Filter: (i.i_current_price > (1.2 * (avg(item.i_current_price))))
                                                              Rows Removed by Join Filter: 86795
                                                              ->  Parallel Hash Join  (cost=845185.40..850293.41 rows=4712 width=20) (actual time=12783.828..12886.972 rows=96339 loops=3)
                                                                    Hash Cond: (i.i_item_sk = s.ss_item_sk)
                                                                    ->  Parallel Seq Scan on item i  (cost=0.00..4929.00 rows=42500 width=20) (actual time=0.187..71.887 rows=34000 loops=3)
                                                                    ->  Parallel Hash  (cost=845126.50..845126.50 rows=4712 width=16) (actual time=12783.541..12783.544 rows=96339 loops=3)
                                                                          Buckets: 524288 (originally 16384)  Batches: 1 (originally 1)  Memory Usage: 21632kB
                                                                          ->  Parallel Hash Join  (cost=2569.35..845126.50 rows=4712 width=16) (actual time=4.459..12660.072 rows=96339 loops=3)
                                                                                Hash Cond: (s.ss_sold_date_sk = d.d_date_sk)
                                                                                ->  Parallel Seq Scan on store_sales s  (cost=0.00..797530.82 rows=11999482 width=24) (actual time=0.326..11883.002 rows=9600330 loops=3)
                                                                                ->  Parallel Hash  (cost=2569.12..2569.12 rows=18 width=8) (actual time=2.422..2.422 rows=10 loops=3)
                                                                                      Buckets: 1024  Batches: 1  Memory Usage: 40kB
                                                                                      ->  Parallel Seq Scan on date_dim d  (cost=0.00..2569.12 rows=18 width=8) (actual time=3.682..7.248 rows=31 loops=1)
                                                                                            Filter: (d_month_seq = $0)
                                                                                            Rows Removed by Filter: 73018
                                                              ->  Hash  (cost=6034.12..6034.12 rows=10 width=38) (actual time=390.618..390.619 rows=10 loops=3)
                                                                    Buckets: 1024  Batches: 1  Memory Usage: 9kB
                                                                    ->  HashAggregate  (cost=6034.00..6034.12 rows=10 width=38) (actual time=390.603..390.610 rows=11 loops=3)
                                                                          Group Key: item.i_category
                                                                          Batches: 1  Memory Usage: 24kB
                                                                          Worker 0:  Batches: 1  Memory Usage: 24kB
                                                                          Worker 1:  Batches: 1  Memory Usage: 24kB
                                                                          ->  Seq Scan on item  (cost=0.00..5524.00 rows=102000 width=12) (actual time=0.012..17.362 rows=102000 loops=3)
Planning Time: 0.559 ms
JIT:
  Functions: 182
  Options: Inlining true, Optimization true, Expressions true, Deforming true
  Timing: Generation 6.956 ms, Inlining 187.529 ms, Optimization 744.595 ms, Emission 482.770 ms, Total 1421.851 ms
Execution Time: 14306.803 ms","Limit  (cost=883439.63..883439.65 rows=10 width=11) (actual time=14098.593..14109.065 rows=10 loops=1)
  ->  Sort  (cost=883439.63..883439.67 rows=17 width=11) (actual time=13712.537..13723.008 rows=10 loops=1)
        Sort Key: (count(*)) NULLS FIRST, customer_address.ca_state NULLS FIRST
        Sort Method: top-N heapsort  Memory: 25kB
        ->  Finalize GroupAggregate  (cost=883414.22..883439.28 rows=17 width=11) (actual time=13711.080..13722.975 rows=51 loops=1)
              Group Key: customer_address.ca_state
              Filter: (count(*) >= 10)
              Rows Removed by Filter: 1
              ->  Gather Merge  (cost=883414.22..883438.13 rows=102 width=11) (actual time=13711.011..13722.904 rows=155 loops=1)
                    Workers Planned: 2
                    Workers Launched: 2
                    ->  Partial GroupAggregate  (cost=882414.20..882426.33 rows=51 width=11) (actual time=13694.460..13695.550 rows=52 loops=3)
                          Group Key: customer_address.ca_state
                          ->  Sort  (cost=882414.20..882418.07 rows=1550 width=3) (actual time=13694.422..13694.852 rows=9110 loops=3)
                                Sort Key: customer_address.ca_state
                                Sort Method: quicksort  Memory: 512kB
                                Worker 0:  Sort Method: quicksort  Memory: 540kB
                                Worker 1:  Sort Method: quicksort  Memory: 516kB
                                ->  Parallel Hash Right Join  (cost=876405.31..882332.06 rows=1550 width=3) (actual time=13575.547..13691.039 rows=9110 loops=3)
                                      Hash Cond: (customer_address.ca_address_sk = customer.c_current_addr_sk)
                                      ->  Parallel Seq Scan on customer_address  (cost=0.00..5529.67 rows=104167 width=11) (actual time=0.334..102.411 rows=83333 loops=3)
                                      ->  Parallel Hash  (cost=876385.94..876385.94 rows=1550 width=8) (actual time=13574.968..13574.983 rows=9110 loops=3)
                                            Buckets: 32768 (originally 4096)  Batches: 1 (originally 1)  Memory Usage: 1600kB
                                            ->  Parallel Hash Join  (cost=861642.90..876385.94 rows=1550 width=8) (actual time=13364.072..13557.063 rows=9110 loops=3)
                                                  Hash Cond: (customer.c_customer_sk = store_sales.ss_customer_sk)
                                                  ->  Parallel Seq Scan on customer  (cost=0.00..13955.33 rows=208333 width=16) (actual time=0.314..172.639 rows=166667 loops=3)
                                                  ->  Parallel Hash  (cost=861622.65..861622.65 rows=1620 width=8) (actual time=13363.461..13363.474 rows=9322 loops=3)
                                                        Buckets: 32768 (originally 4096)  Batches: 1 (originally 1)  Memory Usage: 1568kB
                                                        ->  Hash Join  (cost=856498.59..861622.65 rows=1620 width=8) (actual time=13294.262..13355.175 rows=9322 loops=3)
                                                              Hash Cond: ((item.i_category)::text = (item_1.i_category)::text)
                                                              Join Filter: (item_2.i_current_price > (1.2 * (avg((item_1.i_current_price)::numeric))))
                                                              Rows Removed by Join Filter: 86795
                                                              ->  Parallel Hash Join  (cost=850464.34..855573.01 rows=4870 width=20) (actual time=12885.275..12909.140 rows=96339 loops=3)
                                                                    Hash Cond: (item_2.i_item_sk = item.i_item_sk)
                                                                    ->  Parallel Seq Scan on item item_2  (cost=0.00..4929.00 rows=42500 width=14) (actual time=0.010..5.554 rows=34000 loops=3)
                                                                    ->  Parallel Hash  (cost=850403.47..850403.47 rows=4870 width=30) (actual time=12885.179..12885.184 rows=96339 loops=3)
                                                                          Buckets: 524288 (originally 16384)  Batches: 1 (originally 1)  Memory Usage: 26592kB
                                                                          ->  Parallel Hash Join  (cost=845294.80..850403.47 rows=4870 width=30) (actual time=12815.847..12850.708 rows=96339 loops=3)
                                                                                Hash Cond: (item.i_item_sk = store_sales.ss_item_sk)
                                                                                ->  Parallel Seq Scan on item  (cost=0.00..4929.00 rows=42500 width=14) (actual time=0.011..5.815 rows=34000 loops=3)
                                                                                ->  Parallel Hash  (cost=845233.93..845233.93 rows=4870 width=16) (actual time=12815.743..12815.746 rows=96339 loops=3)
                                                                                      Buckets: 524288 (originally 16384)  Batches: 1 (originally 1)  Memory Usage: 21632kB
                                                                                      ->  Parallel Hash Join  (cost=2676.78..845233.93 rows=4870 width=16) (actual time=3.842..12688.806 rows=96339 loops=3)
                                                                                            Hash Cond: (store_sales.ss_sold_date_sk = date_dim.d_date_sk)
                                                                                            ->  Parallel Seq Scan on store_sales  (cost=0.00..797530.82 rows=11999482 width=24) (actual time=0.326..11905.327 rows=9600330 loops=3)
                                                                                            ->  Parallel Hash  (cost=2676.55..2676.55 rows=18 width=8) (actual time=2.575..2.575 rows=10 loops=3)
                                                                                                  Buckets: 1024  Batches: 1  Memory Usage: 40kB
                                                                                                  ->  Parallel Seq Scan on date_dim  (cost=0.00..2676.55 rows=18 width=8) (actual time=3.906..7.706 rows=31 loops=1)
                                                                                                        Filter: ((d_moy = 1) AND (d_year = 2001))
                                                                                                        Rows Removed by Filter: 73018
                                                              ->  Hash  (cost=6034.12..6034.12 rows=10 width=38) (actual time=408.922..408.928 rows=10 loops=3)
                                                                    Buckets: 1024  Batches: 1  Memory Usage: 9kB
                                                                    ->  HashAggregate  (cost=6034.00..6034.12 rows=10 width=38) (actual time=408.907..408.913 rows=11 loops=3)
                                                                          Group Key: item_1.i_category
                                                                          Batches: 1  Memory Usage: 24kB
                                                                          Worker 0:  Batches: 1  Memory Usage: 24kB
                                                                          Worker 1:  Batches: 1  Memory Usage: 24kB
                                                                          ->  Seq Scan on item item_1  (cost=0.00..5524.00 rows=102000 width=12) (actual time=0.015..16.898 rows=102000 loops=3)
Planning Time: 1.165 ms
JIT:
  Functions: 194
  Options: Inlining true, Optimization true, Expressions true, Deforming true
  Timing: Generation 7.766 ms, Inlining 150.666 ms, Optimization 794.482 ms, Emission 510.667 ms, Total 1463.580 ms
Execution Time: 14111.212 ms",SUCCESS
26,27,TPCDS,Q7,"SELECT
    i.i_item_id,
    AVG(ss.ss_quantity)     AS agg1,
    AVG(ss.ss_list_price)   AS agg2,
    AVG(ss.ss_coupon_amt)   AS agg3,
    AVG(ss.ss_sales_price)  AS agg4
FROM tpcds.store_sales ss
JOIN tpcds.date_dim d
    ON ss.ss_sold_date_sk = d.d_date_sk
JOIN tpcds.item i
    ON ss.ss_item_sk = i.i_item_sk
JOIN tpcds.customer_demographics cd
    ON ss.ss_cdemo_sk = cd.cd_demo_sk
JOIN tpcds.promotion p
    ON ss.ss_promo_sk = p.p_promo_sk
WHERE
    cd.cd_gender = 'M'
    AND cd.cd_marital_status = 'S'
    AND cd.cd_education_status = 'College'
    AND (p.p_channel_email = 'N' OR p.p_channel_event = 'N')
    AND d.d_year = 2000
GROUP BY
    i.i_item_id
ORDER BY
    i.i_item_id
LIMIT 10;","filtered_sales = store_sales.WHERE(
    (customer_demographics.gender == 'M')
    & (customer_demographics.marital_status == 'S')
    & (customer_demographics.education_status == 'College')
    & (promotion.channel_email == 'N')
    & (promotion.channel_event == 'N')
    & (sold_date.year == 2000)
)

result = items.WHERE(HAS(filtered_sales)).CALCULATE(
    i_item_id=_id,
    agg1=AVG(filtered_sales.quantity),
    agg2=AVG(filtered_sales.list_price),
    agg3=AVG(filtered_sales.coupon_amount),
    agg4=AVG(filtered_sales.sales_price)
).TOP_K(10, by=_id)","WITH _s7 AS (
  SELECT
    store_sales.ss_item_sk,
    AVG(CAST(store_sales.ss_coupon_amt AS DECIMAL)) AS avg_ss_coupon_amt,
    AVG(CAST(store_sales.ss_list_price AS DECIMAL)) AS avg_ss_list_price,
    AVG(CAST(store_sales.ss_quantity AS DECIMAL)) AS avg_ss_quantity,
    AVG(CAST(store_sales.ss_sales_price AS DECIMAL)) AS avg_ss_sales_price
  FROM tpcds.store_sales AS store_sales
  JOIN tpcds.customer_demographics AS customer_demographics
    ON customer_demographics.cd_demo_sk = store_sales.ss_cdemo_sk
    AND customer_demographics.cd_education_status = 'College'
    AND customer_demographics.cd_gender = 'M'
    AND customer_demographics.cd_marital_status = 'S'
  JOIN tpcds.promotion AS promotion
    ON promotion.p_channel_email = 'N'
    AND promotion.p_channel_event = 'N'
    AND promotion.p_promo_sk = store_sales.ss_promo_sk
  JOIN tpcds.date_dim AS date_dim
    ON date_dim.d_date_sk = store_sales.ss_sold_date_sk AND date_dim.d_year = 2000
  GROUP BY
    1
)
SELECT
  item.i_item_id,
  _s7.avg_ss_quantity AS agg1,
  _s7.avg_ss_list_price AS agg2,
  _s7.avg_ss_coupon_amt AS agg3,
  _s7.avg_ss_sales_price AS agg4
FROM tpcds.item AS item
JOIN _s7 AS _s7
  ON _s7.ss_item_sk = item.i_item_sk
ORDER BY
  1 NULLS FIRST
LIMIT 10",14.040783028000078,14.467770669999936,"Limit  (cost=50011.08..70167.47 rows=10 width=145) (actual time=13796.437..14049.174 rows=10 loops=1)
  ->  GroupAggregate  (cost=50011.08..3599551.25 rows=1761 width=145) (actual time=13796.436..14049.169 rows=10 loops=1)
        Group Key: i.i_item_id
        ->  Nested Loop  (cost=50011.08..3599494.01 rows=1761 width=40) (actual time=13762.354..14049.083 rows=19 loops=1)
              Join Filter: (ss.ss_item_sk = i.i_item_sk)
              Rows Removed by Join Filter: 2340981
              ->  Gather Merge  (cost=9196.25..21075.83 rows=102000 width=25) (actual time=175.999..182.250 rows=32 loops=1)
                    Workers Planned: 2
                    Workers Launched: 2
                    ->  Sort  (cost=8196.22..8302.47 rows=42500 width=25) (actual time=110.136..110.188 rows=785 loops=3)
                          Sort Key: i.i_item_id
                          Sort Method: external merge  Disk: 2168kB
                          Worker 0:  Sort Method: quicksort  Memory: 1795kB
                          Worker 1:  Sort Method: quicksort  Memory: 2452kB
                          ->  Parallel Seq Scan on item i  (cost=0.00..4929.00 rows=42500 width=25) (actual time=0.013..8.258 rows=34000 loops=3)
              ->  Materialize  (cost=40814.83..884092.59 rows=1761 width=31) (actual time=16.505..428.769 rows=73156 loops=32)
                    ->  Gather  (cost=40814.83..884083.78 rows=1761 width=31) (actual time=528.098..13548.287 rows=75483 loops=1)
                          Workers Planned: 2
                          Workers Launched: 2
                          ->  Hash Join  (cost=39814.83..882907.68 rows=734 width=31) (actual time=516.449..13548.355 rows=25161 loops=3)
                                Hash Cond: (ss.ss_promo_sk = p.p_promo_sk)
                                ->  Parallel Hash Join  (cost=39790.08..882872.72 rows=767 width=39) (actual time=516.089..13537.433 rows=25586 loops=3)
                                      Hash Cond: (ss.ss_cdemo_sk = cd.cd_demo_sk)
                                      ->  Parallel Hash Join  (cost=2571.80..845436.82 rows=57176 width=47) (actual time=4.448..12837.461 rows=1839779 loops=3)
                                            Hash Cond: (ss.ss_sold_date_sk = d.d_date_sk)
                                            ->  Parallel Seq Scan on store_sales ss  (cost=0.00..797530.82 rows=11999482 width=55) (actual time=0.280..11535.168 rows=9600330 loops=3)
                                            ->  Parallel Hash  (cost=2569.12..2569.12 rows=214 width=8) (actual time=4.113..4.114 rows=122 loops=3)
                                                  Buckets: 1024  Batches: 1  Memory Usage: 104kB
                                                  ->  Parallel Seq Scan on date_dim d  (cost=0.00..2569.12 rows=214 width=8) (actual time=2.107..4.028 rows=122 loops=3)
                                                        Filter: (d_year = 2000)
                                                        Rows Removed by Filter: 24228
                                      ->  Parallel Hash  (cost=37077.83..37077.83 rows=11236 width=8) (actual time=508.185..508.186 rows=9147 loops=3)
                                            Buckets: 32768  Batches: 1  Memory Usage: 1344kB
                                            ->  Parallel Seq Scan on customer_demographics cd  (cost=0.00..37077.83 rows=11236 width=8) (actual time=0.425..504.578 rows=9147 loops=3)
                                                  Filter: (((cd_gender)::text = 'M'::text) AND ((cd_marital_status)::text = 'S'::text) AND ((cd_education_status)::text = 'College'::text))
                                                  Rows Removed by Filter: 631120
                                ->  Hash  (cost=18.50..18.50 rows=500 width=8) (actual time=0.226..0.227 rows=498 loops=3)
                                      Buckets: 1024  Batches: 1  Memory Usage: 28kB
                                      ->  Seq Scan on promotion p  (cost=0.00..18.50 rows=500 width=8) (actual time=0.016..0.154 rows=498 loops=3)
                                            Filter: (((p_channel_email)::text = 'N'::text) OR ((p_channel_event)::text = 'N'::text))
                                            Rows Removed by Filter: 2
Planning Time: 0.341 ms
Execution Time: 14050.066 ms","Limit  (cost=890067.07..890067.09 rows=10 width=145) (actual time=14093.797..14094.448 rows=10 loops=1)
  ->  Sort  (cost=890067.07..890071.36 rows=1716 width=145) (actual time=13773.862..13774.512 rows=10 loops=1)
        Sort Key: item.i_item_id NULLS FIRST
        Sort Method: top-N heapsort  Memory: 26kB
        ->  Hash Join  (cost=884238.23..890029.99 rows=1716 width=145) (actual time=13731.447..13763.556 rows=39288 loops=1)
              Hash Cond: (item.i_item_sk = _s7.ss_item_sk)
              ->  Seq Scan on item  (cost=0.00..5524.00 rows=102000 width=25) (actual time=0.014..12.632 rows=102000 loops=1)
              ->  Hash  (cost=884216.78..884216.78 rows=1716 width=136) (actual time=13731.395..13732.043 rows=39288 loops=1)
                    Buckets: 65536 (originally 2048)  Batches: 1 (originally 1)  Memory Usage: 3153kB
                    ->  Subquery Scan on _s7  (cost=883941.25..884216.78 rows=1716 width=136) (actual time=13600.377..13725.512 rows=39288 loops=1)
                          ->  Finalize GroupAggregate  (cost=883941.25..884199.62 rows=1716 width=136) (actual time=13600.375..13722.525 rows=39288 loops=1)
                                Group Key: store_sales.ss_item_sk
                                ->  Gather Merge  (cost=883941.25..884133.12 rows=1430 width=136) (actual time=13600.355..13637.219 rows=58656 loops=1)
                                      Workers Planned: 2
                                      Workers Launched: 2
                                      ->  Partial GroupAggregate  (cost=882941.23..882968.04 rows=715 width=136) (actual time=13585.420..13614.207 rows=19552 loops=3)
                                            Group Key: store_sales.ss_item_sk
                                            ->  Sort  (cost=882941.23..882943.01 rows=715 width=31) (actual time=13585.368..13588.818 rows=24717 loops=3)
                                                  Sort Key: store_sales.ss_item_sk
                                                  Sort Method: quicksort  Memory: 2309kB
                                                  Worker 0:  Sort Method: quicksort  Memory: 2264kB
                                                  Worker 1:  Sort Method: quicksort  Memory: 2348kB
                                                  ->  Hash Join  (cost=39814.67..882907.33 rows=715 width=31) (actual time=418.033..13575.423 rows=24717 loops=3)
                                                        Hash Cond: (store_sales.ss_promo_sk = promotion.p_promo_sk)
                                                        ->  Parallel Hash Join  (cost=39790.08..882872.72 rows=767 width=39) (actual time=187.080..13334.171 rows=25586 loops=3)
                                                              Hash Cond: (store_sales.ss_cdemo_sk = customer_demographics.cd_demo_sk)
                                                              ->  Parallel Hash Join  (cost=2571.80..845436.82 rows=57176 width=47) (actual time=3.615..12963.584 rows=1839779 loops=3)
                                                                    Hash Cond: (store_sales.ss_sold_date_sk = date_dim.d_date_sk)
                                                                    ->  Parallel Seq Scan on store_sales  (cost=0.00..797530.82 rows=11999482 width=55) (actual time=0.311..11866.488 rows=9600330 loops=3)
                                                                    ->  Parallel Hash  (cost=2569.12..2569.12 rows=214 width=8) (actual time=3.251..3.252 rows=122 loops=3)
                                                                          Buckets: 1024  Batches: 1  Memory Usage: 104kB
                                                                          ->  Parallel Seq Scan on date_dim  (cost=0.00..2569.12 rows=214 width=8) (actual time=1.606..3.151 rows=122 loops=3)
                                                                                Filter: (d_year = 2000)
                                                                                Rows Removed by Filter: 24228
                                                              ->  Parallel Hash  (cost=37077.83..37077.83 rows=11236 width=8) (actual time=180.139..180.140 rows=9147 loops=3)
                                                                    Buckets: 32768  Batches: 1  Memory Usage: 1376kB
                                                                    ->  Parallel Seq Scan on customer_demographics  (cost=0.00..37077.83 rows=11236 width=8) (actual time=0.384..176.252 rows=9147 loops=3)
                                                                          Filter: (((cd_education_status)::text = 'College'::text) AND ((cd_gender)::text = 'M'::text) AND ((cd_marital_status)::text = 'S'::text))
                                                                          Rows Removed by Filter: 631120
                                                        ->  Hash  (cost=18.50..18.50 rows=487 width=8) (actual time=230.923..230.923 rows=489 loops=3)
                                                              Buckets: 1024  Batches: 1  Memory Usage: 28kB
                                                              ->  Seq Scan on promotion  (cost=0.00..18.50 rows=487 width=8) (actual time=230.739..230.857 rows=489 loops=3)
                                                                    Filter: (((p_channel_email)::text = 'N'::text) AND ((p_channel_event)::text = 'N'::text))
                                                                    Rows Removed by Filter: 11
Planning Time: 0.443 ms
JIT:
  Functions: 119
  Options: Inlining true, Optimization true, Expressions true, Deforming true
  Timing: Generation 6.034 ms, Inlining 144.660 ms, Optimization 531.557 ms, Emission 336.165 ms, Total 1018.416 ms
Execution Time: 14097.599 ms",SUCCESS
27,28,TPCDS,Q8,"SELECT
    s.s_store_name,
    SUM(ss.ss_net_profit) AS sum_net_profit
FROM tpcds.store_sales ss
JOIN tpcds.store s
    ON ss.ss_store_sk = s.s_store_sk
JOIN tpcds.date_dim d
    ON ss.ss_sold_date_sk = d.d_date_sk
JOIN (
    SELECT ca_zip
    FROM (
        SELECT SUBSTR(ca_zip, 1, 5) AS ca_zip
        FROM tpcds.customer_address
        WHERE SUBSTR(ca_zip, 1, 5) IN (
            '10338','56623','51423','26456','19500','65832',
            '17178','68879','49935','49849','93956',
            '71765','45100','50587','68389','41899',
            '98316','56217','94686','59350','32857',
            '14925','31266','37817','27519','20787',
            '26967','49045','39397','32010','23144',
            '53580','15491','74151','18442','51916',
            '17730','22824','28290','21657','45460',
            '39386','21133','35017','19894','21759',
            '79293','86733','76777','41688','13810',
            '49053','17992','13395','19869','40785',
            '63897','65049','27388','94701','41482',
            '97923','23951','88284','61718','94317',
            '72294','63544','31306','41242','28830',
            '75535','86189','88177','16147','12902',
            '48271','54036','20936','27802','96741',
            '70286','75710','16034','90285','22058',
            '52590','40584','62441','64039','68999',
            '64327','33844','52497','88495','25989',
            '67814','13767','83194','99395','35524',
            '89640','48834','51875','71073','25383',
            '19129','57805','47962','61905','19557',
            '74159','98032','13917','50936','47993',
            '41606','17592','11470','28216','19732',
            '97958','60997','85688','96863','16605',
            '10898','31340','71340','72902','98949',
            '74440','53057','30323','76166','27195',
            '11204','32771','38189','83221','22295',
            '15325','20844','65549','69207','71903',
            '63929','56922','25733','75482','14986',
            '79223','73692','98769','70275','33793',
            '13057','30142','95737','30072','32097',
            '25845','50282','19289','92221','59533',
            '37375','29706','48186','22385','55809',
            '17416','10592','55385','71829','91975',
            '73557','38036','10448','95252','51386',
            '14190','15247','39907','79438','78053',
            '66623','27720','84139','74147','58637',
            '11434','36573','10081','53536','41724',
            '97898','36752','50384','87352','35696',
            '69486','50026','27837','42592','58865',
            '80523','53682','65423','77611','98529',
            '13909','13727','52190','36152','48355',
            '62496','16527','18143','98830','75198',
            '73043','64043','63042','67797','50656',
            '27700','60687','57905','94404','15733',
            '80809','74562','84493','67977','11213',
            '19125','84496','16435','97510','46040',
            '33968','20256','42332','16480','54277',
            '82819','93799','69101','57689','42821',
            '68073','49342','46915','25825','92332',
            '20219','96577','49463','19221','35814',
            '64783','97303','52061','24357','58167',
            '56286','64474','99847','53626','39703',
            '24880','24365','50652','29611','90638',
            '59246','27171','30483','11708','38630',
            '81914','48269','11720','88662','68844',
            '54838','93795','38102','33481','97546',
            '49306','97216','49032','14270','72418',
            '32540','53208','15588','29990','10407',
            '92334','48543','51495','77996','53686',
            '14827','30978','30482','86296','48869',
            '59600','29495','24775','34645','19763',
            '98602','20456','10468','13887','65714',
            '74740','37096','96240','44111','54109',
            '62693','87874','64295','62027','86027',
            '54341','68582','67809','44159','97913',
            '79150','38974','64754','73946','20840',
            '16138','58939','20428','19890','70842',
            '78648','55576','37267','40470','12957',
            '57553','53593','34067','22555','79719',
            '25809','28496','11083','87624','83622',
            '84898','28678','14297','79461','22910',
            '87129','49941','64817','93905','39721',
            '81837','18753','86432','67821','66080',
            '28246','13466','16363','56950','35446',
            '58326','11760','33962','28399','45848',
            '52560','66894','15169','20988','85925',
            '38582','34825','94227','56758','24801',
            '14128','14012','35824','49784'
        )
        INTERSECT
        SELECT ca_zip
        FROM (
            SELECT
                SUBSTR(ca_zip, 1, 5) AS ca_zip,
                COUNT(*) AS cnt
            FROM tpcds.customer_address ca
            JOIN tpcds.customer c
                ON ca.ca_address_sk = c.c_current_addr_sk
            WHERE c.c_preferred_cust_flag = 'Y'
            GROUP BY SUBSTR(ca_zip, 1, 5)
            HAVING COUNT(*) > 10
        ) A1
    ) A2
) V1
    ON SUBSTR(s.s_zip, 1, 2) = SUBSTR(V1.ca_zip, 1, 2)
WHERE
    d.d_qoy = 1
    AND d.d_year = 1998
GROUP BY
    s.s_store_name
ORDER BY
    s.s_store_name
LIMIT 10;","metropolitan_areas = customers.WHERE(ISIN(current_address.zip_code[:5], (
            '10338','56623','51423','26456','19500','65832',
            '17178','68879','49935','49849','93956',
            '71765','45100','50587','68389','41899',
            '98316','56217','94686','59350','32857',
            '14925','31266','37817','27519','20787',
            '26967','49045','39397','32010','23144',
            '53580','15491','74151','18442','51916',
            '17730','22824','28290','21657','45460',
            '39386','21133','35017','19894','21759',
            '79293','86733','76777','41688','13810',
            '49053','17992','13395','19869','40785',
            '63897','65049','27388','94701','41482',
            '97923','23951','88284','61718','94317',
            '72294','63544','31306','41242','28830',
            '75535','86189','88177','16147','12902',
            '48271','54036','20936','27802','96741',
            '70286','75710','16034','90285','22058',
            '52590','40584','62441','64039','68999',
            '64327','33844','52497','88495','25989',
            '67814','13767','83194','99395','35524',
            '89640','48834','51875','71073','25383',
            '19129','57805','47962','61905','19557',
            '74159','98032','13917','50936','47993',
            '41606','17592','11470','28216','19732',
            '97958','60997','85688','96863','16605',
            '10898','31340','71340','72902','98949',
            '74440','53057','30323','76166','27195',
            '11204','32771','38189','83221','22295',
            '15325','20844','65549','69207','71903',
            '63929','56922','25733','75482','14986',
            '79223','73692','98769','70275','33793',
            '13057','30142','95737','30072','32097',
            '25845','50282','19289','92221','59533',
            '37375','29706','48186','22385','55809',
            '17416','10592','55385','71829','91975',
            '73557','38036','10448','95252','51386',
            '14190','15247','39907','79438','78053',
            '66623','27720','84139','74147','58637',
            '11434','36573','10081','53536','41724',
            '97898','36752','50384','87352','35696',
            '69486','50026','27837','42592','58865',
            '80523','53682','65423','77611','98529',
            '13909','13727','52190','36152','48355',
            '62496','16527','18143','98830','75198',
            '73043','64043','63042','67797','50656',
            '27700','60687','57905','94404','15733',
            '80809','74562','84493','67977','11213',
            '19125','84496','16435','97510','46040',
            '33968','20256','42332','16480','54277',
            '82819','93799','69101','57689','42821',
            '68073','49342','46915','25825','92332',
            '20219','96577','49463','19221','35814',
            '64783','97303','52061','24357','58167',
            '56286','64474','99847','53626','39703',
            '24880','24365','50652','29611','90638',
            '59246','27171','30483','11708','38630',
            '81914','48269','11720','88662','68844',
            '54838','93795','38102','33481','97546',
            '49306','97216','49032','14270','72418',
            '32540','53208','15588','29990','10407',
            '92334','48543','51495','77996','53686',
            '14827','30978','30482','86296','48869',
            '59600','29495','24775','34645','19763',
            '98602','20456','10468','13887','65714',
            '74740','37096','96240','44111','54109',
            '62693','87874','64295','62027','86027',
            '54341','68582','67809','44159','97913',
            '79150','38974','64754','73946','20840',
            '16138','58939','20428','19890','70842',
            '78648','55576','37267','40470','12957',
            '57553','53593','34067','22555','79719',
            '25809','28496','11083','87624','83622',
            '84898','28678','14297','79461','22910',
            '87129','49941','64817','93905','39721',
            '81837','18753','86432','67821','66080',
            '28246','13466','16363','56950','35446',
            '58326','11760','33962','28399','45848',
            '52560','66894','15169','20988','85925',
            '38582','34825','94227','56758','24801',
            '14128','14012','35824','49784'
        )) 
    & (preferred_customer_flag == 'Y')
).CALCULATE(
    zip_5=current_address.zip_code[:5]
).PARTITION(
    name='zip_codes', by=zip_5
).WHERE(
    COUNT(customers) > 10
)
preferred_customers = customers.WHERE(preferred_customer_flag == 'Y')
selected_store_sales = store_sales.WHERE(
    (sold_date.quarter_of_year == 1) 
    & (sold_date.year == 1998)
)
result = stores.CALCULATE(store_zip=zip_code).WHERE(
    HAS(CROSS(metropolitan_areas).WHERE(store_zip[:2]==zip_5[:2])) 
    & HAS(selected_store_sales)
).CALCULATE(
    store_sum=SUM(selected_store_sales.net_profit)
).PARTITION(
    name='store_names', by=name
).CALCULATE(
    s_store_name=name,
    sum_net_profit=SUM(stores.store_sum)
).TOP_K(10, by=name)","WITH _t3 AS (
  SELECT
    SUBSTRING(customer_address.ca_zip FROM 1 FOR 5) AS zip,
    COUNT(*) AS n_rows
  FROM tpcds.customer AS customer
  LEFT JOIN tpcds.customer_address AS customer_address
    ON customer.c_current_addr_sk = customer_address.ca_address_sk
  WHERE
    SUBSTRING(customer_address.ca_zip FROM 1 FOR 5) IN ('10338', '56623', '51423', '26456', '19500', '65832', '17178', '68879', '49935', '49849', '93956', '71765', '45100', '50587', '68389', '41899', '98316', '56217', '94686', '59350', '32857', '14925', '31266', '37817', '27519', '20787', '26967', '49045', '39397', '32010', '23144', '53580', '15491', '74151', '18442', '51916', '17730', '22824', '28290', '21657', '45460', '39386', '21133', '35017', '19894', '21759', '79293', '86733', '76777', '41688', '13810', '49053', '17992', '13395', '19869', '40785', '63897', '65049', '27388', '94701', '41482', '97923', '23951', '88284', '61718', '94317', '72294', '63544', '31306', '41242', '28830', '75535', '86189', '88177', '16147', '12902', '48271', '54036', '20936', '27802', '96741', '70286', '75710', '16034', '90285', '22058', '52590', '40584', '62441', '64039', '68999', '64327', '33844', '52497', '88495', '25989', '67814', '13767', '83194', '99395', '35524', '89640', '48834', '51875', '71073', '25383', '19129', '57805', '47962', '61905', '19557', '74159', '98032', '13917', '50936', '47993', '41606', '17592', '11470', '28216', '19732', '97958', '60997', '85688', '96863', '16605', '10898', '31340', '71340', '72902', '98949', '74440', '53057', '30323', '76166', '27195', '11204', '32771', '38189', '83221', '22295', '15325', '20844', '65549', '69207', '71903', '63929', '56922', '25733', '75482', '14986', '79223', '73692', '98769', '70275', '33793', '13057', '30142', '95737', '30072', '32097', '25845', '50282', '19289', '92221', '59533', '37375', '29706', '48186', '22385', '55809', '17416', '10592', '55385', '71829', '91975', '73557', '38036', '10448', '95252', '51386', '14190', '15247', '39907', '79438', '78053', '66623', '27720', '84139', '74147', '58637', '11434', '36573', '10081', '53536', '41724', '97898', '36752', '50384', '87352', '35696', '69486', '50026', '27837', '42592', '58865', '80523', '53682', '65423', '77611', '98529', '13909', '13727', '52190', '36152', '48355', '62496', '16527', '18143', '98830', '75198', '73043', '64043', '63042', '67797', '50656', '27700', '60687', '57905', '94404', '15733', '80809', '74562', '84493', '67977', '11213', '19125', '84496', '16435', '97510', '46040', '33968', '20256', '42332', '16480', '54277', '82819', '93799', '69101', '57689', '42821', '68073', '49342', '46915', '25825', '92332', '20219', '96577', '49463', '19221', '35814', '64783', '97303', '52061', '24357', '58167', '56286', '64474', '99847', '53626', '39703', '24880', '24365', '50652', '29611', '90638', '59246', '27171', '30483', '11708', '38630', '81914', '48269', '11720', '88662', '68844', '54838', '93795', '38102', '33481', '97546', '49306', '97216', '49032', '14270', '72418', '32540', '53208', '15588', '29990', '10407', '92334', '48543', '51495', '77996', '53686', '14827', '30978', '30482', '86296', '48869', '59600', '29495', '24775', '34645', '19763', '98602', '20456', '10468', '13887', '65714', '74740', '37096', '96240', '44111', '54109', '62693', '87874', '64295', '62027', '86027', '54341', '68582', '67809', '44159', '97913', '79150', '38974', '64754', '73946', '20840', '16138', '58939', '20428', '19890', '70842', '78648', '55576', '37267', '40470', '12957', '57553', '53593', '34067', '22555', '79719', '25809', '28496', '11083', '87624', '83622', '84898', '28678', '14297', '79461', '22910', '87129', '49941', '64817', '93905', '39721', '81837', '18753', '86432', '67821', '66080', '28246', '13466', '16363', '56950', '35446', '58326', '11760', '33962', '28399', '45848', '52560', '66894', '15169', '20988', '85925', '38582', '34825', '94227', '56758', '24801', '14128', '14012', '35824', '49784')
    AND customer.c_preferred_cust_flag = 'Y'
  GROUP BY
    1
), _u_0 AS (
  SELECT
    SUBSTRING(zip FROM 1 FOR 2) AS _u_1
  FROM _t3
  WHERE
    n_rows > 10
  GROUP BY
    1
), _t1 AS (
  SELECT
    MAX(store.s_store_name) AS anything_s_store_name,
    SUM(store_sales.ss_net_profit) AS sum_ss_net_profit
  FROM tpcds.store AS store
  LEFT JOIN _u_0 AS _u_0
    ON _u_0._u_1 = SUBSTRING(store.s_zip FROM 1 FOR 2)
  JOIN tpcds.store_sales AS store_sales
    ON store.s_store_sk = store_sales.ss_store_sk
  JOIN tpcds.date_dim AS date_dim
    ON date_dim.d_date_sk = store_sales.ss_sold_date_sk
    AND date_dim.d_qoy = 1
    AND date_dim.d_year = 1998
  WHERE
    NOT _u_0._u_1 IS NULL
  GROUP BY
    store_sales.ss_store_sk
)
SELECT
  anything_s_store_name AS s_store_name,
  COALESCE(SUM(sum_ss_net_profit), 0) AS sum_net_profit
FROM _t1
GROUP BY
  1
ORDER BY
  1 NULLS FIRST
LIMIT 10",13.762849180999638,14.472310339999694,"Limit  (cost=892976.85..893225.65 rows=10 width=36) (actual time=14255.250..14293.690 rows=8 loops=1)
  ->  GroupAggregate  (cost=892976.85..893225.65 rows=10 width=36) (actual time=13739.496..13777.934 rows=8 loops=1)
        Group Key: s.s_store_name
        ->  Sort  (cost=892976.85..893059.74 rows=33157 width=10) (actual time=13730.076..13752.812 rows=192619 loops=1)
              Sort Key: s.s_store_name
              Sort Method: external merge  Disk: 4112kB
              ->  Hash Join  (cost=41464.27..890487.25 rows=33157 width=10) (actual time=620.555..13685.297 rows=192619 loops=1)
                    Hash Cond: (substr((s.s_zip)::text, 1, 2) = substr(a2.ca_zip, 1, 2))
                    ->  Gather  (cost=3684.52..849806.26 rows=33157 width=16) (actual time=7.943..12902.364 rows=754280 loops=1)
                          Workers Planned: 2
                          Workers Launched: 2
                          ->  Hash Join  (cost=2684.52..845490.56 rows=13815 width=16) (actual time=300.722..13300.499 rows=251427 loops=3)
                                Hash Cond: (ss.ss_store_sk = s.s_store_sk)
                                ->  Parallel Hash Join  (cost=2677.23..845290.93 rows=14451 width=14) (actual time=3.546..12950.971 rows=257466 loops=3)
                                      Hash Cond: (ss.ss_sold_date_sk = d.d_date_sk)
                                      ->  Parallel Seq Scan on store_sales ss  (cost=0.00..797530.82 rows=11999482 width=22) (actual time=0.298..12118.954 rows=9600330 loops=3)
                                      ->  Parallel Hash  (cost=2676.55..2676.55 rows=54 width=8) (actual time=2.131..2.131 rows=30 loops=3)
                                            Buckets: 1024  Batches: 1  Memory Usage: 40kB
                                            ->  Parallel Seq Scan on date_dim d  (cost=0.00..2676.55 rows=54 width=8) (actual time=3.199..6.291 rows=91 loops=1)
                                                  Filter: ((d_qoy = 1) AND (d_year = 1998))
                                                  Rows Removed by Filter: 72958
                                ->  Hash  (cost=6.02..6.02 rows=102 width=18) (actual time=297.033..297.034 rows=102 loops=3)
                                      Buckets: 1024  Batches: 1  Memory Usage: 14kB
                                      ->  Seq Scan on store s  (cost=0.00..6.02 rows=102 width=18) (actual time=296.937..297.001 rows=102 loops=3)
                    ->  Hash  (cost=37777.25..37777.25 rows=200 width=32) (actual time=612.593..615.049 rows=9 loops=1)
                          Buckets: 1024  Batches: 1  Memory Usage: 9kB
                          ->  Subquery Scan on a2  (cost=24513.97..37777.25 rows=200 width=32) (actual time=612.551..615.037 rows=9 loops=1)
                                ->  HashSetOp Intersect  (cost=24513.97..37777.25 rows=200 width=36) (actual time=612.526..615.011 rows=9 loops=1)
                                      ->  Append  (cost=24513.97..37233.72 rows=217410 width=36) (actual time=564.309..614.295 rows=3229 loops=1)
                                            ->  Subquery Scan on ""*SELECT* 2""  (cost=24513.97..24578.49 rows=1075 width=36) (actual time=564.308..567.783 rows=2268 loops=1)
                                                  ->  Subquery Scan on a1  (cost=24513.97..24567.74 rows=1075 width=32) (actual time=564.305..567.587 rows=2268 loops=1)
                                                        ->  Finalize HashAggregate  (cost=24513.97..24556.99 rows=1075 width=40) (actual time=564.301..567.393 rows=2268 loops=1)
                                                              Group Key: (substr((ca.ca_zip)::text, 1, 5))
                                                              Filter: (count(*) > 10)
                                                              Batches: 1  Memory Usage: 721kB
                                                              Rows Removed by Filter: 2599
                                                              ->  Gather  (cost=23796.19..24481.71 rows=6452 width=40) (actual time=559.235..563.569 rows=11209 loops=1)
                                                                    Workers Planned: 2
                                                                    Workers Launched: 2
                                                                    ->  Partial HashAggregate  (cost=22796.19..22836.51 rows=3226 width=40) (actual time=535.312..535.941 rows=3736 loops=3)
                                                                          Group Key: substr((ca.ca_zip)::text, 1, 5)
                                                                          Batches: 1  Memory Usage: 465kB
                                                                          Worker 0:  Batches: 1  Memory Usage: 465kB
                                                                          Worker 1:  Batches: 1  Memory Usage: 465kB
                                                                          ->  Parallel Hash Join  (cost=15717.40..22299.69 rows=99299 width=32) (actual time=386.676..518.900 rows=78942 loops=3)
                                                                                Hash Cond: (ca.ca_address_sk = c.c_current_addr_sk)
                                                                                ->  Parallel Seq Scan on customer_address ca  (cost=0.00..5529.67 rows=104167 width=14) (actual time=0.385..84.900 rows=83333 loops=3)
                                                                                ->  Parallel Hash  (cost=14476.17..14476.17 rows=99299 width=8) (actual time=385.369..385.370 rows=78942 loops=3)
                                                                                      Buckets: 262144  Batches: 1  Memory Usage: 11360kB
                                                                                      ->  Parallel Seq Scan on customer c  (cost=0.00..14476.17 rows=99299 width=8) (actual time=222.327..358.632 rows=78942 loops=3)
                                                                                            Filter: ((c_preferred_cust_flag)::text = 'Y'::text)
                                                                                            Rows Removed by Filter: 87725
                                            ->  Subquery Scan on ""*SELECT* 1""  (cost=1.00..11568.19 rows=216335 width=36) (actual time=0.145..46.266 rows=961 loops=1)
                                                  ->  Seq Scan on customer_address  (cost=1.00..9404.84 rows=216335 width=32) (actual time=0.142..46.178 rows=961 loops=1)
                                                        Filter: (substr((ca_zip)::text, 1, 5) = ANY ('{10338,56623,51423,26456,19500,65832,17178,68879,49935,49849,93956,71765,45100,50587,68389,41899,98316,56217,94686,59350,32857,14925,31266,37817,27519,20787,26967,49045,39397,32010,23144,53580,15491,74151,18442,51916,17730,22824,28290,21657,45460,39386,21133,35017,19894,21759,79293,86733,76777,41688,13810,49053,17992,13395,19869,40785,63897,65049,27388,94701,41482,97923,23951,88284,61718,94317,72294,63544,31306,41242,28830,75535,86189,88177,16147,12902,48271,54036,20936,27802,96741,70286,75710,16034,90285,22058,52590,40584,62441,64039,68999,64327,33844,52497,88495,25989,67814,13767,83194,99395,35524,89640,48834,51875,71073,25383,19129,57805,47962,61905,19557,74159,98032,13917,50936,47993,41606,17592,11470,28216,19732,97958,60997,85688,96863,16605,10898,31340,71340,72902,98949,74440,53057,30323,76166,27195,11204,32771,38189,83221,22295,15325,20844,65549,69207,71903,63929,56922,25733,75482,14986,79223,73692,98769,70275,33793,13057,30142,95737,30072,32097,25845,50282,19289,92221,59533,37375,29706,48186,22385,55809,17416,10592,55385,71829,91975,73557,38036,10448,95252,51386,14190,15247,39907,79438,78053,66623,27720,84139,74147,58637,11434,36573,10081,53536,41724,97898,36752,50384,87352,35696,69486,50026,27837,42592,58865,80523,53682,65423,77611,98529,13909,13727,52190,36152,48355,62496,16527,18143,98830,75198,73043,64043,63042,67797,50656,27700,60687,57905,94404,15733,80809,74562,84493,67977,11213,19125,84496,16435,97510,46040,33968,20256,42332,16480,54277,82819,93799,69101,57689,42821,68073,49342,46915,25825,92332,20219,96577,49463,19221,35814,64783,97303,52061,24357,58167,56286,64474,99847,53626,39703,24880,24365,50652,29611,90638,59246,27171,30483,11708,38630,81914,48269,11720,88662,68844,54838,93795,38102,33481,97546,49306,97216,49032,14270,72418,32540,53208,15588,29990,10407,92334,48543,51495,77996,53686,14827,30978,30482,86296,48869,59600,29495,24775,34645,19763,98602,20456,10468,13887,65714,74740,37096,96240,44111,54109,62693,87874,64295,62027,86027,54341,68582,67809,44159,97913,79150,38974,64754,73946,20840,16138,58939,20428,19890,70842,78648,55576,37267,40470,12957,57553,53593,34067,22555,79719,25809,28496,11083,87624,83622,84898,28678,14297,79461,22910,87129,49941,64817,93905,39721,81837,18753,86432,67821,66080,28246,13466,16363,56950,35446,58326,11760,33962,28399,45848,52560,66894,15169,20988,85925,38582,34825,94227,56758,24801,14128,14012,35824,49784}'::text[]))
                                                        Rows Removed by Filter: 249039
Planning Time: 0.455 ms
JIT:
  Functions: 135
  Options: Inlining true, Optimization true, Expressions true, Deforming true
  Timing: Generation 11.145 ms, Inlining 407.223 ms, Optimization 1045.424 ms, Emission 620.795 ms, Total 2084.586 ms
Execution Time: 14296.785 ms","Limit  (cost=877628.96..877629.16 rows=10 width=64) (actual time=14435.641..14446.855 rows=8 loops=1)
  ->  GroupAggregate  (cost=877628.96..877629.98 rows=51 width=64) (actual time=13860.265..13871.479 rows=8 loops=1)
        Group Key: _t1.anything_s_store_name
        ->  Sort  (cost=877628.96..877629.09 rows=51 width=64) (actual time=13860.235..13871.444 rows=13 loops=1)
              Sort Key: _t1.anything_s_store_name NULLS FIRST
              Sort Method: quicksort  Memory: 25kB
              ->  Subquery Scan on _t1  (cost=872935.76..877627.51 rows=51 width=64) (actual time=13687.248..13871.415 rows=13 loops=1)
                    ->  GroupAggregate  (cost=872935.76..877627.00 rows=51 width=72) (actual time=13687.245..13871.404 rows=13 loops=1)
                          Group Key: store_sales.ss_store_sk
                          ->  Merge Join  (cost=872935.76..877377.69 rows=33157 width=18) (actual time=13679.700..13847.567 rows=192619 loops=1)
                                Merge Cond: (store_sales.ss_store_sk = store.s_store_sk)
                                ->  Gather Merge  (cost=847289.43..851328.84 rows=34683 width=14) (actual time=13186.218..13295.751 rows=754281 loops=1)
                                      Workers Planned: 2
                                      Workers Launched: 2
                                      ->  Sort  (cost=846289.41..846325.54 rows=14451 width=14) (actual time=13169.231..13192.622 rows=252779 loops=3)
                                            Sort Key: store_sales.ss_store_sk
                                            Sort Method: external merge  Disk: 6592kB
                                            Worker 0:  Sort Method: external merge  Disk: 6360kB
                                            Worker 1:  Sort Method: external merge  Disk: 6448kB
                                            ->  Parallel Hash Join  (cost=2677.23..845290.93 rows=14451 width=14) (actual time=129.246..13103.906 rows=257466 loops=3)
                                                  Hash Cond: (store_sales.ss_sold_date_sk = date_dim.d_date_sk)
                                                  ->  Parallel Seq Scan on store_sales  (cost=0.00..797530.82 rows=11999482 width=22) (actual time=0.348..12143.806 rows=9600330 loops=3)
                                                  ->  Parallel Hash  (cost=2676.55..2676.55 rows=54 width=8) (actual time=2.846..2.846 rows=30 loops=3)
                                                        Buckets: 1024  Batches: 1  Memory Usage: 40kB
                                                        ->  Parallel Seq Scan on date_dim  (cost=0.00..2676.55 rows=54 width=8) (actual time=4.203..8.467 rows=91 loops=1)
                                                              Filter: ((d_qoy = 1) AND (d_year = 1998))
                                                              Rows Removed by Filter: 72958
                                ->  Sort  (cost=25646.33..25646.58 rows=102 width=12) (actual time=489.289..497.290 rows=192635 loops=1)
                                      Sort Key: store.s_store_sk
                                      Sort Method: quicksort  Memory: 26kB
                                      ->  Hash Join  (cost=25636.61..25642.93 rows=102 width=12) (actual time=489.206..489.909 rows=29 loops=1)
                                            Hash Cond: (SUBSTRING(store.s_zip FROM 1 FOR 2) = (SUBSTRING(_t3.zip FROM 1 FOR 2)))
                                            ->  Seq Scan on store  (cost=0.00..6.02 rows=102 width=18) (actual time=0.009..0.032 rows=102 loops=1)
                                            ->  Hash  (cost=25634.11..25634.11 rows=200 width=32) (actual time=489.174..489.808 rows=8 loops=1)
                                                  Buckets: 1024  Batches: 1  Memory Usage: 9kB
                                                  ->  Group  (cost=25628.24..25634.11 rows=200 width=32) (actual time=489.158..489.798 rows=8 loops=1)
                                                        Group Key: (SUBSTRING(_t3.zip FROM 1 FOR 2))
                                                        ->  Sort  (cost=25628.24..25630.92 rows=1075 width=32) (actual time=489.153..489.787 rows=9 loops=1)
                                                              Sort Key: (SUBSTRING(_t3.zip FROM 1 FOR 2))
                                                              Sort Method: quicksort  Memory: 25kB
                                                              ->  Subquery Scan on _t3  (cost=25517.66..25574.11 rows=1075 width=32) (actual time=489.127..489.772 rows=9 loops=1)
                                                                    ->  Finalize HashAggregate  (cost=25517.66..25560.67 rows=1075 width=40) (actual time=489.122..489.764 rows=9 loops=1)
                                                                          Group Key: (SUBSTRING(customer_address.ca_zip FROM 1 FOR 5))
                                                                          Filter: (count(*) > 10)
                                                                          Batches: 1  Memory Usage: 121kB
                                                                          Rows Removed by Filter: 7
                                                                          ->  Gather  (cost=24799.88..25485.40 rows=6452 width=40) (actual time=488.807..489.715 rows=43 loops=1)
                                                                                Workers Planned: 2
                                                                                Workers Launched: 2
                                                                                ->  Partial HashAggregate  (cost=23799.88..23840.20 rows=3226 width=40) (actual time=473.825..473.840 rows=14 loops=3)
                                                                                      Group Key: SUBSTRING(customer_address.ca_zip FROM 1 FOR 5)
                                                                                      Batches: 1  Memory Usage: 121kB
                                                                                      Worker 0:  Batches: 1  Memory Usage: 121kB
                                                                                      Worker 1:  Batches: 1  Memory Usage: 121kB
                                                                                      ->  Parallel Hash Join  (cost=7953.86..23372.39 rows=85498 width=32) (actual time=279.616..473.571 rows=316 loops=3)
                                                                                            Hash Cond: (customer.c_current_addr_sk = customer_address.ca_address_sk)
                                                                                            ->  Parallel Seq Scan on customer  (cost=0.00..14476.17 rows=99299 width=8) (actual time=0.397..184.969 rows=78942 loops=3)
                                                                                                  Filter: ((c_preferred_cust_flag)::text = 'Y'::text)
                                                                                                  Rows Removed by Filter: 87725
                                                                                            ->  Parallel Hash  (cost=6832.75..6832.75 rows=89689 width=14) (actual time=277.621..277.622 rows=320 loops=3)
                                                                                                  Buckets: 262144  Batches: 1  Memory Usage: 2144kB
                                                                                                  ->  Parallel Seq Scan on customer_address  (cost=1.00..6832.75 rows=89689 width=14) (actual time=171.230..208.262 rows=320 loops=3)
                                                                                                        Filter: ((SUBSTRING(SUBSTRING(ca_zip FROM 1 FOR 5) FROM 1 FOR 2) IS NOT NULL) AND (SUBSTRING(ca_zip FROM 1 FOR 5) = ANY ('{10338,56623,51423,26456,19500,65832,17178,68879,49935,49849,93956,71765,45100,50587,68389,41899,98316,56217,94686,59350,32857,14925,31266,37817,27519,20787,26967,49045,39397,32010,23144,53580,15491,74151,18442,51916,17730,22824,28290,21657,45460,39386,21133,35017,19894,21759,79293,86733,76777,41688,13810,49053,17992,13395,19869,40785,63897,65049,27388,94701,41482,97923,23951,88284,61718,94317,72294,63544,31306,41242,28830,75535,86189,88177,16147,12902,48271,54036,20936,27802,96741,70286,75710,16034,90285,22058,52590,40584,62441,64039,68999,64327,33844,52497,88495,25989,67814,13767,83194,99395,35524,89640,48834,51875,71073,25383,19129,57805,47962,61905,19557,74159,98032,13917,50936,47993,41606,17592,11470,28216,19732,97958,60997,85688,96863,16605,10898,31340,71340,72902,98949,74440,53057,30323,76166,27195,11204,32771,38189,83221,22295,15325,20844,65549,69207,71903,63929,56922,25733,75482,14986,79223,73692,98769,70275,33793,13057,30142,95737,30072,32097,25845,50282,19289,92221,59533,37375,29706,48186,22385,55809,17416,10592,55385,71829,91975,73557,38036,10448,95252,51386,14190,15247,39907,79438,78053,66623,27720,84139,74147,58637,11434,36573,10081,53536,41724,97898,36752,50384,87352,35696,69486,50026,27837,42592,58865,80523,53682,65423,77611,98529,13909,13727,52190,36152,48355,62496,16527,18143,98830,75198,73043,64043,63042,67797,50656,27700,60687,57905,94404,15733,80809,74562,84493,67977,11213,19125,84496,16435,97510,46040,33968,20256,42332,16480,54277,82819,93799,69101,57689,42821,68073,49342,46915,25825,92332,20219,96577,49463,19221,35814,64783,97303,52061,24357,58167,56286,64474,99847,53626,39703,24880,24365,50652,29611,90638,59246,27171,30483,11708,38630,81914,48269,11720,88662,68844,54838,93795,38102,33481,97546,49306,97216,49032,14270,72418,32540,53208,15588,29990,10407,92334,48543,51495,77996,53686,14827,30978,30482,86296,48869,59600,29495,24775,34645,19763,98602,20456,10468,13887,65714,74740,37096,96240,44111,54109,62693,87874,64295,62027,86027,54341,68582,67809,44159,97913,79150,38974,64754,73946,20840,16138,58939,20428,19890,70842,78648,55576,37267,40470,12957,57553,53593,34067,22555,79719,25809,28496,11083,87624,83622,84898,28678,14297,79461,22910,87129,49941,64817,93905,39721,81837,18753,86432,67821,66080,28246,13466,16363,56950,35446,58326,11760,33962,28399,45848,52560,66894,15169,20988,85925,38582,34825,94227,56758,24801,14128,14012,35824,49784}'::text[])))
                                                                                                        Rows Removed by Filter: 83013
Planning Time: 2.521 ms
JIT:
  Functions: 122
  Options: Inlining true, Optimization true, Expressions true, Deforming true
  Timing: Generation 25.343 ms, Inlining 274.668 ms, Optimization 720.663 ms, Emission 468.743 ms, Total 1489.417 ms
Execution Time: 14469.119 ms",SUCCESS
28,29,TPCDS,Q9,"SELECT
	CASE
		WHEN (
			SELECT COUNT(*)
			FROM tpcds.store_sales
			WHERE ss_quantity BETWEEN 1 AND 20
		) > 74129
		THEN (
			SELECT AVG(ss_ext_discount_amt)
			FROM tpcds.store_sales
			WHERE ss_quantity BETWEEN 1 AND 20
		)
		ELSE (
			SELECT AVG(ss_net_paid)
			FROM tpcds.store_sales
			WHERE ss_quantity BETWEEN 1 AND 20
		)
	END AS bucket1,
    CASE
        WHEN (
            SELECT COUNT(*)
            FROM tpcds.store_sales
            WHERE ss_quantity BETWEEN 21 AND 40
        ) > 122840
        THEN (
            SELECT AVG(ss_ext_discount_amt)
            FROM tpcds.store_sales
            WHERE ss_quantity BETWEEN 21 AND 40
        )
        ELSE (
            SELECT AVG(ss_net_paid)
            FROM tpcds.store_sales
            WHERE ss_quantity BETWEEN 21 AND 40
        )
    END AS bucket2,
    CASE
        WHEN (
            SELECT COUNT(*)
            FROM tpcds.store_sales
            WHERE ss_quantity BETWEEN 41 AND 60
        ) > 56580
        THEN (
            SELECT AVG(ss_ext_discount_amt)
            FROM tpcds.store_sales
            WHERE ss_quantity BETWEEN 41 AND 60
        )
        ELSE (
            SELECT AVG(ss_net_paid)
            FROM tpcds.store_sales
            WHERE ss_quantity BETWEEN 41 AND 60
        )
    END AS bucket3,
    CASE
        WHEN (
            SELECT COUNT(*)
            FROM tpcds.store_sales
            WHERE ss_quantity BETWEEN 61 AND 80
        ) > 10097
        THEN (
            SELECT AVG(ss_ext_discount_amt)
            FROM tpcds.store_sales
            WHERE ss_quantity BETWEEN 61 AND 80
        )
        ELSE (
            SELECT AVG(ss_net_paid)
            FROM tpcds.store_sales
            WHERE ss_quantity BETWEEN 61 AND 80
        )
    END AS bucket4,
    CASE
        WHEN (
            SELECT COUNT(*)
            FROM tpcds.store_sales
            WHERE ss_quantity BETWEEN 81 AND 100
        ) > 165306
        THEN (
            SELECT AVG(ss_ext_discount_amt)
            FROM tpcds.store_sales
            WHERE ss_quantity BETWEEN 81 AND 100
        )
        ELSE (
            SELECT AVG(ss_net_paid)
            FROM tpcds.store_sales
            WHERE ss_quantity BETWEEN 81 AND 100
        )
    END AS bucket5
FROM tpcds.reason
WHERE r_reason_sk = 1;","bucket1_sales = store_sales.WHERE(MONOTONIC(1, quantity, 20))
bucket2_sales = store_sales.WHERE(MONOTONIC(21, quantity, 40))
bucket3_sales = store_sales.WHERE(MONOTONIC(41, quantity, 60))
bucket4_sales = store_sales.WHERE(MONOTONIC(61, quantity, 80))
bucket5_sales = store_sales.WHERE(MONOTONIC(81, quantity, 100))

result = TPCDS.CALCULATE(
    bucket1=IFF(COUNT(bucket1_sales) > 74129, AVG(bucket1_sales.ext_discount_amount), AVG(bucket1_sales.net_paid)),
    bucket2=IFF(COUNT(bucket2_sales) > 122840, AVG(bucket2_sales.ext_discount_amount), AVG(bucket2_sales.net_paid)),
    bucket3=IFF(COUNT(bucket3_sales) > 56580, AVG(bucket3_sales.ext_discount_amount), AVG(bucket3_sales.net_paid)),
    bucket4=IFF(COUNT(bucket4_sales) > 10097, AVG(bucket4_sales.ext_discount_amount), AVG(bucket4_sales.net_paid)),
    bucket5=IFF(COUNT(bucket5_sales) > 165306, AVG(bucket5_sales.ext_discount_amount), AVG(bucket5_sales.net_paid))
)","WITH _s0 AS (
  SELECT
    AVG(CAST(ss_ext_discount_amt AS DECIMAL)) AS avg_ss_ext_discount_amt,
    AVG(CAST(ss_net_paid AS DECIMAL)) AS avg_ss_net_paid,
    COUNT(*) AS n_rows
  FROM tpcds.store_sales
  WHERE
    ss_quantity <= 20 AND ss_quantity >= 1
), _s1 AS (
  SELECT
    AVG(CAST(ss_ext_discount_amt AS DECIMAL)) AS avg_ss_ext_discount_amt,
    AVG(CAST(ss_net_paid AS DECIMAL)) AS avg_ss_net_paid,
    COUNT(*) AS n_rows
  FROM tpcds.store_sales
  WHERE
    ss_quantity <= 40 AND ss_quantity >= 21
), _s3 AS (
  SELECT
    AVG(CAST(ss_ext_discount_amt AS DECIMAL)) AS avg_ss_ext_discount_amt,
    AVG(CAST(ss_net_paid AS DECIMAL)) AS avg_ss_net_paid,
    COUNT(*) AS n_rows
  FROM tpcds.store_sales
  WHERE
    ss_quantity <= 60 AND ss_quantity >= 41
), _s5 AS (
  SELECT
    AVG(CAST(ss_ext_discount_amt AS DECIMAL)) AS avg_ss_ext_discount_amt,
    AVG(CAST(ss_net_paid AS DECIMAL)) AS avg_ss_net_paid,
    COUNT(*) AS n_rows
  FROM tpcds.store_sales
  WHERE
    ss_quantity <= 80 AND ss_quantity >= 61
), _s7 AS (
  SELECT
    AVG(CAST(ss_ext_discount_amt AS DECIMAL)) AS avg_ss_ext_discount_amt,
    AVG(CAST(ss_net_paid AS DECIMAL)) AS avg_ss_net_paid,
    COUNT(*) AS n_rows
  FROM tpcds.store_sales
  WHERE
    ss_quantity <= 100 AND ss_quantity >= 81
)
SELECT
  CASE
    WHEN _s0.n_rows > 74129
    THEN _s0.avg_ss_ext_discount_amt
    ELSE _s0.avg_ss_net_paid
  END AS bucket1,
  CASE
    WHEN _s1.n_rows > 122840
    THEN _s1.avg_ss_ext_discount_amt
    ELSE _s1.avg_ss_net_paid
  END AS bucket2,
  CASE
    WHEN _s3.n_rows > 56580
    THEN _s3.avg_ss_ext_discount_amt
    ELSE _s3.avg_ss_net_paid
  END AS bucket3,
  CASE
    WHEN _s5.n_rows > 10097
    THEN _s5.avg_ss_ext_discount_amt
    ELSE _s5.avg_ss_net_paid
  END AS bucket4,
  CASE
    WHEN _s7.n_rows > 165306
    THEN _s7.avg_ss_ext_discount_amt
    ELSE _s7.avg_ss_net_paid
  END AS bucket5
FROM _s0 AS _s0
CROSS JOIN _s1 AS _s1
CROSS JOIN _s3 AS _s3
CROSS JOIN _s5 AS _s5
CROSS JOIN _s7 AS _s7",134.6405809009998,67.08265229200015,"Seq Scan on reason  (cost=12963867.33..12963880.59 rows=1 width=160) (actual time=134243.855..134251.346 rows=1 loops=1)
  Filter: (r_reason_sk = 1)
  Rows Removed by Filter: 44
  InitPlan 1 (returns $1)
    ->  Finalize Aggregate  (cost=864387.20..864387.21 rows=1 width=8) (actual time=13048.152..13048.261 rows=1 loops=1)
          ->  Gather  (cost=864386.99..864387.20 rows=2 width=8) (actual time=13047.980..13048.240 rows=3 loops=1)
                Workers Planned: 2
                Workers Launched: 2
                ->  Partial Aggregate  (cost=863386.99..863387.00 rows=1 width=8) (actual time=13034.558..13034.559 rows=1 loops=3)
                      ->  Parallel Seq Scan on store_sales  (cost=0.00..857528.24 rows=2343499 width=0) (actual time=63.034..12944.205 rows=1832739 loops=3)
                            Filter: ((ss_quantity >= 1) AND (ss_quantity <= 20))
                            Rows Removed by Filter: 7767592
  InitPlan 2 (returns $3)
    ->  Finalize Aggregate  (cost=864387.21..864387.22 rows=1 width=32) (actual time=13392.448..13392.517 rows=1 loops=1)
          ->  Gather  (cost=864386.99..864387.20 rows=2 width=32) (actual time=13392.275..13392.500 rows=3 loops=1)
                Workers Planned: 2
                Workers Launched: 2
                ->  Partial Aggregate  (cost=863386.99..863387.00 rows=1 width=32) (actual time=13377.434..13377.435 rows=1 loops=3)
                      ->  Parallel Seq Scan on store_sales store_sales_1  (cost=0.00..857528.24 rows=2343499 width=3) (actual time=98.547..13148.642 rows=1832739 loops=3)
                            Filter: ((ss_quantity >= 1) AND (ss_quantity <= 20))
                            Rows Removed by Filter: 7767592
  InitPlan 3 (returns $5)
    ->  Finalize Aggregate  (cost=864387.21..864387.22 rows=1 width=32) (never executed)
          ->  Gather  (cost=864386.99..864387.20 rows=2 width=32) (never executed)
                Workers Planned: 2
                Workers Launched: 0
                ->  Partial Aggregate  (cost=863386.99..863387.00 rows=1 width=32) (never executed)
                      ->  Parallel Seq Scan on store_sales store_sales_2  (cost=0.00..857528.24 rows=2343499 width=6) (never executed)
                            Filter: ((ss_quantity >= 1) AND (ss_quantity <= 20))
  InitPlan 4 (returns $7)
    ->  Finalize Aggregate  (cost=864097.21..864097.22 rows=1 width=8) (actual time=13361.715..13361.789 rows=1 loops=1)
          ->  Gather  (cost=864097.00..864097.21 rows=2 width=8) (actual time=13361.533..13361.769 rows=3 loops=1)
                Workers Planned: 2
                Workers Launched: 2
                ->  Partial Aggregate  (cost=863097.00..863097.01 rows=1 width=8) (actual time=13343.765..13343.766 rows=1 loops=3)
                      ->  Parallel Seq Scan on store_sales store_sales_3  (cost=0.00..857528.24 rows=2227504 width=0) (actual time=63.529..13244.707 rows=1832725 loops=3)
                            Filter: ((ss_quantity >= 21) AND (ss_quantity <= 40))
                            Rows Removed by Filter: 7767605
  InitPlan 5 (returns $9)
    ->  Finalize Aggregate  (cost=864097.22..864097.23 rows=1 width=32) (actual time=13334.308..13334.377 rows=1 loops=1)
          ->  Gather  (cost=864097.00..864097.21 rows=2 width=32) (actual time=13334.129..13334.349 rows=3 loops=1)
                Workers Planned: 2
                Workers Launched: 2
                ->  Partial Aggregate  (cost=863097.00..863097.01 rows=1 width=32) (actual time=13319.270..13319.271 rows=1 loops=3)
                      ->  Parallel Seq Scan on store_sales store_sales_4  (cost=0.00..857528.24 rows=2227504 width=3) (actual time=94.194..13085.381 rows=1832725 loops=3)
                            Filter: ((ss_quantity >= 21) AND (ss_quantity <= 40))
                            Rows Removed by Filter: 7767605
  InitPlan 6 (returns $11)
    ->  Finalize Aggregate  (cost=864097.22..864097.23 rows=1 width=32) (never executed)
          ->  Gather  (cost=864097.00..864097.21 rows=2 width=32) (never executed)
                Workers Planned: 2
                Workers Launched: 0
                ->  Partial Aggregate  (cost=863097.00..863097.01 rows=1 width=32) (never executed)
                      ->  Parallel Seq Scan on store_sales store_sales_5  (cost=0.00..857528.24 rows=2227504 width=6) (never executed)
                            Filter: ((ss_quantity >= 21) AND (ss_quantity <= 40))
  InitPlan 7 (returns $13)
    ->  Finalize Aggregate  (cost=864237.21..864237.22 rows=1 width=8) (actual time=13374.329..13374.395 rows=1 loops=1)
          ->  Gather  (cost=864236.99..864237.20 rows=2 width=8) (actual time=13374.155..13374.373 rows=3 loops=1)
                Workers Planned: 2
                Workers Launched: 2
                ->  Partial Aggregate  (cost=863236.99..863237.00 rows=1 width=8) (actual time=13359.249..13359.250 rows=1 loops=3)
                      ->  Parallel Seq Scan on store_sales store_sales_6  (cost=0.00..857528.24 rows=2283502 width=0) (actual time=58.629..13270.011 rows=1834381 loops=3)
                            Filter: ((ss_quantity >= 41) AND (ss_quantity <= 60))
                            Rows Removed by Filter: 7765949
  InitPlan 8 (returns $15)
    ->  Finalize Aggregate  (cost=864237.22..864237.23 rows=1 width=32) (actual time=13377.760..13377.828 rows=1 loops=1)
          ->  Gather  (cost=864236.99..864237.20 rows=2 width=32) (actual time=13377.591..13377.807 rows=3 loops=1)
                Workers Planned: 2
                Workers Launched: 2
                ->  Partial Aggregate  (cost=863236.99..863237.01 rows=1 width=32) (actual time=13362.765..13362.766 rows=1 loops=3)
                      ->  Parallel Seq Scan on store_sales store_sales_7  (cost=0.00..857528.24 rows=2283502 width=3) (actual time=93.790..13131.038 rows=1834381 loops=3)
                            Filter: ((ss_quantity >= 41) AND (ss_quantity <= 60))
                            Rows Removed by Filter: 7765949
  InitPlan 9 (returns $17)
    ->  Finalize Aggregate  (cost=864237.22..864237.23 rows=1 width=32) (never executed)
          ->  Gather  (cost=864236.99..864237.20 rows=2 width=32) (never executed)
                Workers Planned: 2
                Workers Launched: 0
                ->  Partial Aggregate  (cost=863236.99..863237.01 rows=1 width=32) (never executed)
                      ->  Parallel Seq Scan on store_sales store_sales_8  (cost=0.00..857528.24 rows=2283502 width=6) (never executed)
                            Filter: ((ss_quantity >= 41) AND (ss_quantity <= 60))
  InitPlan 10 (returns $19)
    ->  Finalize Aggregate  (cost=864289.20..864289.21 rows=1 width=8) (actual time=13359.952..13360.056 rows=1 loops=1)
          ->  Gather  (cost=864288.99..864289.20 rows=2 width=8) (actual time=13359.778..13360.036 rows=3 loops=1)
                Workers Planned: 2
                Workers Launched: 2
                ->  Partial Aggregate  (cost=863288.99..863289.00 rows=1 width=8) (actual time=13342.439..13342.440 rows=1 loops=3)
                      ->  Parallel Seq Scan on store_sales store_sales_9  (cost=0.00..857528.24 rows=2304300 width=0) (actual time=62.081..13254.030 rows=1835252 loops=3)
                            Filter: ((ss_quantity >= 61) AND (ss_quantity <= 80))
                            Rows Removed by Filter: 7765079
  InitPlan 11 (returns $21)
    ->  Finalize Aggregate  (cost=864289.21..864289.22 rows=1 width=32) (actual time=13351.309..13351.418 rows=1 loops=1)
          ->  Gather  (cost=864288.99..864289.20 rows=2 width=32) (actual time=13351.130..13351.394 rows=3 loops=1)
                Workers Planned: 2
                Workers Launched: 2
                ->  Partial Aggregate  (cost=863288.99..863289.00 rows=1 width=32) (actual time=13335.006..13335.006 rows=1 loops=3)
                      ->  Parallel Seq Scan on store_sales store_sales_10  (cost=0.00..857528.24 rows=2304300 width=3) (actual time=93.609..13099.017 rows=1835252 loops=3)
                            Filter: ((ss_quantity >= 61) AND (ss_quantity <= 80))
                            Rows Removed by Filter: 7765079
  InitPlan 12 (returns $23)
    ->  Finalize Aggregate  (cost=864289.21..864289.22 rows=1 width=32) (never executed)
          ->  Gather  (cost=864288.99..864289.20 rows=2 width=32) (never executed)
                Workers Planned: 2
                Workers Launched: 0
                ->  Partial Aggregate  (cost=863288.99..863289.00 rows=1 width=32) (never executed)
                      ->  Parallel Seq Scan on store_sales store_sales_11  (cost=0.00..857528.24 rows=2304300 width=6) (never executed)
                            Filter: ((ss_quantity >= 61) AND (ss_quantity <= 80))
  InitPlan 13 (returns $25)
    ->  Finalize Aggregate  (cost=864278.20..864278.21 rows=1 width=8) (actual time=13345.234..13345.341 rows=1 loops=1)
          ->  Gather  (cost=864277.99..864278.20 rows=2 width=8) (actual time=13345.056..13345.328 rows=3 loops=1)
                Workers Planned: 2
                Workers Launched: 2
                ->  Partial Aggregate  (cost=863277.99..863278.00 rows=1 width=8) (actual time=13329.615..13329.616 rows=1 loops=3)
                      ->  Parallel Seq Scan on store_sales store_sales_12  (cost=0.00..857528.24 rows=2299901 width=0) (actual time=62.641..13239.392 rows=1833173 loops=3)
                            Filter: ((ss_quantity >= 81) AND (ss_quantity <= 100))
                            Rows Removed by Filter: 7767157
  InitPlan 14 (returns $27)
    ->  Finalize Aggregate  (cost=864278.21..864278.22 rows=1 width=32) (actual time=13362.512..13369.212 rows=1 loops=1)
          ->  Gather  (cost=864277.99..864278.20 rows=2 width=32) (actual time=13362.331..13369.187 rows=3 loops=1)
                Workers Planned: 2
                Workers Launched: 2
                ->  Partial Aggregate  (cost=863277.99..863278.00 rows=1 width=32) (actual time=13344.537..13344.538 rows=1 loops=3)
                      ->  Parallel Seq Scan on store_sales store_sales_13  (cost=0.00..857528.24 rows=2299901 width=3) (actual time=98.445..13110.886 rows=1833173 loops=3)
                            Filter: ((ss_quantity >= 81) AND (ss_quantity <= 100))
                            Rows Removed by Filter: 7767157
  InitPlan 15 (returns $29)
    ->  Finalize Aggregate  (cost=864278.21..864278.22 rows=1 width=32) (never executed)
          ->  Gather  (cost=864277.99..864278.20 rows=2 width=32) (never executed)
                Workers Planned: 2
                Workers Launched: 0
                ->  Partial Aggregate  (cost=863277.99..863278.00 rows=1 width=32) (never executed)
                      ->  Parallel Seq Scan on store_sales store_sales_14  (cost=0.00..857528.24 rows=2299901 width=6) (never executed)
                            Filter: ((ss_quantity >= 81) AND (ss_quantity <= 100))
Planning Time: 1.006 ms
JIT:
  Functions: 193
  Options: Inlining true, Optimization true, Expressions true, Deforming true
  Timing: Generation 15.086 ms, Inlining 1207.407 ms, Optimization 1204.918 ms, Emission 866.578 ms, Total 3293.988 ms
Execution Time: 134256.446 ms","Nested Loop  (cost=4378582.71..4378582.86 rows=1 width=160) (actual time=66536.116..66543.757 rows=1 loops=1)
  ->  Nested Loop  (cost=3502804.97..3502805.08 rows=1 width=288) (actual time=53248.333..53248.651 rows=1 loops=1)
        ->  Nested Loop  (cost=2626994.24..2626994.32 rows=1 width=216) (actual time=39892.760..39893.010 rows=1 loops=1)
              ->  Nested Loop  (cost=1751339.49..1751339.54 rows=1 width=144) (actual time=26540.052..26540.234 rows=1 loops=1)
                    ->  Finalize Aggregate  (cost=876104.73..876104.74 rows=1 width=72) (actual time=13246.800..13246.913 rows=1 loops=1)
                          ->  Gather  (cost=876104.49..876104.70 rows=2 width=72) (actual time=13246.620..13246.884 rows=3 loops=1)
                                Workers Planned: 2
                                Workers Launched: 2
                                ->  Partial Aggregate  (cost=875104.49..875104.50 rows=1 width=72) (actual time=13232.923..13232.924 rows=1 loops=3)
                                      ->  Parallel Seq Scan on store_sales  (cost=0.00..857528.24 rows=2343499 width=9) (actual time=322.501..12882.705 rows=1832739 loops=3)
                                            Filter: ((ss_quantity <= 20) AND (ss_quantity >= 1))
                                            Rows Removed by Filter: 7767592
                    ->  Finalize Aggregate  (cost=875234.76..875234.77 rows=1 width=72) (actual time=13293.245..13293.314 rows=1 loops=1)
                          ->  Gather  (cost=875234.52..875234.73 rows=2 width=72) (actual time=13293.068..13293.292 rows=3 loops=1)
                                Workers Planned: 2
                                Workers Launched: 2
                                ->  Partial Aggregate  (cost=874234.52..874234.53 rows=1 width=72) (actual time=13270.548..13270.549 rows=1 loops=3)
                                      ->  Parallel Seq Scan on store_sales store_sales_1  (cost=0.00..857528.24 rows=2227504 width=9) (actual time=120.553..12923.467 rows=1832725 loops=3)
                                            Filter: ((ss_quantity <= 40) AND (ss_quantity >= 21))
                                            Rows Removed by Filter: 7767605
              ->  Finalize Aggregate  (cost=875654.75..875654.76 rows=1 width=72) (actual time=13352.697..13352.764 rows=1 loops=1)
                    ->  Gather  (cost=875654.51..875654.72 rows=2 width=72) (actual time=13352.524..13352.734 rows=3 loops=1)
                          Workers Planned: 2
                          Workers Launched: 2
                          ->  Partial Aggregate  (cost=874654.51..874654.52 rows=1 width=72) (actual time=13334.957..13334.958 rows=1 loops=3)
                                ->  Parallel Seq Scan on store_sales store_sales_2  (cost=0.00..857528.24 rows=2283502 width=9) (actual time=119.260..12993.287 rows=1834381 loops=3)
                                      Filter: ((ss_quantity <= 60) AND (ss_quantity >= 41))
                                      Rows Removed by Filter: 7765949
        ->  Finalize Aggregate  (cost=875810.73..875810.74 rows=1 width=72) (actual time=13355.563..13355.630 rows=1 loops=1)
              ->  Gather  (cost=875810.49..875810.70 rows=2 width=72) (actual time=13355.373..13355.602 rows=3 loops=1)
                    Workers Planned: 2
                    Workers Launched: 2
                    ->  Partial Aggregate  (cost=874810.49..874810.50 rows=1 width=72) (actual time=13340.425..13340.426 rows=1 loops=3)
                          ->  Parallel Seq Scan on store_sales store_sales_3  (cost=0.00..857528.24 rows=2304300 width=9) (actual time=111.095..12994.359 rows=1835252 loops=3)
                                Filter: ((ss_quantity <= 80) AND (ss_quantity >= 61))
                                Rows Removed by Filter: 7765079
  ->  Finalize Aggregate  (cost=875777.74..875777.75 rows=1 width=72) (actual time=13287.773..13295.095 rows=1 loops=1)
        ->  Gather  (cost=875777.50..875777.71 rows=2 width=72) (actual time=13287.578..13295.062 rows=3 loops=1)
              Workers Planned: 2
              Workers Launched: 2
              ->  Partial Aggregate  (cost=874777.50..874777.51 rows=1 width=72) (actual time=13267.747..13267.748 rows=1 loops=3)
                    ->  Parallel Seq Scan on store_sales store_sales_4  (cost=0.00..857528.24 rows=2299901 width=9) (actual time=121.263..12921.313 rows=1833173 loops=3)
                          Filter: ((ss_quantity <= 100) AND (ss_quantity >= 81))
                          Rows Removed by Filter: 7767157
Planning Time: 0.375 ms
JIT:
  Functions: 89
  Options: Inlining true, Optimization true, Expressions true, Deforming true
  Timing: Generation 11.374 ms, Inlining 732.162 ms, Optimization 1024.607 ms, Emission 623.235 ms, Total 2391.377 ms
Execution Time: 66547.079 ms",SUCCESS
29,30,TPCDS,Q10,"SELECT
    cd.cd_gender,
    cd.cd_marital_status,
    cd.cd_education_status,
    COUNT(*) AS cnt1,
    cd.cd_purchase_estimate,
    COUNT(*) AS cnt2,
    cd.cd_credit_rating,
    COUNT(*) AS cnt3,
    cd.cd_dep_count,
    COUNT(*) AS cnt4,
    cd.cd_dep_employed_count,
    COUNT(*) AS cnt5,
    cd.cd_dep_college_count,
    COUNT(*) AS cnt6
FROM tpcds.customer c
JOIN tpcds.customer_address ca
    ON c.c_current_addr_sk = ca.ca_address_sk
JOIN tpcds.customer_demographics cd
    ON cd.cd_demo_sk = c.c_current_cdemo_sk
WHERE
    ca.ca_county IN (
        'Rush County',
        'Toole County',
        'Jefferson County',
        'Dona Ana County',
        'La Porte County'
    )
    AND EXISTS (
        SELECT 1
        FROM tpcds.store_sales ss
        JOIN tpcds.date_dim d
            ON ss.ss_sold_date_sk = d.d_date_sk
        WHERE
            ss.ss_customer_sk = c.c_customer_sk
            AND d.d_year = 2002
            AND d.d_moy BETWEEN 1 AND 3
    )
    AND (
        EXISTS (
            SELECT 1
            FROM tpcds.web_sales ws
            JOIN tpcds.date_dim d
                ON ws.ws_sold_date_sk = d.d_date_sk
            WHERE
                ws.ws_bill_customer_sk = c.c_customer_sk
                AND d.d_year = 2002
                AND d.d_moy BETWEEN 1 AND 3
        )
        OR EXISTS (
            SELECT 1
            FROM tpcds.catalog_sales cs
            JOIN tpcds.date_dim d
                ON cs.cs_sold_date_sk = d.d_date_sk
            WHERE
                cs.cs_ship_customer_sk = c.c_customer_sk
                AND d.d_year = 2002
                AND d.d_moy BETWEEN 1 AND 3
        )
    )
GROUP BY
    cd.cd_gender,
    cd.cd_marital_status,
    cd.cd_education_status,
    cd.cd_purchase_estimate,
    cd.cd_credit_rating,
    cd.cd_dep_count,
    cd.cd_dep_employed_count,
    cd.cd_dep_college_count
ORDER BY
    cd.cd_gender,
    cd.cd_marital_status,
    cd.cd_education_status,
    cd.cd_purchase_estimate,
    cd.cd_credit_rating,
    cd.cd_dep_count,
    cd.cd_dep_employed_count,
    cd.cd_dep_college_count
LIMIT 10;","selected_store_sales = store_sales_as_bill_customer.WHERE(
    (sold_date.year == 2002) 
    & (MONOTONIC(1, sold_date.month_of_year, 3))
)

selected_web_sales = web_sales_as_bill_customer.WHERE(
    (sold_date.year == 2002) 
    & (MONOTONIC(1, sold_date.month_of_year, 3))
)

selected_cat_sales = catalog_sales_as_ship_customer.WHERE(
    (sold_date.year == 2002) 
    & (MONOTONIC(1, sold_date.month_of_year, 3))
)

customers_in_counties = customers.WHERE(
    HAS(current_address) &
    ISIN(current_address.county, ('Rush County', 'Toole County', 'Jefferson County',
        'Dona Ana County', 'La Porte County'))
    & (HAS(selected_store_sales) & (HAS(selected_web_sales) | HAS(selected_cat_sales)))
    & HAS(current_demographics) 
)

result = customers_in_counties.CALCULATE(
    gender=current_demographics.gender,
    marital_status=current_demographics.marital_status,
    education_status=current_demographics.education_status,
    purchase_estimate=current_demographics.purchase_estimate,
    credit_rating=current_demographics.credit_rating,
    dep_count=current_demographics.dependent_count,
    dep_employed_count=current_demographics.employed_dependent_count,
    dep_college_count=current_demographics.college_dependent_count
).PARTITION(
    name='demographics', by=(
        gender, 
        marital_status, 
        education_status, 
        purchase_estimate, 
        credit_rating, 
        dep_count, 
        dep_employed_count, 
        dep_college_count
    )
).CALCULATE(
    cd_gender=gender, 
    cd_marital_status=marital_status, 
    cd_education_status=education_status,
    cnt1=COUNT(customers), 
    cd_purchase_estimate=purchase_estimate, 
    cnt2=COUNT(customers),
    cd_credit_rating=credit_rating, 
    cnt3=COUNT(customers),
    cd_dep_count=dep_count, 
    cnt4=COUNT(customers),
    cd_dep_employed_count=dep_employed_count, 
    cnt5=COUNT(customers),
    cd_dep_college_count=dep_college_count,
    cnt6=COUNT(customers)
).TOP_K(10, by=(
        cd_gender, 
        cd_marital_status, 
        cd_education_status, 
        cd_purchase_estimate, 
        cd_credit_rating, 
        cd_dep_count, 
        cd_dep_employed_count, 
        cd_dep_college_count
    )
)","WITH _t5 AS (
  SELECT
    d_date_sk,
    d_moy,
    d_year
  FROM tpcds.date_dim
  WHERE
    d_moy <= 3 AND d_moy >= 1 AND d_year = 2002
), _u_0 AS (
  SELECT
    store_sales.ss_customer_sk AS _u_1
  FROM tpcds.store_sales AS store_sales
  JOIN _t5 AS _t5
    ON _t5.d_date_sk = store_sales.ss_sold_date_sk
  GROUP BY
    1
), _s9 AS (
  SELECT
    web_sales.ws_bill_customer_sk
  FROM tpcds.web_sales AS web_sales
  JOIN _t5 AS _t6
    ON _t6.d_date_sk = web_sales.ws_sold_date_sk
), _s12 AS (
  SELECT
    customer.c_customer_sk AS ws_bill_customer_sk,
    MAX(customer.c_current_cdemo_sk) AS anything_c_current_cdemo_sk,
    COUNT(_s9.ws_bill_customer_sk) AS count_ws_bill_customer_sk
  FROM tpcds.customer AS customer
  JOIN tpcds.customer_address AS customer_address
    ON customer.c_current_addr_sk = customer_address.ca_address_sk
    AND customer_address.ca_county IN ('Rush County', 'Toole County', 'Jefferson County', 'Dona Ana County', 'La Porte County')
  LEFT JOIN _u_0 AS _u_0
    ON _u_0._u_1 = customer.c_customer_sk
  LEFT JOIN _s9 AS _s9
    ON _s9.ws_bill_customer_sk = customer.c_customer_sk
  WHERE
    NOT _u_0._u_1 IS NULL
  GROUP BY
    1
), _s13 AS (
  SELECT
    catalog_sales.cs_ship_customer_sk
  FROM tpcds.catalog_sales AS catalog_sales
  JOIN _t5 AS _t7
    ON _t7.d_date_sk = catalog_sales.cs_sold_date_sk
), _t1 AS (
  SELECT
    MAX(_s12.anything_c_current_cdemo_sk) AS anything_anything_c_current_cdemo_sk,
    COUNT(_s13.cs_ship_customer_sk) AS count_cs_ship_customer_sk,
    MAX(NULLIF(_s12.count_ws_bill_customer_sk, 0)) AS n_rows
  FROM _s12 AS _s12
  LEFT JOIN _s13 AS _s13
    ON _s12.ws_bill_customer_sk = _s13.cs_ship_customer_sk
  GROUP BY
    _s12.ws_bill_customer_sk
)
SELECT
  customer_demographics.cd_gender,
  customer_demographics.cd_marital_status,
  customer_demographics.cd_education_status,
  COUNT(*) AS cnt1,
  customer_demographics.cd_purchase_estimate,
  COUNT(*) AS cnt2,
  customer_demographics.cd_credit_rating,
  COUNT(*) AS cnt3,
  customer_demographics.cd_dep_count,
  COUNT(*) AS cnt4,
  customer_demographics.cd_dep_employed_count,
  COUNT(*) AS cnt5,
  customer_demographics.cd_dep_college_count,
  COUNT(*) AS cnt6
FROM _t1 AS _t1
JOIN tpcds.customer_demographics AS customer_demographics
  ON _t1.anything_anything_c_current_cdemo_sk = customer_demographics.cd_demo_sk
WHERE
  (
    NOT NULLIF(_t1.count_cs_ship_customer_sk, 0) IS NULL
    AND NULLIF(_t1.count_cs_ship_customer_sk, 0) > 0
  )
  OR (
    NOT _t1.n_rows IS NULL AND _t1.n_rows > 0
  )
GROUP BY
  1,
  11,
  13,
  2,
  3,
  5,
  7,
  9
ORDER BY
  1 NULLS FIRST,
  2 NULLS FIRST,
  3 NULLS FIRST,
  5 NULLS FIRST,
  7 NULLS FIRST,
  9 NULLS FIRST,
  11 NULLS FIRST,
  13 NULLS FIRST
LIMIT 10",68.26371212999993,29.627121912999883,"Limit  (cost=174519.62..24208599648.53 rows=10 width=98) (actual time=89560.715..91191.465 rows=10 loops=1)
  ->  GroupAggregate  (cost=174519.62..522902157304.06 rows=216 width=98) (actual time=89182.709..90813.452 rows=10 loops=1)
        Group Key: cd.cd_gender, cd.cd_marital_status, cd.cd_education_status, cd.cd_purchase_estimate, cd.cd_credit_rating, cd.cd_dep_count, cd.cd_dep_employed_count, cd.cd_dep_college_count
        ->  Nested Loop  (cost=174519.62..522902157297.04 rows=216 width=50) (actual time=89044.247..90813.361 rows=11 loops=1)
              Join Filter: (c.c_current_cdemo_sk = cd.cd_demo_sk)
              Rows Removed by Join Filter: 26862452
              ->  Gather Merge  (cost=170734.97..394443.78 rows=1920800 width=58) (actual time=3942.355..4156.601 rows=373090 loops=1)
                    Workers Planned: 2
                    Workers Launched: 2
                    ->  Sort  (cost=169734.95..171735.78 rows=800333 width=58) (actual time=3302.174..3455.116 rows=124761 loops=3)
                          Sort Key: cd.cd_gender, cd.cd_marital_status, cd.cd_education_status, cd.cd_purchase_estimate, cd.cd_credit_rating, cd.cd_dep_count, cd.cd_dep_employed_count, cd.cd_dep_college_count
                          Sort Method: external merge  Disk: 40192kB
                          Worker 0:  Sort Method: external merge  Disk: 37608kB
                          Worker 1:  Sort Method: external merge  Disk: 71056kB
                          ->  Parallel Seq Scan on customer_demographics cd  (cost=0.00..31075.33 rows=800333 width=58) (actual time=67.644..242.615 rows=640267 loops=3)
              ->  Materialize  (cost=3784.65..522895308965.82 rows=224 width=8) (actual time=0.088..0.229 rows=72 loops=373090)
                    ->  Nested Loop Semi Join  (cost=3784.65..522895308964.70 rows=224 width=8) (actual time=32705.020..84597.138 rows=72 loops=1)
                          Join Filter: (c.c_customer_sk = ss.ss_customer_sk)
                          Rows Removed by Join Filter: 435660669
                          ->  Nested Loop  (cost=0.00..522892698123.00 rows=3422 width=16) (actual time=14672.611..28437.650 rows=562 loops=1)
                                Join Filter: (c.c_current_addr_sk = ca.ca_address_sk)
                                Rows Removed by Join Filter: 136864499
                                ->  Seq Scan on customer_address ca  (cost=0.00..8550.50 rows=2281 width=8) (actual time=0.432..71.035 rows=2319 loops=1)
                                      Filter: ((ca_county)::text = ANY ('{""Rush County"",""Toole County"",""Jefferson County"",""Dona Ana County"",""La Porte County""}'::text[]))
                                      Rows Removed by Filter: 247681
                                ->  Materialize  (cost=0.00..522874848445.00 rows=375000 width=24) (actual time=6.221..10.085 rows=59019 loops=2319)
                                      ->  Seq Scan on customer c  (cost=0.00..522874844372.00 rows=375000 width=24) (actual time=14423.822..14627.195 rows=59019 loops=1)
                                            Filter: ((hashed SubPlan 2) OR (hashed SubPlan 4))
                                            Rows Removed by Filter: 440981
                                            SubPlan 2
                                              ->  Gather  (cost=3784.65..302964.63 rows=8963 width=8) (actual time=138.665..4565.348 rows=211863 loops=1)
                                                    Workers Planned: 2
                                                    Workers Launched: 2
                                                    ->  Parallel Hash Join  (cost=2784.65..301068.33 rows=3735 width=8) (actual time=125.223..4564.649 rows=70621 loops=3)
                                                          Hash Cond: (ws.ws_sold_date_sk = d_1.d_date_sk)
                                                          ->  Parallel Seq Scan on web_sales ws  (cost=0.00..287017.10 rows=2998510 width=16) (actual time=0.379..4243.216 rows=2399189 loops=3)
                                                          ->  Parallel Hash  (cost=2783.97..2783.97 rows=54 width=8) (actual time=123.858..123.859 rows=30 loops=3)
                                                                Buckets: 1024  Batches: 1  Memory Usage: 40kB
                                                                ->  Parallel Seq Scan on date_dim d_1  (cost=0.00..2783.97 rows=54 width=8) (actual time=83.027..84.313 rows=30 loops=3)
                                                                      Filter: ((d_moy >= 1) AND (d_moy <= 3) AND (d_year = 2002))
                                                                      Rows Removed by Filter: 24320
                                            SubPlan 4
                                              ->  Gather  (cost=3784.65..599886.17 rows=17859 width=8) (actual time=7735.960..9758.872 rows=404796 loops=1)
                                                    Workers Planned: 2
                                                    Workers Launched: 2
                                                    ->  Parallel Hash Join  (cost=2784.65..597100.27 rows=7441 width=8) (actual time=7718.874..9156.929 rows=134932 loops=3)
                                                          Hash Cond: (cs.cs_sold_date_sk = d_2.d_date_sk)
                                                          ->  Parallel Seq Scan on catalog_sales cs  (cost=0.00..571766.15 rows=6001415 width=16) (actual time=0.285..8678.551 rows=4800420 loops=3)
                                                          ->  Parallel Hash  (cost=2783.97..2783.97 rows=54 width=8) (actual time=6.191..6.191 rows=30 loops=3)
                                                                Buckets: 1024  Batches: 1  Memory Usage: 40kB
                                                                ->  Parallel Seq Scan on date_dim d_2  (cost=0.00..2783.97 rows=54 width=8) (actual time=15.665..18.466 rows=90 loops=1)
                                                                      Filter: ((d_moy >= 1) AND (d_moy <= 3) AND (d_year = 2002))
                                                                      Rows Removed by Filter: 72959
                          ->  Materialize  (cost=3784.65..850000.48 rows=34306 width=8) (actual time=0.018..71.903 rows=775197 loops=562)
                                ->  Gather  (cost=3784.65..849828.95 rows=34306 width=8) (actual time=8.567..13464.432 rows=830670 loops=1)
                                      Workers Planned: 2
                                      Workers Launched: 2
                                      ->  Parallel Hash Join  (cost=2784.65..845398.35 rows=14294 width=8) (actual time=101.368..13533.765 rows=276890 loops=3)
                                            Hash Cond: (ss.ss_sold_date_sk = d.d_date_sk)
                                            ->  Parallel Seq Scan on store_sales ss  (cost=0.00..797530.82 rows=11999482 width=16) (actual time=0.306..12627.813 rows=9600330 loops=3)
                                            ->  Parallel Hash  (cost=2783.97..2783.97 rows=54 width=8) (actual time=2.053..2.054 rows=30 loops=3)
                                                  Buckets: 1024  Batches: 1  Memory Usage: 40kB
                                                  ->  Parallel Seq Scan on date_dim d  (cost=0.00..2783.97 rows=54 width=8) (actual time=3.254..6.076 rows=90 loops=1)
                                                        Filter: ((d_moy >= 1) AND (d_moy <= 3) AND (d_year = 2002))
                                                        Rows Removed by Filter: 72959
Planning Time: 0.531 ms
JIT:
  Functions: 153
  Options: Inlining true, Optimization true, Expressions true, Deforming true
  Timing: Generation 8.039 ms, Inlining 502.865 ms, Optimization 562.706 ms, Emission 372.906 ms, Total 1446.515 ms
Execution Time: 91197.760 ms","Limit  (cost=2243074.47..2243074.82 rows=10 width=98) (actual time=29049.195..29049.520 rows=10 loops=1)
  CTE _t5
    ->  Seq Scan on date_dim  (cost=0.00..3310.36 rows=91 width=24) (actual time=3.377..6.396 rows=90 loops=1)
          Filter: ((d_moy <= 3) AND (d_moy >= 1) AND (d_year = 2002))
          Rows Removed by Filter: 72959
  ->  GroupAggregate  (cost=2239764.12..2239768.00 rows=111 width=98) (actual time=28532.630..28532.954 rows=10 loops=1)
        Group Key: customer_demographics.cd_gender, customer_demographics.cd_marital_status, customer_demographics.cd_education_status, customer_demographics.cd_purchase_estimate, customer_demographics.cd_credit_rating, customer_demographics.cd_dep_count, customer_demographics.cd_dep_employed_count, customer_demographics.cd_dep_college_count
        ->  Sort  (cost=2239764.12..2239764.39 rows=111 width=50) (actual time=28532.591..28532.910 rows=11 loops=1)
              Sort Key: customer_demographics.cd_gender NULLS FIRST, customer_demographics.cd_marital_status NULLS FIRST, customer_demographics.cd_education_status NULLS FIRST, customer_demographics.cd_purchase_estimate NULLS FIRST, customer_demographics.cd_credit_rating NULLS FIRST, customer_demographics.cd_dep_count NULLS FIRST, customer_demographics.cd_dep_employed_count NULLS FIRST, customer_demographics.cd_dep_college_count NULLS FIRST
              Sort Method: quicksort  Memory: 30kB
              ->  Hash Join  (cost=2190276.23..2239760.34 rows=111 width=50) (actual time=28068.726..28532.746 rows=71 loops=1)
                    Hash Cond: (customer_demographics.cd_demo_sk = _t1.anything_anything_c_current_cdemo_sk)
                    ->  Seq Scan on customer_demographics  (cost=0.00..42280.00 rows=1920800 width=58) (actual time=0.388..344.759 rows=1920800 loops=1)
                    ->  Hash  (cost=2190274.85..2190274.85 rows=111 width=8) (actual time=28067.277..28067.595 rows=71 loops=1)
                          Buckets: 1024  Batches: 1  Memory Usage: 11kB
                          ->  Subquery Scan on _t1  (cost=2190163.42..2190274.85 rows=111 width=8) (actual time=28067.044..28067.578 rows=72 loops=1)
                                ->  GroupAggregate  (cost=2190163.42..2190273.74 rows=111 width=32) (actual time=28067.041..28067.569 rows=72 loops=1)
                                      Group Key: _s12.ws_bill_customer_sk
                                      Filter: (((NULLIF(count(catalog_sales.cs_ship_customer_sk), 0) IS NOT NULL) AND (NULLIF(count(catalog_sales.cs_ship_customer_sk), 0) > 0)) OR ((max(NULLIF(_s12.count_ws_bill_customer_sk, 0)) IS NOT NULL) AND (max(NULLIF(_s12.count_ws_bill_customer_sk, 0)) > 0)))
                                      Rows Removed by Filter: 500
                                      ->  Sort  (cost=2190163.42..2190181.14 rows=7088 width=32) (actual time=28067.001..28067.366 rows=1009 loops=1)
                                            Sort Key: _s12.ws_bill_customer_sk
                                            Sort Method: quicksort  Memory: 75kB
                                            ->  Hash Right Join  (cost=1470930.97..2189710.10 rows=7088 width=32) (actual time=27779.023..28067.105 rows=1009 loops=1)
                                                  Hash Cond: (catalog_sales.cs_ship_customer_sk = _s12.ws_bill_customer_sk)
                                                  ->  Hash Join  (cost=2.96..716914.80 rows=711313 width=8) (actual time=9507.145..9775.724 rows=404796 loops=1)
                                                        Hash Cond: (catalog_sales.cs_sold_date_sk = _t7.d_date_sk)
                                                        ->  Seq Scan on catalog_sales  (cost=0.00..655785.97 rows=14403397 width=16) (actual time=0.007..8876.117 rows=14401261 loops=1)
                                                        ->  Hash  (cost=1.82..1.82 rows=91 width=8) (actual time=0.021..0.022 rows=90 loops=1)
                                                              Buckets: 1024  Batches: 1  Memory Usage: 12kB
                                                              ->  CTE Scan on _t5 _t7  (cost=0.00..1.82 rows=91 width=8) (actual time=0.004..0.011 rows=90 loops=1)
                                                  ->  Hash  (cost=1470916.53..1470916.53 rows=919 width=24) (actual time=18267.150..18267.463 rows=572 loops=1)
                                                        Buckets: 1024  Batches: 1  Memory Usage: 40kB
                                                        ->  Subquery Scan on _s12  (cost=1470888.96..1470916.53 rows=919 width=24) (actual time=18266.855..18267.390 rows=572 loops=1)
                                                              ->  GroupAggregate  (cost=1470888.96..1470907.34 rows=919 width=24) (actual time=18266.853..18267.348 rows=572 loops=1)
                                                                    Group Key: customer.c_customer_sk
                                                                    ->  Sort  (cost=1470888.96..1470891.26 rows=919 width=24) (actual time=18266.818..18267.166 rows=829 loops=1)
                                                                          Sort Key: customer.c_customer_sk
                                                                          Sort Method: quicksort  Memory: 59kB
                                                                          ->  Hash Right Join  (cost=1109915.71..1470843.73 rows=919 width=24) (actual time=13748.134..18266.950 rows=829 loops=1)
                                                                                Hash Cond: (web_sales.ws_bill_customer_sk = customer.c_customer_sk)
                                                                                ->  Hash Join  (cost=2.96..359577.49 rows=359169 width=8) (actual time=0.847..4643.236 rows=211863 loops=1)
                                                                                      Hash Cond: (web_sales.ws_sold_date_sk = _t6.d_date_sk)
                                                                                      ->  Seq Scan on web_sales  (cost=0.00..328996.25 rows=7196425 width=16) (actual time=0.331..4188.201 rows=7197566 loops=1)
                                                                                      ->  Hash  (cost=1.82..1.82 rows=91 width=8) (actual time=0.055..0.056 rows=90 loops=1)
                                                                                            Buckets: 1024  Batches: 1  Memory Usage: 12kB
                                                                                            ->  CTE Scan on _t5 _t6  (cost=0.00..1.82 rows=91 width=8) (actual time=0.030..0.039 rows=90 loops=1)
                                                                                ->  Hash  (cost=1109901.26..1109901.26 rows=919 width=16) (actual time=13607.395..13607.704 rows=572 loops=1)
                                                                                      Buckets: 1024  Batches: 1  Memory Usage: 35kB
                                                                                      ->  Hash Join  (cost=1094688.59..1109901.26 rows=919 width=16) (actual time=13555.046..13607.554 rows=572 loops=1)
                                                                                            Hash Cond: (customer.c_customer_sk = store_sales.ss_customer_sk)
                                                                                            ->  Gather  (cost=7192.58..22393.29 rows=4562 width=16) (actual time=238.102..289.493 rows=4651 loops=1)
                                                                                                  Workers Planned: 2
                                                                                                  Workers Launched: 2
                                                                                                  ->  Parallel Hash Join  (cost=6192.58..20937.09 rows=1901 width=16) (actual time=223.792..440.148 rows=1550 loops=3)
                                                                                                        Hash Cond: (customer.c_current_addr_sk = customer_address.ca_address_sk)
                                                                                                        ->  Parallel Seq Scan on customer  (cost=0.00..13955.33 rows=208333 width=24) (actual time=0.376..198.190 rows=166667 loops=3)
                                                                                                        ->  Parallel Hash  (cost=6180.71..6180.71 rows=950 width=8) (actual time=222.716..222.717 rows=773 loops=3)
                                                                                                              Buckets: 4096  Batches: 1  Memory Usage: 192kB
                                                                                                              ->  Parallel Seq Scan on customer_address  (cost=0.00..6180.71 rows=950 width=8) (actual time=135.492..164.632 rows=773 loops=3)
                                                                                                                    Filter: ((ca_county)::text = ANY ('{""Rush County"",""Toole County"",""Jefferson County"",""Dona Ana County"",""La Porte County""}'::text[]))
                                                                                                                    Rows Removed by Filter: 82560
                                                                                            ->  Hash  (cost=1086237.42..1086237.42 rows=100687 width=8) (actual time=13316.846..13316.849 rows=67514 loops=1)
                                                                                                  Buckets: 131072  Batches: 1  Memory Usage: 3662kB
                                                                                                  ->  HashAggregate  (cost=1085230.55..1086237.42 rows=100687 width=8) (actual time=13297.640..13308.547 rows=67514 loops=1)
                                                                                                        Group Key: store_sales.ss_customer_sk
                                                                                                        Batches: 1  Memory Usage: 5905kB
                                                                                                        ->  Hash Join  (cost=2.96..1081944.21 rows=1314533 width=8) (actual time=7.777..13174.963 rows=811066 loops=1)
                                                                                                              Hash Cond: (store_sales.ss_sold_date_sk = _t5.d_date_sk)
                                                                                                              ->  Seq Scan on store_sales  (cost=0.00..965523.58 rows=27539292 width=16) (actual time=0.350..11520.659 rows=27504024 loops=1)
                                                                                                                    Filter: (ss_customer_sk IS NOT NULL)
                                                                                                                    Rows Removed by Filter: 1296967
                                                                                                              ->  Hash  (cost=1.82..1.82 rows=91 width=8) (actual time=6.456..6.457 rows=90 loops=1)
                                                                                                                    Buckets: 1024  Batches: 1  Memory Usage: 12kB
                                                                                                                    ->  CTE Scan on _t5  (cost=0.00..1.82 rows=91 width=8) (actual time=3.385..6.431 rows=90 loops=1)
Planning Time: 0.785 ms
JIT:
  Functions: 127
  Options: Inlining true, Optimization true, Expressions true, Deforming true
  Timing: Generation 5.429 ms, Inlining 133.934 ms, Optimization 468.102 ms, Emission 320.829 ms, Total 928.294 ms
Execution Time: 29053.224 ms",SUCCESS
30,31,TPCDS,Q11,"WITH year_total AS (
    SELECT
        c.c_customer_id           AS customer_id,
        c.c_first_name            AS customer_first_name,
        c.c_last_name             AS customer_last_name,
        c.c_preferred_cust_flag   AS customer_preferred_cust_flag,
        c.c_birth_country         AS customer_birth_country,
        c.c_login                 AS customer_login,
        c.c_email_address         AS customer_email_address,
        d.d_year                  AS dyear,
        SUM(ss.ss_ext_list_price - ss.ss_ext_discount_amt) AS year_total,
        's'                       AS sale_type
    FROM tpcds.customer c
    JOIN tpcds.store_sales ss
        ON c.c_customer_sk = ss.ss_customer_sk
    JOIN tpcds.date_dim d
        ON ss.ss_sold_date_sk = d.d_date_sk
    GROUP BY
        c.c_customer_id,
        c.c_first_name,
        c.c_last_name,
        c.c_preferred_cust_flag,
        c.c_birth_country,
        c.c_login,
        c.c_email_address,
        d.d_year
    UNION ALL
    SELECT
        c.c_customer_id           AS customer_id,
        c.c_first_name            AS customer_first_name,
        c.c_last_name             AS customer_last_name,
        c.c_preferred_cust_flag   AS customer_preferred_cust_flag,
        c.c_birth_country         AS customer_birth_country,
        c.c_login                 AS customer_login,
        c.c_email_address         AS customer_email_address,
        d.d_year                  AS dyear,
        SUM(ws.ws_ext_list_price - ws.ws_ext_discount_amt) AS year_total,
        'w'                       AS sale_type
    FROM tpcds.customer c
    JOIN tpcds.web_sales ws
        ON c.c_customer_sk = ws.ws_bill_customer_sk
    JOIN tpcds.date_dim d
        ON ws.ws_sold_date_sk = d.d_date_sk
    GROUP BY
        c.c_customer_id,
        c.c_first_name,
        c.c_last_name,
        c.c_preferred_cust_flag,
        c.c_birth_country,
        c.c_login,
        c.c_email_address,
        d.d_year
)
SELECT
    t_s_secyear.customer_id,
    t_s_secyear.customer_first_name,
    t_s_secyear.customer_last_name,
    t_s_secyear.customer_login,
	t_w_firstyear.year_total AS wb_1st_y_total,
	t_w_secyear.year_total AS wb_2nd_y_total,
	t_s_firstyear.year_total AS ss_1st_y_total,
	t_s_secyear.year_total AS ss_2nd_y_total
FROM year_total t_s_firstyear
JOIN year_total t_s_secyear
    ON t_s_secyear.customer_id = t_s_firstyear.customer_id
JOIN year_total t_w_firstyear
    ON t_w_firstyear.customer_id = t_s_firstyear.customer_id
JOIN year_total t_w_secyear
    ON t_w_secyear.customer_id = t_s_firstyear.customer_id
WHERE
    t_s_firstyear.sale_type = 's'
    AND t_s_secyear.sale_type = 's'
    AND t_w_firstyear.sale_type = 'w'
    AND t_w_secyear.sale_type = 'w'
    AND t_s_firstyear.dyear = 2000
    AND t_s_secyear.dyear = 2001
    AND t_w_firstyear.dyear = 2000
    AND t_w_secyear.dyear = 2001
    AND t_s_firstyear.year_total > 0
    AND t_w_firstyear.year_total > 0
    AND (
        CASE
            WHEN t_w_firstyear.year_total > 0
            THEN t_w_secyear.year_total / t_w_firstyear.year_total
            ELSE 0.0
        END
    ) >
    (
        CASE
            WHEN t_s_firstyear.year_total > 0
            THEN t_s_secyear.year_total / t_s_firstyear.year_total
            ELSE 0.0
        END
    )
ORDER BY
    t_s_secyear.customer_id,
    t_s_secyear.customer_first_name,
    t_s_secyear.customer_last_name,
    t_s_secyear.customer_login
LIMIT 100;","customer_store_2000_sales = store_sales_as_bill_customer.WHERE(
    sold_date.year==2000
).CALCULATE(
    total_sale=(ext_list_price - ext_discount_amount)
)
customer_store_2001_sales = store_sales_as_bill_customer.WHERE(
    sold_date.year==2001
).CALCULATE(
    total_sale=(ext_list_price - ext_discount_amount)
)
customer_web_2000_sales = web_sales_as_bill_customer.WHERE(
    sold_date.year==2000
).CALCULATE(
    total_sale=(ext_list_price - ext_discount_amount)
)
customer_web_2001_sales = web_sales_as_bill_customer.WHERE(
    sold_date.year==2001
).CALCULATE(
    total_sale=(ext_list_price - ext_discount_amount)
)

result = customers.WHERE(
    HAS(customer_store_2000_sales) 
    & HAS(customer_store_2001_sales)
    & HAS(customer_web_2000_sales)
    & HAS(customer_web_2001_sales)
).CALCULATE(
    customer_id=_id,
    customer_first_name=first_name,
    customer_last_name=last_name,
    customer_login=login,
    wb_1st_y_total=SUM(customer_web_2000_sales.total_sale),
    wb_2nd_y_total=SUM(customer_web_2001_sales.total_sale),
    ss_1st_y_total=SUM(customer_store_2000_sales.total_sale),
    ss_2nd_y_total=SUM(customer_store_2001_sales.total_sale)
).WHERE(
    (IFF(wb_1st_y_total > 0, wb_2nd_y_total/wb_1st_y_total, 0) > 
    IFF(ss_1st_y_total > 0, ss_2nd_y_total/ss_1st_y_total, 0))
).TOP_K(100, by=(_id.ASC(), first_name, last_name, login))","WITH _s0 AS (
  SELECT
    ss_customer_sk,
    ss_ext_discount_amt,
    ss_ext_list_price,
    ss_sold_date_sk
  FROM tpcds.store_sales
), _t4 AS (
  SELECT
    d_date_sk,
    d_year
  FROM tpcds.date_dim
  WHERE
    d_year = 2000
), _s6 AS (
  SELECT
    _s0.ss_customer_sk AS c_customer_sk,
    MAX(customer.c_customer_id) AS anything_c_customer_id,
    MAX(customer.c_first_name) AS anything_c_first_name,
    MAX(customer.c_last_name) AS anything_c_last_name,
    MAX(customer.c_login) AS anything_c_login,
    SUM(_s0.ss_ext_list_price - _s0.ss_ext_discount_amt) AS sum_total_sale
  FROM tpcds.customer AS customer
  JOIN _s0 AS _s0
    ON _s0.ss_customer_sk = customer.c_customer_sk
  JOIN _t4 AS _t4
    ON _s0.ss_sold_date_sk = _t4.d_date_sk
  GROUP BY
    1
), _t5 AS (
  SELECT
    d_date_sk,
    d_year
  FROM tpcds.date_dim
  WHERE
    d_year = 2001
), _s10 AS (
  SELECT
    _s4.ss_customer_sk AS c_customer_sk,
    SUM(_s4.ss_ext_list_price - _s4.ss_ext_discount_amt) AS agg_1,
    MAX(_s6.anything_c_customer_id) AS anything_anything_c_customer_id,
    MAX(_s6.anything_c_first_name) AS anything_anything_c_first_name,
    MAX(_s6.anything_c_last_name) AS anything_anything_c_last_name,
    MAX(_s6.anything_c_login) AS anything_anything_c_login,
    MAX(_s6.sum_total_sale) AS anything_sum_total_sale
  FROM _s6 AS _s6
  JOIN _s0 AS _s4
    ON _s4.ss_customer_sk = _s6.c_customer_sk
  JOIN _t5 AS _t5
    ON _s4.ss_sold_date_sk = _t5.d_date_sk
  GROUP BY
    1
), _s8 AS (
  SELECT
    ws_bill_customer_sk,
    ws_ext_discount_amt,
    ws_ext_list_price,
    ws_sold_date_sk
  FROM tpcds.web_sales
), _s14 AS (
  SELECT
    _s8.ws_bill_customer_sk AS c_customer_sk,
    SUM(_s8.ws_ext_list_price - _s8.ws_ext_discount_amt) AS agg_2,
    MAX(_s10.agg_1) AS anything_agg_1,
    MAX(_s10.anything_anything_c_customer_id) AS anything_anything_anything_c_customer_id,
    MAX(_s10.anything_anything_c_first_name) AS anything_anything_anything_c_first_name,
    MAX(_s10.anything_anything_c_last_name) AS anything_anything_anything_c_last_name,
    MAX(_s10.anything_anything_c_login) AS anything_anything_anything_c_login,
    MAX(_s10.anything_sum_total_sale) AS anything_anything_sum_total_sale
  FROM _s10 AS _s10
  JOIN _s8 AS _s8
    ON _s10.c_customer_sk = _s8.ws_bill_customer_sk
  JOIN _t4 AS _t6
    ON _s8.ws_sold_date_sk = _t6.d_date_sk
  GROUP BY
    1
), _s15 AS (
  SELECT
    _s12.ws_bill_customer_sk,
    SUM(_s12.ws_ext_list_price - _s12.ws_ext_discount_amt) AS agg_3_0
  FROM _s8 AS _s12
  JOIN _t5 AS _t8
    ON _s12.ws_sold_date_sk = _t8.d_date_sk
  GROUP BY
    1
)
SELECT
  _s14.anything_anything_anything_c_customer_id AS customer_id,
  _s14.anything_anything_anything_c_first_name AS customer_first_name,
  _s14.anything_anything_anything_c_last_name AS customer_last_name,
  _s14.anything_anything_anything_c_login AS customer_login,
  COALESCE(_s14.agg_2, 0) AS wb_1st_y_total,
  COALESCE(_s15.agg_3_0, 0) AS wb_2nd_y_total,
  COALESCE(_s14.anything_anything_sum_total_sale, 0) AS ss_1st_y_total,
  COALESCE(_s14.anything_agg_1, 0) AS ss_2nd_y_total
FROM _s14 AS _s14
JOIN _s15 AS _s15
  ON CASE
    WHEN (
      NOT _s14.agg_2 IS NULL AND _s14.agg_2 > 0
    )
    THEN CAST(COALESCE(_s15.agg_3_0, 0) AS DOUBLE PRECISION) / COALESCE(_s14.agg_2, 0)
    ELSE 0
  END > CASE
    WHEN (
      NOT _s14.anything_anything_sum_total_sale IS NULL
      AND _s14.anything_anything_sum_total_sale > 0
    )
    THEN CAST(COALESCE(_s14.anything_agg_1, 0) AS DOUBLE PRECISION) / COALESCE(_s14.anything_anything_sum_total_sale, 0)
    ELSE 0
  END
  AND _s14.c_customer_sk = _s15.ws_bill_customer_sk
ORDER BY
  1 NULLS FIRST,
  2 NULLS FIRST,
  3 NULLS FIRST,
  4 NULLS FIRST
LIMIT 100",839.2926519379998,46.697003020999546,"Limit  (cost=11830962.96..11914556.71 rows=100 width=392) (actual time=355388.685..862979.401 rows=100 loops=1)
  CTE year_total
    ->  Append  (cost=4039743.95..10144813.30 rows=33527056 width=142) (actual time=63433.691..90222.825 rows=2079862 loops=1)
          ->  Finalize GroupAggregate  (cost=4039743.95..7889439.71 rows=26333989 width=142) (actual time=63433.690..71419.441 rows=1545762 loops=1)
                Group Key: c.c_customer_id, c.c_first_name, c.c_last_name, c.c_preferred_cust_flag, c.c_birth_country, c.c_login, c.c_email_address, d.d_year
                ->  Gather Merge  (cost=4039743.95..7011640.10 rows=21944990 width=110) (actual time=63433.670..70254.067 rows=1598161 loops=1)
                      Workers Planned: 2
                      Workers Launched: 2
                      ->  Partial GroupAggregate  (cost=4038743.92..4477643.72 rows=10972495 width=110) (actual time=61321.771..68171.279 rows=532720 loops=3)
                            Group Key: c.c_customer_id, c.c_first_name, c.c_last_name, c.c_preferred_cust_flag, c.c_birth_country, c.c_login, c.c_email_address, d.d_year
                            ->  Sort  (cost=4038743.92..4066175.16 rows=10972495 width=88) (actual time=61321.707..63721.929 rows=8951983 loops=3)
                                  Sort Key: c.c_customer_id, c.c_first_name, c.c_last_name, c.c_preferred_cust_flag, c.c_birth_country, c.c_login, c.c_email_address, d.d_year
                                  Sort Method: external merge  Disk: 1032632kB
                                  Worker 0:  Sort Method: external merge  Disk: 755016kB
                                  Worker 1:  Sort Method: external merge  Disk: 920808kB
                                  ->  Parallel Hash Join  (cost=22203.32..1180496.42 rows=10972495 width=88) (actual time=14505.053..20342.847 rows=8951983 loops=3)
                                        Hash Cond: (ss.ss_customer_sk = c.c_customer_sk)
                                        ->  Parallel Hash Join  (cost=2998.82..913023.62 rows=11474305 width=26) (actual time=11.353..12048.403 rows=9168178 loops=3)
                                              Hash Cond: (ss.ss_sold_date_sk = d.d_date_sk)
                                              ->  Parallel Seq Scan on store_sales ss  (cost=0.00..797530.82 rows=11999482 width=26) (actual time=0.663..9751.139 rows=9600330 loops=3)
                                              ->  Parallel Hash  (cost=2461.70..2461.70 rows=42970 width=16) (actual time=10.029..10.030 rows=24350 loops=3)
                                                    Buckets: 131072  Batches: 1  Memory Usage: 4512kB
                                                    ->  Parallel Seq Scan on date_dim d  (cost=0.00..2461.70 rows=42970 width=16) (actual time=0.024..4.290 rows=24350 loops=3)
                                        ->  Parallel Hash  (cost=13955.33..13955.33 rows=208333 width=78) (actual time=417.432..417.433 rows=166667 loops=3)
                                              Buckets: 131072  Batches: 8  Memory Usage: 8064kB
                                              ->  Parallel Seq Scan on customer c  (cost=0.00..13955.33 rows=208333 width=78) (actual time=272.185..298.283 rows=166667 loops=3)
          ->  Finalize GroupAggregate  (cost=1036203.03..2087738.31 rows=7193067 width=142) (actual time=14523.509..18664.848 rows=534100 loops=1)
                Group Key: c_1.c_customer_id, c_1.c_first_name, c_1.c_last_name, c_1.c_preferred_cust_flag, c_1.c_birth_country, c_1.c_login, c_1.c_email_address, d_1.d_year
                ->  Gather Merge  (cost=1036203.03..1847969.42 rows=5994222 width=110) (actual time=14523.487..18130.811 rows=539983 loops=1)
                      Workers Planned: 2
                      Workers Launched: 2
                      ->  Partial GroupAggregate  (cost=1035203.01..1155087.45 rows=2997111 width=110) (actual time=14389.299..17540.621 rows=179994 loops=3)
                            Group Key: c_1.c_customer_id, c_1.c_first_name, c_1.c_last_name, c_1.c_preferred_cust_flag, c_1.c_birth_country, c_1.c_login, c_1.c_email_address, d_1.d_year
                            ->  Sort  (cost=1035203.01..1042695.79 rows=2997111 width=91) (actual time=14389.238..16266.331 rows=2398314 loops=3)
                                  Sort Key: c_1.c_customer_id, c_1.c_first_name, c_1.c_last_name, c_1.c_preferred_cust_flag, c_1.c_birth_country, c_1.c_login, c_1.c_email_address, d_1.d_year
                                  Sort Method: external merge  Disk: 204184kB
                                  Worker 0:  Sort Method: external merge  Disk: 214296kB
                                  Worker 1:  Sort Method: external merge  Disk: 330880kB
                                  ->  Parallel Hash Join  (cost=22203.32..405465.68 rows=2997111 width=91) (actual time=5842.598..6448.377 rows=2398314 loops=3)
                                        Hash Cond: (ws.ws_bill_customer_sk = c_1.c_customer_sk)
                                        ->  Parallel Hash Join  (cost=2998.82..318895.69 rows=2998011 width=29) (actual time=11.347..4788.059 rows=2398599 loops=3)
                                              Hash Cond: (ws.ws_sold_date_sk = d_1.d_date_sk)
                                              ->  Parallel Seq Scan on web_sales ws  (cost=0.00..287017.10 rows=2998510 width=29) (actual time=0.321..4169.129 rows=2399189 loops=3)
                                              ->  Parallel Hash  (cost=2461.70..2461.70 rows=42970 width=16) (actual time=10.321..10.322 rows=24350 loops=3)
                                                    Buckets: 131072  Batches: 1  Memory Usage: 4480kB
                                                    ->  Parallel Seq Scan on date_dim d_1  (cost=0.00..2461.70 rows=42970 width=16) (actual time=0.030..4.307 rows=24350 loops=3)
                                        ->  Parallel Hash  (cost=13955.33..13955.33 rows=208333 width=78) (actual time=525.259..525.259 rows=166667 loops=3)
                                              Buckets: 131072  Batches: 8  Memory Usage: 8064kB
                                              ->  Parallel Seq Scan on customer c_1  (cost=0.00..13955.33 rows=208333 width=78) (actual time=302.284..358.731 rows=166667 loops=3)
  ->  Incremental Sort  (cost=1686149.65..3590415.44 rows=2278 width=392) (actual time=354378.286..861875.499 rows=100 loops=1)
        Sort Key: t_s_secyear.customer_id, t_s_secyear.customer_first_name, t_s_secyear.customer_last_name, t_s_secyear.customer_login
        Presorted Key: t_s_secyear.customer_id
        Full-sort Groups: 4  Sort Method: quicksort  Average Memory: 29kB  Peak Memory: 29kB
        ->  Nested Loop  (cost=1676434.18..3590342.80 rows=2278 width=392) (actual time=93129.050..861875.195 rows=101 loops=1)
              Join Filter: (((t_s_secyear.customer_id)::text = (t_w_firstyear.customer_id)::text) AND (CASE WHEN (t_w_firstyear.year_total > '0'::numeric) THEN (t_w_secyear.year_total / t_w_firstyear.year_total) ELSE 0.0 END > CASE WHEN (t_s_firstyear.year_total > '0'::numeric) THEN (t_s_secyear.year_total / t_s_firstyear.year_total) ELSE 0.0 END))
              Rows Removed by Join Filter: 98698266
              ->  Nested Loop  (cost=1676434.18..2620522.58 rows=4898 width=460) (actual time=92262.665..576074.752 rows=919 loops=1)
                    Join Filter: ((t_s_firstyear.customer_id)::text = (t_s_secyear.customer_id)::text)
                    Rows Removed by Join Filter: 446961554
                    ->  Merge Join  (cost=1676434.18..1676491.03 rows=3511 width=378) (actual time=91924.665..91945.654 rows=1447 loops=1)
                          Merge Cond: ((t_s_secyear.customer_id)::text = (t_w_secyear.customer_id)::text)
                          ->  Sort  (cost=838217.09..838219.18 rows=838 width=296) (actual time=91485.211..91489.678 rows=6624 loops=1)
                                Sort Key: t_s_secyear.customer_id
                                Sort Method: external merge  Disk: 15208kB
                                ->  CTE Scan on year_total t_s_secyear  (cost=0.00..838176.40 rows=838 width=296) (actual time=63433.726..91336.022 rows=307975 loops=1)
                                      Filter: ((sale_type = 's'::text) AND (dyear = 2001))
                                      Rows Removed by Filter: 1771887
                          ->  Sort  (cost=838217.09..838219.18 rows=838 width=82) (actual time=439.376..442.796 rows=2360 loops=1)
                                Sort Key: t_w_secyear.customer_id
                                Sort Method: external sort  Disk: 4160kB
                                ->  CTE Scan on year_total t_w_secyear  (cost=0.00..838176.40 rows=838 width=82) (actual time=311.040..372.440 rows=106184 loops=1)
                                      Filter: ((sale_type = 'w'::text) AND (dyear = 2001))
                                      Rows Removed by Filter: 1973678
                    ->  CTE Scan on year_total t_s_firstyear  (cost=0.00..921994.04 rows=279 width=82) (actual time=0.003..319.428 rows=308889 loops=1447)
                          Filter: ((year_total > '0'::numeric) AND (sale_type = 's'::text) AND (dyear = 2000))
                          Rows Removed by Filter: 1769559
              ->  CTE Scan on year_total t_w_firstyear  (cost=0.00..921994.04 rows=279 width=82) (actual time=221.487..305.662 rows=107398 loops=919)
                    Filter: ((year_total > '0'::numeric) AND (sale_type = 'w'::text) AND (dyear = 2000))
                    Rows Removed by Filter: 1971896
Planning Time: 3.673 ms
JIT:
  Functions: 178
  Options: Inlining true, Optimization true, Expressions true, Deforming true
  Timing: Generation 17.116 ms, Inlining 386.354 ms, Optimization 1487.399 ms, Emission 860.092 ms, Total 2750.960 ms
Execution Time: 863089.896 ms","Limit  (cost=10858138.40..10858138.57 rows=67 width=256) (actual time=54314.506..54314.533 rows=100 loops=1)
  CTE _s0
    ->  Seq Scan on store_sales  (cost=0.00..965523.58 rows=28798758 width=26) (actual time=0.380..8321.650 rows=28800991 loops=1)
  CTE _t4
    ->  Seq Scan on date_dim  (cost=0.00..2945.11 rows=364 width=16) (actual time=2.552..5.022 rows=366 loops=1)
          Filter: (d_year = 2000)
          Rows Removed by Filter: 72683
  CTE _t5
    ->  Seq Scan on date_dim date_dim_1  (cost=0.00..2945.11 rows=364 width=16) (actual time=2.763..5.328 rows=365 loops=1)
          Filter: (d_year = 2001)
          Rows Removed by Filter: 72684
  CTE _s8
    ->  Seq Scan on web_sales  (cost=0.00..328996.25 rows=7196425 width=29) (actual time=0.420..2430.042 rows=7197566 loops=1)
  ->  Sort  (cost=9557728.34..9557728.51 rows=67 width=256) (actual time=53541.485..53541.503 rows=100 loops=1)
        Sort Key: (max(_s10.anything_anything_c_customer_id)) NULLS FIRST, (max(_s10.anything_anything_c_first_name)) NULLS FIRST, (max(_s10.anything_anything_c_last_name)) NULLS FIRST, (max(_s10.anything_anything_c_login)) NULLS FIRST
        Sort Method: top-N heapsort  Memory: 48kB
        ->  Hash Join  (cost=9557721.29..9557726.31 rows=67 width=256) (actual time=53223.129..53539.117 rows=4331 loops=1)
              Hash Cond: (_s8.ws_bill_customer_sk = _s15.ws_bill_customer_sk)
              Join Filter: (CASE WHEN (((sum((_s8.ws_ext_list_price - _s8.ws_ext_discount_amt))) IS NOT NULL) AND ((sum((_s8.ws_ext_list_price - _s8.ws_ext_discount_amt))) > '0'::numeric)) THEN ((COALESCE(_s15.agg_3_0, '0'::numeric))::double precision / (COALESCE((sum((_s8.ws_ext_list_price - _s8.ws_ext_discount_amt))), '0'::numeric))::double precision) ELSE '0'::double precision END > CASE WHEN (((max(_s10.anything_sum_total_sale)) IS NOT NULL) AND ((max(_s10.anything_sum_total_sale)) > '0'::numeric)) THEN ((COALESCE((max(_s10.agg_1)), '0'::numeric))::double precision / (COALESCE((max(_s10.anything_sum_total_sale)), '0'::numeric))::double precision) ELSE '0'::double precision END)
              Rows Removed by Join Filter: 4310
              ->  HashAggregate  (cost=8842737.62..8842740.12 rows=200 width=232) (actual time=47551.274..47852.114 rows=40913 loops=1)
                    Group Key: _s8.ws_bill_customer_sk
                    Batches: 5  Memory Usage: 7617kB  Disk Usage: 36184kB
                    ->  Hash Join  (cost=7912019.47..8548044.01 rows=13097494 width=228) (actual time=45178.005..47232.801 rows=550891 loops=1)
                          Hash Cond: (_s8.ws_sold_date_sk = _t6.d_date_sk)
                          ->  Hash Join  (cost=7912007.64..8075227.05 rows=7196425 width=236) (actual time=45171.889..47028.410 rows=2745884 loops=1)
                                Hash Cond: (_s8.ws_bill_customer_sk = _s10.c_customer_sk)
                                ->  CTE Scan on _s8  (cost=0.00..143928.50 rows=7196425 width=44) (actual time=0.033..589.411 rows=7197566 loops=1)
                                ->  Hash  (cost=7912005.14..7912005.14 rows=200 width=200) (actual time=45171.731..45171.740 rows=190292 loops=1)
                                      Buckets: 131072 (originally 1024)  Batches: 4 (originally 1)  Memory Usage: 7169kB
                                      ->  Subquery Scan on _s10  (cost=7912000.64..7912005.14 rows=200 width=200) (actual time=43451.345..45124.885 rows=190292 loops=1)
                                            ->  HashAggregate  (cost=7912000.64..7912003.14 rows=200 width=200) (actual time=43451.341..45111.595 rows=190292 loops=1)
                                                  Group Key: _s4.ss_customer_sk
                                                  Batches: 37  Memory Usage: 8385kB  Disk Usage: 236432kB
                                                  ->  Hash Join  (cost=4318473.60..6863725.84 rows=52413740 width=196) (actual time=32692.834..42026.159 rows=3301970 loops=1)
                                                        Hash Cond: (_s4.ss_sold_date_sk = _t5.d_date_sk)
                                                        ->  Hash Join  (cost=4318461.77..4971635.60 rows=28798758 width=204) (actual time=32692.704..40699.012 rows=19103439 loops=1)
                                                              Hash Cond: (_s4.ss_customer_sk = _s6.c_customer_sk)
                                                              ->  CTE Scan on _s0 _s4  (cost=0.00..575975.16 rows=28798758 width=44) (actual time=0.381..2238.957 rows=28800991 loops=1)
                                                              ->  Hash  (cost=4318459.27..4318459.27 rows=200 width=168) (actual time=32691.761..32691.766 rows=309098 loops=1)
                                                                    Buckets: 131072 (originally 1024)  Batches: 4 (originally 1)  Memory Usage: 7393kB
                                                                    ->  Subquery Scan on _s6  (cost=4318454.77..4318459.27 rows=200 width=168) (actual time=30059.526..32620.651 rows=309098 loops=1)
                                                                          ->  HashAggregate  (cost=4318454.77..4318457.27 rows=200 width=168) (actual time=30059.522..32599.022 rows=309098 loops=1)
                                                                                Group Key: _s0.ss_customer_sk
                                                                                Batches: 53  Memory Usage: 8361kB  Disk Usage: 352016kB
                                                                                ->  Hash Join  (cost=27040.83..3401214.32 rows=52413740 width=67) (actual time=220.261..27950.427 rows=5389360 loops=1)
                                                                                      Hash Cond: (_s0.ss_sold_date_sk = _t4.d_date_sk)
                                                                                      ->  Hash Join  (cost=27029.00..1509124.08 rows=28798758 width=75) (actual time=219.604..25934.374 rows=27504024 loops=1)
                                                                                            Hash Cond: (_s0.ss_customer_sk = customer.c_customer_sk)
                                                                                            ->  CTE Scan on _s0  (cost=0.00..575975.16 rows=28798758 width=44) (actual time=0.002..15998.294 rows=28800991 loops=1)
                                                                                            ->  Hash  (cost=16872.00..16872.00 rows=500000 width=39) (actual time=219.460..219.461 rows=500000 loops=1)
                                                                                                  Buckets: 131072  Batches: 8  Memory Usage: 5574kB
                                                                                                  ->  Seq Scan on customer  (cost=0.00..16872.00 rows=500000 width=39) (actual time=0.303..123.212 rows=500000 loops=1)
                                                                                      ->  Hash  (cost=7.28..7.28 rows=364 width=8) (actual time=0.062..0.063 rows=366 loops=1)
                                                                                            Buckets: 1024  Batches: 1  Memory Usage: 23kB
                                                                                            ->  CTE Scan on _t4  (cost=0.00..7.28 rows=364 width=8) (actual time=0.003..0.028 rows=366 loops=1)
                                                        ->  Hash  (cost=7.28..7.28 rows=364 width=8) (actual time=0.065..0.066 rows=365 loops=1)
                                                              Buckets: 1024  Batches: 1  Memory Usage: 23kB
                                                              ->  CTE Scan on _t5  (cost=0.00..7.28 rows=364 width=8) (actual time=0.005..0.030 rows=365 loops=1)
                          ->  Hash  (cost=7.28..7.28 rows=364 width=8) (actual time=5.127..5.127 rows=366 loops=1)
                                Buckets: 1024  Batches: 1  Memory Usage: 23kB
                                ->  CTE Scan on _t4 _t6  (cost=0.00..7.28 rows=364 width=8) (actual time=2.556..5.087 rows=366 loops=1)
              ->  Hash  (cost=714981.16..714981.16 rows=200 width=40) (actual time=5671.805..5671.807 rows=106184 loops=1)
                    Buckets: 131072 (originally 1024)  Batches: 1 (originally 1)  Memory Usage: 6805kB
                    ->  Subquery Scan on _s15  (cost=714976.66..714981.16 rows=200 width=40) (actual time=5324.554..5660.651 rows=106185 loops=1)
                          ->  HashAggregate  (cost=714976.66..714979.16 rows=200 width=40) (actual time=5324.549..5653.364 rows=106185 loops=1)
                                Group Key: _s12.ws_bill_customer_sk
                                Batches: 21  Memory Usage: 8265kB  Disk Usage: 48368kB
                                ->  Hash Join  (cost=11.83..616745.46 rows=13097494 width=36) (actual time=5.931..4868.924 rows=1432881 loops=1)
                                      Hash Cond: (_s12.ws_sold_date_sk = _t8.d_date_sk)
                                      ->  CTE Scan on _s8 _s12  (cost=0.00..143928.50 rows=7196425 width=44) (actual time=0.423..4222.698 rows=7197566 loops=1)
                                      ->  Hash  (cost=7.28..7.28 rows=364 width=8) (actual time=5.431..5.431 rows=365 loops=1)
                                            Buckets: 1024  Batches: 1  Memory Usage: 23kB
                                            ->  CTE Scan on _t5 _t8  (cost=0.00..7.28 rows=364 width=8) (actual time=2.767..5.394 rows=365 loops=1)
Planning Time: 0.487 ms
JIT:
  Functions: 111
  Options: Inlining true, Optimization true, Expressions true, Deforming true
  Timing: Generation 7.259 ms, Inlining 100.057 ms, Optimization 682.908 ms, Emission 515.677 ms, Total 1305.901 ms
Execution Time: 54533.037 ms",SUCCESS
31,32,TPCDS,Q12,"SELECT
    i.i_item_id,
    i.i_item_desc,
    i.i_category,
    i.i_class,
    i.i_current_price,
    SUM(ws.ws_ext_sales_price) AS itemrevenue,
    SUM(ws.ws_ext_sales_price) * 100.0
        / SUM(SUM(ws.ws_ext_sales_price)) OVER (PARTITION BY i.i_class)
	        AS revenueratio
FROM tpcds.web_sales ws
JOIN tpcds.item i
    ON ws.ws_item_sk = i.i_item_sk
JOIN tpcds.date_dim d
    ON ws.ws_sold_date_sk = d.d_date_sk
WHERE
    i.i_category IN ('Sports', 'Books', 'Home')
    AND d.d_date BETWEEN DATE '1999-02-22'
                      AND (DATE '1999-02-22' + INTERVAL '30 days')
GROUP BY
    i.i_item_id,
    i.i_item_desc,
    i.i_category,
    i.i_class,
    i.i_current_price
ORDER BY
    i.i_category,
    i.i_class,
    i.i_item_id,
    i.i_item_desc,
    revenueratio
LIMIT 100;","selected_sales = web_sales.WHERE(MONOTONIC(DATETIME('1999-02-22'), sold_date.date, DATETIME('1999-02-22', '+30 days')))
result = items.WHERE(
    PRESENT(item_class) 
    & PRESENT(current_price) 
    & HAS(selected_sales) 
    & ISIN(LOWER(category),('sports', 'books', 'home'))
).PARTITION(
    name='i_class', by=item_class
).items.WHERE(HAS(selected_sales)).CALCULATE(
    i_item_id=_id,
    i_item_desc=description,
    i_category=category,
    i_class=item_class,
    i_current_price=current_price,
    itemrevenue=SUM(selected_sales.ext_sales_price),
    revenueratio=(100*SUM(selected_sales.ext_sales_price)) / RELSUM(SUM(selected_sales.ext_sales_price), per='i_class')
).TOP_K(100, by=(category, item_class, _id, description, revenueratio))","WITH _t3 AS (
  SELECT
    d_date,
    d_date_sk
  FROM tpcds.date_dim
  WHERE
    d_date <= CAST('1999-03-24' AS DATE) AND d_date >= CAST('1999-02-22' AS DATE)
), _u_0 AS (
  SELECT
    web_sales.ws_item_sk AS _u_1
  FROM tpcds.web_sales AS web_sales
  JOIN _t3 AS _t3
    ON _t3.d_date_sk = web_sales.ws_sold_date_sk
  GROUP BY
    1
), _t0 AS (
  SELECT
    MAX(item.i_category) AS anything_i_category,
    MAX(item.i_class) AS anything_i_class,
    MAX(item.i_current_price) AS anything_i_current_price,
    MAX(item.i_item_desc) AS anything_i_item_desc,
    MAX(item.i_item_id) AS anything_i_item_id,
    SUM(web_sales.ws_ext_sales_price) AS sum_ws_ext_sales_price
  FROM tpcds.item AS item
  LEFT JOIN _u_0 AS _u_0
    ON _u_0._u_1 = item.i_item_sk
  JOIN tpcds.web_sales AS web_sales
    ON item.i_item_sk = web_sales.ws_item_sk
  JOIN _t3 AS _t4
    ON _t4.d_date_sk = web_sales.ws_sold_date_sk
  WHERE
    LOWER(item.i_category) IN ('sports', 'books', 'home')
    AND NOT _u_0._u_1 IS NULL
    AND NOT item.i_class IS NULL
    AND NOT item.i_current_price IS NULL
  GROUP BY
    web_sales.ws_item_sk
)
SELECT
  anything_i_item_id AS i_item_id,
  anything_i_item_desc AS i_item_desc,
  anything_i_category AS i_category,
  anything_i_class AS i_class,
  anything_i_current_price AS i_current_price,
  COALESCE(sum_ws_ext_sales_price, 0) AS itemrevenue,
  CAST((
    100 * COALESCE(sum_ws_ext_sales_price, 0)
  ) AS DOUBLE PRECISION) / SUM(COALESCE(sum_ws_ext_sales_price, 0)) OVER (PARTITION BY anything_i_class) AS revenueratio
FROM _t0
ORDER BY
  3 NULLS FIRST,
  4 NULLS FIRST,
  1 NULLS FIRST,
  2 NULLS FIRST,
  7 NULLS FIRST
LIMIT 100",4.574474171000475,2.9589492029999747,"Limit  (cost=307336.97..307337.22 rows=100 width=203) (actual time=738.986..740.104 rows=100 loops=1)
  ->  Sort  (cost=307336.97..307339.23 rows=904 width=203) (actual time=721.023..722.133 rows=100 loops=1)
        Sort Key: i.i_category, i.i_class, i.i_item_id, i.i_item_desc, ((((sum(ws.ws_ext_sales_price)) * 100.0) / sum((sum(ws.ws_ext_sales_price))) OVER (?)))
        Sort Method: top-N heapsort  Memory: 70kB
        ->  WindowAgg  (cost=307282.08..307302.42 rows=904 width=203) (actual time=710.146..718.854 rows=11201 loops=1)
              ->  Sort  (cost=307282.08..307284.34 rows=904 width=171) (actual time=710.009..711.809 rows=11201 loops=1)
                    Sort Key: i.i_class
                    Sort Method: quicksort  Memory: 2307kB
                    ->  Finalize GroupAggregate  (cost=307114.85..307237.69 rows=904 width=171) (actual time=684.249..705.490 rows=11201 loops=1)
                          Group Key: i.i_item_id, i.i_item_desc, i.i_category, i.i_class, i.i_current_price
                          ->  Gather Merge  (cost=307114.85..307213.19 rows=754 width=171) (actual time=684.233..697.495 rows=11201 loops=1)
                                Workers Planned: 2
                                Workers Launched: 2
                                ->  Partial GroupAggregate  (cost=306114.83..306126.14 rows=377 width=171) (actual time=668.112..672.338 rows=3734 loops=3)
                                      Group Key: i.i_item_id, i.i_item_desc, i.i_category, i.i_class, i.i_current_price
                                      ->  Sort  (cost=306114.83..306115.77 rows=377 width=145) (actual time=668.074..668.508 rows=6829 loops=3)
                                            Sort Key: i.i_item_id, i.i_item_desc, i.i_category, i.i_class, i.i_current_price
                                            Sort Method: quicksort  Memory: 1960kB
                                            Worker 0:  Sort Method: quicksort  Memory: 1136kB
                                            Worker 1:  Sort Method: quicksort  Memory: 1174kB
                                            ->  Parallel Hash Join  (cost=300961.58..306098.70 rows=377 width=145) (actual time=632.023..646.706 rows=6829 loops=3)
                                                  Hash Cond: (i.i_item_sk = ws.ws_item_sk)
                                                  ->  Parallel Seq Scan on item i  (cost=0.00..5088.38 rows=12579 width=147) (actual time=0.059..11.551 rows=10145 loops=3)
                                                        Filter: ((i_category)::text = ANY ('{Sports,Books,Home}'::text[]))
                                                        Rows Removed by Filter: 23855
                                                  ->  Parallel Hash  (cost=300945.68..300945.68 rows=1272 width=14) (actual time=631.781..631.785 rows=22946 loops=3)
                                                        Buckets: 131072 (originally 4096)  Batches: 1 (originally 1)  Memory Usage: 5312kB
                                                        ->  Parallel Hash Join  (cost=2676.78..300945.68 rows=1272 width=14) (actual time=15.413..601.660 rows=22946 loops=3)
                                                              Hash Cond: (ws.ws_sold_date_sk = d.d_date_sk)
                                                              ->  Parallel Seq Scan on web_sales ws  (cost=0.00..287017.10 rows=2998510 width=22) (actual time=0.018..359.525 rows=2399189 loops=3)
                                                              ->  Parallel Hash  (cost=2676.55..2676.55 rows=18 width=8) (actual time=2.731..2.732 rows=10 loops=3)
                                                                    Buckets: 1024  Batches: 1  Memory Usage: 40kB
                                                                    ->  Parallel Seq Scan on date_dim d  (cost=0.00..2676.55 rows=18 width=8) (actual time=3.915..8.175 rows=31 loops=1)
                                                                          Filter: ((d_date >= '1999-02-22'::date) AND (d_date <= '1999-03-24 00:00:00'::timestamp without time zone))
                                                                          Rows Removed by Filter: 73018
Planning Time: 0.225 ms
JIT:
  Functions: 93
  Options: Inlining false, Optimization false, Expressions true, Deforming true
  Timing: Generation 6.272 ms, Inlining 0.000 ms, Optimization 2.759 ms, Emission 51.534 ms, Total 60.565 ms
Execution Time: 742.588 ms","Limit  (cost=678735.34..678735.59 rows=100 width=200) (actual time=3338.801..3340.505 rows=100 loops=1)
  CTE _t3
    ->  Seq Scan on date_dim  (cost=0.00..3127.73 rows=31 width=12) (actual time=2.504..4.911 rows=31 loops=1)
          Filter: ((d_date <= '1999-03-24'::date) AND (d_date >= '1999-02-22'::date))
          Rows Removed by Filter: 73018
  ->  Sort  (cost=675607.60..675612.17 rows=1825 width=200) (actual time=2839.618..2841.315 rows=100 loops=1)
        Sort Key: _t0.anything_i_category NULLS FIRST, _t0.anything_i_class NULLS FIRST, _t0.anything_i_item_id NULLS FIRST, _t0.anything_i_item_desc NULLS FIRST, (((('100'::numeric * COALESCE(_t0.sum_ws_ext_sales_price, '0'::numeric)))::double precision / (sum(COALESCE(_t0.sum_ws_ext_sales_price, '0'::numeric)) OVER (?))::double precision)) NULLS FIRST
        Sort Method: top-N heapsort  Memory: 67kB
        ->  WindowAgg  (cost=675487.67..675537.85 rows=1825 width=200) (actual time=2827.949..2837.919 rows=11177 loops=1)
              ->  Sort  (cost=675487.67..675492.23 rows=1825 width=192) (actual time=2827.843..2830.087 rows=11177 loops=1)
                    Sort Key: _t0.anything_i_class
                    Sort Method: quicksort  Memory: 2298kB
                    ->  Subquery Scan on _t0  (cost=675311.25..675388.81 rows=1825 width=192) (actual time=2806.557..2824.745 rows=11177 loops=1)
                          ->  GroupAggregate  (cost=675311.25..675370.56 rows=1825 width=200) (actual time=2806.552..2823.848 rows=11177 loops=1)
                                Group Key: web_sales.ws_item_sk
                                ->  Sort  (cost=675311.25..675315.81 rows=1825 width=153) (actual time=2806.508..2810.667 rows=20442 loops=1)
                                      Sort Key: web_sales.ws_item_sk
                                      Sort Method: external merge  Disk: 3312kB
                                      ->  Hash Join  (cost=365600.56..675212.39 rows=1825 width=153) (actual time=1660.824..2796.561 rows=20442 loops=1)
                                            Hash Cond: (item.i_item_sk = web_sales_1.ws_item_sk)
                                            ->  Hash Join  (cost=6203.56..315810.60 rows=1826 width=161) (actual time=336.295..1462.427 rows=20442 loops=1)
                                                  Hash Cond: (web_sales.ws_sold_date_sk = _t4.d_date_sk)
                                                  ->  Gather  (cost=6202.55..315388.65 rows=107382 width=169) (actual time=330.720..1148.176 rows=2141448 loops=1)
                                                        Workers Planned: 2
                                                        Workers Launched: 2
                                                        ->  Parallel Hash Join  (cost=5202.55..303650.45 rows=44742 width=169) (actual time=316.373..1139.394 rows=713816 loops=3)
                                                              Hash Cond: (web_sales.ws_item_sk = item.i_item_sk)
                                                              ->  Parallel Seq Scan on web_sales  (cost=0.00..287017.10 rows=2998510 width=22) (actual time=0.018..354.606 rows=2399189 loops=3)
                                                              ->  Parallel Hash  (cost=5194.62..5194.62 rows=634 width=147) (actual time=316.081..316.082 rows=10125 loops=3)
                                                                    Buckets: 32768 (originally 2048)  Batches: 1 (originally 1)  Memory Usage: 6064kB
                                                                    ->  Parallel Seq Scan on item  (cost=0.00..5194.62 rows=634 width=147) (actual time=191.818..212.672 rows=10125 loops=3)
                                                                          Filter: ((i_class IS NOT NULL) AND (i_current_price IS NOT NULL) AND (lower((i_category)::text) = ANY ('{sports,books,home}'::text[])))
                                                                          Rows Removed by Filter: 23875
                                                  ->  Hash  (cost=0.62..0.62 rows=31 width=8) (actual time=4.931..4.932 rows=31 loops=1)
                                                        Buckets: 1024  Batches: 1  Memory Usage: 10kB
                                                        ->  CTE Scan on _t3 _t4  (cost=0.00..0.62 rows=31 width=8) (actual time=2.510..4.923 rows=31 loops=1)
                                            ->  Hash  (cost=358350.49..358350.49 rows=83721 width=8) (actual time=1324.448..1324.451 rows=37612 loops=1)
                                                  Buckets: 131072  Batches: 1  Memory Usage: 2494kB
                                                  ->  HashAggregate  (cost=357513.28..358350.49 rows=83721 width=8) (actual time=1315.141..1319.937 rows=37612 loops=1)
                                                        Group Key: web_sales_1.ws_item_sk
                                                        Batches: 1  Memory Usage: 4625kB
                                                        ->  Hash Join  (cost=1.01..357207.39 rows=122354 width=8) (actual time=0.121..1297.789 rows=68837 loops=1)
                                                              Hash Cond: (web_sales_1.ws_sold_date_sk = _t3.d_date_sk)
                                                              ->  Seq Scan on web_sales web_sales_1  (cost=0.00..328996.25 rows=7196425 width=16) (actual time=0.012..904.090 rows=7197566 loops=1)
                                                                    Filter: (ws_item_sk IS NOT NULL)
                                                              ->  Hash  (cost=0.62..0.62 rows=31 width=8) (actual time=0.018..0.019 rows=31 loops=1)
                                                                    Buckets: 1024  Batches: 1  Memory Usage: 10kB
                                                                    ->  CTE Scan on _t3  (cost=0.00..0.62 rows=31 width=8) (actual time=0.005..0.009 rows=31 loops=1)
Planning Time: 0.451 ms
JIT:
  Functions: 91
  Options: Inlining true, Optimization true, Expressions true, Deforming true
  Timing: Generation 5.747 ms, Inlining 118.319 ms, Optimization 571.442 ms, Emission 384.793 ms, Total 1080.302 ms
Execution Time: 3343.910 ms",SUCCESS
32,33,TPCDS,Q13,"select
    avg(ss_quantity)                as avg_ss_quantity,
    avg(ss_ext_sales_price)         as avg_ss_ext_sales_price,
    avg(ss_ext_wholesale_cost)      as avg_ss_ext_wholesale_cost,
    sum(ss_ext_wholesale_cost)      as sum_ss_ext_wholesale_cost
from
    tpcds.store_sales,
    tpcds.store,
    tpcds.customer_demographics,
    tpcds.household_demographics,
    tpcds.customer_address,
    tpcds.date_dim
where
        s_store_sk = ss_store_sk
    and ss_sold_date_sk = d_date_sk
    and d_year = 2001
    and ss_cdemo_sk = cd_demo_sk
    and cd_marital_status in ('M', 'S', 'W')
    and cd_education_status in (
        'Advanced Degree',
        'College',
        '2 yr Degree'
    )
    and ss_hdemo_sk = hd_demo_sk
    and ss_addr_sk = ca_address_sk
    and ca_state in (
        'TX', 'OH', 'TX',
        'OR', 'NM', 'KY',
        'VA', 'TX', 'MS'
    )
    and ss_net_profit between 100 and 200;","selected_store_sales = store_sales.WHERE(
    (sold_date.year == 2001)
    & HAS(store)
    & HAS(customer_demographics)
    & HAS(customer_address)
    & HAS(household_demographics)
    & ISIN(customer_demographics.marital_status, ('M', 'S', 'W'))
    & ISIN(customer_demographics.education_status, ('Advanced Degree','College','2 yr Degree'))
    & ISIN(customer_address.state, ('TX', 'OH', 'TX', 'OR', 'NM', 'KY', 'VA', 'TX', 'MS'))
    & MONOTONIC(100, net_profit, 200)
)
result = TPCDS.CALCULATE(
    avg_ss_quantity=AVG(selected_store_sales.quantity),
    avg_ss_ext_sales_price=AVG(selected_store_sales.ext_sales_price),
    avg_ss_ext_wholesale_cost=AVG(selected_store_sales.ext_wholesale_cost),
    sum_ss_ext_wholesale_cost=SUM(selected_store_sales.ext_wholesale_cost)
)","SELECT
  AVG(CAST(store_sales.ss_quantity AS DECIMAL)) AS avg_ss_quantity,
  AVG(CAST(store_sales.ss_ext_sales_price AS DECIMAL)) AS avg_ss_ext_sales_price,
  AVG(CAST(store_sales.ss_ext_wholesale_cost AS DECIMAL)) AS avg_ss_ext_wholesale_cost,
  COALESCE(SUM(store_sales.ss_ext_wholesale_cost), 0) AS sum_ss_ext_wholesale_cost
FROM tpcds.store_sales AS store_sales
JOIN tpcds.date_dim AS date_dim
  ON date_dim.d_date_sk = store_sales.ss_sold_date_sk AND date_dim.d_year = 2001
JOIN tpcds.store AS store
  ON store.s_store_sk = store_sales.ss_store_sk
JOIN tpcds.customer_demographics AS customer_demographics
  ON customer_demographics.cd_demo_sk = store_sales.ss_cdemo_sk
  AND customer_demographics.cd_education_status IN ('Advanced Degree', 'College', '2 yr Degree')
  AND customer_demographics.cd_marital_status IN ('M', 'S', 'W')
JOIN tpcds.customer_address AS customer_address
  ON customer_address.ca_address_sk = store_sales.ss_addr_sk
  AND customer_address.ca_state IN ('TX', 'OH', 'TX', 'OR', 'NM', 'KY', 'VA', 'TX', 'MS')
JOIN tpcds.household_demographics AS household_demographics
  ON household_demographics.hd_demo_sk = store_sales.ss_hdemo_sk
WHERE
  store_sales.ss_net_profit <= 200 AND store_sales.ss_net_profit >= 100",14.131457162000515,14.634276736000174,"Finalize Aggregate  (cost=906905.95..906905.96 rows=1 width=128) (actual time=14163.594..14175.513 rows=1 loops=1)
  ->  Gather  (cost=906905.70..906905.91 rows=2 width=128) (actual time=14162.210..14175.489 rows=3 loops=1)
        Workers Planned: 2
        Workers Launched: 2
        ->  Partial Aggregate  (cost=905905.70..905905.71 rows=1 width=128) (actual time=14146.716..14146.982 rows=1 loops=3)
              ->  Hash Join  (cost=899593.34..905904.59 rows=147 width=20) (actual time=14039.546..14146.119 rows=3246 loops=3)
                    Hash Cond: (store_sales.ss_hdemo_sk = household_demographics.hd_demo_sk)
                    ->  Hash Join  (cost=899367.34..905676.54 rows=154 width=28) (actual time=13491.541..13596.694 rows=3249 loops=3)
                          Hash Cond: (store_sales.ss_store_sk = store.s_store_sk)
                          ->  Parallel Hash Join  (cost=899360.05..905667.10 rows=161 width=36) (actual time=13491.443..13595.810 rows=3259 loops=3)
                                Hash Cond: (customer_address.ca_address_sk = store_sales.ss_addr_sk)
                                ->  Parallel Seq Scan on customer_address  (cost=0.02..6050.52 rows=40941 width=8) (actual time=0.698..99.731 rows=19470 loops=3)
                                      Filter: ((ca_state)::text = ANY ('{TX,OH,TX,OR,NM,KY,VA,TX,MS}'::text[]))
                                      Rows Removed by Filter: 63863
                                ->  Parallel Hash  (cost=899354.66..899354.66 rows=429 width=44) (actual time=13490.553..13490.815 rows=13988 loops=3)
                                      Buckets: 65536 (originally 2048)  Batches: 1 (originally 1)  Memory Usage: 4336kB
                                      ->  Parallel Hash Join  (cost=861499.98..899354.66 rows=429 width=44) (actual time=12938.261..13468.436 rows=13988 loops=3)
                                            Hash Cond: (customer_demographics.cd_demo_sk = store_sales.ss_cdemo_sk)
                                            ->  Parallel Seq Scan on customer_demographics  (cost=0.00..37077.83 rows=206682 width=8) (actual time=0.305..490.894 rows=164640 loops=3)
                                                  Filter: (((cd_marital_status)::text = ANY ('{M,S,W}'::text[])) AND ((cd_education_status)::text = ANY ('{""Advanced Degree"",College,""2 yr Degree""}'::text[])))
                                                  Rows Removed by Filter: 475627
                                            ->  Parallel Hash  (cost=861478.26..861478.26 rows=1738 width=52) (actual time=12937.798..12938.059 rows=55110 loops=3)
                                                  Buckets: 262144 (originally 8192)  Batches: 1 (originally 1)  Memory Usage: 18080kB
                                                  ->  Parallel Hash Join  (cost=2571.80..861478.26 rows=1738 width=52) (actual time=3.305..12818.872 rows=55110 loops=3)
                                                        Hash Cond: (store_sales.ss_sold_date_sk = date_dim.d_date_sk)
                                                        ->  Parallel Seq Scan on store_sales  (cost=0.00..857528.24 rows=364800 width=60) (actual time=0.295..12765.162 rows=284169 loops=3)
                                                              Filter: ((ss_net_profit >= '100'::numeric) AND (ss_net_profit <= '200'::numeric))
                                                              Rows Removed by Filter: 9316162
                                                        ->  Parallel Hash  (cost=2569.12..2569.12 rows=214 width=8) (actual time=2.497..2.498 rows=122 loops=3)
                                                              Buckets: 1024  Batches: 1  Memory Usage: 40kB
                                                              ->  Parallel Seq Scan on date_dim  (cost=0.00..2569.12 rows=214 width=8) (actual time=3.875..7.440 rows=365 loops=1)
                                                                    Filter: (d_year = 2001)
                                                                    Rows Removed by Filter: 72684
                          ->  Hash  (cost=6.02..6.02 rows=102 width=8) (actual time=0.083..0.083 rows=102 loops=3)
                                Buckets: 1024  Batches: 1  Memory Usage: 12kB
                                ->  Seq Scan on store  (cost=0.00..6.02 rows=102 width=8) (actual time=0.046..0.068 rows=102 loops=3)
                    ->  Hash  (cost=136.00..136.00 rows=7200 width=8) (actual time=547.880..547.880 rows=7200 loops=3)
                          Buckets: 8192  Batches: 1  Memory Usage: 346kB
                          ->  Seq Scan on household_demographics  (cost=0.00..136.00 rows=7200 width=8) (actual time=546.080..546.798 rows=7200 loops=3)
Planning Time: 0.438 ms
JIT:
  Functions: 152
  Options: Inlining true, Optimization true, Expressions true, Deforming true
  Timing: Generation 7.638 ms, Inlining 160.343 ms, Optimization 904.070 ms, Emission 574.138 ms, Total 1646.189 ms
Execution Time: 14177.905 ms","Finalize Aggregate  (cost=906906.69..906906.70 rows=1 width=128) (actual time=14262.562..14275.343 rows=1 loops=1)
  ->  Gather  (cost=906906.43..906906.64 rows=2 width=128) (actual time=14261.114..14275.312 rows=3 loops=1)
        Workers Planned: 2
        Workers Launched: 2
        ->  Partial Aggregate  (cost=905906.43..905906.44 rows=1 width=128) (actual time=14246.002..14246.275 rows=1 loops=3)
              ->  Hash Join  (cost=899593.34..905904.59 rows=147 width=20) (actual time=14124.590..14245.024 rows=3246 loops=3)
                    Hash Cond: (store_sales.ss_hdemo_sk = household_demographics.hd_demo_sk)
                    ->  Hash Join  (cost=899367.34..905676.54 rows=154 width=28) (actual time=13609.502..13728.353 rows=3249 loops=3)
                          Hash Cond: (store_sales.ss_store_sk = store.s_store_sk)
                          ->  Parallel Hash Join  (cost=899360.05..905667.10 rows=161 width=36) (actual time=13609.418..13727.527 rows=3259 loops=3)
                                Hash Cond: (customer_address.ca_address_sk = store_sales.ss_addr_sk)
                                ->  Parallel Seq Scan on customer_address  (cost=0.02..6050.52 rows=40941 width=8) (actual time=0.357..111.986 rows=19470 loops=3)
                                      Filter: ((ca_state)::text = ANY ('{TX,OH,TX,OR,NM,KY,VA,TX,MS}'::text[]))
                                      Rows Removed by Filter: 63863
                                ->  Parallel Hash  (cost=899354.66..899354.66 rows=429 width=44) (actual time=13608.871..13609.141 rows=13988 loops=3)
                                      Buckets: 65536 (originally 2048)  Batches: 1 (originally 1)  Memory Usage: 4336kB
                                      ->  Parallel Hash Join  (cost=861499.98..899354.66 rows=429 width=44) (actual time=13050.854..13588.460 rows=13988 loops=3)
                                            Hash Cond: (customer_demographics.cd_demo_sk = store_sales.ss_cdemo_sk)
                                            ->  Parallel Seq Scan on customer_demographics  (cost=0.00..37077.83 rows=206682 width=8) (actual time=0.340..487.148 rows=164640 loops=3)
                                                  Filter: (((cd_education_status)::text = ANY ('{""Advanced Degree"",College,""2 yr Degree""}'::text[])) AND ((cd_marital_status)::text = ANY ('{M,S,W}'::text[])))
                                                  Rows Removed by Filter: 475627
                                            ->  Parallel Hash  (cost=861478.26..861478.26 rows=1738 width=52) (actual time=13050.342..13050.610 rows=55110 loops=3)
                                                  Buckets: 262144 (originally 8192)  Batches: 1 (originally 1)  Memory Usage: 18080kB
                                                  ->  Parallel Hash Join  (cost=2571.80..861478.26 rows=1738 width=52) (actual time=3.253..12902.725 rows=55110 loops=3)
                                                        Hash Cond: (store_sales.ss_sold_date_sk = date_dim.d_date_sk)
                                                        ->  Parallel Seq Scan on store_sales  (cost=0.00..857528.24 rows=364800 width=60) (actual time=0.529..12847.604 rows=284169 loops=3)
                                                              Filter: ((ss_net_profit <= '200'::numeric) AND (ss_net_profit >= '100'::numeric))
                                                              Rows Removed by Filter: 9316162
                                                        ->  Parallel Hash  (cost=2569.12..2569.12 rows=214 width=8) (actual time=2.533..2.534 rows=122 loops=3)
                                                              Buckets: 1024  Batches: 1  Memory Usage: 40kB
                                                              ->  Parallel Seq Scan on date_dim  (cost=0.00..2569.12 rows=214 width=8) (actual time=4.032..7.549 rows=365 loops=1)
                                                                    Filter: (d_year = 2001)
                                                                    Rows Removed by Filter: 72684
                          ->  Hash  (cost=6.02..6.02 rows=102 width=8) (actual time=0.070..0.070 rows=102 loops=3)
                                Buckets: 1024  Batches: 1  Memory Usage: 12kB
                                ->  Seq Scan on store  (cost=0.00..6.02 rows=102 width=8) (actual time=0.034..0.055 rows=102 loops=3)
                    ->  Hash  (cost=136.00..136.00 rows=7200 width=8) (actual time=514.941..514.941 rows=7200 loops=3)
                          Buckets: 8192  Batches: 1  Memory Usage: 346kB
                          ->  Seq Scan on household_demographics  (cost=0.00..136.00 rows=7200 width=8) (actual time=513.085..513.714 rows=7200 loops=3)
Planning Time: 0.475 ms
JIT:
  Functions: 152
  Options: Inlining true, Optimization true, Expressions true, Deforming true
  Timing: Generation 7.634 ms, Inlining 158.031 ms, Optimization 842.573 ms, Emission 538.993 ms, Total 1547.232 ms
Execution Time: 14277.845 ms",SUCCESS
33,34,TPCDS,Q15,"select
    ca_zip,
    sum(cs_sales_price) as total_catalog_sales
from
    tpcds.catalog_sales,
    tpcds.customer,
    tpcds.customer_address,
    tpcds.date_dim
where
        cs_bill_customer_sk = c_customer_sk
    and c_current_addr_sk = ca_address_sk
    and (
            substr(ca_zip, 1, 5) in (
                '85669', '86197', '88274', '83405', '86475',
                '85392', '85460', '80348', '81792'
            )
         or ca_state in ('CA', 'WA', 'GA')
         or cs_sales_price > 500
        )
    and cs_sold_date_sk = d_date_sk
    and d_qoy  = 2
    and d_year = 2001
group by
    ca_zip
order by
    ca_zip
limit 100;","result = catalog_sales.CALCULATE(
    ca_zip = bill_customer.current_address.zip_code[:5]
).WHERE(
    PRESENT(ca_zip)
    & HAS(bill_customer)
    & (
        ISIN(ca_zip, ('85669', '86197', '88274', '83405', '86475', '85392', '85460', '80348', '81792'))
        | ISIN(bill_customer.current_address.state, ('CA', 'WA', 'GA'))
        | (sales_price > 500)
    )
    & (sold_date.quarter_of_year == 2)
    & (sold_date.year == 2001)
).PARTITION(
    name='zip_code', by=ca_zip
).CALCULATE(
    ca_zip,
    total_catalog_sales=SUM(catalog_sales.sales_price)
).TOP_K(100, by=ca_zip)","WITH _s3 AS (
  SELECT
    customer.c_customer_sk,
    customer_address.ca_state,
    customer_address.ca_zip
  FROM tpcds.customer AS customer
  LEFT JOIN tpcds.customer_address AS customer_address
    ON customer.c_current_addr_sk = customer_address.ca_address_sk
  WHERE
    NOT SUBSTRING(customer_address.ca_zip FROM 1 FOR 5) IS NULL
)
SELECT
  SUBSTRING(_s3.ca_zip FROM 1 FOR 5) AS ca_zip,
  COALESCE(SUM(catalog_sales.cs_sales_price), 0) AS total_catalog_sales
FROM tpcds.catalog_sales AS catalog_sales
JOIN _s3 AS _s3
  ON (
    SUBSTRING(_s3.ca_zip FROM 1 FOR 5) IN ('85669', '86197', '88274', '83405', '86475', '85392', '85460', '80348', '81792')
    OR _s3.ca_state IN ('CA', 'WA', 'GA')
    OR catalog_sales.cs_sales_price > 500
  )
  AND _s3.c_customer_sk = catalog_sales.cs_bill_customer_sk
JOIN tpcds.date_dim AS date_dim
  ON catalog_sales.cs_sold_date_sk = date_dim.d_date_sk
  AND date_dim.d_qoy = 2
  AND date_dim.d_year = 2001
GROUP BY
  1
ORDER BY
  1 NULLS FIRST
LIMIT 100",10.257454573999894,10.639273803999458,"Limit  (cost=618978.41..618990.74 rows=100 width=38) (actual time=10262.980..10275.107 rows=100 loops=1)
  ->  Finalize GroupAggregate  (cost=618978.41..619238.74 rows=2111 width=38) (actual time=9957.118..9969.238 rows=100 loops=1)
        Group Key: customer_address.ca_zip
        ->  Gather Merge  (cost=618978.41..619199.16 rows=1760 width=38) (actual time=9957.082..9969.139 rows=172 loops=1)
              Workers Planned: 2
              Workers Launched: 2
              ->  Partial GroupAggregate  (cost=617978.39..617995.99 rows=880 width=38) (actual time=9940.143..9941.838 rows=210 loops=3)
                    Group Key: customer_address.ca_zip
                    ->  Sort  (cost=617978.39..617980.59 rows=880 width=12) (actual time=9940.100..9940.478 rows=6599 loops=3)
                          Sort Key: customer_address.ca_zip
                          Sort Method: quicksort  Memory: 899kB
                          Worker 0:  Sort Method: quicksort  Memory: 772kB
                          Worker 1:  Sort Method: quicksort  Memory: 757kB
                          ->  Parallel Hash Join  (cost=611942.62..617935.35 rows=880 width=12) (actual time=9805.821..9933.433 rows=10919 loops=3)
                                Hash Cond: (customer_address.ca_address_sk = customer.c_current_addr_sk)
                                Join Filter: ((substr((customer_address.ca_zip)::text, 1, 5) = ANY ('{85669,86197,88274,83405,86475,85392,85460,80348,81792}'::text[])) OR ((customer_address.ca_state)::text = ANY ('{CA,WA,GA}'::text[])) OR (catalog_sales.cs_sales_price > '500'::numeric))
                                Rows Removed by Join Filter: 126286
                                ->  Parallel Seq Scan on customer_address  (cost=0.00..5529.67 rows=104167 width=17) (actual time=0.248..67.437 rows=83333 loops=3)
                                ->  Parallel Hash  (cost=611851.08..611851.08 rows=7321 width=14) (actual time=9804.557..9804.562 rows=137205 loops=3)
                                      Buckets: 524288 (originally 32768)  Batches: 1 (originally 1)  Memory Usage: 27328kB
                                      ->  Parallel Hash Join  (cost=597084.00..611851.08 rows=7321 width=14) (actual time=9547.158..9764.196 rows=137205 loops=3)
                                            Hash Cond: (customer.c_customer_sk = catalog_sales.cs_bill_customer_sk)
                                            ->  Parallel Seq Scan on customer  (cost=0.00..13955.33 rows=208333 width=16) (actual time=0.281..170.610 rows=166667 loops=3)
                                            ->  Parallel Hash  (cost=596992.01..596992.01 rows=7359 width=14) (actual time=9546.774..9546.777 rows=137555 loops=3)
                                                  Buckets: 524288 (originally 32768)  Batches: 1 (originally 1)  Memory Usage: 27296kB
                                                  ->  Parallel Hash Join  (cost=2677.21..596992.01 rows=7359 width=14) (actual time=7501.078..9504.117 rows=137555 loops=3)
                                                        Hash Cond: (catalog_sales.cs_sold_date_sk = date_dim.d_date_sk)
                                                        ->  Parallel Seq Scan on catalog_sales  (cost=0.00..571766.15 rows=6001415 width=22) (actual time=0.189..8821.036 rows=4800420 loops=3)
                                                        ->  Parallel Hash  (cost=2676.55..2676.55 rows=53 width=8) (actual time=2.959..2.960 rows=30 loops=3)
                                                              Buckets: 1024  Batches: 1  Memory Usage: 40kB
                                                              ->  Parallel Seq Scan on date_dim  (cost=0.00..2676.55 rows=53 width=8) (actual time=4.584..8.843 rows=91 loops=1)
                                                                    Filter: ((d_qoy = 2) AND (d_year = 2001))
                                                                    Rows Removed by Filter: 72958
Planning Time: 0.294 ms
JIT:
  Functions: 118
  Options: Inlining true, Optimization true, Expressions true, Deforming true
  Timing: Generation 5.868 ms, Inlining 151.790 ms, Optimization 599.285 ms, Emission 384.123 ms, Total 1141.065 ms
Execution Time: 10277.159 ms","Limit  (cost=619238.42..619251.10 rows=100 width=64) (actual time=10270.441..10285.133 rows=100 loops=1)
  ->  Finalize GroupAggregate  (cost=619238.42..619504.73 rows=2100 width=64) (actual time=9934.444..9949.127 rows=100 loops=1)
        Group Key: (SUBSTRING(customer_address.ca_zip FROM 1 FOR 5))
        ->  Gather Merge  (cost=619238.42..619460.10 rows=1750 width=64) (actual time=9934.418..9948.968 rows=172 loops=1)
              Workers Planned: 2
              Workers Launched: 2
              ->  Partial GroupAggregate  (cost=618238.40..618258.09 rows=875 width=64) (actual time=9918.592..9920.076 rows=235 loops=3)
                    Group Key: (SUBSTRING(customer_address.ca_zip FROM 1 FOR 5))
                    ->  Sort  (cost=618238.40..618240.59 rows=875 width=38) (actual time=9918.544..9918.913 rows=8081 loops=3)
                          Sort Key: (SUBSTRING(customer_address.ca_zip FROM 1 FOR 5)) NULLS FIRST
                          Sort Method: quicksort  Memory: 732kB
                          Worker 0:  Sort Method: quicksort  Memory: 766kB
                          Worker 1:  Sort Method: quicksort  Memory: 912kB
                          ->  Parallel Hash Join  (cost=611942.62..618195.64 rows=875 width=38) (actual time=9775.908..9912.169 rows=10718 loops=3)
                                Hash Cond: (customer_address.ca_address_sk = customer.c_current_addr_sk)
                                Join Filter: ((SUBSTRING(customer_address.ca_zip FROM 1 FOR 5) = ANY ('{85669,86197,88274,83405,86475,85392,85460,80348,81792}'::text[])) OR ((customer_address.ca_state)::text = ANY ('{CA,WA,GA}'::text[])) OR (catalog_sales.cs_sales_price > '500'::numeric))
                                Rows Removed by Join Filter: 122193
                                ->  Parallel Seq Scan on customer_address  (cost=0.00..5790.08 rows=103646 width=17) (actual time=0.387..77.143 rows=80800 loops=3)
                                      Filter: (SUBSTRING(ca_zip FROM 1 FOR 5) IS NOT NULL)
                                      Rows Removed by Filter: 2533
                                ->  Parallel Hash  (cost=611851.08..611851.08 rows=7321 width=14) (actual time=9774.731..9774.736 rows=137205 loops=3)
                                      Buckets: 524288 (originally 32768)  Batches: 1 (originally 1)  Memory Usage: 27296kB
                                      ->  Parallel Hash Join  (cost=597084.00..611851.08 rows=7321 width=14) (actual time=9521.529..9733.164 rows=137205 loops=3)
                                            Hash Cond: (customer.c_customer_sk = catalog_sales.cs_bill_customer_sk)
                                            ->  Parallel Seq Scan on customer  (cost=0.00..13955.33 rows=208333 width=16) (actual time=0.346..165.326 rows=166667 loops=3)
                                            ->  Parallel Hash  (cost=596992.01..596992.01 rows=7359 width=14) (actual time=9521.070..9521.074 rows=137555 loops=3)
                                                  Buckets: 524288 (originally 32768)  Batches: 1 (originally 1)  Memory Usage: 27296kB
                                                  ->  Parallel Hash Join  (cost=2677.21..596992.01 rows=7359 width=14) (actual time=7515.464..9479.209 rows=137555 loops=3)
                                                        Hash Cond: (catalog_sales.cs_sold_date_sk = date_dim.d_date_sk)
                                                        ->  Parallel Seq Scan on catalog_sales  (cost=0.00..571766.15 rows=6001415 width=22) (actual time=0.223..8776.400 rows=4800420 loops=3)
                                                        ->  Parallel Hash  (cost=2676.55..2676.55 rows=53 width=8) (actual time=2.682..2.683 rows=30 loops=3)
                                                              Buckets: 1024  Batches: 1  Memory Usage: 40kB
                                                              ->  Parallel Seq Scan on date_dim  (cost=0.00..2676.55 rows=53 width=8) (actual time=4.144..8.019 rows=91 loops=1)
                                                                    Filter: ((d_qoy = 2) AND (d_year = 2001))
                                                                    Rows Removed by Filter: 72958
Planning Time: 0.322 ms
JIT:
  Functions: 124
  Options: Inlining true, Optimization true, Expressions true, Deforming true
  Timing: Generation 6.021 ms, Inlining 141.722 ms, Optimization 663.523 ms, Emission 436.434 ms, Total 1247.700 ms
Execution Time: 10287.382 ms",SUCCESS
34,35,TPCDS,Q18,"with cs_1998 as (
    select
        cs.cs_item_sk,
        cs.cs_bill_customer_sk,
        cs.cs_bill_cdemo_sk,
        cs.cs_quantity,
        cs.cs_list_price,
        cs.cs_coupon_amt,
        cs.cs_sales_price,
        cs.cs_net_profit
    from tpcds.catalog_sales cs
    join tpcds.date_dim d
      on d.d_date_sk = cs.cs_sold_date_sk
    where d.d_year = 1998
),
bill_demo as (
    select
        cd_demo_sk,
        cd_dep_count
    from tpcds.customer_demographics
    where cd_gender = 'F'
      and cd_education_status = 'Unknown'
),
cust_filtered as (
    select
        c.c_customer_sk,
        c.c_birth_year,
        ca.ca_country,
        ca.ca_state,
        ca.ca_county
    from tpcds.customer c
    join tpcds.customer_demographics cd2
      on cd2.cd_demo_sk = c.c_current_cdemo_sk
    join tpcds.customer_address ca
      on ca.ca_address_sk = c.c_current_addr_sk
    where c.c_birth_month in (1,2,6,8,9,12)
      and ca.ca_state in ('MS','IN','ND','OK','NM','VA')
)
select
    i.i_item_id,
    cf.ca_country,
    cf.ca_state,
    cf.ca_county,
    avg(cs.cs_quantity::decimal(12,2))      as agg1,
    avg(cs.cs_list_price::decimal(12,2))    as agg2,
    avg(cs.cs_coupon_amt::decimal(12,2))    as agg3,
    avg(cs.cs_sales_price::decimal(12,2))   as agg4,
    avg(cs.cs_net_profit::decimal(12,2))    as agg5,
    avg(cf.c_birth_year::decimal(12,2))     as agg6,
    avg(bd.cd_dep_count::decimal(12,2))     as agg7
from cs_1998 cs
join bill_demo bd
  on bd.cd_demo_sk = cs.cs_bill_cdemo_sk
join cust_filtered cf
  on cf.c_customer_sk = cs.cs_bill_customer_sk
join tpcds.item i
  on i.i_item_sk = cs.cs_item_sk
group by rollup (
    i.i_item_id,
    cf.ca_country,
    cf.ca_state,
    cf.ca_county
)
order by
    cf.ca_country,
    cf.ca_state,
    cf.ca_county,
    i.i_item_id
limit 100;","result = catalog_sales.WHERE(
    (sold_date.year == 1998)
    & HAS(bill_customer.current_address)
    & HAS(bill_customer_demographics)
    & ISIN(bill_customer.birth_month, (1,2,6,8,9,12))
    & ISIN(bill_customer.current_address.state, ('MS','IN','ND','OK','NM','VA'))
    & (bill_customer_demographics.gender == 'F')
    & (bill_customer_demographics.education_status == 'Unknown')
).CALCULATE(
    i_item_id=item._id,
    ca_country=bill_customer.current_address.country,
    ca_state=bill_customer.current_address.state,
    ca_county=bill_customer.current_address.county,
    birth_year=bill_customer.birth_year,
    dep_count=bill_customer_demographics.dependent_count
).PARTITION(
    name='item_location', by=(i_item_id, ca_country, ca_state, ca_county)
).CALCULATE(
    i_item_id,
    ca_country,
    ca_state,
    ca_county,
    agg1=AVG(catalog_sales.quantity),
    agg2=AVG(catalog_sales.list_price),
    agg3=AVG(catalog_sales.coupon_amount),
    agg4=AVG(catalog_sales.sales_price),
    agg5=AVG(catalog_sales.net_profit),
    agg6=AVG(catalog_sales.birth_year),
    agg7=AVG(catalog_sales.dep_count)
).TOP_K(100, by=(ca_country.ASC(na_pos='last'), ca_state.ASC(na_pos='last'), ca_county.ASC(na_pos='last'), i_item_id.ASC(na_pos='last')))","WITH _s8 AS (
  SELECT
    customer_address.ca_country,
    customer_address.ca_county,
    customer_address.ca_state,
    catalog_sales.cs_item_sk,
    COUNT(customer.c_birth_year) AS count_c_birth_year,
    COUNT(customer_demographics.cd_dep_count) AS count_cd_dep_count,
    COUNT(catalog_sales.cs_coupon_amt) AS count_cs_coupon_amt,
    COUNT(catalog_sales.cs_list_price) AS count_cs_list_price,
    COUNT(catalog_sales.cs_net_profit) AS count_cs_net_profit,
    COUNT(catalog_sales.cs_quantity) AS count_cs_quantity,
    COUNT(catalog_sales.cs_sales_price) AS count_cs_sales_price,
    SUM(customer.c_birth_year) AS sum_c_birth_year,
    SUM(customer_demographics.cd_dep_count) AS sum_cd_dep_count,
    SUM(catalog_sales.cs_coupon_amt) AS sum_cs_coupon_amt,
    SUM(catalog_sales.cs_list_price) AS sum_cs_list_price,
    SUM(catalog_sales.cs_net_profit) AS sum_cs_net_profit,
    SUM(catalog_sales.cs_quantity) AS sum_cs_quantity,
    SUM(catalog_sales.cs_sales_price) AS sum_cs_sales_price
  FROM tpcds.catalog_sales AS catalog_sales
  JOIN tpcds.date_dim AS date_dim
    ON catalog_sales.cs_sold_date_sk = date_dim.d_date_sk AND date_dim.d_year = 1998
  JOIN tpcds.customer_demographics AS customer_demographics
    ON catalog_sales.cs_bill_cdemo_sk = customer_demographics.cd_demo_sk
    AND customer_demographics.cd_education_status = 'Unknown'
    AND customer_demographics.cd_gender = 'F'
  JOIN tpcds.customer AS customer
    ON catalog_sales.cs_bill_customer_sk = customer.c_customer_sk
    AND customer.c_birth_month IN (1, 2, 6, 8, 9, 12)
  JOIN tpcds.customer_address AS customer_address
    ON customer.c_current_addr_sk = customer_address.ca_address_sk
    AND customer_address.ca_state IN ('MS', 'IN', 'ND', 'OK', 'NM', 'VA')
  GROUP BY
    1,
    2,
    3,
    4
)
SELECT
  item.i_item_id,
  _s8.ca_country,
  _s8.ca_state,
  _s8.ca_county,
  CAST(SUM(_s8.sum_cs_quantity) AS DOUBLE PRECISION) / SUM(_s8.count_cs_quantity) AS agg1,
  CAST(SUM(_s8.sum_cs_list_price) AS DOUBLE PRECISION) / SUM(_s8.count_cs_list_price) AS agg2,
  CAST(SUM(_s8.sum_cs_coupon_amt) AS DOUBLE PRECISION) / SUM(_s8.count_cs_coupon_amt) AS agg3,
  CAST(SUM(_s8.sum_cs_sales_price) AS DOUBLE PRECISION) / SUM(_s8.count_cs_sales_price) AS agg4,
  CAST(SUM(_s8.sum_cs_net_profit) AS DOUBLE PRECISION) / SUM(_s8.count_cs_net_profit) AS agg5,
  CAST(SUM(_s8.sum_c_birth_year) AS DOUBLE PRECISION) / SUM(_s8.count_c_birth_year) AS agg6,
  CAST(SUM(_s8.sum_cd_dep_count) AS DOUBLE PRECISION) / SUM(_s8.count_cd_dep_count) AS agg7
FROM _s8 AS _s8
JOIN tpcds.item AS item
  ON _s8.cs_item_sk = item.i_item_sk
GROUP BY
  1,
  2,
  3,
  4
ORDER BY
  2,
  3,
  4,
  1
LIMIT 100",11.528064827999515,13.886652879999929,"Limit  (cost=695309.62..695309.87 rows=100 width=272) (actual time=12043.973..12105.504 rows=100 loops=1)
  ->  Sort  (cost=695309.62..695313.00 rows=1353 width=272) (actual time=11322.070..11383.594 rows=100 loops=1)
        Sort Key: ca.ca_country, ca.ca_state, ca.ca_county, i.i_item_id
        Sort Method: top-N heapsort  Memory: 46kB
        ->  GroupAggregate  (cost=695166.97..695257.91 rows=1353 width=272) (actual time=11177.191..11366.571 rows=52755 loops=1)
              Group Key: i.i_item_id, ca.ca_country, ca.ca_state, ca.ca_county
              Group Key: i.i_item_id, ca.ca_country, ca.ca_state
              Group Key: i.i_item_id, ca.ca_country
              Group Key: i.i_item_id
              Group Key: ()
              ->  Gather Merge  (cost=695166.97..695206.34 rows=338 width=93) (actual time=11177.135..11249.117 rows=14238 loops=1)
                    Workers Planned: 2
                    Workers Launched: 2
                    ->  Sort  (cost=694166.95..694167.30 rows=141 width=93) (actual time=11158.460..11159.024 rows=4746 loops=3)
                          Sort Key: i.i_item_id, ca.ca_country, ca.ca_state, ca.ca_county
                          Sort Method: quicksort  Memory: 824kB
                          Worker 0:  Sort Method: quicksort  Memory: 787kB
                          Worker 1:  Sort Method: quicksort  Memory: 715kB
                          ->  Parallel Hash Join  (cost=689072.95..694161.91 rows=141 width=93) (actual time=10682.281..11141.825 rows=4746 loops=3)
                                Hash Cond: (i.i_item_sk = cs.cs_item_sk)
                                ->  Parallel Seq Scan on item i  (cost=0.00..4929.00 rows=42500 width=25) (actual time=0.017..451.458 rows=34000 loops=3)
                                ->  Parallel Hash  (cost=689071.19..689071.19 rows=141 width=84) (actual time=10682.043..10682.057 rows=4746 loops=3)
                                      Buckets: 16384 (originally 1024)  Batches: 1 (originally 1)  Memory Usage: 2040kB
                                      ->  Parallel Hash Join  (cost=654994.01..689071.19 rows=141 width=84) (actual time=10546.917..10672.757 rows=4746 loops=3)
                                            Hash Cond: (cd2.cd_demo_sk = c.c_current_cdemo_sk)
                                            ->  Parallel Seq Scan on customer_demographics cd2  (cost=0.00..31075.33 rows=800333 width=8) (actual time=0.016..61.123 rows=640267 loops=3)
                                            ->  Parallel Hash  (cost=654992.19..654992.19 rows=146 width=92) (actual time=10546.230..10546.242 rows=4802 loops=3)
                                                  Buckets: 16384 (originally 1024)  Batches: 1 (originally 1)  Memory Usage: 2136kB
                                                  ->  Parallel Hash Join  (cost=648623.76..654992.19 rows=146 width=92) (actual time=10457.239..10540.176 rows=4802 loops=3)
                                                        Hash Cond: (ca.ca_address_sk = c.c_current_addr_sk)
                                                        ->  Parallel Seq Scan on customer_address ca  (cost=0.00..6310.92 rows=15174 width=39) (actual time=0.412..79.582 rows=12282 loops=3)
                                                              Filter: ((ca_state)::text = ANY ('{MS,IN,ND,OK,NM,VA}'::text[]))
                                                              Rows Removed by Filter: 71052
                                                        ->  Parallel Hash  (cost=648611.23..648611.23 rows=1002 width=69) (actual time=10456.767..10456.777 rows=32138 loops=3)
                                                              Buckets: 131072 (originally 4096)  Batches: 1 (originally 1)  Memory Usage: 12032kB
                                                              ->  Parallel Hash Join  (cost=632716.00..648611.23 rows=1002 width=69) (actual time=10246.348..10444.175 rows=32138 loops=3)
                                                                    Hash Cond: (c.c_customer_sk = cs.cs_bill_customer_sk)
                                                                    ->  Parallel Seq Scan on customer c  (cost=0.00..15517.83 rows=99528 width=32) (actual time=0.362..176.845 rows=79880 loops=3)
                                                                          Filter: (c_birth_month = ANY ('{1,2,6,8,9,12}'::bigint[]))
                                                                          Rows Removed by Filter: 86787
                                                                    ->  Parallel Hash  (cost=632689.65..632689.65 rows=2108 width=53) (actual time=10245.909..10245.917 rows=67467 loops=3)
                                                                          Buckets: 262144 (originally 8192)  Batches: 1 (originally 1)  Memory Usage: 21792kB
                                                                          ->  Parallel Hash Join  (cost=597390.30..632689.65 rows=2108 width=53) (actual time=10124.101..10217.989 rows=67467 loops=3)
                                                                                Hash Cond: (customer_demographics.cd_demo_sk = cs.cs_bill_cdemo_sk)
                                                                                ->  Parallel Seq Scan on customer_demographics  (cost=0.00..35077.00 rows=56952 width=16) (actual time=0.300..466.230 rows=45733 loops=3)
                                                                                      Filter: (((cd_gender)::text = 'F'::text) AND ((cd_education_status)::text = 'Unknown'::text))
                                                                                      Rows Removed by Filter: 594533
                                                                                ->  Parallel Hash  (cost=597018.25..597018.25 rows=29764 width=53) (actual time=9637.359..9637.364 rows=950367 loops=3)
                                                                                      Buckets: 131072 (originally 131072)  Batches: 32 (originally 1)  Memory Usage: 9056kB
                                                                                      ->  Parallel Hash Join  (cost=2571.80..597018.25 rows=29764 width=53) (actual time=1493.052..9228.825 rows=950367 loops=3)
                                                                                            Hash Cond: (cs.cs_sold_date_sk = d.d_date_sk)
                                                                                            ->  Parallel Seq Scan on catalog_sales cs  (cost=0.00..571766.15 rows=6001415 width=61) (actual time=0.729..8088.637 rows=4800420 loops=3)
                                                                                            ->  Parallel Hash  (cost=2569.12..2569.12 rows=214 width=8) (actual time=2.528..2.529 rows=122 loops=3)
                                                                                                  Buckets: 1024  Batches: 1  Memory Usage: 40kB
                                                                                                  ->  Parallel Seq Scan on date_dim d  (cost=0.00..2569.12 rows=214 width=8) (actual time=3.788..7.484 rows=365 loops=1)
                                                                                                        Filter: (d_year = 1998)
                                                                                                        Rows Removed by Filter: 72684
Planning Time: 1.158 ms
JIT:
  Functions: 193
  Options: Inlining true, Optimization true, Expressions true, Deforming true
  Timing: Generation 10.358 ms, Inlining 137.716 ms, Optimization 1421.608 ms, Emission 857.883 ms, Total 2427.566 ms
Execution Time: 12109.397 ms","Limit  (cost=666331.26..666345.76 rows=100 width=104) (actual time=13299.076..13337.313 rows=100 loops=1)
  ->  GroupAggregate  (cost=666331.26..666382.01 rows=350 width=104) (actual time=12490.097..12528.327 rows=100 loops=1)
        Group Key: _s8.ca_country, _s8.ca_state, _s8.ca_county, item.i_item_id
        ->  Sort  (cost=666331.26..666332.14 rows=350 width=328) (actual time=12490.039..12527.936 rows=101 loops=1)
              Sort Key: _s8.ca_country, _s8.ca_state, _s8.ca_county, item.i_item_id
              Sort Method: quicksort  Memory: 2985kB
              ->  Hash Join  (cost=656071.47..666316.47 rows=350 width=328) (actual time=12406.587..12486.672 rows=14405 loops=1)
                    Hash Cond: (item.i_item_sk = _s8.cs_item_sk)
                    ->  Seq Scan on item  (cost=0.00..5524.00 rows=102000 width=25) (actual time=0.013..23.080 rows=102000 loops=1)
                    ->  Hash  (cost=656067.10..656067.10 rows=350 width=319) (actual time=12406.531..12444.420 rows=14405 loops=1)
                          Buckets: 16384 (originally 1024)  Batches: 1 (originally 1)  Memory Usage: 2720kB
                          ->  Subquery Scan on _s8  (cost=655997.46..656067.10 rows=350 width=319) (actual time=12377.179..12440.198 rows=14405 loops=1)
                                ->  GroupAggregate  (cost=655997.46..656063.60 rows=350 width=319) (actual time=12377.176..12439.018 rows=14405 loops=1)
                                      Group Key: customer_address.ca_country, customer_address.ca_county, customer_address.ca_state, catalog_sales.cs_item_sk
                                      ->  Gather Merge  (cost=655997.46..656038.22 rows=350 width=84) (actual time=12377.134..12419.577 rows=14405 loops=1)
                                            Workers Planned: 2
                                            Workers Launched: 2
                                            ->  Sort  (cost=654997.44..654997.80 rows=146 width=84) (actual time=12355.692..12356.020 rows=4802 loops=3)
                                                  Sort Key: customer_address.ca_country, customer_address.ca_county, customer_address.ca_state, catalog_sales.cs_item_sk
                                                  Sort Method: quicksort  Memory: 893kB
                                                  Worker 0:  Sort Method: quicksort  Memory: 711kB
                                                  Worker 1:  Sort Method: quicksort  Memory: 695kB
                                                  ->  Parallel Hash Join  (cost=648623.76..654992.19 rows=146 width=84) (actual time=12268.977..12345.618 rows=4802 loops=3)
                                                        Hash Cond: (customer_address.ca_address_sk = customer.c_current_addr_sk)
                                                        ->  Parallel Seq Scan on customer_address  (cost=0.00..6310.92 rows=15174 width=39) (actual time=0.403..73.720 rows=12282 loops=3)
                                                              Filter: ((ca_state)::text = ANY ('{MS,IN,ND,OK,NM,VA}'::text[]))
                                                              Rows Removed by Filter: 71052
                                                        ->  Parallel Hash  (cost=648611.23..648611.23 rows=1002 width=61) (actual time=12268.293..12268.307 rows=32138 loops=3)
                                                              Buckets: 131072 (originally 4096)  Batches: 1 (originally 1)  Memory Usage: 11872kB
                                                              ->  Parallel Hash Join  (cost=632716.00..648611.23 rows=1002 width=61) (actual time=12054.877..12256.543 rows=32138 loops=3)
                                                                    Hash Cond: (customer.c_customer_sk = catalog_sales.cs_bill_customer_sk)
                                                                    ->  Parallel Seq Scan on customer  (cost=0.00..15517.83 rows=99528 width=24) (actual time=0.301..183.276 rows=79880 loops=3)
                                                                          Filter: (c_birth_month = ANY ('{1,2,6,8,9,12}'::bigint[]))
                                                                          Rows Removed by Filter: 86787
                                                                    ->  Parallel Hash  (cost=632689.65..632689.65 rows=2108 width=53) (actual time=12054.487..12054.498 rows=67467 loops=3)
                                                                          Buckets: 262144 (originally 8192)  Batches: 1 (originally 1)  Memory Usage: 22976kB
                                                                          ->  Parallel Hash Join  (cost=597390.30..632689.65 rows=2108 width=53) (actual time=11626.946..12012.441 rows=67467 loops=3)
                                                                                Hash Cond: (customer_demographics.cd_demo_sk = catalog_sales.cs_bill_cdemo_sk)
                                                                                ->  Parallel Seq Scan on customer_demographics  (cost=0.00..35077.00 rows=56952 width=16) (actual time=0.309..509.425 rows=45733 loops=3)
                                                                                      Filter: (((cd_education_status)::text = 'Unknown'::text) AND ((cd_gender)::text = 'F'::text))
                                                                                      Rows Removed by Filter: 594533
                                                                                ->  Parallel Hash  (cost=597018.25..597018.25 rows=29764 width=53) (actual time=11091.721..11091.727 rows=950367 loops=3)
                                                                                      Buckets: 65536 (originally 131072)  Batches: 64 (originally 1)  Memory Usage: 4896kB
                                                                                      ->  Parallel Hash Join  (cost=2571.80..597018.25 rows=29764 width=53) (actual time=1465.206..10556.029 rows=950367 loops=3)
                                                                                            Hash Cond: (catalog_sales.cs_sold_date_sk = date_dim.d_date_sk)
                                                                                            ->  Parallel Seq Scan on catalog_sales  (cost=0.00..571766.15 rows=6001415 width=61) (actual time=0.193..9507.684 rows=4800420 loops=3)
                                                                                            ->  Parallel Hash  (cost=2569.12..2569.12 rows=214 width=8) (actual time=1.878..1.879 rows=122 loops=3)
                                                                                                  Buckets: 1024  Batches: 1  Memory Usage: 40kB
                                                                                                  ->  Parallel Seq Scan on date_dim  (cost=0.00..2569.12 rows=214 width=8) (actual time=2.696..5.578 rows=365 loops=1)
                                                                                                        Filter: (d_year = 1998)
                                                                                                        Rows Removed by Filter: 72684
Planning Time: 0.551 ms
JIT:
  Functions: 154
  Options: Inlining true, Optimization true, Expressions true, Deforming true
  Timing: Generation 11.460 ms, Inlining 178.567 ms, Optimization 1263.340 ms, Emission 788.187 ms, Total 2241.554 ms
Execution Time: 13341.488 ms",SUCCESS
35,36,TPCDS,Q19,"select
       i.i_brand_id        as brand_id,
       i.i_brand           as brand,
       i.i_manufact_id,
       i.i_manufact,
       sum(ss.ss_ext_sales_price) as ext_price
from tpcds.date_dim d
join tpcds.store_sales ss
  on d.d_date_sk = ss.ss_sold_date_sk
join tpcds.item i
  on ss.ss_item_sk = i.i_item_sk
join tpcds.customer c
  on ss.ss_customer_sk = c.c_customer_sk
join tpcds.customer_address ca
  on c.c_current_addr_sk = ca.ca_address_sk
join tpcds.store s
  on ss.ss_store_sk = s.s_store_sk
where i.i_manager_id = 8
  and d.d_moy = 11
  and d.d_year = 1998
  and substr(ca.ca_zip, 1, 5) <> substr(s.s_zip, 1, 5)
group by
       i.i_brand,
       i.i_brand_id,
       i.i_manufact_id,
       i.i_manufact
order by
       ext_price desc,
       i.i_brand,
       i.i_brand_id,
       i.i_manufact_id,
       i.i_manufact
limit 100;","result = store_sales.WHERE(
    HAS(customer)
    & HAS(customer.current_address)
    & HAS(store)
    & (item.manager_id == 8)
    & (sold_date.month_of_year == 11)
    & (sold_date.year == 1998)
    & (customer.current_address.zip_code[:5] != store.zip_code[:5])
).CALCULATE(
    brand_id=item.brand_id,
    brand=item.brand,
    i_manufact_id=item.manufacturer_id,
    i_manufact=item.manufacturer
).PARTITION(
    name='brand_manufacture', by=(brand, brand_id, i_manufact_id, i_manufact)
).CALCULATE(
    brand_id,
    brand,
    i_manufact_id,
    i_manufact,
    ext_price=SUM(store_sales.ext_sales_price)
).TOP_K(100, by=(ext_price.DESC(), brand, brand_id, i_manufact_id, i_manufact))","SELECT
  item.i_brand_id AS brand_id,
  item.i_brand AS brand,
  item.i_manufact_id,
  item.i_manufact,
  COALESCE(SUM(store_sales.ss_ext_sales_price), 0) AS ext_price
FROM tpcds.store_sales AS store_sales
JOIN tpcds.customer AS customer
  ON customer.c_customer_sk = store_sales.ss_customer_sk
JOIN tpcds.customer_address AS customer_address
  ON customer.c_current_addr_sk = customer_address.ca_address_sk
JOIN tpcds.store AS store
  ON SUBSTRING(customer_address.ca_zip FROM 1 FOR 5) <> SUBSTRING(store.s_zip FROM 1 FOR 5)
  AND store.s_store_sk = store_sales.ss_store_sk
JOIN tpcds.item AS item
  ON item.i_item_sk = store_sales.ss_item_sk AND item.i_manager_id = 8
JOIN tpcds.date_dim AS date_dim
  ON date_dim.d_date_sk = store_sales.ss_sold_date_sk
  AND date_dim.d_moy = 11
  AND date_dim.d_year = 1998
GROUP BY
  1,
  2,
  3,
  4
ORDER BY
  5 DESC NULLS LAST,
  2 NULLS FIRST,
  1 NULLS FIRST,
  3 NULLS FIRST,
  4 NULLS FIRST
LIMIT 100",13.952919561000272,14.817367607000051,"Limit  (cost=872439.50..872439.75 rows=100 width=77) (actual time=14436.316..14437.347 rows=100 loops=1)
  ->  Sort  (cost=872439.50..872439.96 rows=183 width=77) (actual time=13951.838..13952.863 rows=100 loops=1)
        Sort Key: (sum(ss.ss_ext_sales_price)) DESC, i.i_brand, i.i_brand_id, i.i_manufact_id, i.i_manufact
        Sort Method: top-N heapsort  Memory: 47kB
        ->  GroupAggregate  (cost=871958.77..872432.62 rows=183 width=77) (actual time=13814.730..13952.391 rows=936 loops=1)
              Group Key: i.i_brand, i.i_brand_id, i.i_manufact_id, i.i_manufact
              ->  Nested Loop  (cost=871958.77..872428.05 rows=183 width=51) (actual time=13814.529..13949.722 rows=15051 loops=1)
                    Join Filter: ((ss.ss_store_sk = s.s_store_sk) AND (substr((ca.ca_zip)::text, 1, 5) <> substr((s.s_zip)::text, 1, 5)))
                    Rows Removed by Join Filter: 1593183
                    ->  Gather Merge  (cost=871958.77..871981.13 rows=192 width=65) (actual time=13814.455..13820.068 rows=15767 loops=1)
                          Workers Planned: 2
                          Workers Launched: 2
                          ->  Sort  (cost=870958.75..870958.95 rows=80 width=65) (actual time=13793.213..13793.582 rows=5256 loops=3)
                                Sort Key: i.i_brand, i.i_brand_id, i.i_manufact_id, i.i_manufact
                                Sort Method: quicksort  Memory: 646kB
                                Worker 0:  Sort Method: quicksort  Memory: 634kB
                                Worker 1:  Sort Method: quicksort  Memory: 820kB
                                ->  Parallel Hash Join  (cost=865035.60..870956.22 rows=80 width=65) (actual time=13712.653..13782.446 rows=5256 loops=3)
                                      Hash Cond: (ca.ca_address_sk = c.c_current_addr_sk)
                                      ->  Parallel Seq Scan on customer_address ca  (cost=0.00..5529.67 rows=104167 width=14) (actual time=0.343..57.136 rows=83333 loops=3)
                                      ->  Parallel Hash  (cost=865034.60..865034.60 rows=80 width=67) (actual time=13712.023..13712.030 rows=5256 loops=3)
                                            Buckets: 16384 (originally 1024)  Batches: 1 (originally 1)  Memory Usage: 1976kB
                                            ->  Parallel Hash Join  (cost=850297.69..865034.60 rows=80 width=67) (actual time=13522.812..13702.641 rows=5256 loops=3)
                                                  Hash Cond: (c.c_customer_sk = ss.ss_customer_sk)
                                                  ->  Parallel Seq Scan on customer c  (cost=0.00..13955.33 rows=208333 width=16) (actual time=0.408..156.908 rows=166667 loops=3)
                                                  ->  Parallel Hash  (cost=850296.64..850296.64 rows=84 width=67) (actual time=13521.995..13522.000 rows=5387 loops=3)
                                                        Buckets: 16384 (originally 1024)  Batches: 1 (originally 1)  Memory Usage: 1976kB
                                                        ->  Parallel Hash Join  (cost=7721.46..850296.64 rows=84 width=67) (actual time=437.484..13118.534 rows=5387 loops=3)
                                                              Hash Cond: (ss.ss_item_sk = i.i_item_sk)
                                                              ->  Parallel Hash Join  (cost=2676.78..845233.93 rows=4712 width=30) (actual time=4.480..12643.137 rows=294196 loops=3)
                                                                    Hash Cond: (ss.ss_sold_date_sk = d.d_date_sk)
                                                                    ->  Parallel Seq Scan on store_sales ss  (cost=0.00..797530.82 rows=11999482 width=38) (actual time=0.346..11828.559 rows=9600330 loops=3)
                                                                    ->  Parallel Hash  (cost=2676.55..2676.55 rows=18 width=8) (actual time=3.437..3.438 rows=10 loops=3)
                                                                          Buckets: 1024  Batches: 1  Memory Usage: 72kB
                                                                          ->  Parallel Seq Scan on date_dim d  (cost=0.00..2676.55 rows=18 width=8) (actual time=2.256..3.392 rows=10 loops=3)
                                                                                Filter: ((d_moy = 11) AND (d_year = 1998))
                                                                                Rows Removed by Filter: 24340
                                                              ->  Parallel Hash  (cost=5035.25..5035.25 rows=755 width=53) (actual time=432.612..432.613 rows=612 loops=3)
                                                                    Buckets: 2048  Batches: 1  Memory Usage: 240kB
                                                                    ->  Parallel Seq Scan on item i  (cost=0.00..5035.25 rows=755 width=53) (actual time=281.355..291.440 rows=612 loops=3)
                                                                          Filter: (i_manager_id = 8)
                                                                          Rows Removed by Filter: 33388
                    ->  Materialize  (cost=0.00..6.53 rows=102 width=14) (actual time=0.000..0.004 rows=102 loops=15767)
                          ->  Seq Scan on store s  (cost=0.00..6.02 rows=102 width=14) (actual time=0.030..0.060 rows=102 loops=1)
Planning Time: 0.653 ms
JIT:
  Functions: 129
  Options: Inlining true, Optimization true, Expressions true, Deforming true
  Timing: Generation 8.288 ms, Inlining 114.614 ms, Optimization 745.565 ms, Emission 468.559 ms, Total 1337.026 ms
Execution Time: 14440.078 ms","Limit  (cost=872439.50..872439.75 rows=100 width=77) (actual time=14406.533..14407.586 rows=100 loops=1)
  ->  Sort  (cost=872439.50..872439.96 rows=183 width=77) (actual time=13934.998..13936.044 rows=100 loops=1)
        Sort Key: (COALESCE(sum(store_sales.ss_ext_sales_price), '0'::numeric)) DESC NULLS LAST, item.i_brand NULLS FIRST, item.i_brand_id NULLS FIRST, item.i_manufact_id NULLS FIRST, item.i_manufact NULLS FIRST
        Sort Method: top-N heapsort  Memory: 47kB
        ->  GroupAggregate  (cost=871958.77..872432.62 rows=183 width=77) (actual time=13798.412..13935.547 rows=936 loops=1)
              Group Key: item.i_brand_id, item.i_brand, item.i_manufact_id, item.i_manufact
              ->  Nested Loop  (cost=871958.77..872428.05 rows=183 width=51) (actual time=13798.299..13932.949 rows=15051 loops=1)
                    Join Filter: ((store_sales.ss_store_sk = store.s_store_sk) AND (SUBSTRING(customer_address.ca_zip FROM 1 FOR 5) <> SUBSTRING(store.s_zip FROM 1 FOR 5)))
                    Rows Removed by Join Filter: 1593183
                    ->  Gather Merge  (cost=871958.77..871981.13 rows=192 width=65) (actual time=13798.226..13803.371 rows=15767 loops=1)
                          Workers Planned: 2
                          Workers Launched: 2
                          ->  Sort  (cost=870958.75..870958.95 rows=80 width=65) (actual time=13783.913..13784.317 rows=5256 loops=3)
                                Sort Key: item.i_brand_id NULLS FIRST, item.i_brand NULLS FIRST, item.i_manufact_id NULLS FIRST, item.i_manufact NULLS FIRST
                                Sort Method: quicksort  Memory: 658kB
                                Worker 0:  Sort Method: quicksort  Memory: 825kB
                                Worker 1:  Sort Method: quicksort  Memory: 630kB
                                ->  Parallel Hash Join  (cost=865035.60..870956.22 rows=80 width=65) (actual time=13716.649..13778.905 rows=5256 loops=3)
                                      Hash Cond: (customer_address.ca_address_sk = customer.c_current_addr_sk)
                                      ->  Parallel Seq Scan on customer_address  (cost=0.00..5529.67 rows=104167 width=14) (actual time=0.415..50.123 rows=83333 loops=3)
                                      ->  Parallel Hash  (cost=865034.60..865034.60 rows=80 width=67) (actual time=13715.997..13716.005 rows=5256 loops=3)
                                            Buckets: 16384 (originally 1024)  Batches: 1 (originally 1)  Memory Usage: 1976kB
                                            ->  Parallel Hash Join  (cost=850297.69..865034.60 rows=80 width=67) (actual time=13517.396..13708.647 rows=5256 loops=3)
                                                  Hash Cond: (customer.c_customer_sk = store_sales.ss_customer_sk)
                                                  ->  Parallel Seq Scan on customer  (cost=0.00..13955.33 rows=208333 width=16) (actual time=0.307..168.876 rows=166667 loops=3)
                                                  ->  Parallel Hash  (cost=850296.64..850296.64 rows=84 width=67) (actual time=13516.762..13516.768 rows=5387 loops=3)
                                                        Buckets: 16384 (originally 1024)  Batches: 1 (originally 1)  Memory Usage: 1976kB
                                                        ->  Parallel Hash Join  (cost=7721.46..850296.64 rows=84 width=67) (actual time=423.261..13103.518 rows=5387 loops=3)
                                                              Hash Cond: (store_sales.ss_item_sk = item.i_item_sk)
                                                              ->  Parallel Hash Join  (cost=2676.78..845233.93 rows=4712 width=30) (actual time=5.228..12641.152 rows=294196 loops=3)
                                                                    Hash Cond: (store_sales.ss_sold_date_sk = date_dim.d_date_sk)
                                                                    ->  Parallel Seq Scan on store_sales  (cost=0.00..797530.82 rows=11999482 width=38) (actual time=0.334..11820.032 rows=9600330 loops=3)
                                                                    ->  Parallel Hash  (cost=2676.55..2676.55 rows=18 width=8) (actual time=3.505..3.506 rows=10 loops=3)
                                                                          Buckets: 1024  Batches: 1  Memory Usage: 72kB
                                                                          ->  Parallel Seq Scan on date_dim  (cost=0.00..2676.55 rows=18 width=8) (actual time=2.327..3.443 rows=10 loops=3)
                                                                                Filter: ((d_moy = 11) AND (d_year = 1998))
                                                                                Rows Removed by Filter: 24340
                                                              ->  Parallel Hash  (cost=5035.25..5035.25 rows=755 width=53) (actual time=417.516..417.517 rows=612 loops=3)
                                                                    Buckets: 2048  Batches: 1  Memory Usage: 272kB
                                                                    ->  Parallel Seq Scan on item  (cost=0.00..5035.25 rows=755 width=53) (actual time=272.386..284.788 rows=612 loops=3)
                                                                          Filter: (i_manager_id = 8)
                                                                          Rows Removed by Filter: 33388
                    ->  Materialize  (cost=0.00..6.53 rows=102 width=14) (actual time=0.000..0.004 rows=102 loops=15767)
                          ->  Seq Scan on store  (cost=0.00..6.02 rows=102 width=14) (actual time=0.034..0.067 rows=102 loops=1)
Planning Time: 0.707 ms
JIT:
  Functions: 129
  Options: Inlining true, Optimization true, Expressions true, Deforming true
  Timing: Generation 6.751 ms, Inlining 104.503 ms, Optimization 723.092 ms, Emission 460.290 ms, Total 1294.636 ms
Execution Time: 14410.369 ms",SUCCESS
36,37,TPCDS,Q20,"select
       i.i_item_id,
       i.i_item_desc,
       i.i_category,
       i.i_class,
       i.i_current_price,
       sum(cs.cs_ext_sales_price) as itemrevenue,
       sum(cs.cs_ext_sales_price) * 100
         / sum(sum(cs.cs_ext_sales_price)) over (partition by i.i_class)
         as revenueratio
from tpcds.catalog_sales cs
join tpcds.item i
  on cs.cs_item_sk = i.i_item_sk
join tpcds.date_dim d
  on cs.cs_sold_date_sk = d.d_date_sk
where i.i_category in ('Sports','Books','Home')
  and d.d_date between date '1999-02-22'
                     and date '1999-02-22' + interval '30 days'
group by
       i.i_item_id,
       i.i_item_desc,
       i.i_category,
       i.i_class,
       i.i_current_price
order by
       i.i_category,
       i.i_class,
       i.i_item_id,
       i.i_item_desc,
       revenueratio
limit 100;","selected_catalog_sales = catalog_sales.WHERE(
    MONOTONIC(DATETIME('1999-02-22'), sold_date.date, DATETIME('1999-02-22', '+30 days'))
)
result = items.WHERE(
    HAS(selected_catalog_sales)
    & ISIN(category, ('Sports','Books','Home'))
).PARTITION(
    name='i_class', by=item_class
).items.CALCULATE(
    i_item_id=_id,
    i_item_desc=description,
    i_category=category,
    i_class=item_class,
    i_current_price=current_price,
    itemrevenue=SUM(selected_catalog_sales.ext_sales_price),
    revenueratio=(100*SUM(selected_catalog_sales.ext_sales_price)) / RELSUM(SUM(selected_catalog_sales.ext_sales_price), per='i_class')
).PARTITION(
    name='items_desc', by=(i_item_id, i_item_desc, i_category, i_class, i_current_price, itemrevenue, revenueratio)
).TOP_K(100, by=(i_category, i_class.ASC(na_pos='last'), i_item_id, i_item_desc.ASC(na_pos='last'), revenueratio))","WITH _t3 AS (
  SELECT
    d_date,
    d_date_sk
  FROM tpcds.date_dim
  WHERE
    d_date <= CAST('1999-03-24' AS DATE) AND d_date >= CAST('1999-02-22' AS DATE)
), _u_0 AS (
  SELECT
    catalog_sales.cs_item_sk AS _u_1
  FROM tpcds.catalog_sales AS catalog_sales
  JOIN _t3 AS _t3
    ON _t3.d_date_sk = catalog_sales.cs_sold_date_sk
  GROUP BY
    1
), _s7 AS (
  SELECT
    catalog_sales.cs_ext_sales_price,
    catalog_sales.cs_item_sk
  FROM tpcds.catalog_sales AS catalog_sales
  JOIN _t3 AS _t4
    ON _t4.d_date_sk = catalog_sales.cs_sold_date_sk
), _t0 AS (
  SELECT
    MAX(item.i_category) AS anything_i_category,
    MAX(item.i_class) AS anything_i_class,
    MAX(item.i_current_price) AS anything_i_current_price,
    MAX(item.i_item_desc) AS anything_i_item_desc,
    MAX(item.i_item_id) AS anything_i_item_id,
    SUM(_s7.cs_ext_sales_price) AS sum_cs_ext_sales_price
  FROM tpcds.item AS item
  LEFT JOIN _u_0 AS _u_0
    ON _u_0._u_1 = item.i_item_sk
  LEFT JOIN _s7 AS _s7
    ON _s7.cs_item_sk = item.i_item_sk
  WHERE
    NOT _u_0._u_1 IS NULL AND item.i_category IN ('Sports', 'Books', 'Home')
  GROUP BY
    item.i_item_sk
)
SELECT
  anything_i_item_id AS i_item_id,
  anything_i_item_desc AS i_item_desc,
  anything_i_category AS i_category,
  anything_i_class AS i_class,
  anything_i_current_price AS i_current_price,
  COALESCE(sum_cs_ext_sales_price, 0) AS itemrevenue,
  CAST((
    100 * COALESCE(sum_cs_ext_sales_price, 0)
  ) AS DOUBLE PRECISION) / SUM(COALESCE(sum_cs_ext_sales_price, 0)) OVER (PARTITION BY anything_i_class) AS revenueratio
FROM _t0
ORDER BY
  3 NULLS FIRST,
  4,
  1 NULLS FIRST,
  2,
  7 NULLS FIRST
LIMIT 100",10.019586503000028,20.12961393400019,"Limit  (cost=603683.19..603683.44 rows=100 width=203) (actual time=10035.218..10037.534 rows=100 loops=1)
  ->  Sort  (cost=603683.19..603687.70 rows=1801 width=203) (actual time=9692.762..9695.071 rows=100 loops=1)
        Sort Key: i.i_category, i.i_class, i.i_item_id, i.i_item_desc, ((((sum(cs.cs_ext_sales_price)) * '100'::numeric) / sum((sum(cs.cs_ext_sales_price))) OVER (?)))
        Sort Method: top-N heapsort  Memory: 67kB
        ->  WindowAgg  (cost=603573.84..603614.36 rows=1801 width=203) (actual time=9680.153..9691.077 rows=14107 loops=1)
              ->  Sort  (cost=603573.84..603578.34 rows=1801 width=171) (actual time=9680.007..9683.031 rows=14107 loops=1)
                    Sort Key: i.i_class
                    Sort Method: quicksort  Memory: 2811kB
                    ->  Finalize GroupAggregate  (cost=603232.05..603476.45 rows=1801 width=171) (actual time=9639.853..9672.570 rows=14107 loops=1)
                          Group Key: i.i_item_id, i.i_item_desc, i.i_category, i.i_class, i.i_current_price
                          ->  Gather Merge  (cost=603232.05..603427.69 rows=1500 width=171) (actual time=9639.839..9660.537 rows=14107 loops=1)
                                Workers Planned: 2
                                Workers Launched: 2
                                ->  Partial GroupAggregate  (cost=602232.03..602254.53 rows=750 width=171) (actual time=9620.877..9628.501 rows=4702 loops=3)
                                      Group Key: i.i_item_id, i.i_item_desc, i.i_category, i.i_class, i.i_current_price
                                      ->  Sort  (cost=602232.03..602233.90 rows=750 width=145) (actual time=9620.835..9621.624 rows=13570 loops=3)
                                            Sort Key: i.i_item_id, i.i_item_desc, i.i_category, i.i_class, i.i_current_price
                                            Sort Method: quicksort  Memory: 2623kB
                                            Worker 0:  Sort Method: quicksort  Memory: 3156kB
                                            Worker 1:  Sort Method: quicksort  Memory: 2352kB
                                            ->  Parallel Hash Join  (cost=596994.64..602196.21 rows=750 width=145) (actual time=9553.697..9579.809 rows=13570 loops=3)
                                                  Hash Cond: (i.i_item_sk = cs.cs_item_sk)
                                                  ->  Parallel Seq Scan on item i  (cost=0.00..5088.38 rows=12579 width=147) (actual time=0.067..20.650 rows=10145 loops=3)
                                                        Filter: ((i_category)::text = ANY ('{Sports,Books,Home}'::text[]))
                                                        Rows Removed by Filter: 23855
                                                  ->  Parallel Hash  (cost=596962.96..596962.96 rows=2535 width=14) (actual time=9553.436..9553.439 rows=45386 loops=3)
                                                        Buckets: 262144 (originally 8192)  Batches: 1 (originally 1)  Memory Usage: 10528kB
                                                        ->  Parallel Hash Join  (cost=2676.78..596962.96 rows=2535 width=14) (actual time=3637.516..9536.562 rows=45386 loops=3)
                                                              Hash Cond: (cs.cs_sold_date_sk = d.d_date_sk)
                                                              ->  Parallel Seq Scan on catalog_sales cs  (cost=0.00..571766.15 rows=6001415 width=22) (actual time=0.208..8904.681 rows=4800420 loops=3)
                                                              ->  Parallel Hash  (cost=2676.55..2676.55 rows=18 width=8) (actual time=2.392..2.393 rows=10 loops=3)
                                                                    Buckets: 1024  Batches: 1  Memory Usage: 40kB
                                                                    ->  Parallel Seq Scan on date_dim d  (cost=0.00..2676.55 rows=18 width=8) (actual time=3.447..7.158 rows=31 loops=1)
                                                                          Filter: ((d_date >= '1999-02-22'::date) AND (d_date <= '1999-03-24 00:00:00'::timestamp without time zone))
                                                                          Rows Removed by Filter: 73018
Planning Time: 0.233 ms
JIT:
  Functions: 93
  Options: Inlining true, Optimization true, Expressions true, Deforming true
  Timing: Generation 5.455 ms, Inlining 147.674 ms, Optimization 581.270 ms, Emission 363.414 ms, Total 1097.813 ms
Execution Time: 10039.744 ms","Limit  (cost=1455918.13..1455918.38 rows=100 width=200) (actual time=19941.907..19941.925 rows=100 loops=1)
  CTE _t3
    ->  Seq Scan on date_dim  (cost=0.00..3127.73 rows=31 width=12) (actual time=2.310..4.611 rows=31 loops=1)
          Filter: ((d_date <= '1999-03-24'::date) AND (d_date >= '1999-02-22'::date))
          Rows Removed by Filter: 73018
  ->  Sort  (cost=1452790.40..1452865.87 rows=30189 width=200) (actual time=19400.364..19400.374 rows=100 loops=1)
        Sort Key: _t0.anything_i_category NULLS FIRST, _t0.anything_i_class, _t0.anything_i_item_id NULLS FIRST, _t0.anything_i_item_desc, (((('100'::numeric * COALESCE(_t0.sum_cs_ext_sales_price, '0'::numeric)))::double precision / (sum(COALESCE(_t0.sum_cs_ext_sales_price, '0'::numeric)) OVER (?))::double precision)) NULLS FIRST
        Sort Method: top-N heapsort  Memory: 65kB
        ->  WindowAgg  (cost=1450806.40..1451636.59 rows=30189 width=200) (actual time=19385.626..19396.099 rows=14107 loops=1)
              ->  Sort  (cost=1450806.40..1450881.87 rows=30189 width=192) (actual time=19385.514..19386.187 rows=14107 loops=1)
                    Sort Key: _t0.anything_i_class
                    Sort Method: quicksort  Memory: 2804kB
                    ->  Subquery Scan on _t0  (cost=1443910.10..1445774.07 rows=30189 width=192) (actual time=19356.029..19379.980 rows=14107 loops=1)
                          ->  GroupAggregate  (cost=1443910.10..1445472.18 rows=30189 width=200) (actual time=19356.026..19378.989 rows=14107 loops=1)
                                Group Key: item.i_item_sk
                                ->  Sort  (cost=1443910.10..1444058.19 rows=59236 width=153) (actual time=19355.983..19360.497 rows=40709 loops=1)
                                      Sort Key: item.i_item_sk
                                      Sort Method: external merge  Disk: 6608kB
                                      ->  Hash Right Join  (cost=720832.98..1434555.91 rows=59236 width=153) (actual time=13473.421..19339.431 rows=40709 loops=1)
                                            Hash Cond: (catalog_sales.cs_item_sk = item.i_item_sk)
                                            ->  Hash Join  (cost=1.01..712222.88 rows=242316 width=14) (actual time=3867.432..9719.786 rows=136158 loops=1)
                                                  Hash Cond: (catalog_sales.cs_sold_date_sk = _t4.d_date_sk)
                                                  ->  Seq Scan on catalog_sales  (cost=0.00..655785.97 rows=14403397 width=22) (actual time=0.012..8807.797 rows=14401261 loops=1)
                                                  ->  Hash  (cost=0.62..0.62 rows=31 width=8) (actual time=0.028..0.029 rows=31 loops=1)
                                                        Buckets: 1024  Batches: 1  Memory Usage: 10kB
                                                        ->  CTE Scan on _t3 _t4  (cost=0.00..0.62 rows=31 width=8) (actual time=0.019..0.022 rows=31 loops=1)
                                            ->  Hash  (cost=720520.29..720520.29 rows=24935 width=147) (actual time=9600.738..9600.741 rows=14107 loops=1)
                                                  Buckets: 32768  Batches: 1  Memory Usage: 2794kB
                                                  ->  Hash Join  (cost=719112.53..720520.29 rows=24935 width=147) (actual time=9579.539..9597.528 rows=14107 loops=1)
                                                        Hash Cond: (catalog_sales_1.cs_item_sk = item.i_item_sk)
                                                        ->  HashAggregate  (cost=712828.67..713671.15 rows=84248 width=8) (actual time=9540.954..9548.620 rows=47342 loops=1)
                                                              Group Key: catalog_sales_1.cs_item_sk
                                                              Batches: 1  Memory Usage: 5137kB
                                                              ->  Hash Join  (cost=1.01..712222.88 rows=242316 width=8) (actual time=3632.847..9517.353 rows=136158 loops=1)
                                                                    Hash Cond: (catalog_sales_1.cs_sold_date_sk = _t3.d_date_sk)
                                                                    ->  Seq Scan on catalog_sales catalog_sales_1  (cost=0.00..655785.97 rows=14403397 width=16) (actual time=0.022..8675.826 rows=14401261 loops=1)
                                                                          Filter: (cs_item_sk IS NOT NULL)
                                                                    ->  Hash  (cost=0.62..0.62 rows=31 width=8) (actual time=4.629..4.630 rows=31 loops=1)
                                                                          Buckets: 1024  Batches: 1  Memory Usage: 10kB
                                                                          ->  CTE Scan on _t3  (cost=0.00..0.62 rows=31 width=8) (actual time=2.315..4.621 rows=31 loops=1)
                                                        ->  Hash  (cost=5906.50..5906.50 rows=30189 width=147) (actual time=38.560..38.561 rows=30436 loops=1)
                                                              Buckets: 32768  Batches: 1  Memory Usage: 5754kB
                                                              ->  Seq Scan on item  (cost=0.00..5906.50 rows=30189 width=147) (actual time=0.023..32.908 rows=30436 loops=1)
                                                                    Filter: ((i_category)::text = ANY ('{Sports,Books,Home}'::text[]))
                                                                    Rows Removed by Filter: 71564
Planning Time: 0.421 ms
JIT:
  Functions: 58
  Options: Inlining true, Optimization true, Expressions true, Deforming true
  Timing: Generation 2.857 ms, Inlining 15.231 ms, Optimization 314.836 ms, Emission 211.654 ms, Total 544.578 ms
Execution Time: 19946.039 ms",SUCCESS
37,38,TPCDS,Q21,"select * from (
    select
        w.w_warehouse_name,
        i.i_item_id,
        sum(
            case
                when d.d_date < date '2000-03-11'
                then inv.inv_quantity_on_hand
                else 0
            end
        ) as inv_before,
        sum(
            case
                when d.d_date >= date '2000-03-11'
                then inv.inv_quantity_on_hand
                else 0
            end
        ) as inv_after
    from tpcds.inventory inv
    join tpcds.warehouse w
      on inv.inv_warehouse_sk = w.w_warehouse_sk
    join tpcds.item i
      on inv.inv_item_sk = i.i_item_sk
    join tpcds.date_dim d
      on inv.inv_date_sk = d.d_date_sk
    where i.i_current_price between 0.99 and 1.49
      and d.d_date between date '2000-03-11' - interval '30 days'
                        and date '2000-03-11' + interval '30 days'
    group by
        w.w_warehouse_name,
        i.i_item_id
) x
where
    case
        when inv_before > 0
        then inv_after::numeric / inv_before
        else null
    end between 2.0/3.0 and 3.0/2.0
order by
    w_warehouse_name,
    i_item_id
limit 100;","result = inventory.WHERE(
    PRESENT(warehouse.name)
    & HAS(item)
    & MONOTONIC(0.99, item.current_price, 1.49)
    & MONOTONIC(DATETIME('2000-03-11', '-30 days'), snapshot_date.date, DATETIME('2000-03-11', '+30 days'))
).CALCULATE(
    w_warehouse_name=warehouse.name,
    i_item_id=item._id,
    inventory_date=snapshot_date.date
).PARTITION(
    name='warehouse_groups', by=(w_warehouse_name, i_item_id)
).CALCULATE(
    w_warehouse_name,
    i_item_id,
    inv_before=SUM(KEEP_IF(inventory.quantity_on_hand, inventory.inventory_date < DATETIME('2000-03-11'))),
    inv_after=SUM(KEEP_IF(inventory.quantity_on_hand, inventory.inventory_date > DATETIME('2000-03-11')))
).WHERE(
    MONOTONIC(2/3, IFF(inv_before > 0, inv_after/inv_before, None), 3/2)
).TOP_K(100, by=(w_warehouse_name, i_item_id))","WITH _t1 AS (
  SELECT
    item.i_item_id,
    warehouse.w_warehouse_name,
    SUM(
      CASE
        WHEN date_dim.d_date > CAST('2000-03-11' AS DATE)
        THEN inventory.inv_quantity_on_hand
        ELSE NULL
      END
    ) AS sum_expr,
    SUM(
      CASE
        WHEN date_dim.d_date < CAST('2000-03-11' AS DATE)
        THEN inventory.inv_quantity_on_hand
        ELSE NULL
      END
    ) AS sum_expr_3
  FROM tpcds.inventory AS inventory
  JOIN tpcds.warehouse AS warehouse
    ON NOT warehouse.w_warehouse_name IS NULL
    AND inventory.inv_warehouse_sk = warehouse.w_warehouse_sk
  JOIN tpcds.item AS item
    ON inventory.inv_item_sk = item.i_item_sk
    AND item.i_current_price <= 1.49
    AND item.i_current_price >= 0.99
  JOIN tpcds.date_dim AS date_dim
    ON date_dim.d_date <= CAST('2000-04-10' AS DATE)
    AND date_dim.d_date >= CAST('2000-02-10' AS DATE)
    AND date_dim.d_date_sk = inventory.inv_date_sk
  GROUP BY
    1,
    2
)
SELECT
  w_warehouse_name,
  i_item_id,
  sum_expr_3 AS inv_before,
  COALESCE(sum_expr, 0) AS inv_after
FROM _t1
WHERE
  CASE
    WHEN (
      NOT sum_expr_3 IS NULL AND sum_expr_3 > 0
    )
    THEN CAST(COALESCE(sum_expr, 0) AS DOUBLE PRECISION) / COALESCE(sum_expr_3, 0)
    ELSE NULL
  END <= 1.5
  AND CASE
    WHEN (
      NOT sum_expr_3 IS NULL AND sum_expr_3 > 0
    )
    THEN CAST(COALESCE(sum_expr, 0) AS DOUBLE PRECISION) / COALESCE(sum_expr_3, 0)
    ELSE NULL
  END >= 0.6666666666666666
ORDER BY
  1 NULLS FIRST,
  2 NULLS FIRST
LIMIT 100",19.583102241999768,19.98257398199985,"Limit  (cost=1747071.20..1747207.00 rows=100 width=151) (actual time=19625.827..19633.507 rows=100 loops=1)
  ->  Finalize GroupAggregate  (cost=1747071.20..1748131.80 rows=781 width=151) (actual time=19371.329..19379.002 rows=100 loops=1)
        Group Key: w.w_warehouse_name, i.i_item_id
        Filter: ((CASE WHEN (sum(CASE WHEN (d.d_date < '2000-03-11'::date) THEN inv.inv_quantity_on_hand ELSE 0 END) > 0) THEN ((sum(CASE WHEN (d.d_date >= '2000-03-11'::date) THEN inv.inv_quantity_on_hand ELSE 0 END))::numeric / (sum(CASE WHEN (d.d_date < '2000-03-11'::date) THEN inv.inv_quantity_on_hand ELSE 0 END))::numeric) ELSE NULL::numeric END >= 0.66666666666666666667) AND (CASE WHEN (sum(CASE WHEN (d.d_date < '2000-03-11'::date) THEN inv.inv_quantity_on_hand ELSE 0 END) > 0) THEN ((sum(CASE WHEN (d.d_date >= '2000-03-11'::date) THEN inv.inv_quantity_on_hand ELSE 0 END))::numeric / (sum(CASE WHEN (d.d_date < '2000-03-11'::date) THEN inv.inv_quantity_on_hand ELSE 0 END))::numeric) ELSE NULL::numeric END <= 1.5000000000000000))
        Rows Removed by Filter: 53
        ->  Gather Merge  (cost=1747071.20..1747827.39 rows=5854 width=151) (actual time=19371.308..19378.852 rows=460 loops=1)
              Workers Planned: 2
              Workers Launched: 2
              ->  Partial GroupAggregate  (cost=1746071.17..1746151.67 rows=2927 width=151) (actual time=19330.456..19331.248 rows=659 loops=3)
                    Group Key: w.w_warehouse_name, i.i_item_id
                    ->  Sort  (cost=1746071.17..1746078.49 rows=2927 width=143) (actual time=19330.421..19330.912 rows=1511 loops=3)
                          Sort Key: w.w_warehouse_name, i.i_item_id
                          Sort Method: external merge  Disk: 4296kB
                          Worker 0:  Sort Method: external merge  Disk: 6072kB
                          Worker 1:  Sort Method: external merge  Disk: 4144kB
                          ->  Hash Join  (cost=7864.88..1745902.65 rows=2927 width=143) (actual time=7995.900..18960.925 rows=96780 loops=3)
                                Hash Cond: (inv.inv_warehouse_sk = w.w_warehouse_sk)
                                ->  Parallel Hash Join  (cost=7852.62..1745850.15 rows=2927 width=33) (actual time=7780.258..18727.408 rows=96780 loops=3)
                                      Hash Cond: (inv.inv_item_sk = i.i_item_sk)
                                      ->  Parallel Hash Join  (cost=2676.99..1740491.48 rows=45557 width=24) (actual time=7765.205..18540.069 rows=1530000 loops=3)
                                            Hash Cond: (inv.inv_date_sk = d.d_date_sk)
                                            ->  Parallel Seq Scan on inventory inv  (cost=0.00..1529556.90 rows=55464490 width=28) (actual time=0.290..14837.698 rows=44370000 loops=3)
                                            ->  Parallel Hash  (cost=2676.55..2676.55 rows=35 width=12) (actual time=2.604..2.605 rows=20 loops=3)
                                                  Buckets: 1024  Batches: 1  Memory Usage: 40kB
                                                  ->  Parallel Seq Scan on date_dim d  (cost=0.00..2676.55 rows=35 width=12) (actual time=3.824..7.790 rows=61 loops=1)
                                                        Filter: ((d_date >= '2000-02-10 00:00:00'::timestamp without time zone) AND (d_date <= '2000-04-10 00:00:00'::timestamp without time zone))
                                                        Rows Removed by Filter: 72988
                                      ->  Parallel Hash  (cost=5141.50..5141.50 rows=2731 width=25) (actual time=14.865..14.865 rows=2155 loops=3)
                                            Buckets: 8192  Batches: 1  Memory Usage: 480kB
                                            ->  Parallel Seq Scan on item i  (cost=0.00..5141.50 rows=2731 width=25) (actual time=0.064..42.704 rows=6464 loops=1)
                                                  Filter: ((i_current_price >= 0.99) AND (i_current_price <= 1.49))
                                                  Rows Removed by Filter: 95536
                                ->  Hash  (cost=11.00..11.00 rows=100 width=126) (actual time=215.599..215.600 rows=10 loops=3)
                                      Buckets: 1024  Batches: 1  Memory Usage: 9kB
                                      ->  Seq Scan on warehouse w  (cost=0.00..11.00 rows=100 width=126) (actual time=215.583..215.586 rows=10 loops=3)
Planning Time: 0.321 ms
JIT:
  Functions: 113
  Options: Inlining true, Optimization true, Expressions true, Deforming true
  Timing: Generation 4.780 ms, Inlining 150.958 ms, Optimization 446.366 ms, Emission 304.119 ms, Total 906.222 ms
Execution Time: 19635.968 ms","Limit  (cost=1748169.46..1748169.71 rows=100 width=151) (actual time=19590.283..19597.691 rows=100 loops=1)
  ->  Sort  (cost=1748169.46..1748171.41 rows=781 width=151) (actual time=19313.737..19321.134 rows=100 loops=1)
        Sort Key: _t1.w_warehouse_name NULLS FIRST, _t1.i_item_id NULLS FIRST
        Sort Method: top-N heapsort  Memory: 38kB
        ->  Subquery Scan on _t1  (cost=1747071.20..1748139.61 rows=781 width=151) (actual time=19238.959..19316.611 rows=16926 loops=1)
              ->  Finalize GroupAggregate  (cost=1747071.20..1748131.80 rows=781 width=151) (actual time=19238.955..19315.281 rows=16926 loops=1)
                    Group Key: item.i_item_id, warehouse.w_warehouse_name
                    Filter: ((CASE WHEN ((sum(CASE WHEN (date_dim.d_date < '2000-03-11'::date) THEN inventory.inv_quantity_on_hand ELSE NULL::integer END) IS NOT NULL) AND (sum(CASE WHEN (date_dim.d_date < '2000-03-11'::date) THEN inventory.inv_quantity_on_hand ELSE NULL::integer END) > 0)) THEN ((COALESCE(sum(CASE WHEN (date_dim.d_date > '2000-03-11'::date) THEN inventory.inv_quantity_on_hand ELSE NULL::integer END), '0'::bigint))::double precision / (COALESCE(sum(CASE WHEN (date_dim.d_date < '2000-03-11'::date) THEN inventory.inv_quantity_on_hand ELSE NULL::integer END), '0'::bigint))::double precision) ELSE NULL::double precision END <= '1.5'::double precision) AND (CASE WHEN ((sum(CASE WHEN (date_dim.d_date < '2000-03-11'::date) THEN inventory.inv_quantity_on_hand ELSE NULL::integer END) IS NOT NULL) AND (sum(CASE WHEN (date_dim.d_date < '2000-03-11'::date) THEN inventory.inv_quantity_on_hand ELSE NULL::integer END) > 0)) THEN ((COALESCE(sum(CASE WHEN (date_dim.d_date > '2000-03-11'::date) THEN inventory.inv_quantity_on_hand ELSE NULL::integer END), '0'::bigint))::double precision / (COALESCE(sum(CASE WHEN (date_dim.d_date < '2000-03-11'::date) THEN inventory.inv_quantity_on_hand ELSE NULL::integer END), '0'::bigint))::double precision) ELSE NULL::double precision END >= '0.6666666666666666'::double precision))
                    Rows Removed by Filter: 12108
                    ->  Gather Merge  (cost=1747071.20..1747827.39 rows=5854 width=151) (actual time=19238.938..19298.953 rows=84477 loops=1)
                          Workers Planned: 2
                          Workers Launched: 2
                          ->  Partial GroupAggregate  (cost=1746071.17..1746151.67 rows=2927 width=151) (actual time=19184.810..19229.084 rows=28159 loops=3)
                                Group Key: item.i_item_id, warehouse.w_warehouse_name
                                ->  Sort  (cost=1746071.17..1746078.49 rows=2927 width=143) (actual time=19184.772..19207.304 rows=87102 loops=3)
                                      Sort Key: item.i_item_id, warehouse.w_warehouse_name
                                      Sort Method: external merge  Disk: 4432kB
                                      Worker 0:  Sort Method: external merge  Disk: 4984kB
                                      Worker 1:  Sort Method: external merge  Disk: 4024kB
                                      ->  Hash Join  (cost=7864.88..1745902.65 rows=2927 width=143) (actual time=7917.594..18900.012 rows=87102 loops=3)
                                            Hash Cond: (inventory.inv_warehouse_sk = warehouse.w_warehouse_sk)
                                            ->  Parallel Hash Join  (cost=7852.62..1745850.15 rows=2927 width=33) (actual time=7653.892..18619.944 rows=96780 loops=3)
                                                  Hash Cond: (inventory.inv_item_sk = item.i_item_sk)
                                                  ->  Parallel Hash Join  (cost=2676.99..1740491.48 rows=45557 width=24) (actual time=7643.509..18439.943 rows=1530000 loops=3)
                                                        Hash Cond: (inventory.inv_date_sk = date_dim.d_date_sk)
                                                        ->  Parallel Seq Scan on inventory  (cost=0.00..1529556.90 rows=55464490 width=28) (actual time=0.285..14775.901 rows=44370000 loops=3)
                                                        ->  Parallel Hash  (cost=2676.55..2676.55 rows=35 width=12) (actual time=1.591..1.591 rows=20 loops=3)
                                                              Buckets: 1024  Batches: 1  Memory Usage: 40kB
                                                              ->  Parallel Seq Scan on date_dim  (cost=0.00..2676.55 rows=35 width=12) (actual time=2.442..4.754 rows=61 loops=1)
                                                                    Filter: ((d_date <= '2000-04-10'::date) AND (d_date >= '2000-02-10'::date))
                                                                    Rows Removed by Filter: 72988
                                                  ->  Parallel Hash  (cost=5141.50..5141.50 rows=2731 width=25) (actual time=10.180..10.181 rows=2155 loops=3)
                                                        Buckets: 8192  Batches: 1  Memory Usage: 480kB
                                                        ->  Parallel Seq Scan on item  (cost=0.00..5141.50 rows=2731 width=25) (actual time=0.045..29.316 rows=6464 loops=1)
                                                              Filter: ((i_current_price <= 1.49) AND (i_current_price >= 0.99))
                                                              Rows Removed by Filter: 95536
                                            ->  Hash  (cost=11.00..11.00 rows=100 width=126) (actual time=263.657..263.658 rows=9 loops=3)
                                                  Buckets: 1024  Batches: 1  Memory Usage: 9kB
                                                  ->  Seq Scan on warehouse  (cost=0.00..11.00 rows=100 width=126) (actual time=263.643..263.647 rows=9 loops=3)
                                                        Filter: (w_warehouse_name IS NOT NULL)
                                                        Rows Removed by Filter: 1
Planning Time: 0.392 ms
JIT:
  Functions: 120
  Options: Inlining true, Optimization true, Expressions true, Deforming true
  Timing: Generation 6.082 ms, Inlining 177.092 ms, Optimization 523.852 ms, Emission 366.724 ms, Total 1073.750 ms
Execution Time: 19600.367 ms",SUCCESS
38,39,TPCDS,Q22,"SELECT
    i.i_product_name,
    i.i_brand,
    i.i_class,
    i.i_category,
    AVG(inv.inv_quantity_on_hand) AS qoh
FROM tpcds.inventory inv
JOIN tpcds.date_dim d
  ON inv.inv_date_sk = d.d_date_sk
JOIN tpcds.item i
  ON inv.inv_item_sk = i.i_item_sk
WHERE d.d_month_seq BETWEEN 1190 AND 1190 + 11
GROUP BY ( -- ROLLUP DELETED
    i.i_product_name,
    i.i_brand,
    i.i_class,
    i.i_category
)
ORDER BY
    qoh,
    i.i_product_name,
    i.i_brand,
    i.i_class,
    i.i_category
LIMIT 100;","result = inventory.WHERE(MONOTONIC(1190, snapshot_date.month_seq, (1190 + 11))).CALCULATE(
    i_product_name=item.product_name,
    i_brand=item.brand,
    i_class=item.item_class,
    i_category=item.category
).PARTITION(
    name='item', by=(i_product_name, i_brand, i_class, i_category)
).CALCULATE(
    i_product_name,
    i_brand, 
    i_class, 
    i_category,
    qoh=AVG(inventory.quantity_on_hand)
).TOP_K(100, by=(qoh.ASC(), i_product_name, i_brand, i_class, i_category))","WITH _s2 AS (
  SELECT
    inventory.inv_item_sk,
    COUNT(inventory.inv_quantity_on_hand) AS count_inv_quantity_on_hand,
    SUM(inventory.inv_quantity_on_hand) AS sum_inv_quantity_on_hand
  FROM tpcds.inventory AS inventory
  JOIN tpcds.date_dim AS date_dim
    ON date_dim.d_date_sk = inventory.inv_date_sk
    AND date_dim.d_month_seq <= 1201
    AND date_dim.d_month_seq >= 1190
  GROUP BY
    1
)
SELECT
  item.i_product_name,
  item.i_brand,
  item.i_class,
  item.i_category,
  CAST(SUM(_s2.sum_inv_quantity_on_hand) AS DOUBLE PRECISION) / SUM(_s2.count_inv_quantity_on_hand) AS qoh
FROM _s2 AS _s2
JOIN tpcds.item AS item
  ON _s2.inv_item_sk = item.i_item_sk
GROUP BY
  1,
  2,
  3,
  4
ORDER BY
  5 NULLS FIRST,
  1 NULLS FIRST,
  2 NULLS FIRST,
  3 NULLS FIRST,
  4 NULLS FIRST
LIMIT 100",79.34028621899961,22.282351228000152,"Limit  (cost=1822263.31..1822263.56 rows=100 width=83) (actual time=85186.983..85234.159 rows=100 loops=1)
  ->  Sort  (cost=1822263.31..1822517.68 rows=101748 width=83) (actual time=84916.302..84963.470 rows=100 loops=1)
        Sort Key: (avg(inv.inv_quantity_on_hand)), i.i_product_name, i.i_brand, i.i_class, i.i_category
        Sort Method: top-N heapsort  Memory: 46kB
        ->  Finalize GroupAggregate  (cost=1785816.30..1818374.58 rows=101748 width=83) (actual time=78455.027..84938.835 rows=67967 loops=1)
              Group Key: i.i_product_name, i.i_brand, i.i_class, i.i_category
              ->  Gather Merge  (cost=1785816.30..1814559.03 rows=203496 width=83) (actual time=78454.916..84846.821 rows=203901 loops=1)
                    Workers Planned: 2
                    Workers Launched: 2
                    ->  Partial GroupAggregate  (cost=1784816.27..1790070.52 rows=101748 width=83) (actual time=70095.670..75543.078 rows=67967 loops=3)
                          Group Key: i.i_product_name, i.i_brand, i.i_class, i.i_category
                          ->  Sort  (cost=1784816.27..1785522.40 rows=282451 width=55) (actual time=70095.551..73812.572 rows=8840000 loops=3)
                                Sort Key: i.i_product_name, i.i_brand, i.i_class, i.i_category
                                Sort Method: external merge  Disk: 490456kB
                                Worker 0:  Sort Method: external merge  Disk: 469360kB
                                Worker 1:  Sort Method: external merge  Disk: 821632kB
                                ->  Parallel Hash Join  (cost=8139.54..1749587.17 rows=282451 width=55) (actual time=4568.932..22922.877 rows=8840000 loops=3)
                                      Hash Cond: (inv.inv_item_sk = i.i_item_sk)
                                      ->  Parallel Hash Join  (cost=2679.29..1741890.85 rows=282451 width=12) (actual time=4260.991..20269.477 rows=8840000 loops=3)
                                            Hash Cond: (inv.inv_date_sk = d.d_date_sk)
                                            ->  Parallel Seq Scan on inventory inv  (cost=0.00..1529556.90 rows=55464490 width=20) (actual time=0.371..15873.968 rows=44370000 loops=3)
                                            ->  Parallel Hash  (cost=2676.55..2676.55 rows=219 width=8) (actual time=3.203..3.204 rows=122 loops=3)
                                                  Buckets: 1024  Batches: 1  Memory Usage: 104kB
                                                  ->  Parallel Seq Scan on date_dim d  (cost=0.00..2676.55 rows=219 width=8) (actual time=1.555..3.104 rows=122 loops=3)
                                                        Filter: ((d_month_seq >= 1190) AND (d_month_seq <= 1201))
                                                        Rows Removed by Filter: 24228
                                      ->  Parallel Hash  (cost=4929.00..4929.00 rows=42500 width=59) (actual time=307.251..307.252 rows=34000 loops=3)
                                            Buckets: 131072  Batches: 1  Memory Usage: 10784kB
                                            ->  Parallel Seq Scan on item i  (cost=0.00..4929.00 rows=42500 width=59) (actual time=192.430..207.064 rows=34000 loops=3)
Planning Time: 0.187 ms
JIT:
  Functions: 79
  Options: Inlining true, Optimization true, Expressions true, Deforming true
  Timing: Generation 4.760 ms, Inlining 146.317 ms, Optimization 419.590 ms, Emission 282.281 ms, Total 852.949 ms
Execution Time: 85262.122 ms","Limit  (cost=1827498.53..1827498.78 rows=100 width=59) (actual time=22746.621..22746.952 rows=100 loops=1)
  ->  Sort  (cost=1827498.53..1827709.47 rows=84374 width=59) (actual time=22464.310..22464.635 rows=100 loops=1)
        Sort Key: (((sum(_s2.sum_inv_quantity_on_hand))::double precision / (sum(_s2.count_inv_quantity_on_hand))::double precision)) NULLS FIRST, item.i_product_name NULLS FIRST, item.i_brand NULLS FIRST, item.i_class NULLS FIRST, item.i_category NULLS FIRST
        Sort Method: top-N heapsort  Memory: 43kB
        ->  GroupAggregate  (cost=1820898.86..1824273.82 rows=84374 width=59) (actual time=22380.410..22452.748 rows=67967 loops=1)
              Group Key: item.i_product_name, item.i_brand, item.i_class, item.i_category
              ->  Sort  (cost=1820898.86..1821109.80 rows=84374 width=67) (actual time=22380.364..22405.180 rows=68000 loops=1)
                    Sort Key: item.i_product_name NULLS FIRST, item.i_brand NULLS FIRST, item.i_class NULLS FIRST, item.i_category NULLS FIRST
                    Sort Method: external merge  Disk: 5528kB
                    ->  Hash Join  (cost=1781188.48..1810533.66 rows=84374 width=67) (actual time=20435.745..22201.254 rows=68000 loops=1)
                          Hash Cond: (_s2.inv_item_sk = item.i_item_sk)
                          ->  Subquery Scan on _s2  (cost=1773293.48..1799392.52 rows=84374 width=24) (actual time=20384.575..22111.285 rows=68000 loops=1)
                                ->  Finalize GroupAggregate  (cost=1773293.48..1798548.78 rows=84374 width=24) (actual time=20384.572..22104.253 rows=68000 loops=1)
                                      Group Key: inventory.inv_item_sk
                                      ->  Gather Merge  (cost=1773293.48..1796439.43 rows=168748 width=24) (actual time=20384.508..22069.397 rows=204000 loops=1)
                                            Workers Planned: 2
                                            Workers Launched: 2
                                            ->  Partial GroupAggregate  (cost=1772293.45..1775961.70 rows=84374 width=24) (actual time=20070.826..21700.675 rows=68000 loops=3)
                                                  Group Key: inventory.inv_item_sk
                                                  ->  Sort  (cost=1772293.45..1772999.58 rows=282451 width=12) (actual time=20070.764..21012.760 rows=8840000 loops=3)
                                                        Sort Key: inventory.inv_item_sk
                                                        Sort Method: external merge  Disk: 159616kB
                                                        Worker 0:  Sort Method: external merge  Disk: 159608kB
                                                        Worker 1:  Sort Method: external merge  Disk: 246640kB
                                                        ->  Parallel Hash Join  (cost=2679.29..1741890.85 rows=282451 width=12) (actual time=4263.859..17491.038 rows=8840000 loops=3)
                                                              Hash Cond: (inventory.inv_date_sk = date_dim.d_date_sk)
                                                              ->  Parallel Seq Scan on inventory  (cost=0.00..1529556.90 rows=55464490 width=20) (actual time=0.314..12992.784 rows=44370000 loops=3)
                                                              ->  Parallel Hash  (cost=2676.55..2676.55 rows=219 width=8) (actual time=1.675..1.676 rows=122 loops=3)
                                                                    Buckets: 1024  Batches: 1  Memory Usage: 40kB
                                                                    ->  Parallel Seq Scan on date_dim  (cost=0.00..2676.55 rows=219 width=8) (actual time=2.588..4.912 rows=366 loops=1)
                                                                          Filter: ((d_month_seq <= 1201) AND (d_month_seq >= 1190))
                                                                          Rows Removed by Filter: 72683
                          ->  Hash  (cost=5524.00..5524.00 rows=102000 width=59) (actual time=50.996..50.996 rows=102000 loops=1)
                                Buckets: 131072  Batches: 2  Memory Usage: 5855kB
                                ->  Seq Scan on item  (cost=0.00..5524.00 rows=102000 width=59) (actual time=0.021..30.692 rows=102000 loops=1)
Planning Time: 0.239 ms
JIT:
  Functions: 69
  Options: Inlining true, Optimization true, Expressions true, Deforming true
  Timing: Generation 7.290 ms, Inlining 161.130 ms, Optimization 297.653 ms, Emission 186.397 ms, Total 652.471 ms
Execution Time: 22773.364 ms",SUCCESS
39,40,TPCDS,Q26,"SELECT
       i.i_item_id,
       AVG(cs.cs_quantity)      AS agg1,
       AVG(cs.cs_list_price)    AS agg2,
       AVG(cs.cs_coupon_amt)    AS agg3,
       AVG(cs.cs_sales_price)   AS agg4
FROM tpcds.catalog_sales cs
JOIN tpcds.date_dim d
  ON cs.cs_sold_date_sk = d.d_date_sk
JOIN tpcds.item i
  ON cs.cs_item_sk = i.i_item_sk
JOIN tpcds.customer_demographics cd
  ON cs.cs_bill_cdemo_sk = cd.cd_demo_sk
JOIN tpcds.promotion p
  ON cs.cs_promo_sk = p.p_promo_sk
WHERE d.d_year = 2000                     -- YEAR.01
  AND cd.cd_gender = 'M'                  -- GEN.01
  AND cd.cd_marital_status = 'S'          -- MS.01
  AND cd.cd_education_status = 'College'  -- ES.01
  AND p.p_channel_email = 'N'
  AND p.p_channel_event = 'N'
GROUP BY i.i_item_id
ORDER BY i.i_item_id
LIMIT 100;","result = catalog_sales.WHERE(
    (sold_date.year == 2000)
    & (bill_customer_demographics.gender == 'M')
    & (bill_customer_demographics.marital_status == 'S')
    & (bill_customer_demographics.education_status == 'College')
    & (promotion.channel_email == 'N')
    & (promotion.channel_event == 'N')
).CALCULATE(i_item_id=item._id).PARTITION(
    name='item_id', by=i_item_id
).CALCULATE(
    i_item_id,
    agg1=AVG(catalog_sales.quantity),
    agg2=AVG(catalog_sales.list_price),
    agg3=AVG(catalog_sales.coupon_amount),
    agg4=AVG(catalog_sales.sales_price)
).TOP_K(100, by=i_item_id)","WITH _s6 AS (
  SELECT
    catalog_sales.cs_item_sk,
    COUNT(catalog_sales.cs_coupon_amt) AS count_cs_coupon_amt,
    COUNT(catalog_sales.cs_list_price) AS count_cs_list_price,
    COUNT(catalog_sales.cs_quantity) AS count_cs_quantity,
    COUNT(catalog_sales.cs_sales_price) AS count_cs_sales_price,
    SUM(catalog_sales.cs_coupon_amt) AS sum_cs_coupon_amt,
    SUM(catalog_sales.cs_list_price) AS sum_cs_list_price,
    SUM(catalog_sales.cs_quantity) AS sum_cs_quantity,
    SUM(catalog_sales.cs_sales_price) AS sum_cs_sales_price
  FROM tpcds.catalog_sales AS catalog_sales
  JOIN tpcds.date_dim AS date_dim
    ON catalog_sales.cs_sold_date_sk = date_dim.d_date_sk AND date_dim.d_year = 2000
  JOIN tpcds.customer_demographics AS customer_demographics
    ON catalog_sales.cs_bill_cdemo_sk = customer_demographics.cd_demo_sk
    AND customer_demographics.cd_education_status = 'College'
    AND customer_demographics.cd_gender = 'M'
    AND customer_demographics.cd_marital_status = 'S'
  JOIN tpcds.promotion AS promotion
    ON catalog_sales.cs_promo_sk = promotion.p_promo_sk
    AND promotion.p_channel_email = 'N'
    AND promotion.p_channel_event = 'N'
  GROUP BY
    1
)
SELECT
  item.i_item_id,
  CAST(_s6.sum_cs_quantity AS DOUBLE PRECISION) / _s6.count_cs_quantity AS agg1,
  CAST(_s6.sum_cs_list_price AS DOUBLE PRECISION) / _s6.count_cs_list_price AS agg2,
  CAST(_s6.sum_cs_coupon_amt AS DOUBLE PRECISION) / _s6.count_cs_coupon_amt AS agg3,
  CAST(_s6.sum_cs_sales_price AS DOUBLE PRECISION) / _s6.count_cs_sales_price AS agg4
FROM _s6 AS _s6
JOIN tpcds.item AS item
  ON _s6.cs_item_sk = item.i_item_sk
ORDER BY
  1 NULLS FIRST
LIMIT 100",11.03094978900026,10.747943512999882,"Limit  (cost=50010.92..265673.69 rows=100 width=145) (actual time=10237.752..11902.473 rows=100 loops=1)
  ->  GroupAggregate  (cost=50010.92..2137626.58 rows=968 width=145) (actual time=10221.815..11886.520 rows=100 loops=1)
        Group Key: i.i_item_id
        ->  Nested Loop  (cost=50010.92..2137595.12 rows=968 width=40) (actual time=6748.416..11886.137 rows=142 loops=1)
              Join Filter: (cs.cs_item_sk = i.i_item_sk)
              Rows Removed by Join Filter: 18299697
              ->  Gather Merge  (cost=9196.25..21075.83 rows=102000 width=25) (actual time=184.275..192.310 rows=470 loops=1)
                    Workers Planned: 2
                    Workers Launched: 2
                    ->  Sort  (cost=8196.22..8302.47 rows=42500 width=25) (actual time=117.623..117.699 rows=860 loops=3)
                          Sort Key: i.i_item_id
                          Sort Method: external merge  Disk: 2168kB
                          Worker 0:  Sort Method: quicksort  Memory: 1893kB
                          Worker 1:  Sort Method: quicksort  Memory: 2353kB
                          ->  Parallel Seq Scan on item i  (cost=0.00..4929.00 rows=42500 width=25) (actual time=1.593..14.343 rows=34000 loops=3)
              ->  Materialize  (cost=40814.67..635481.71 rows=968 width=31) (actual time=12.158..22.740 rows=38936 loops=470)
                    ->  Gather  (cost=40814.67..635476.87 rows=968 width=31) (actual time=5714.260..10010.223 rows=39015 loops=1)
                          Workers Planned: 2
                          Workers Launched: 2
                          ->  Hash Join  (cost=39814.67..634380.07 rows=403 width=31) (actual time=5697.589..9999.161 rows=13005 loops=3)
                                Hash Cond: (cs.cs_promo_sk = p.p_promo_sk)
                                ->  Parallel Hash Join  (cost=39790.08..634349.88 rows=416 width=39) (actual time=5687.089..9984.911 rows=13324 loops=3)
                                      Hash Cond: (cs.cs_bill_cdemo_sk = cd.cd_demo_sk)
                                      ->  Parallel Hash Join  (cost=2571.80..597018.25 rows=29764 width=47) (actual time=3972.254..9424.657 rows=955783 loops=3)
                                            Hash Cond: (cs.cs_sold_date_sk = d.d_date_sk)
                                            ->  Parallel Seq Scan on catalog_sales cs  (cost=0.00..571766.15 rows=6001415 width=55) (actual time=0.181..8757.724 rows=4800420 loops=3)
                                            ->  Parallel Hash  (cost=2569.12..2569.12 rows=214 width=8) (actual time=3.568..3.569 rows=122 loops=3)
                                                  Buckets: 1024  Batches: 1  Memory Usage: 104kB
                                                  ->  Parallel Seq Scan on date_dim d  (cost=0.00..2569.12 rows=214 width=8) (actual time=1.852..3.478 rows=122 loops=3)
                                                        Filter: (d_year = 2000)
                                                        Rows Removed by Filter: 24228
                                      ->  Parallel Hash  (cost=37077.83..37077.83 rows=11236 width=8) (actual time=466.397..466.398 rows=9147 loops=3)
                                            Buckets: 32768  Batches: 1  Memory Usage: 1376kB
                                            ->  Parallel Seq Scan on customer_demographics cd  (cost=0.00..37077.83 rows=11236 width=8) (actual time=0.482..462.930 rows=9147 loops=3)
                                                  Filter: (((cd_gender)::text = 'M'::text) AND ((cd_marital_status)::text = 'S'::text) AND ((cd_education_status)::text = 'College'::text))
                                                  Rows Removed by Filter: 631120
                                ->  Hash  (cost=18.50..18.50 rows=487 width=8) (actual time=10.367..10.367 rows=489 loops=3)
                                      Buckets: 1024  Batches: 1  Memory Usage: 28kB
                                      ->  Seq Scan on promotion p  (cost=0.00..18.50 rows=487 width=8) (actual time=10.170..10.304 rows=489 loops=3)
                                            Filter: (((p_channel_email)::text = 'N'::text) AND ((p_channel_event)::text = 'N'::text))
                                            Rows Removed by Filter: 11
Planning Time: 0.340 ms
JIT:
  Functions: 104
  Options: Inlining false, Optimization false, Expressions true, Deforming true
  Timing: Generation 5.404 ms, Inlining 0.000 ms, Optimization 2.561 ms, Emission 48.950 ms, Total 56.915 ms
Execution Time: 11904.956 ms","Limit  (cost=641430.99..641431.24 rows=100 width=49) (actual time=10414.716..10415.337 rows=100 loops=1)
  ->  Sort  (cost=641430.99..641433.41 rows=968 width=49) (actual time=10087.692..10088.307 rows=100 loops=1)
        Sort Key: item.i_item_id NULLS FIRST
        Sort Method: top-N heapsort  Memory: 48kB
        ->  Hash Join  (cost=635573.19..641393.99 rows=968 width=49) (actual time=10033.626..10078.801 rows=27461 loops=1)
              Hash Cond: (item.i_item_sk = _s6.cs_item_sk)
              ->  Seq Scan on item  (cost=0.00..5524.00 rows=102000 width=25) (actual time=0.013..10.391 rows=102000 loops=1)
              ->  Hash  (cost=635561.09..635561.09 rows=968 width=168) (actual time=10033.578..10034.188 rows=27461 loops=1)
                    Buckets: 32768 (originally 1024)  Batches: 1 (originally 1)  Memory Usage: 3046kB
                    ->  Subquery Scan on _s6  (cost=635397.53..635561.09 rows=968 width=168) (actual time=9992.720..10028.513 rows=27461 loops=1)
                          ->  GroupAggregate  (cost=635397.53..635551.41 rows=968 width=168) (actual time=9992.717..10026.490 rows=27461 loops=1)
                                Group Key: catalog_sales.cs_item_sk
                                ->  Gather Merge  (cost=635397.53..635510.27 rows=968 width=31) (actual time=9992.673..9999.671 rows=39015 loops=1)
                                      Workers Planned: 2
                                      Workers Launched: 2
                                      ->  Sort  (cost=634397.51..634398.51 rows=403 width=31) (actual time=9977.698..9979.280 rows=13005 loops=3)
                                            Sort Key: catalog_sales.cs_item_sk
                                            Sort Method: quicksort  Memory: 1179kB
                                            Worker 0:  Sort Method: quicksort  Memory: 1187kB
                                            Worker 1:  Sort Method: quicksort  Memory: 1222kB
                                            ->  Hash Join  (cost=39814.67..634380.07 rows=403 width=31) (actual time=5661.979..9973.306 rows=13005 loops=3)
                                                  Hash Cond: (catalog_sales.cs_promo_sk = promotion.p_promo_sk)
                                                  ->  Parallel Hash Join  (cost=39790.08..634349.88 rows=416 width=39) (actual time=5454.896..9762.816 rows=13324 loops=3)
                                                        Hash Cond: (catalog_sales.cs_bill_cdemo_sk = customer_demographics.cd_demo_sk)
                                                        ->  Parallel Hash Join  (cost=2571.80..597018.25 rows=29764 width=47) (actual time=4017.331..9476.649 rows=955783 loops=3)
                                                              Hash Cond: (catalog_sales.cs_sold_date_sk = date_dim.d_date_sk)
                                                              ->  Parallel Seq Scan on catalog_sales  (cost=0.00..571766.15 rows=6001415 width=55) (actual time=0.198..8942.016 rows=4800420 loops=3)
                                                              ->  Parallel Hash  (cost=2569.12..2569.12 rows=214 width=8) (actual time=3.223..3.223 rows=122 loops=3)
                                                                    Buckets: 1024  Batches: 1  Memory Usage: 104kB
                                                                    ->  Parallel Seq Scan on date_dim  (cost=0.00..2569.12 rows=214 width=8) (actual time=1.588..3.141 rows=122 loops=3)
                                                                          Filter: (d_year = 2000)
                                                                          Rows Removed by Filter: 24228
                                                        ->  Parallel Hash  (cost=37077.83..37077.83 rows=11236 width=8) (actual time=190.683..190.684 rows=9147 loops=3)
                                                              Buckets: 32768  Batches: 1  Memory Usage: 1408kB
                                                              ->  Parallel Seq Scan on customer_demographics  (cost=0.00..37077.83 rows=11236 width=8) (actual time=0.583..186.928 rows=9147 loops=3)
                                                                    Filter: (((cd_education_status)::text = 'College'::text) AND ((cd_gender)::text = 'M'::text) AND ((cd_marital_status)::text = 'S'::text))
                                                                    Rows Removed by Filter: 631120
                                                  ->  Hash  (cost=18.50..18.50 rows=487 width=8) (actual time=207.014..207.014 rows=489 loops=3)
                                                        Buckets: 1024  Batches: 1  Memory Usage: 28kB
                                                        ->  Seq Scan on promotion  (cost=0.00..18.50 rows=487 width=8) (actual time=206.829..206.949 rows=489 loops=3)
                                                              Filter: (((p_channel_email)::text = 'N'::text) AND ((p_channel_event)::text = 'N'::text))
                                                              Rows Removed by Filter: 11
Planning Time: 0.354 ms
JIT:
  Functions: 104
  Options: Inlining true, Optimization true, Expressions true, Deforming true
  Timing: Generation 6.328 ms, Inlining 144.070 ms, Optimization 498.843 ms, Emission 304.859 ms, Total 954.101 ms
Execution Time: 10417.750 ms",SUCCESS
40,41,TPCDS,Q27,"SELECT
       i.i_item_id,
       s.s_state,
       GROUPING(s.s_state) AS g_state,
       AVG(ss.ss_quantity)     AS agg1,
       AVG(ss.ss_list_price)   AS agg2,
       AVG(ss.ss_coupon_amt)   AS agg3,
       AVG(ss.ss_sales_price)  AS agg4
FROM tpcds.store_sales ss
JOIN tpcds.date_dim d
  ON ss.ss_sold_date_sk = d.d_date_sk
JOIN tpcds.item i
  ON ss.ss_item_sk = i.i_item_sk
JOIN tpcds.store s
  ON ss.ss_store_sk = s.s_store_sk
JOIN tpcds.customer_demographics cd
  ON ss.ss_cdemo_sk = cd.cd_demo_sk
WHERE d.d_year = 2002                 
  AND cd.cd_gender = 'M'               
  AND cd.cd_marital_status = 'S'       
  AND cd.cd_education_status = 'College' 
  AND s.s_state IN (                   
        'TN','TN','TN','TN','TN','TN'
      )
GROUP BY (i.i_item_id, s.s_state)
ORDER BY i.i_item_id,
         s.s_state
LIMIT 100;","result = store_sales.WHERE(
    (sold_date.year == 2002)
    & (customer_demographics.gender == 'M')
    & (customer_demographics.marital_status == 'S')
    & (customer_demographics.education_status == 'College')
    & (store.state == 'TN')
).CALCULATE(
    i_item_id=item._id,
    s_state=store.state
).PARTITION(
    name='item_state', by=(i_item_id, s_state)
).CALCULATE(
    i_item_id,
    s_state,
    g_state=0,
    agg1=AVG(store_sales.quantity),
    agg2=AVG(store_sales.list_price),
    agg3=AVG(store_sales.coupon_amount),
    agg4=AVG(store_sales.sales_price)
).TOP_K(100, by=(i_item_id, s_state))","WITH _s6 AS (
  SELECT
    store.s_state,
    store_sales.ss_item_sk,
    COUNT(store_sales.ss_coupon_amt) AS count_ss_coupon_amt,
    COUNT(store_sales.ss_list_price) AS count_ss_list_price,
    COUNT(store_sales.ss_quantity) AS count_ss_quantity,
    COUNT(store_sales.ss_sales_price) AS count_ss_sales_price,
    SUM(store_sales.ss_coupon_amt) AS sum_ss_coupon_amt,
    SUM(store_sales.ss_list_price) AS sum_ss_list_price,
    SUM(store_sales.ss_quantity) AS sum_ss_quantity,
    SUM(store_sales.ss_sales_price) AS sum_ss_sales_price
  FROM tpcds.store_sales AS store_sales
  JOIN tpcds.date_dim AS date_dim
    ON date_dim.d_date_sk = store_sales.ss_sold_date_sk AND date_dim.d_year = 2002
  JOIN tpcds.customer_demographics AS customer_demographics
    ON customer_demographics.cd_demo_sk = store_sales.ss_cdemo_sk
    AND customer_demographics.cd_education_status = 'College'
    AND customer_demographics.cd_gender = 'M'
    AND customer_demographics.cd_marital_status = 'S'
  JOIN tpcds.store AS store
    ON store.s_state = 'TN' AND store.s_store_sk = store_sales.ss_store_sk
  GROUP BY
    1,
    2
)
SELECT
  item.i_item_id,
  _s6.s_state,
  0 AS g_state,
  CAST(SUM(_s6.sum_ss_quantity) AS DOUBLE PRECISION) / SUM(_s6.count_ss_quantity) AS agg1,
  CAST(SUM(_s6.sum_ss_list_price) AS DOUBLE PRECISION) / SUM(_s6.count_ss_list_price) AS agg2,
  CAST(SUM(_s6.sum_ss_coupon_amt) AS DOUBLE PRECISION) / SUM(_s6.count_ss_coupon_amt) AS agg3,
  CAST(SUM(_s6.sum_ss_sales_price) AS DOUBLE PRECISION) / SUM(_s6.count_ss_sales_price) AS agg4
FROM _s6 AS _s6
JOIN tpcds.item AS item
  ON _s6.ss_item_sk = item.i_item_sk
GROUP BY
  1,
  2
ORDER BY
  1 NULLS FIRST,
  2 NULLS FIRST
LIMIT 100",14.414232371999788,14.517895015999784,"Limit  (cost=52068.59..260167.65 rows=100 width=152) (actual time=14096.852..15134.209 rows=100 loops=1)
  ->  GroupAggregate  (cost=52068.59..3283847.01 rows=1553 width=152) (actual time=14075.796..15113.144 rows=100 loops=1)
        Group Key: i.i_item_id, s.s_state
        ->  Incremental Sort  (cost=52068.59..3283788.77 rows=1553 width=43) (actual time=14075.751..15112.900 rows=126 loops=1)
              Sort Key: i.i_item_id, s.s_state
              Presorted Key: i.i_item_id
              Full-sort Groups: 4  Sort Method: quicksort  Average Memory: 27kB  Peak Memory: 27kB
              ->  Nested Loop  (cost=49986.33..3283718.89 rows=1553 width=43) (actual time=13749.293..15112.781 rows=129 loops=1)
                    Join Filter: (ss.ss_item_sk = i.i_item_sk)
                    Rows Removed by Join Filter: 14753640
                    ->  Gather Merge  (cost=9196.25..21075.83 rows=102000 width=25) (actual time=137.768..144.431 rows=590 loops=1)
                          Workers Planned: 2
                          Workers Launched: 2
                          ->  Sort  (cost=8196.22..8302.47 rows=42500 width=25) (actual time=120.229..120.314 rows=881 loops=3)
                                Sort Key: i.i_item_id
                                Sort Method: external merge  Disk: 2168kB
                                Worker 0:  Sort Method: quicksort  Memory: 2136kB
                                Worker 1:  Sort Method: quicksort  Memory: 2112kB
                                ->  Parallel Seq Scan on item i  (cost=0.00..4929.00 rows=42500 width=25) (actual time=2.113..10.221 rows=34000 loops=3)
                    ->  Materialize  (cost=40790.08..886556.94 rows=1553 width=34) (actual time=0.835..23.974 rows=25006 loops=590)
                          ->  Nested Loop  (cost=40790.08..886549.18 rows=1553 width=34) (actual time=492.533..13594.305 rows=25041 loops=1)
                                Join Filter: (ss.ss_store_sk = s.s_store_sk)
                                Rows Removed by Join Filter: 2327921
                                ->  Gather  (cost=40790.08..884056.82 rows=1841 width=39) (actual time=489.581..13324.368 rows=75902 loops=1)
                                      Workers Planned: 2
                                      Workers Launched: 2
                                      ->  Parallel Hash Join  (cost=39790.08..882872.72 rows=767 width=39) (actual time=472.158..13484.359 rows=25301 loops=3)
                                            Hash Cond: (ss.ss_cdemo_sk = cd.cd_demo_sk)
                                            ->  Parallel Hash Join  (cost=2571.80..845436.82 rows=57176 width=47) (actual time=4.438..12825.925 rows=1834706 loops=3)
                                                  Hash Cond: (ss.ss_sold_date_sk = d.d_date_sk)
                                                  ->  Parallel Seq Scan on store_sales ss  (cost=0.00..797530.82 rows=11999482 width=55) (actual time=0.297..11531.028 rows=9600330 loops=3)
                                                  ->  Parallel Hash  (cost=2569.12..2569.12 rows=214 width=8) (actual time=3.877..3.878 rows=122 loops=3)
                                                        Buckets: 1024  Batches: 1  Memory Usage: 104kB
                                                        ->  Parallel Seq Scan on date_dim d  (cost=0.00..2569.12 rows=214 width=8) (actual time=1.943..3.753 rows=122 loops=3)
                                                              Filter: (d_year = 2002)
                                                              Rows Removed by Filter: 24228
                                            ->  Parallel Hash  (cost=37077.83..37077.83 rows=11236 width=8) (actual time=464.256..464.257 rows=9147 loops=3)
                                                  Buckets: 32768  Batches: 1  Memory Usage: 1376kB
                                                  ->  Parallel Seq Scan on customer_demographics cd  (cost=0.00..37077.83 rows=11236 width=8) (actual time=8.809..461.170 rows=9147 loops=3)
                                                        Filter: (((cd_gender)::text = 'M'::text) AND ((cd_marital_status)::text = 'S'::text) AND ((cd_education_status)::text = 'College'::text))
                                                        Rows Removed by Filter: 631120
                                ->  Materialize  (cost=0.00..7.24 rows=90 width=11) (actual time=0.000..0.002 rows=31 loops=75902)
                                      ->  Seq Scan on store s  (cost=0.00..6.79 rows=90 width=11) (actual time=0.023..0.086 rows=31 loops=1)
                                            Filter: ((s_state)::text = ANY ('{TN,TN,TN,TN,TN,TN}'::text[]))
                                            Rows Removed by Filter: 71
Planning Time: 0.404 ms
JIT:
  Functions: 87
  Options: Inlining false, Optimization false, Expressions true, Deforming true
  Timing: Generation 5.203 ms, Inlining 0.000 ms, Optimization 2.842 ms, Emission 50.175 ms, Total 58.220 ms
Execution Time: 15137.042 ms","Limit  (cost=890814.20..890822.95 rows=100 width=56) (actual time=14121.974..14122.849 rows=100 loops=1)
  ->  GroupAggregate  (cost=890814.20..890861.02 rows=535 width=56) (actual time=13687.681..13688.549 rows=100 loops=1)
        Group Key: item.i_item_id, store.s_state
        ->  Sort  (cost=890814.20..890815.54 rows=535 width=180) (actual time=13687.631..13688.291 rows=101 loops=1)
              Sort Key: item.i_item_id NULLS FIRST, store.s_state NULLS FIRST
              Sort Method: quicksort  Memory: 2885kB
              ->  Hash Join  (cost=890692.21..890789.96 rows=535 width=180) (actual time=13597.920..13631.969 rows=19773 loops=1)
                    Hash Cond: (store_sales.ss_item_sk = item.i_item_sk)
                    ->  GroupAggregate  (cost=883893.21..883978.25 rows=535 width=171) (actual time=13566.466..13593.054 rows=19773 loops=1)
                          Group Key: store_sales.ss_item_sk
                          ->  Gather Merge  (cost=883893.21..883955.52 rows=535 width=34) (actual time=13566.419..13571.956 rows=25041 loops=1)
                                Workers Planned: 2
                                Workers Launched: 2
                                ->  Sort  (cost=882893.18..882893.74 rows=223 width=34) (actual time=13551.585..13552.723 rows=8347 loops=3)
                                      Sort Key: store_sales.ss_item_sk
                                      Sort Method: quicksort  Memory: 925kB
                                      Worker 0:  Sort Method: quicksort  Memory: 908kB
                                      Worker 1:  Sort Method: quicksort  Memory: 918kB
                                      ->  Hash Join  (cost=39796.75..882884.48 rows=223 width=34) (actual time=449.030..13548.404 rows=8347 loops=3)
                                            Hash Cond: (store_sales.ss_store_sk = store.s_store_sk)
                                            ->  Parallel Hash Join  (cost=39790.08..882872.72 rows=767 width=39) (actual time=164.941..13263.687 rows=25301 loops=3)
                                                  Hash Cond: (store_sales.ss_cdemo_sk = customer_demographics.cd_demo_sk)
                                                  ->  Parallel Hash Join  (cost=2571.80..845436.82 rows=57176 width=47) (actual time=3.044..12920.981 rows=1834706 loops=3)
                                                        Hash Cond: (store_sales.ss_sold_date_sk = date_dim.d_date_sk)
                                                        ->  Parallel Seq Scan on store_sales  (cost=0.00..797530.82 rows=11999482 width=55) (actual time=0.318..11831.881 rows=9600330 loops=3)
                                                        ->  Parallel Hash  (cost=2569.12..2569.12 rows=214 width=8) (actual time=2.574..2.575 rows=122 loops=3)
                                                              Buckets: 1024  Batches: 1  Memory Usage: 72kB
                                                              ->  Parallel Seq Scan on date_dim  (cost=0.00..2569.12 rows=214 width=8) (actual time=2.033..3.806 rows=182 loops=2)
                                                                    Filter: (d_year = 2002)
                                                                    Rows Removed by Filter: 36342
                                                  ->  Parallel Hash  (cost=37077.83..37077.83 rows=11236 width=8) (actual time=157.778..157.778 rows=9147 loops=3)
                                                        Buckets: 32768  Batches: 1  Memory Usage: 1376kB
                                                        ->  Parallel Seq Scan on customer_demographics  (cost=0.00..37077.83 rows=11236 width=8) (actual time=0.282..230.755 rows=13720 loops=2)
                                                              Filter: (((cd_education_status)::text = 'College'::text) AND ((cd_gender)::text = 'M'::text) AND ((cd_marital_status)::text = 'S'::text))
                                                              Rows Removed by Filter: 946680
                                            ->  Hash  (cost=6.28..6.28 rows=31 width=11) (actual time=280.762..280.763 rows=31 loops=3)
                                                  Buckets: 1024  Batches: 1  Memory Usage: 10kB
                                                  ->  Seq Scan on store  (cost=0.00..6.28 rows=31 width=11) (actual time=280.712..280.752 rows=31 loops=3)
                                                        Filter: ((s_state)::text = 'TN'::text)
                                                        Rows Removed by Filter: 71
                    ->  Hash  (cost=5524.00..5524.00 rows=102000 width=25) (actual time=31.387..31.388 rows=102000 loops=1)
                          Buckets: 131072  Batches: 1  Memory Usage: 7399kB
                          ->  Seq Scan on item  (cost=0.00..5524.00 rows=102000 width=25) (actual time=0.022..18.345 rows=102000 loops=1)
Planning Time: 0.361 ms
JIT:
  Functions: 110
  Options: Inlining true, Optimization true, Expressions true, Deforming true
  Timing: Generation 6.678 ms, Inlining 147.530 ms, Optimization 695.250 ms, Emission 433.830 ms, Total 1283.289 ms
Execution Time: 14125.823 ms",SUCCESS
41,42,TPCDS,Q28,"SELECT * FROM
(
    SELECT
        AVG(ss_list_price)                 AS B1_LP,
        COUNT(ss_list_price)               AS B1_CNT,
        COUNT(DISTINCT ss_list_price)      AS B1_CNTD
    FROM tpcds.store_sales
    WHERE ss_quantity BETWEEN 0 AND 5
      AND (
            ss_list_price BETWEEN 8 AND 8 + 10 
         OR ss_coupon_amt BETWEEN 459 AND 459 + 1000             
         OR ss_wholesale_cost BETWEEN 57 AND 57 + 20             
      )
) B1,
(
    SELECT
        AVG(ss_list_price)                 AS B2_LP,
        COUNT(ss_list_price)               AS B2_CNT,
        COUNT(DISTINCT ss_list_price)      AS B2_CNTD
    FROM tpcds.store_sales
    WHERE ss_quantity BETWEEN 6 AND 10
      AND (
            ss_list_price BETWEEN 90 AND 90 + 10                 
         OR ss_coupon_amt BETWEEN 2323 AND 2323 + 1000           
         OR ss_wholesale_cost BETWEEN 31 AND 31 + 20             
      )
) B2,
(
    SELECT
        AVG(ss_list_price)                 AS B3_LP,
        COUNT(ss_list_price)               AS B3_CNT,
        COUNT(DISTINCT ss_list_price)      AS B3_CNTD
    FROM tpcds.store_sales
    WHERE ss_quantity BETWEEN 11 AND 15
      AND (
            ss_list_price BETWEEN 142 AND 142 + 10              
         OR ss_coupon_amt BETWEEN 12214 AND 12214 + 1000         
         OR ss_wholesale_cost BETWEEN 79 AND 79 + 20              
      )
) B3,
(
    SELECT
        AVG(ss_list_price)                 AS B4_LP,
        COUNT(ss_list_price)               AS B4_CNT,
        COUNT(DISTINCT ss_list_price)      AS B4_CNTD
    FROM tpcds.store_sales
    WHERE ss_quantity BETWEEN 16 AND 20
      AND (
            ss_list_price BETWEEN 135 AND 135 + 10               
         OR ss_coupon_amt BETWEEN 6071 AND 6071 + 1000            
         OR ss_wholesale_cost BETWEEN 38 AND 38 + 20              
      )
) B4,
(
    SELECT
        AVG(ss_list_price)                 AS B5_LP,
        COUNT(ss_list_price)               AS B5_CNT,
        COUNT(DISTINCT ss_list_price)      AS B5_CNTD
    FROM tpcds.store_sales
    WHERE ss_quantity BETWEEN 21 AND 25
      AND (
            ss_list_price BETWEEN 122 AND 122 + 10              
         OR ss_coupon_amt BETWEEN 836 AND 836 + 1000             
         OR ss_wholesale_cost BETWEEN 17 AND 17 + 20              
      )
) B5,
(
    SELECT
        AVG(ss_list_price)                 AS B6_LP,
        COUNT(ss_list_price)               AS B6_CNT,
        COUNT(DISTINCT ss_list_price)      AS B6_CNTD
    FROM tpcds.store_sales
    WHERE ss_quantity BETWEEN 26 AND 30
      AND (
            ss_list_price BETWEEN 154 AND 154 + 10              
         OR ss_coupon_amt BETWEEN 7326 AND 7326 + 1000           
         OR ss_wholesale_cost BETWEEN 7 AND 7 + 20                
      )
) B6
LIMIT 100;","bucket1_sales = store_sales.WHERE(
    MONOTONIC(0, quantity, 5)
    & (
        MONOTONIC(8, list_price, (8+10))
        | MONOTONIC(459, coupon_amount, (459 + 1000))
        | MONOTONIC(57, wholesale_cost, (57 + 20))
    )
)
bucket2_sales = store_sales.WHERE(
    MONOTONIC(6, quantity, 10)
    & (
        MONOTONIC(90, list_price, (90+10))
        | MONOTONIC(2323, coupon_amount, (2323 + 1000))
        | MONOTONIC(31, wholesale_cost, (31 + 20))
    )
)
bucket3_sales = store_sales.WHERE(
    MONOTONIC(11, quantity, 15)
    & (
        MONOTONIC(142, list_price, (142+10))
        | MONOTONIC(12214, coupon_amount, (12214 + 1000))
        | MONOTONIC(79, wholesale_cost, (79 + 20))
    )
)
bucket4_sales = store_sales.WHERE(
    MONOTONIC(16, quantity, 20)
    & (
        MONOTONIC(135, list_price, (135+10))
        | MONOTONIC(6071, coupon_amount, (6071 + 1000))
        | MONOTONIC(38, wholesale_cost, (38 + 20))
    )
)
bucket5_sales = store_sales.WHERE(
    MONOTONIC(21, quantity, 25)
    & (
        MONOTONIC(122, list_price, (122+10))
        | MONOTONIC(836, coupon_amount, (836 + 1000))
        | MONOTONIC(17, wholesale_cost, (17 + 20))
    )
)

bucket6_sales = store_sales.WHERE(
    MONOTONIC(26, quantity, 30)
    & (
        MONOTONIC(154, list_price, (154+10))
        | MONOTONIC(7326, coupon_amount, (7326 + 1000))
        | MONOTONIC(7, wholesale_cost, (7 + 20))
    )
)
result = TPCDS.CALCULATE(
    b1_lp=AVG(bucket1_sales.list_price),
    b1_cnt=COUNT(bucket1_sales.list_price),
    b1_cntd=NDISTINCT(bucket1_sales.list_price),

    b2_lp=AVG(bucket2_sales.list_price),
    b2_cnt=COUNT(bucket2_sales.list_price),
    b2_cntd=NDISTINCT(bucket2_sales.list_price),

    b3_lp=AVG(bucket3_sales.list_price),
    b3_cnt=COUNT(bucket3_sales.list_price),
    b3_cntd=NDISTINCT(bucket3_sales.list_price),

    b4_lp=AVG(bucket4_sales.list_price),
    b4_cnt=COUNT(bucket4_sales.list_price),
    b4_cntd=NDISTINCT(bucket4_sales.list_price),

    b5_lp=AVG(bucket5_sales.list_price),
    b5_cnt=COUNT(bucket5_sales.list_price),
    b5_cntd=NDISTINCT(bucket5_sales.list_price),

    b6_lp=AVG(bucket6_sales.list_price),
    b6_cnt=COUNT(bucket6_sales.list_price),
    b6_cntd=NDISTINCT(bucket6_sales.list_price)
)","WITH _s0 AS (
  SELECT
    AVG(CAST(ss_list_price AS DECIMAL)) AS avg_ss_list_price,
    COUNT(ss_list_price) AS count_ss_list_price,
    COUNT(DISTINCT ss_list_price) AS ndistinct_ss_list_price
  FROM tpcds.store_sales
  WHERE
    (
      ss_coupon_amt <= 1459 OR ss_list_price <= 18 OR ss_wholesale_cost <= 77
    )
    AND (
      ss_coupon_amt <= 1459 OR ss_list_price <= 18 OR ss_wholesale_cost >= 57
    )
    AND (
      ss_coupon_amt <= 1459 OR ss_list_price >= 8 OR ss_wholesale_cost <= 77
    )
    AND (
      ss_coupon_amt <= 1459 OR ss_list_price >= 8 OR ss_wholesale_cost >= 57
    )
    AND (
      ss_coupon_amt >= 459 OR ss_list_price <= 18 OR ss_wholesale_cost <= 77
    )
    AND (
      ss_coupon_amt >= 459 OR ss_list_price <= 18 OR ss_wholesale_cost >= 57
    )
    AND (
      ss_coupon_amt >= 459 OR ss_list_price >= 8 OR ss_wholesale_cost <= 77
    )
    AND (
      ss_coupon_amt >= 459 OR ss_list_price >= 8 OR ss_wholesale_cost >= 57
    )
    AND ss_quantity <= 5
    AND ss_quantity >= 0
), _s1 AS (
  SELECT
    AVG(CAST(ss_list_price AS DECIMAL)) AS avg_ss_list_price,
    COUNT(ss_list_price) AS count_ss_list_price,
    COUNT(DISTINCT ss_list_price) AS ndistinct_ss_list_price
  FROM tpcds.store_sales
  WHERE
    (
      ss_coupon_amt <= 3323 OR ss_list_price <= 100 OR ss_wholesale_cost <= 51
    )
    AND (
      ss_coupon_amt <= 3323 OR ss_list_price <= 100 OR ss_wholesale_cost >= 31
    )
    AND (
      ss_coupon_amt <= 3323 OR ss_list_price >= 90 OR ss_wholesale_cost <= 51
    )
    AND (
      ss_coupon_amt <= 3323 OR ss_list_price >= 90 OR ss_wholesale_cost >= 31
    )
    AND (
      ss_coupon_amt >= 2323 OR ss_list_price <= 100 OR ss_wholesale_cost <= 51
    )
    AND (
      ss_coupon_amt >= 2323 OR ss_list_price <= 100 OR ss_wholesale_cost >= 31
    )
    AND (
      ss_coupon_amt >= 2323 OR ss_list_price >= 90 OR ss_wholesale_cost <= 51
    )
    AND (
      ss_coupon_amt >= 2323 OR ss_list_price >= 90 OR ss_wholesale_cost >= 31
    )
    AND ss_quantity <= 10
    AND ss_quantity >= 6
), _s3 AS (
  SELECT
    AVG(CAST(ss_list_price AS DECIMAL)) AS avg_ss_list_price,
    COUNT(ss_list_price) AS count_ss_list_price,
    COUNT(DISTINCT ss_list_price) AS ndistinct_ss_list_price
  FROM tpcds.store_sales
  WHERE
    (
      ss_coupon_amt <= 13214 OR ss_list_price <= 152 OR ss_wholesale_cost <= 99
    )
    AND (
      ss_coupon_amt <= 13214 OR ss_list_price <= 152 OR ss_wholesale_cost >= 79
    )
    AND (
      ss_coupon_amt <= 13214 OR ss_list_price >= 142 OR ss_wholesale_cost <= 99
    )
    AND (
      ss_coupon_amt <= 13214 OR ss_list_price >= 142 OR ss_wholesale_cost >= 79
    )
    AND (
      ss_coupon_amt >= 12214 OR ss_list_price <= 152 OR ss_wholesale_cost <= 99
    )
    AND (
      ss_coupon_amt >= 12214 OR ss_list_price <= 152 OR ss_wholesale_cost >= 79
    )
    AND (
      ss_coupon_amt >= 12214 OR ss_list_price >= 142 OR ss_wholesale_cost <= 99
    )
    AND (
      ss_coupon_amt >= 12214 OR ss_list_price >= 142 OR ss_wholesale_cost >= 79
    )
    AND ss_quantity <= 15
    AND ss_quantity >= 11
), _s5 AS (
  SELECT
    AVG(CAST(ss_list_price AS DECIMAL)) AS avg_ss_list_price,
    COUNT(ss_list_price) AS count_ss_list_price,
    COUNT(DISTINCT ss_list_price) AS ndistinct_ss_list_price
  FROM tpcds.store_sales
  WHERE
    (
      ss_coupon_amt <= 7071 OR ss_list_price <= 145 OR ss_wholesale_cost <= 58
    )
    AND (
      ss_coupon_amt <= 7071 OR ss_list_price <= 145 OR ss_wholesale_cost >= 38
    )
    AND (
      ss_coupon_amt <= 7071 OR ss_list_price >= 135 OR ss_wholesale_cost <= 58
    )
    AND (
      ss_coupon_amt <= 7071 OR ss_list_price >= 135 OR ss_wholesale_cost >= 38
    )
    AND (
      ss_coupon_amt >= 6071 OR ss_list_price <= 145 OR ss_wholesale_cost <= 58
    )
    AND (
      ss_coupon_amt >= 6071 OR ss_list_price <= 145 OR ss_wholesale_cost >= 38
    )
    AND (
      ss_coupon_amt >= 6071 OR ss_list_price >= 135 OR ss_wholesale_cost <= 58
    )
    AND (
      ss_coupon_amt >= 6071 OR ss_list_price >= 135 OR ss_wholesale_cost >= 38
    )
    AND ss_quantity <= 20
    AND ss_quantity >= 16
), _s7 AS (
  SELECT
    AVG(CAST(ss_list_price AS DECIMAL)) AS avg_ss_list_price,
    COUNT(ss_list_price) AS count_ss_list_price,
    COUNT(DISTINCT ss_list_price) AS ndistinct_ss_list_price
  FROM tpcds.store_sales
  WHERE
    (
      ss_coupon_amt <= 1836 OR ss_list_price <= 132 OR ss_wholesale_cost <= 37
    )
    AND (
      ss_coupon_amt <= 1836 OR ss_list_price <= 132 OR ss_wholesale_cost >= 17
    )
    AND (
      ss_coupon_amt <= 1836 OR ss_list_price >= 122 OR ss_wholesale_cost <= 37
    )
    AND (
      ss_coupon_amt <= 1836 OR ss_list_price >= 122 OR ss_wholesale_cost >= 17
    )
    AND (
      ss_coupon_amt >= 836 OR ss_list_price <= 132 OR ss_wholesale_cost <= 37
    )
    AND (
      ss_coupon_amt >= 836 OR ss_list_price <= 132 OR ss_wholesale_cost >= 17
    )
    AND (
      ss_coupon_amt >= 836 OR ss_list_price >= 122 OR ss_wholesale_cost <= 37
    )
    AND (
      ss_coupon_amt >= 836 OR ss_list_price >= 122 OR ss_wholesale_cost >= 17
    )
    AND ss_quantity <= 25
    AND ss_quantity >= 21
), _s9 AS (
  SELECT
    AVG(CAST(ss_list_price AS DECIMAL)) AS avg_ss_list_price,
    COUNT(ss_list_price) AS count_ss_list_price,
    COUNT(DISTINCT ss_list_price) AS ndistinct_ss_list_price
  FROM tpcds.store_sales
  WHERE
    (
      ss_coupon_amt <= 8326 OR ss_list_price <= 164 OR ss_wholesale_cost <= 27
    )
    AND (
      ss_coupon_amt <= 8326 OR ss_list_price <= 164 OR ss_wholesale_cost >= 7
    )
    AND (
      ss_coupon_amt <= 8326 OR ss_list_price >= 154 OR ss_wholesale_cost <= 27
    )
    AND (
      ss_coupon_amt <= 8326 OR ss_list_price >= 154 OR ss_wholesale_cost >= 7
    )
    AND (
      ss_coupon_amt >= 7326 OR ss_list_price <= 164 OR ss_wholesale_cost <= 27
    )
    AND (
      ss_coupon_amt >= 7326 OR ss_list_price <= 164 OR ss_wholesale_cost >= 7
    )
    AND (
      ss_coupon_amt >= 7326 OR ss_list_price >= 154 OR ss_wholesale_cost <= 27
    )
    AND (
      ss_coupon_amt >= 7326 OR ss_list_price >= 154 OR ss_wholesale_cost >= 7
    )
    AND ss_quantity <= 30
    AND ss_quantity >= 26
)
SELECT
  _s0.avg_ss_list_price AS b1_lp,
  _s0.count_ss_list_price AS b1_cnt,
  _s0.ndistinct_ss_list_price AS b1_cntd,
  _s1.avg_ss_list_price AS b2_lp,
  _s1.count_ss_list_price AS b2_cnt,
  _s1.ndistinct_ss_list_price AS b2_cntd,
  _s3.avg_ss_list_price AS b3_lp,
  _s3.count_ss_list_price AS b3_cnt,
  _s3.ndistinct_ss_list_price AS b3_cntd,
  _s5.avg_ss_list_price AS b4_lp,
  _s5.count_ss_list_price AS b4_cnt,
  _s5.ndistinct_ss_list_price AS b4_cntd,
  _s7.avg_ss_list_price AS b5_lp,
  _s7.count_ss_list_price AS b5_cnt,
  _s7.ndistinct_ss_list_price AS b5_cntd,
  _s9.avg_ss_list_price AS b6_lp,
  _s9.count_ss_list_price AS b6_cnt,
  _s9.ndistinct_ss_list_price AS b6_cntd
FROM _s0 AS _s0
CROSS JOIN _s1 AS _s1
CROSS JOIN _s3 AS _s3
CROSS JOIN _s5 AS _s5
CROSS JOIN _s7 AS _s7
CROSS JOIN _s9 AS _s9",80.58318283399967,81.11587133400008,"Limit  (cost=6556001.68..6556001.79 rows=1 width=288) (actual time=80526.143..80531.655 rows=1 loops=1)
  ->  Nested Loop  (cost=6556001.68..6556001.79 rows=1 width=288) (actual time=79902.009..79907.520 rows=1 loops=1)
        ->  Nested Loop  (cost=5472074.15..5472074.24 rows=1 width=240) (actual time=66562.133..66562.567 rows=1 loops=1)
              ->  Nested Loop  (cost=4379099.51..4379099.58 rows=1 width=192) (actual time=53248.077..53248.441 rows=1 loops=1)
                    ->  Nested Loop  (cost=3292274.24..3292274.29 rows=1 width=144) (actual time=39887.043..39887.328 rows=1 loops=1)
                          ->  Nested Loop  (cost=2206548.75..2206548.78 rows=1 width=96) (actual time=26558.728..26558.945 rows=1 loops=1)
                                ->  Aggregate  (cost=1107569.21..1107569.22 rows=1 width=48) (actual time=13216.340..13216.466 rows=1 loops=1)
                                      ->  Gather Merge  (cost=1055981.79..1104448.15 rows=416140 width=6) (actual time=13101.968..13173.059 rows=367014 loops=1)
                                            Workers Planned: 2
                                            Workers Launched: 2
                                            ->  Sort  (cost=1054981.77..1055415.25 rows=173392 width=6) (actual time=13086.619..13102.407 rows=122338 loops=3)
                                                  Sort Key: store_sales.ss_list_price
                                                  Sort Method: external merge  Disk: 1376kB
                                                  Worker 0:  Sort Method: external merge  Disk: 1288kB
                                                  Worker 1:  Sort Method: external merge  Disk: 1280kB
                                                  ->  Parallel Seq Scan on store_sales  (cost=0.00..1037520.48 rows=173392 width=6) (actual time=124.956..13036.469 rows=122338 loops=3)
                                                        Filter: ((ss_quantity >= 0) AND (ss_quantity <= 5) AND (((ss_list_price >= '8'::numeric) AND (ss_list_price <= '18'::numeric)) OR ((ss_coupon_amt >= '459'::numeric) AND (ss_coupon_amt <= '1459'::numeric)) OR ((ss_wholesale_cost >= '57'::numeric) AND (ss_wholesale_cost <= '77'::numeric))))
                                                        Rows Removed by Filter: 9477992
                                ->  Aggregate  (cost=1098979.55..1098979.56 rows=1 width=48) (actual time=13342.377..13342.467 rows=1 loops=1)
                                      ->  Gather Merge  (cost=1053702.40..1096240.27 rows=365237 width=6) (actual time=13229.521..13297.678 rows=355872 loops=1)
                                            Workers Planned: 2
                                            Workers Launched: 2
                                            ->  Sort  (cost=1052702.37..1053082.83 rows=152182 width=6) (actual time=13201.975..13215.664 rows=118624 loops=3)
                                                  Sort Key: store_sales_1.ss_list_price
                                                  Sort Method: external sort  Disk: 1824kB
                                                  Worker 0:  Sort Method: external merge  Disk: 1232kB
                                                  Worker 1:  Sort Method: external merge  Disk: 1256kB
                                                  ->  Parallel Seq Scan on store_sales store_sales_1  (cost=0.00..1037520.48 rows=152182 width=6) (actual time=149.086..13146.764 rows=118624 loops=3)
                                                        Filter: ((ss_quantity >= 6) AND (ss_quantity <= 10) AND (((ss_list_price >= '90'::numeric) AND (ss_list_price <= '100'::numeric)) OR ((ss_coupon_amt >= '2323'::numeric) AND (ss_coupon_amt <= '3323'::numeric)) OR ((ss_wholesale_cost >= '31'::numeric) AND (ss_wholesale_cost <= '51'::numeric))))
                                                        Rows Removed by Filter: 9481706
                          ->  Aggregate  (cost=1085725.49..1085725.50 rows=1 width=48) (actual time=13328.308..13328.375 rows=1 loops=1)
                                ->  Gather Merge  (cost=1048968.93..1083501.71 rows=296504 width=6) (actual time=13235.407..13287.983 rows=282365 loops=1)
                                      Workers Planned: 2
                                      Workers Launched: 2
                                      ->  Sort  (cost=1047968.91..1048277.77 rows=123543 width=6) (actual time=13215.862..13220.338 rows=94122 loops=3)
                                            Sort Key: store_sales_2.ss_list_price
                                            Sort Method: quicksort  Memory: 3990kB
                                            Worker 0:  Sort Method: quicksort  Memory: 3881kB
                                            Worker 1:  Sort Method: quicksort  Memory: 3900kB
                                            ->  Parallel Seq Scan on store_sales store_sales_2  (cost=0.00..1037520.48 rows=123543 width=6) (actual time=128.864..13175.265 rows=94122 loops=3)
                                                  Filter: ((ss_quantity >= 11) AND (ss_quantity <= 15) AND (((ss_list_price >= '142'::numeric) AND (ss_list_price <= '152'::numeric)) OR ((ss_coupon_amt >= '12214'::numeric) AND (ss_coupon_amt <= '13214'::numeric)) OR ((ss_wholesale_cost >= '79'::numeric) AND (ss_wholesale_cost <= '99'::numeric))))
                                                  Rows Removed by Filter: 9506209
                    ->  Aggregate  (cost=1086825.27..1086825.28 rows=1 width=48) (actual time=13361.024..13361.102 rows=1 loops=1)
                          ->  Gather Merge  (cost=1049228.46..1084550.65 rows=303282 width=6) (actual time=13242.007..13314.157 rows=319172 loops=1)
                                Workers Planned: 2
                                Workers Launched: 2
                                ->  Sort  (cost=1048228.44..1048544.36 rows=126368 width=6) (actual time=13222.710..13229.509 rows=106391 loops=3)
                                      Sort Key: store_sales_3.ss_list_price
                                      Sort Method: external sort  Disk: 1608kB
                                      Worker 0:  Sort Method: quicksort  Memory: 4082kB
                                      Worker 1:  Sort Method: quicksort  Memory: 4091kB
                                      ->  Parallel Seq Scan on store_sales store_sales_3  (cost=0.00..1037520.48 rows=126368 width=6) (actual time=124.370..13167.753 rows=106391 loops=3)
                                            Filter: ((ss_quantity >= 16) AND (ss_quantity <= 20) AND (((ss_list_price >= '135'::numeric) AND (ss_list_price <= '145'::numeric)) OR ((ss_coupon_amt >= '6071'::numeric) AND (ss_coupon_amt <= '7071'::numeric)) OR ((ss_wholesale_cost >= '38'::numeric) AND (ss_wholesale_cost <= '58'::numeric))))
                                            Rows Removed by Filter: 9493940
              ->  Aggregate  (cost=1092974.64..1092974.65 rows=1 width=48) (actual time=13314.047..13314.116 rows=1 loops=1)
                    ->  Gather Merge  (cost=1052118.51..1090502.83 rows=329574 width=6) (actual time=13205.653..13271.498 rows=365262 loops=1)
                          Workers Planned: 2
                          Workers Launched: 2
                          ->  Sort  (cost=1051118.49..1051461.79 rows=137322 width=6) (actual time=13182.872..13196.014 rows=121754 loops=3)
                                Sort Key: store_sales_4.ss_list_price
                                Sort Method: external sort  Disk: 1856kB
                                Worker 0:  Sort Method: external merge  Disk: 1296kB
                                Worker 1:  Sort Method: external merge  Disk: 1264kB
                                ->  Parallel Seq Scan on store_sales store_sales_4  (cost=0.00..1037520.48 rows=137322 width=6) (actual time=125.689..13127.013 rows=121754 loops=3)
                                      Filter: ((ss_quantity >= 21) AND (ss_quantity <= 25) AND (((ss_list_price >= '122'::numeric) AND (ss_list_price <= '132'::numeric)) OR ((ss_coupon_amt >= '836'::numeric) AND (ss_coupon_amt <= '1836'::numeric)) OR ((ss_wholesale_cost >= '17'::numeric) AND (ss_wholesale_cost <= '37'::numeric))))
                                      Rows Removed by Filter: 9478576
        ->  Aggregate  (cost=1083927.53..1083927.54 rows=1 width=48) (actual time=13339.866..13344.943 rows=1 loops=1)
              ->  Gather Merge  (cost=1048545.51..1081786.91 rows=285416 width=6) (actual time=13242.813..13306.293 rows=302090 loops=1)
                    Workers Planned: 2
                    Workers Launched: 2
                    ->  Sort  (cost=1047545.49..1047842.79 rows=118923 width=6) (actual time=13222.600..13227.503 rows=100697 loops=3)
                          Sort Key: store_sales_5.ss_list_price
                          Sort Method: quicksort  Memory: 4096kB
                          Worker 0:  Sort Method: quicksort  Memory: 3989kB
                          Worker 1:  Sort Method: quicksort  Memory: 3990kB
                          ->  Parallel Seq Scan on store_sales store_sales_5  (cost=0.00..1037520.48 rows=118923 width=6) (actual time=126.047..13180.125 rows=100697 loops=3)
                                Filter: ((ss_quantity >= 26) AND (ss_quantity <= 30) AND (((ss_list_price >= '154'::numeric) AND (ss_list_price <= '164'::numeric)) OR ((ss_coupon_amt >= '7326'::numeric) AND (ss_coupon_amt <= '8326'::numeric)) OR ((ss_wholesale_cost >= '7'::numeric) AND (ss_wholesale_cost <= '27'::numeric))))
                                Rows Removed by Filter: 9499634
Planning Time: 0.484 ms
JIT:
  Functions: 90
  Options: Inlining true, Optimization true, Expressions true, Deforming true
  Timing: Generation 13.843 ms, Inlining 845.448 ms, Optimization 1256.677 ms, Emission 850.794 ms, Total 2966.761 ms
Execution Time: 80536.257 ms","Nested Loop  (cost=9901604.97..9901605.08 rows=1 width=288) (actual time=79927.431..79935.286 rows=1 loops=1)
  ->  Nested Loop  (cost=8269871.68..8269871.77 rows=1 width=240) (actual time=66654.042..66654.461 rows=1 loops=1)
        ->  Nested Loop  (cost=6617728.52..6617728.59 rows=1 width=192) (actual time=53309.139..53309.486 rows=1 loops=1)
              ->  Nested Loop  (cost=4962511.18..4962511.23 rows=1 width=144) (actual time=39990.424..39990.707 rows=1 loops=1)
                    ->  Nested Loop  (cost=3333900.52..3333900.55 rows=1 width=96) (actual time=26679.905..26680.127 rows=1 loops=1)
                          ->  Aggregate  (cost=1665349.88..1665349.89 rows=1 width=48) (actual time=13380.102..13380.252 rows=1 loops=1)
                                ->  Gather Merge  (cost=1600723.67..1661439.98 rows=521320 width=6) (actual time=13267.950..13336.878 rows=367014 loops=1)
                                      Workers Planned: 2
                                      Workers Launched: 2
                                      ->  Sort  (cost=1599723.65..1600266.69 rows=217217 width=6) (actual time=13251.911..13266.139 rows=122338 loops=3)
                                            Sort Key: store_sales.ss_list_price
                                            Sort Method: external merge  Disk: 1208kB
                                            Worker 0:  Sort Method: external merge  Disk: 1352kB
                                            Worker 1:  Sort Method: external merge  Disk: 1384kB
                                            ->  Parallel Seq Scan on store_sales  (cost=0.00..1577497.19 rows=217217 width=6) (actual time=453.945..13201.963 rows=122338 loops=3)
                                                  Filter: ((ss_quantity <= 5) AND (ss_quantity >= 0) AND ((ss_coupon_amt <= '1459'::numeric) OR (ss_list_price <= '18'::numeric) OR (ss_wholesale_cost <= '77'::numeric)) AND ((ss_coupon_amt <= '1459'::numeric) OR (ss_list_price <= '18'::numeric) OR (ss_wholesale_cost >= '57'::numeric)) AND ((ss_coupon_amt <= '1459'::numeric) OR (ss_list_price >= '8'::numeric) OR (ss_wholesale_cost <= '77'::numeric)) AND ((ss_coupon_amt <= '1459'::numeric) OR (ss_list_price >= '8'::numeric) OR (ss_wholesale_cost >= '57'::numeric)) AND ((ss_coupon_amt >= '459'::numeric) OR (ss_list_price <= '18'::numeric) OR (ss_wholesale_cost <= '77'::numeric)) AND ((ss_coupon_amt >= '459'::numeric) OR (ss_list_price <= '18'::numeric) OR (ss_wholesale_cost >= '57'::numeric)) AND ((ss_coupon_amt >= '459'::numeric) OR (ss_list_price >= '8'::numeric) OR (ss_wholesale_cost <= '77'::numeric)) AND ((ss_coupon_amt >= '459'::numeric) OR (ss_list_price >= '8'::numeric) OR (ss_wholesale_cost >= '57'::numeric)))
                                                  Rows Removed by Filter: 9477992
                          ->  Aggregate  (cost=1668550.65..1668550.66 rows=1 width=48) (actual time=13299.794..13299.866 rows=1 loops=1)
                                ->  Gather Merge  (cost=1601586.43..1664499.29 rows=540180 width=6) (actual time=13193.335..13258.068 rows=355872 loops=1)
                                      Workers Planned: 2
                                      Workers Launched: 2
                                      ->  Sort  (cost=1600586.41..1601149.09 rows=225075 width=6) (actual time=13165.031..13178.533 rows=118624 loops=3)
                                            Sort Key: store_sales_1.ss_list_price
                                            Sort Method: external sort  Disk: 1800kB
                                            Worker 0:  Sort Method: external merge  Disk: 1256kB
                                            Worker 1:  Sort Method: external merge  Disk: 1240kB
                                            ->  Parallel Seq Scan on store_sales store_sales_1  (cost=0.00..1577497.19 rows=225075 width=6) (actual time=154.718..13114.008 rows=118624 loops=3)
                                                  Filter: ((ss_quantity <= 10) AND (ss_quantity >= 6) AND ((ss_coupon_amt <= '3323'::numeric) OR (ss_list_price <= '100'::numeric) OR (ss_wholesale_cost <= '51'::numeric)) AND ((ss_coupon_amt <= '3323'::numeric) OR (ss_list_price <= '100'::numeric) OR (ss_wholesale_cost >= '31'::numeric)) AND ((ss_coupon_amt <= '3323'::numeric) OR (ss_list_price >= '90'::numeric) OR (ss_wholesale_cost <= '51'::numeric)) AND ((ss_coupon_amt <= '3323'::numeric) OR (ss_list_price >= '90'::numeric) OR (ss_wholesale_cost >= '31'::numeric)) AND ((ss_coupon_amt >= '2323'::numeric) OR (ss_list_price <= '100'::numeric) OR (ss_wholesale_cost <= '51'::numeric)) AND ((ss_coupon_amt >= '2323'::numeric) OR (ss_list_price <= '100'::numeric) OR (ss_wholesale_cost >= '31'::numeric)) AND ((ss_coupon_amt >= '2323'::numeric) OR (ss_list_price >= '90'::numeric) OR (ss_wholesale_cost <= '51'::numeric)) AND ((ss_coupon_amt >= '2323'::numeric) OR (ss_list_price >= '90'::numeric) OR (ss_wholesale_cost >= '31'::numeric)))
                                                  Rows Removed by Filter: 9481706
                    ->  Aggregate  (cost=1628610.65..1628610.66 rows=1 width=48) (actual time=13310.512..13310.573 rows=1 loops=1)
                          ->  Gather Merge  (cost=1589632.61..1626252.47 rows=314424 width=6) (actual time=13226.867..13276.864 rows=282365 loops=1)
                                Workers Planned: 2
                                Workers Launched: 2
                                ->  Sort  (cost=1588632.59..1588960.12 rows=131010 width=6) (actual time=13205.600..13210.037 rows=94122 loops=3)
                                      Sort Key: store_sales_2.ss_list_price
                                      Sort Method: quicksort  Memory: 3951kB
                                      Worker 0:  Sort Method: quicksort  Memory: 3890kB
                                      Worker 1:  Sort Method: quicksort  Memory: 3929kB
                                      ->  Parallel Seq Scan on store_sales store_sales_2  (cost=0.00..1577497.19 rows=131010 width=6) (actual time=137.684..13164.663 rows=94122 loops=3)
                                            Filter: ((ss_quantity <= 15) AND (ss_quantity >= 11) AND ((ss_coupon_amt <= '13214'::numeric) OR (ss_list_price <= '152'::numeric) OR (ss_wholesale_cost <= '99'::numeric)) AND ((ss_coupon_amt <= '13214'::numeric) OR (ss_list_price <= '152'::numeric) OR (ss_wholesale_cost >= '79'::numeric)) AND ((ss_coupon_amt <= '13214'::numeric) OR (ss_list_price >= '142'::numeric) OR (ss_wholesale_cost <= '99'::numeric)) AND ((ss_coupon_amt <= '13214'::numeric) OR (ss_list_price >= '142'::numeric) OR (ss_wholesale_cost >= '79'::numeric)) AND ((ss_coupon_amt >= '12214'::numeric) OR (ss_list_price <= '152'::numeric) OR (ss_wholesale_cost <= '99'::numeric)) AND ((ss_coupon_amt >= '12214'::numeric) OR (ss_list_price <= '152'::numeric) OR (ss_wholesale_cost >= '79'::numeric)) AND ((ss_coupon_amt >= '12214'::numeric) OR (ss_list_price >= '142'::numeric) OR (ss_wholesale_cost <= '99'::numeric)) AND ((ss_coupon_amt >= '12214'::numeric) OR (ss_list_price >= '142'::numeric) OR (ss_wholesale_cost >= '79'::numeric)))
                                            Rows Removed by Filter: 9506209
              ->  Aggregate  (cost=1655217.35..1655217.36 rows=1 width=48) (actual time=13318.707..13318.770 rows=1 loops=1)
                    ->  Gather Merge  (cost=1598005.95..1651756.04 rows=461507 width=6) (actual time=13224.088..13281.310 rows=319172 loops=1)
                          Workers Planned: 2
                          Workers Launched: 2
                          ->  Sort  (cost=1597005.92..1597486.66 rows=192295 width=6) (actual time=13201.209..13207.328 rows=106391 loops=3)
                                Sort Key: store_sales_3.ss_list_price
                                Sort Method: external sort  Disk: 1632kB
                                Worker 0:  Sort Method: quicksort  Memory: 4056kB
                                Worker 1:  Sort Method: quicksort  Memory: 4089kB
                                ->  Parallel Seq Scan on store_sales store_sales_3  (cost=0.00..1577497.19 rows=192295 width=6) (actual time=141.521..13151.095 rows=106391 loops=3)
                                      Filter: ((ss_quantity <= 20) AND (ss_quantity >= 16) AND ((ss_coupon_amt <= '7071'::numeric) OR (ss_list_price <= '145'::numeric) OR (ss_wholesale_cost <= '58'::numeric)) AND ((ss_coupon_amt <= '7071'::numeric) OR (ss_list_price <= '145'::numeric) OR (ss_wholesale_cost >= '38'::numeric)) AND ((ss_coupon_amt <= '7071'::numeric) OR (ss_list_price >= '135'::numeric) OR (ss_wholesale_cost <= '58'::numeric)) AND ((ss_coupon_amt <= '7071'::numeric) OR (ss_list_price >= '135'::numeric) OR (ss_wholesale_cost >= '38'::numeric)) AND ((ss_coupon_amt >= '6071'::numeric) OR (ss_list_price <= '145'::numeric) OR (ss_wholesale_cost <= '58'::numeric)) AND ((ss_coupon_amt >= '6071'::numeric) OR (ss_list_price <= '145'::numeric) OR (ss_wholesale_cost >= '38'::numeric)) AND ((ss_coupon_amt >= '6071'::numeric) OR (ss_list_price >= '135'::numeric) OR (ss_wholesale_cost <= '58'::numeric)) AND ((ss_coupon_amt >= '6071'::numeric) OR (ss_list_price >= '135'::numeric) OR (ss_wholesale_cost >= '38'::numeric)))
                                      Rows Removed by Filter: 9493940
        ->  Aggregate  (cost=1652143.16..1652143.17 rows=1 width=48) (actual time=13344.894..13344.965 rows=1 loops=1)
              ->  Gather Merge  (cost=1597183.24..1648818.07 rows=443345 width=6) (actual time=13230.164..13299.897 rows=365262 loops=1)
                    Workers Planned: 2
                    Workers Launched: 2
                    ->  Sort  (cost=1596183.21..1596645.03 rows=184727 width=6) (actual time=13201.494..13214.455 rows=121754 loops=3)
                          Sort Key: store_sales_4.ss_list_price
                          Sort Method: external sort  Disk: 1848kB
                          Worker 0:  Sort Method: external merge  Disk: 1288kB
                          Worker 1:  Sort Method: external merge  Disk: 1280kB
                          ->  Parallel Seq Scan on store_sales store_sales_4  (cost=0.00..1577497.19 rows=184727 width=6) (actual time=144.583..13148.772 rows=121754 loops=3)
                                Filter: ((ss_quantity <= 25) AND (ss_quantity >= 21) AND ((ss_coupon_amt <= '1836'::numeric) OR (ss_list_price <= '132'::numeric) OR (ss_wholesale_cost <= '37'::numeric)) AND ((ss_coupon_amt <= '1836'::numeric) OR (ss_list_price <= '132'::numeric) OR (ss_wholesale_cost >= '17'::numeric)) AND ((ss_coupon_amt <= '1836'::numeric) OR (ss_list_price >= '122'::numeric) OR (ss_wholesale_cost <= '37'::numeric)) AND ((ss_coupon_amt <= '1836'::numeric) OR (ss_list_price >= '122'::numeric) OR (ss_wholesale_cost >= '17'::numeric)) AND ((ss_coupon_amt >= '836'::numeric) OR (ss_list_price <= '132'::numeric) OR (ss_wholesale_cost <= '37'::numeric)) AND ((ss_coupon_amt >= '836'::numeric) OR (ss_list_price <= '132'::numeric) OR (ss_wholesale_cost >= '17'::numeric)) AND ((ss_coupon_amt >= '836'::numeric) OR (ss_list_price >= '122'::numeric) OR (ss_wholesale_cost <= '37'::numeric)) AND ((ss_coupon_amt >= '836'::numeric) OR (ss_list_price >= '122'::numeric) OR (ss_wholesale_cost >= '17'::numeric)))
                                Rows Removed by Filter: 9478576
  ->  Aggregate  (cost=1631733.29..1631733.30 rows=1 width=48) (actual time=13273.380..13280.816 rows=1 loops=1)
        ->  Gather Merge  (cost=1591774.43..1629315.77 rows=322336 width=6) (actual time=13181.884..13244.016 rows=302090 loops=1)
              Workers Planned: 2
              Workers Launched: 2
              ->  Sort  (cost=1590774.40..1591110.17 rows=134307 width=6) (actual time=13160.019..13164.752 rows=100697 loops=3)
                    Sort Key: store_sales_5.ss_list_price
                    Sort Method: quicksort  Memory: 4084kB
                    Worker 0:  Sort Method: quicksort  Memory: 4020kB
                    Worker 1:  Sort Method: quicksort  Memory: 3972kB
                    ->  Parallel Seq Scan on store_sales store_sales_5  (cost=0.00..1577497.19 rows=134307 width=6) (actual time=139.984..13118.000 rows=100697 loops=3)
                          Filter: ((ss_quantity <= 30) AND (ss_quantity >= 26) AND ((ss_coupon_amt <= '8326'::numeric) OR (ss_list_price <= '164'::numeric) OR (ss_wholesale_cost <= '27'::numeric)) AND ((ss_coupon_amt <= '8326'::numeric) OR (ss_list_price <= '164'::numeric) OR (ss_wholesale_cost >= '7'::numeric)) AND ((ss_coupon_amt <= '8326'::numeric) OR (ss_list_price >= '154'::numeric) OR (ss_wholesale_cost <= '27'::numeric)) AND ((ss_coupon_amt <= '8326'::numeric) OR (ss_list_price >= '154'::numeric) OR (ss_wholesale_cost >= '7'::numeric)) AND ((ss_coupon_amt >= '7326'::numeric) OR (ss_list_price <= '164'::numeric) OR (ss_wholesale_cost <= '27'::numeric)) AND ((ss_coupon_amt >= '7326'::numeric) OR (ss_list_price <= '164'::numeric) OR (ss_wholesale_cost >= '7'::numeric)) AND ((ss_coupon_amt >= '7326'::numeric) OR (ss_list_price >= '154'::numeric) OR (ss_wholesale_cost <= '27'::numeric)) AND ((ss_coupon_amt >= '7326'::numeric) OR (ss_list_price >= '154'::numeric) OR (ss_wholesale_cost >= '7'::numeric)))
                          Rows Removed by Filter: 9499634
Planning Time: 0.964 ms
JIT:
  Functions: 89
  Options: Inlining true, Optimization true, Expressions true, Deforming true
  Timing: Generation 20.218 ms, Inlining 822.664 ms, Optimization 1584.209 ms, Emission 1104.652 ms, Total 3531.742 ms
Execution Time: 79941.304 ms",SUCCESS
42,43,TPCDS,Q29,"SELECT
       i.i_item_id,
       i.i_item_desc,
       s.s_store_id,
       s.s_store_name,
       SUM(ss.ss_quantity)        AS store_sales_quantity,
       SUM(sr.sr_return_quantity) AS store_returns_quantity,
       SUM(cs.cs_quantity)        AS catalog_sales_quantity
FROM tpcds.store_sales      ss
JOIN tpcds.date_dim         d1 ON d1.d_date_sk = ss.ss_sold_date_sk
JOIN tpcds.item             i  ON i.i_item_sk  = ss.ss_item_sk
JOIN tpcds.store            s  ON s.s_store_sk = ss.ss_store_sk
JOIN tpcds.store_returns    sr ON sr.sr_customer_sk   = ss.ss_customer_sk
                               AND sr.sr_item_sk      = ss.ss_item_sk
                               AND sr.sr_ticket_number= ss.ss_ticket_number
JOIN tpcds.date_dim         d2 ON d2.d_date_sk = sr.sr_returned_date_sk
JOIN tpcds.catalog_sales    cs ON cs.cs_bill_customer_sk = sr.sr_customer_sk
                               AND cs.cs_item_sk          = sr.sr_item_sk
JOIN tpcds.date_dim         d3 ON d3.d_date_sk = cs.cs_sold_date_sk
WHERE d1.d_moy  = 9
  AND d1.d_year = 1999
  -- returned in the next six months of the same year
  AND d2.d_year = 1999
  AND d2.d_moy BETWEEN 9 AND 9 + 6
  -- re-purchased through catalog in the following three years
  AND d3.d_year IN (1999, 2000, 2001)
GROUP BY
       i.i_item_id,
       i.i_item_desc,
       s.s_store_id,
       s.s_store_name
ORDER BY
       i.i_item_id,
       i.i_item_desc,
       s.s_store_id,
       s.s_store_name
LIMIT 100;","selected_returns = store_sales.WHERE(
    (sold_date.month_of_year == 9)
    & (sold_date.year == 1999)
).CALCULATE(
    sale_customer_key=customer_key,
    sale_item_key=item_key,
    sale_ticket_number=ticket_number,
    i_item_id=item._id,
    i_item_desc=item.description,
    s_store_id=store._id,
    s_store_name=store.name,
    sale_quantity=quantity
).CROSS(store_returns).WHERE(
    (sale_customer_key==customer_key)
    & (sale_item_key==item_key)
    & (sale_ticket_number == ticket_number)
    & (returned_date.year == 1999)
    & MONOTONIC(9, returned_date.month_of_year, (9 + 6))
)
re_bought_catalog = selected_returns.CALCULATE(
    return_customer_key=customer_key,
    return_item_key=item_key,
    return_quantity=quantity
).CROSS(catalog_sales).WHERE(
    (return_customer_key==bill_customer_key)
    & (return_item_key==item_key)
    & ISIN(sold_date.year, (1999, 2000, 2001))
)
result = re_bought_catalog.PARTITION(
    name='item_store_groups', by=(i_item_id, i_item_desc, s_store_id, s_store_name)
).CALCULATE(
    i_item_id,
    i_item_desc,
    s_store_id, 
    s_store_name,
    store_sales_quantity=SUM(catalog_sales.sale_quantity),
    store_returns_quantity=SUM(catalog_sales.return_quantity),
    catalog_sales_quantity=SUM(catalog_sales.quantity)
).TOP_K(100, by=(i_item_id, i_item_desc, s_store_id, s_store_name))","SELECT
  item.i_item_id,
  item.i_item_desc,
  store.s_store_id,
  store.s_store_name,
  COALESCE(SUM(store_sales.ss_quantity), 0) AS store_sales_quantity,
  COALESCE(SUM(store_returns.sr_return_quantity), 0) AS store_returns_quantity,
  COALESCE(SUM(catalog_sales.cs_quantity), 0) AS catalog_sales_quantity
FROM tpcds.store_sales AS store_sales
JOIN tpcds.date_dim AS date_dim
  ON date_dim.d_date_sk = store_sales.ss_sold_date_sk
  AND date_dim.d_moy = 9
  AND date_dim.d_year = 1999
JOIN tpcds.item AS item
  ON item.i_item_sk = store_sales.ss_item_sk
LEFT JOIN tpcds.store AS store
  ON store.s_store_sk = store_sales.ss_store_sk
JOIN tpcds.store_returns AS store_returns
  ON store_returns.sr_customer_sk = store_sales.ss_customer_sk
  AND store_returns.sr_item_sk = store_sales.ss_item_sk
  AND store_returns.sr_ticket_number = store_sales.ss_ticket_number
JOIN tpcds.date_dim AS date_dim_2
  ON date_dim_2.d_date_sk = store_returns.sr_returned_date_sk
  AND date_dim_2.d_moy <= 15
  AND date_dim_2.d_moy >= 9
  AND date_dim_2.d_year = 1999
JOIN tpcds.catalog_sales AS catalog_sales
  ON catalog_sales.cs_bill_customer_sk = store_returns.sr_customer_sk
  AND catalog_sales.cs_item_sk = store_returns.sr_item_sk
LEFT JOIN tpcds.date_dim AS date_dim_3
  ON catalog_sales.cs_sold_date_sk = date_dim_3.d_date_sk
WHERE
  date_dim_3.d_year IN (1999, 2000, 2001)
GROUP BY
  1,
  2,
  3,
  4
ORDER BY
  1 NULLS FIRST,
  2 NULLS FIRST,
  3 NULLS FIRST,
  4 NULLS FIRST
LIMIT 100",25.471716899000057,25.981297467999866,"Limit  (cost=937217.19..1534111.24 rows=1 width=236) (actual time=25137.678..26642.732 rows=8 loops=1)
  ->  GroupAggregate  (cost=937217.19..1534111.24 rows=1 width=236) (actual time=24724.984..26230.032 rows=8 loops=1)
        Group Key: i.i_item_id, i.i_item_desc, s.s_store_id, s.s_store_name
        ->  Nested Loop  (cost=937217.19..1534111.20 rows=1 width=164) (actual time=24264.986..26229.941 rows=8 loops=1)
              Join Filter: ((i.i_item_sk = sr.sr_item_sk) AND (ss.ss_customer_sk = sr.sr_customer_sk) AND (ss.ss_ticket_number = sr.sr_ticket_number))
              Rows Removed by Join Filter: 21332009
              ->  Gather Merge  (cost=851724.48..852941.79 rows=10452 width=180) (actual time=14027.578..14467.330 rows=576541 loops=1)
                    Workers Planned: 2
                    Workers Launched: 2
                    ->  Sort  (cost=850724.46..850735.35 rows=4355 width=180) (actual time=13934.609..14019.453 rows=192180 loops=3)
                          Sort Key: i.i_item_id, i.i_item_desc, s.s_store_id, s.s_store_name
                          Sort Method: external merge  Disk: 29856kB
                          Worker 0:  Sort Method: external merge  Disk: 29808kB
                          Worker 1:  Sort Method: external merge  Disk: 50808kB
                          ->  Parallel Hash Join  (cost=845354.71..850461.23 rows=4355 width=180) (actual time=13154.314..13222.235 rows=192180 loops=3)
                                Hash Cond: (i.i_item_sk = ss.ss_item_sk)
                                ->  Parallel Seq Scan on item i  (cost=0.00..4929.00 rows=42500 width=127) (actual time=0.029..5.637 rows=34000 loops=3)
                                ->  Parallel Hash  (cost=845300.27..845300.27 rows=4355 width=53) (actual time=13126.538..13126.543 rows=192180 loops=3)
                                      Buckets: 131072 (originally 16384)  Batches: 8 (originally 1)  Memory Usage: 7264kB
                                      ->  Hash Join  (cost=2684.06..845300.27 rows=4355 width=53) (actual time=186.717..12958.764 rows=192180 loops=3)
                                            Hash Cond: (ss.ss_store_sk = s.s_store_sk)
                                            ->  Parallel Hash Join  (cost=2676.76..845232.34 rows=4555 width=40) (actual time=3.232..12732.521 rows=196794 loops=3)
                                                  Hash Cond: (ss.ss_sold_date_sk = d1.d_date_sk)
                                                  ->  Parallel Seq Scan on store_sales ss  (cost=0.00..797530.82 rows=11999482 width=48) (actual time=0.216..11922.363 rows=9600330 loops=3)
                                                  ->  Parallel Hash  (cost=2676.55..2676.55 rows=17 width=8) (actual time=2.620..2.621 rows=10 loops=3)
                                                        Buckets: 1024  Batches: 1  Memory Usage: 40kB
                                                        ->  Parallel Seq Scan on date_dim d1  (cost=0.00..2676.55 rows=17 width=8) (actual time=3.921..7.840 rows=30 loops=1)
                                                              Filter: ((d_moy = 9) AND (d_year = 1999))
                                                              Rows Removed by Filter: 73019
                                            ->  Hash  (cost=6.02..6.02 rows=102 width=29) (actual time=183.467..183.467 rows=102 loops=3)
                                                  Buckets: 1024  Batches: 1  Memory Usage: 15kB
                                                  ->  Seq Scan on store s  (cost=0.00..6.02 rows=102 width=29) (actual time=183.407..183.439 rows=102 loops=3)
              ->  Materialize  (cost=85492.71..680960.37 rows=1 width=56) (actual time=0.007..0.019 rows=37 loops=576541)
                    ->  Gather  (cost=85492.71..680960.37 rows=1 width=56) (actual time=4218.486..10006.522 rows=37 loops=1)
                          Workers Planned: 2
                          Workers Launched: 2
                          ->  Parallel Hash Join  (cost=84492.71..679960.27 rows=1 width=56) (actual time=4131.890..9983.108 rows=12 loops=3)
                                Hash Cond: ((cs.cs_item_sk = sr.sr_item_sk) AND (cs.cs_bill_customer_sk = sr.sr_customer_sk))
                                ->  Parallel Hash Join  (cost=2630.88..597428.12 rows=89375 width=24) (actual time=2790.488..8867.598 rows=2856999 loops=3)
                                      Hash Cond: (cs.cs_sold_date_sk = d3.d_date_sk)
                                      ->  Parallel Seq Scan on catalog_sales cs  (cost=0.00..571766.15 rows=6001415 width=32) (actual time=0.204..8120.192 rows=4800420 loops=3)
                                      ->  Parallel Hash  (cost=2622.84..2622.84 rows=643 width=8) (actual time=3.893..3.894 rows=365 loops=3)
                                            Buckets: 2048  Batches: 1  Memory Usage: 112kB
                                            ->  Parallel Seq Scan on date_dim d3  (cost=0.00..2622.84 rows=643 width=8) (actual time=1.936..3.788 rows=365 loops=3)
                                                  Filter: (d_year = ANY ('{1999,2000,2001}'::bigint[]))
                                                  Rows Removed by Filter: 23984
                                ->  Parallel Hash  (cost=81833.15..81833.15 rows=1912 width=32) (actual time=458.968..458.970 rows=61011 loops=3)
                                      Buckets: 262144 (originally 8192)  Batches: 1 (originally 1)  Memory Usage: 15296kB
                                      ->  Parallel Hash Join  (cost=2784.86..81833.15 rows=1912 width=32) (actual time=151.921..354.448 rows=61011 loops=3)
                                            Hash Cond: (sr.sr_returned_date_sk = d2.d_date_sk)
                                            ->  Parallel Seq Scan on store_returns sr  (cost=0.00..74541.14 rows=1198914 width=40) (actual time=0.023..115.266 rows=959177 loops=3)
                                            ->  Parallel Hash  (cost=2783.97..2783.97 rows=71 width=8) (actual time=2.009..2.010 rows=41 loops=3)
                                                  Buckets: 1024  Batches: 1  Memory Usage: 40kB
                                                  ->  Parallel Seq Scan on date_dim d2  (cost=0.00..2783.97 rows=71 width=8) (actual time=3.039..6.001 rows=122 loops=1)
                                                        Filter: ((d_moy >= 9) AND (d_moy <= 15) AND (d_year = 1999))
                                                        Rows Removed by Filter: 72927
Planning Time: 5.470 ms
JIT:
  Functions: 191
  Options: Inlining true, Optimization true, Expressions true, Deforming true
  Timing: Generation 9.514 ms, Inlining 233.841 ms, Optimization 721.023 ms, Emission 458.202 ms, Total 1422.580 ms
Execution Time: 26649.742 ms","Limit  (cost=937234.08..1534193.77 rows=1 width=236) (actual time=25127.493..26632.692 rows=8 loops=1)
  ->  GroupAggregate  (cost=937234.08..1534193.77 rows=1 width=236) (actual time=24723.194..26228.387 rows=8 loops=1)
        Group Key: item.i_item_id, item.i_item_desc, store.s_store_id, store.s_store_name
        ->  Nested Loop  (cost=937234.08..1534193.74 rows=1 width=164) (actual time=24261.639..26228.297 rows=8 loops=1)
              Join Filter: ((item.i_item_sk = store_returns.sr_item_sk) AND (store_sales.ss_customer_sk = store_returns.sr_customer_sk) AND (store_sales.ss_ticket_number = store_returns.sr_ticket_number))
              Rows Removed by Join Filter: 21844089
              ->  Gather Merge  (cost=851741.38..853014.70 rows=10933 width=180) (actual time=14062.744..14451.499 rows=590381 loops=1)
                    Workers Planned: 2
                    Workers Launched: 2
                    ->  Sort  (cost=850741.35..850752.74 rows=4555 width=180) (actual time=13966.767..14061.314 rows=196794 loops=3)
                          Sort Key: item.i_item_id NULLS FIRST, item.i_item_desc NULLS FIRST, store.s_store_id NULLS FIRST, store.s_store_name NULLS FIRST
                          Sort Method: external merge  Disk: 53016kB
                          Worker 0:  Sort Method: external merge  Disk: 29888kB
                          Worker 1:  Sort Method: external merge  Disk: 29944kB
                          ->  Hash Left Join  (cost=845296.58..850464.56 rows=4555 width=180) (actual time=13136.263..13238.373 rows=196794 loops=3)
                                Hash Cond: (store_sales.ss_store_sk = store.s_store_sk)
                                ->  Parallel Hash Join  (cost=845289.28..850396.64 rows=4555 width=167) (actual time=13136.160..13205.572 rows=196794 loops=3)
                                      Hash Cond: (item.i_item_sk = store_sales.ss_item_sk)
                                      ->  Parallel Seq Scan on item  (cost=0.00..4929.00 rows=42500 width=127) (actual time=0.029..5.530 rows=34000 loops=3)
                                      ->  Parallel Hash  (cost=845232.34..845232.34 rows=4555 width=40) (actual time=13108.280..13108.284 rows=196794 loops=3)
                                            Buckets: 131072 (originally 16384)  Batches: 8 (originally 1)  Memory Usage: 6240kB
                                            ->  Parallel Hash Join  (cost=2676.76..845232.34 rows=4555 width=40) (actual time=181.248..12965.706 rows=196794 loops=3)
                                                  Hash Cond: (store_sales.ss_sold_date_sk = date_dim.d_date_sk)
                                                  ->  Parallel Seq Scan on store_sales  (cost=0.00..797530.82 rows=11999482 width=48) (actual time=0.010..11982.343 rows=9600330 loops=3)
                                                  ->  Parallel Hash  (cost=2676.55..2676.55 rows=17 width=8) (actual time=2.620..2.621 rows=10 loops=3)
                                                        Buckets: 1024  Batches: 1  Memory Usage: 40kB
                                                        ->  Parallel Seq Scan on date_dim  (cost=0.00..2676.55 rows=17 width=8) (actual time=3.850..7.840 rows=30 loops=1)
                                                              Filter: ((d_moy = 9) AND (d_year = 1999))
                                                              Rows Removed by Filter: 73019
                                ->  Hash  (cost=6.02..6.02 rows=102 width=29) (actual time=0.083..0.084 rows=102 loops=3)
                                      Buckets: 1024  Batches: 1  Memory Usage: 15kB
                                      ->  Seq Scan on store  (cost=0.00..6.02 rows=102 width=29) (actual time=0.028..0.062 rows=102 loops=3)
              ->  Materialize  (cost=85492.71..680960.37 rows=1 width=56) (actual time=0.007..0.018 rows=37 loops=590381)
                    ->  Gather  (cost=85492.71..680960.37 rows=1 width=56) (actual time=4016.185..9976.626 rows=37 loops=1)
                          Workers Planned: 2
                          Workers Launched: 2
                          ->  Parallel Hash Join  (cost=84492.71..679960.27 rows=1 width=56) (actual time=4112.835..9952.422 rows=12 loops=3)
                                Hash Cond: ((catalog_sales.cs_item_sk = store_returns.sr_item_sk) AND (catalog_sales.cs_bill_customer_sk = store_returns.sr_customer_sk))
                                ->  Parallel Hash Join  (cost=2630.88..597428.12 rows=89375 width=24) (actual time=2784.524..8818.562 rows=2856999 loops=3)
                                      Hash Cond: (catalog_sales.cs_sold_date_sk = date_dim_3.d_date_sk)
                                      ->  Parallel Seq Scan on catalog_sales  (cost=0.00..571766.15 rows=6001415 width=32) (actual time=0.207..8069.433 rows=4800420 loops=3)
                                      ->  Parallel Hash  (cost=2622.84..2622.84 rows=643 width=8) (actual time=3.902..3.903 rows=365 loops=3)
                                            Buckets: 2048  Batches: 1  Memory Usage: 112kB
                                            ->  Parallel Seq Scan on date_dim date_dim_3  (cost=0.00..2622.84 rows=643 width=8) (actual time=1.937..3.785 rows=365 loops=3)
                                                  Filter: (d_year = ANY ('{1999,2000,2001}'::bigint[]))
                                                  Rows Removed by Filter: 23984
                                ->  Parallel Hash  (cost=81833.15..81833.15 rows=1912 width=32) (actual time=456.197..456.199 rows=61011 loops=3)
                                      Buckets: 262144 (originally 8192)  Batches: 1 (originally 1)  Memory Usage: 15296kB
                                      ->  Parallel Hash Join  (cost=2784.86..81833.15 rows=1912 width=32) (actual time=152.837..351.330 rows=61011 loops=3)
                                            Hash Cond: (store_returns.sr_returned_date_sk = date_dim_2.d_date_sk)
                                            ->  Parallel Seq Scan on store_returns  (cost=0.00..74541.14 rows=1198914 width=40) (actual time=0.020..111.044 rows=959177 loops=3)
                                            ->  Parallel Hash  (cost=2783.97..2783.97 rows=71 width=8) (actual time=2.139..2.139 rows=41 loops=3)
                                                  Buckets: 1024  Batches: 1  Memory Usage: 40kB
                                                  ->  Parallel Seq Scan on date_dim date_dim_2  (cost=0.00..2783.97 rows=71 width=8) (actual time=3.368..6.390 rows=122 loops=1)
                                                        Filter: ((d_moy <= 15) AND (d_moy >= 9) AND (d_year = 1999))
                                                        Rows Removed by Filter: 72927
Planning Time: 5.248 ms
JIT:
  Functions: 191
  Options: Inlining true, Optimization true, Expressions true, Deforming true
  Timing: Generation 9.285 ms, Inlining 227.982 ms, Optimization 704.455 ms, Emission 459.694 ms, Total 1401.417 ms
Execution Time: 26642.597 ms",SUCCESS
43,44,TPCDS,Q30,"WITH customer_total_return AS (
    SELECT
        wr.wr_returning_customer_sk AS ctr_customer_sk,
        ca.ca_state                 AS ctr_state,
        SUM(wr.wr_return_amt)       AS ctr_total_return
    FROM tpcds.web_returns wr
    JOIN tpcds.date_dim d
      ON wr.wr_returned_date_sk = d.d_date_sk
    JOIN tpcds.customer_address ca
      ON wr.wr_returning_addr_sk = ca.ca_address_sk
    WHERE d.d_year = 2002
    GROUP BY
        wr.wr_returning_customer_sk,
        ca.ca_state
),
customer_with_avg AS (
    SELECT
        ctr.*,
        AVG(ctr_total_return) OVER (PARTITION BY ctr_state) AS state_avg_return
    FROM customer_total_return ctr
)
SELECT
    c.c_customer_id,
    c.c_salutation,
    c.c_first_name,
    c.c_last_name,
    c.c_preferred_cust_flag,
    c.c_birth_day,
    c.c_birth_month,
    c.c_birth_year,
    c.c_birth_country,
    c.c_login,
    c.c_email_address,
    c.c_last_review_date_sk,
    cwa.ctr_total_return
FROM customer_with_avg cwa
JOIN tpcds.customer c
  ON cwa.ctr_customer_sk = c.c_customer_sk
JOIN tpcds.customer_address ca
  ON ca.ca_address_sk = c.c_current_addr_sk
WHERE cwa.ctr_total_return > cwa.state_avg_return * 1.2
		  AND ca.ca_state = 'GA'
ORDER BY
    c.c_customer_id,
    c.c_salutation,
    c.c_first_name,
    c.c_last_name,
    c.c_preferred_cust_flag,
    c.c_birth_day,
    c.c_birth_month,
    c.c_birth_year,
    c.c_birth_country,
    c.c_login,
    c.c_email_address,
    c.c_last_review_date_sk,
    cwa.ctr_total_return
LIMIT 100;","customer_access = CROSS(customers).WHERE(
    (returning_customer_key==key)
).SINGULAR()
result = web_returns.WHERE(
    HAS(returned_date)
    & (returned_date.year == 2002)
).CALCULATE(
    returning_customer_key,
    returning_state=DEFAULT_TO(returning_address.state, 'UNKNOWN')
).PARTITION(
    name='customer_returning_state_groups',
    by=(returning_customer_key, returning_state)
).CALCULATE(
    returning_customer_key,
    returning_state,
    c_total_return=SUM(web_returns.return_amount)
).WHERE(COUNT(web_returns.return_amount) > 0).PARTITION(
    name='returing_state_groups', by=returning_state
).customer_returning_state_groups.CALCULATE(
    returning_customer_key,
    returning_state,
    c_total_return,
    state_avg=RELAVG(c_total_return, per='returing_state_groups')
).WHERE(
    (c_total_return > 1.2 * state_avg)
).CALCULATE(
    returning_customer_key
).CALCULATE(
    c_customer_id=customer_access._id,
    c_salutation=customer_access.salutation,
    c_first_name=customer_access.first_name,
    c_last_name=customer_access.last_name,
    c_preferred_cust_flag=customer_access.preferred_customer_flag,
    c_birth_day=customer_access.birth_day,
    c_birth_month=customer_access.birth_month,
    c_birth_year=customer_access.birth_year,
    c_birth_country=customer_access.birth_country,
    c_login=customer_access.login,
    c_email_address=customer_access.email,
    c_last_review_date_sk=customer_access.last_review_date_key,
    ctr_total_return=c_total_return
).WHERE(
    (customer_access.current_address.state == 'GA')
).TOP_K(100, by=(
        c_customer_id,
        c_salutation,
        c_first_name,
        c_last_name,
        c_preferred_cust_flag,
        c_birth_day,
        c_birth_month,
        c_birth_year,
        c_birth_country,
        c_login,
        c_email_address,
        c_last_review_date_sk,
        ctr_total_return
    )
)","WITH _s0 AS (
  SELECT
    wr_return_amt,
    wr_returned_date_sk,
    wr_returning_addr_sk,
    wr_returning_customer_sk
  FROM tpcds.web_returns
), _t5 AS (
  SELECT
    d_date_sk,
    d_year
  FROM tpcds.date_dim
  WHERE
    d_year = 2002
), _s3 AS (
  SELECT
    ca_address_sk,
    ca_state
  FROM tpcds.customer_address
), _t3 AS (
  SELECT
    COALESCE(_s3.ca_state, 'UNKNOWN') AS returning_state,
    _s0.wr_returning_customer_sk,
    COUNT(_s0.wr_return_amt) AS count_wr_return_amt,
    SUM(_s0.wr_return_amt) AS sum_wr_return_amt
  FROM _s0 AS _s0
  JOIN _t5 AS _t5
    ON _s0.wr_returned_date_sk = _t5.d_date_sk
  LEFT JOIN _s3 AS _s3
    ON _s0.wr_returning_addr_sk = _s3.ca_address_sk
  GROUP BY
    1,
    2
), _t1 AS (
  SELECT
    returning_state,
    sum_wr_return_amt,
    wr_returning_customer_sk,
    AVG(CAST(COALESCE(sum_wr_return_amt, 0) AS DOUBLE PRECISION)) OVER (PARTITION BY returning_state) AS state_avg
  FROM _t3
  WHERE
    count_wr_return_amt > 0
), _t8 AS (
  SELECT
    COALESCE(_s7.ca_state, 'UNKNOWN') AS returning_state,
    _s4.wr_returning_customer_sk,
    COUNT(_s4.wr_return_amt) AS count_wr_return_amt,
    SUM(_s4.wr_return_amt) AS sum_wr_return_amt
  FROM _s0 AS _s4
  JOIN _t5 AS _t10
    ON _s4.wr_returned_date_sk = _t10.d_date_sk
  LEFT JOIN _s3 AS _s7
    ON _s4.wr_returning_addr_sk = _s7.ca_address_sk
  GROUP BY
    1,
    2
), _t6 AS (
  SELECT
    returning_state,
    sum_wr_return_amt,
    wr_returning_customer_sk,
    AVG(CAST(COALESCE(sum_wr_return_amt, 0) AS DOUBLE PRECISION)) OVER (PARTITION BY returning_state) AS state_avg
  FROM _t8
  WHERE
    count_wr_return_amt > 0
)
SELECT
  customer.c_customer_id,
  customer.c_salutation,
  customer.c_first_name,
  customer.c_last_name,
  customer.c_preferred_cust_flag,
  customer.c_birth_day,
  customer.c_birth_month,
  customer.c_birth_year,
  customer.c_birth_country,
  customer.c_login,
  customer.c_email_address,
  customer.c_last_review_date_sk,
  COALESCE(_t1.sum_wr_return_amt, 0) AS ctr_total_return
FROM _t1 AS _t1
JOIN _t6 AS _t6
  ON (
    1.2 * _t6.state_avg
  ) < COALESCE(_t6.sum_wr_return_amt, 0)
  AND _t1.returning_state = _t6.returning_state
  AND _t1.wr_returning_customer_sk = _t6.wr_returning_customer_sk
JOIN tpcds.customer AS customer
  ON _t6.wr_returning_customer_sk = customer.c_customer_sk
JOIN tpcds.customer_address AS customer_address
  ON customer.c_current_addr_sk = customer_address.ca_address_sk
  AND customer_address.ca_state = 'GA'
WHERE
  (
    1.2 * _t1.state_avg
  ) < COALESCE(_t1.sum_wr_return_amt, 0)
ORDER BY
  1 NULLS FIRST,
  2 NULLS FIRST,
  3 NULLS FIRST,
  4 NULLS FIRST,
  5 NULLS FIRST,
  6 NULLS FIRST,
  7 NULLS FIRST,
  8 NULLS FIRST,
  9 NULLS FIRST,
  10 NULLS FIRST,
  11 NULLS FIRST,
  12 NULLS FIRST,
  13 NULLS FIRST
LIMIT 100",0.9578345219997573,4.644636609999907,"Limit  (cost=57055.27..57055.39 rows=51 width=134) (actual time=513.390..516.171 rows=100 loops=1)
  ->  Sort  (cost=57055.27..57055.39 rows=51 width=134) (actual time=513.389..516.163 rows=100 loops=1)
        Sort Key: c.c_customer_id, c.c_salutation, c.c_first_name, c.c_last_name, c.c_preferred_cust_flag, c.c_birth_day, c.c_birth_month, c.c_birth_year, c.c_birth_country, c.c_login, c.c_email_address, c.c_last_review_date_sk, cwa.ctr_total_return
        Sort Method: top-N heapsort  Memory: 60kB
        ->  Hash Join  (cost=56943.05..57053.82 rows=51 width=134) (actual time=424.631..514.800 rows=1617 loops=1)
              Hash Cond: (cwa.ctr_customer_sk = c.c_customer_sk)
              ->  Subquery Scan on cwa  (cost=32662.91..32769.09 rows=1089 width=40) (actual time=346.081..429.163 rows=33338 loops=1)
                    Filter: (cwa.ctr_total_return > (cwa.state_avg_return * 1.2))
                    Rows Removed by Filter: 98417
                    ->  WindowAgg  (cost=32662.91..32720.09 rows=3267 width=75) (actual time=346.072..405.212 rows=131755 loops=1)
                          ->  Sort  (cost=32662.91..32671.08 rows=3267 width=43) (actual time=345.789..362.671 rows=131755 loops=1)
                                Sort Key: ctr.ctr_state
                                Sort Method: external merge  Disk: 4216kB
                                ->  Subquery Scan on ctr  (cost=32059.36..32472.22 rows=3267 width=43) (actual time=149.445..299.710 rows=131755 loops=1)
                                      ->  Finalize GroupAggregate  (cost=32059.36..32472.22 rows=3267 width=43) (actual time=149.444..289.186 rows=131755 loops=1)
                                            Group Key: wr.wr_returning_customer_sk, ca_1.ca_state
                                            ->  Gather Merge  (cost=32059.36..32404.16 rows=2722 width=43) (actual time=149.434..204.750 rows=132219 loops=1)
                                                  Workers Planned: 2
                                                  Workers Launched: 2
                                                  ->  Partial GroupAggregate  (cost=31059.33..31089.95 rows=1361 width=43) (actual time=132.976..168.980 rows=44073 loops=3)
                                                        Group Key: wr.wr_returning_customer_sk, ca_1.ca_state
                                                        ->  Sort  (cost=31059.33..31062.73 rows=1361 width=17) (actual time=132.961..139.641 rows=44708 loops=3)
                                                              Sort Key: wr.wr_returning_customer_sk, ca_1.ca_state
                                                              Sort Method: quicksort  Memory: 3275kB
                                                              Worker 0:  Sort Method: quicksort  Memory: 3197kB
                                                              Worker 1:  Sort Method: quicksort  Memory: 3852kB
                                                              ->  Parallel Hash Join  (cost=25062.53..30988.49 rows=1361 width=17) (actual time=86.011..120.280 rows=44708 loops=3)
                                                                    Hash Cond: (ca_1.ca_address_sk = wr.wr_returning_addr_sk)
                                                                    ->  Parallel Seq Scan on customer_address ca_1  (cost=0.00..5529.67 rows=104167 width=11) (actual time=0.018..9.725 rows=83333 loops=3)
                                                                    ->  Parallel Hash  (cost=25044.71..25044.71 rows=1425 width=22) (actual time=85.781..85.785 rows=45790 loops=3)
                                                                          Buckets: 262144 (originally 4096)  Batches: 1 (originally 1)  Memory Usage: 11424kB
                                                                          ->  Parallel Hash Join  (cost=2571.80..25044.71 rows=1425 width=22) (actual time=3.481..66.999 rows=45790 loops=3)
                                                                                Hash Cond: (wr.wr_returned_date_sk = d.d_date_sk)
                                                                                ->  Parallel Seq Scan on web_returns wr  (cost=0.00..21340.76 rows=299676 width=30) (actual time=0.020..30.986 rows=239741 loops=3)
                                                                                ->  Parallel Hash  (cost=2569.12..2569.12 rows=214 width=8) (actual time=3.437..3.438 rows=122 loops=3)
                                                                                      Buckets: 1024  Batches: 1  Memory Usage: 40kB
                                                                                      ->  Parallel Seq Scan on date_dim d  (cost=0.00..2569.12 rows=214 width=8) (actual time=4.992..10.234 rows=365 loops=1)
                                                                                            Filter: (d_year = 2002)
                                                                                            Rows Removed by Filter: 72684
              ->  Hash  (cost=23985.56..23985.56 rows=23566 width=110) (actual time=78.515..78.767 rows=24415 loops=1)
                    Buckets: 32768  Batches: 1  Memory Usage: 3803kB
                    ->  Gather  (cost=6851.46..23985.56 rows=23566 width=110) (actual time=27.979..73.980 rows=24415 loops=1)
                          Workers Planned: 2
                          Workers Launched: 2
                          ->  Parallel Hash Join  (cost=5851.46..20628.96 rows=9819 width=110) (actual time=12.902..58.986 rows=8138 loops=3)
                                Hash Cond: (c.c_current_addr_sk = ca.ca_address_sk)
                                ->  Parallel Seq Scan on customer c  (cost=0.00..13955.33 rows=208333 width=118) (actual time=0.017..20.936 rows=166667 loops=3)
                                ->  Parallel Hash  (cost=5790.08..5790.08 rows=4910 width=8) (actual time=12.510..12.510 rows=4029 loops=3)
                                      Buckets: 16384  Batches: 1  Memory Usage: 672kB
                                      ->  Parallel Seq Scan on customer_address ca  (cost=0.00..5790.08 rows=4910 width=8) (actual time=0.041..11.770 rows=4029 loops=3)
                                            Filter: ((ca_state)::text = 'GA'::text)
                                            Rows Removed by Filter: 79304
Planning Time: 0.356 ms
Execution Time: 516.843 ms","Limit  (cost=467555784.71..469077545.18 rows=23 width=134) (actual time=3929.901..6829.947 rows=100 loops=1)
  CTE _s0
    ->  Seq Scan on web_returns  (cost=0.00..25536.22 rows=719222 width=30) (actual time=0.011..102.157 rows=719222 loops=1)
  CTE _t5
    ->  Seq Scan on date_dim  (cost=0.00..2945.11 rows=364 width=16) (actual time=2.635..5.280 rows=365 loops=1)
          Filter: (d_year = 2002)
          Rows Removed by Filter: 72684
  CTE _s3
    ->  Seq Scan on customer_address customer_address_1  (cost=0.00..6988.00 rows=250000 width=11) (actual time=0.026..30.926 rows=250000 loops=1)
  ->  Incremental Sort  (cost=467520315.37..469042075.85 rows=23 width=134) (actual time=3296.718..6196.752 rows=100 loops=1)
        Sort Key: customer.c_customer_id NULLS FIRST, customer.c_salutation NULLS FIRST, customer.c_first_name NULLS FIRST, customer.c_last_name NULLS FIRST, customer.c_preferred_cust_flag NULLS FIRST, customer.c_birth_day NULLS FIRST, customer.c_birth_month NULLS FIRST, customer.c_birth_year NULLS FIRST, customer.c_birth_country NULLS FIRST, customer.c_login NULLS FIRST, customer.c_email_address NULLS FIRST, customer.c_last_review_date_sk NULLS FIRST, (COALESCE(_t1.sum_wr_return_amt, '0'::numeric)) NULLS FIRST
        Presorted Key: customer.c_customer_id, customer.c_salutation, customer.c_first_name, customer.c_last_name, customer.c_preferred_cust_flag, customer.c_birth_day, customer.c_birth_month, customer.c_birth_year, customer.c_birth_country, customer.c_login, customer.c_email_address, customer.c_last_review_date_sk
        Full-sort Groups: 4  Sort Method: quicksort  Average Memory: 32kB  Peak Memory: 32kB
        ->  Nested Loop  (cost=467451144.48..469042074.81 rows=23 width=134) (actual time=1839.360..6196.518 rows=101 loops=1)
              Join Filter: (((_t1.returning_state)::text = (_t6.returning_state)::text) AND (_t1.wr_returning_customer_sk = _t6.wr_returning_customer_sk))
              Rows Removed by Join Filter: 3368184
              ->  Nested Loop  (cost=233736712.26..235310877.57 rows=209 width=182) (actual time=1273.024..5329.078 rows=101 loops=1)
                    Join Filter: (_t1.wr_returning_customer_sk = customer.c_customer_sk)
                    Rows Removed by Join Filter: 51184096
                    ->  Gather Merge  (cost=22280.05..25024.70 rows=23566 width=110) (actual time=388.148..396.309 rows=1533 loops=1)
                          Workers Planned: 2
                          Workers Launched: 2
                          ->  Sort  (cost=21280.03..21304.57 rows=9819 width=110) (actual time=370.766..370.894 rows=782 loops=3)
                                Sort Key: customer.c_customer_id NULLS FIRST, customer.c_salutation NULLS FIRST, customer.c_first_name NULLS FIRST, customer.c_last_name NULLS FIRST, customer.c_preferred_cust_flag NULLS FIRST, customer.c_birth_day NULLS FIRST, customer.c_birth_month NULLS FIRST, customer.c_birth_year NULLS FIRST, customer.c_birth_country NULLS FIRST, customer.c_login NULLS FIRST, customer.c_email_address NULLS FIRST, customer.c_last_review_date_sk NULLS FIRST
                                Sort Method: quicksort  Memory: 1211kB
                                Worker 0:  Sort Method: quicksort  Memory: 1190kB
                                Worker 1:  Sort Method: quicksort  Memory: 1725kB
                                ->  Parallel Hash Join  (cost=5851.46..20628.96 rows=9819 width=110) (actual time=296.109..338.751 rows=8138 loops=3)
                                      Hash Cond: (customer.c_current_addr_sk = customer_address.ca_address_sk)
                                      ->  Parallel Seq Scan on customer  (cost=0.00..13955.33 rows=208333 width=118) (actual time=0.028..20.821 rows=166667 loops=3)
                                      ->  Parallel Hash  (cost=5790.08..5790.08 rows=4910 width=8) (actual time=295.816..295.818 rows=4029 loops=3)
                                            Buckets: 16384  Batches: 1  Memory Usage: 672kB
                                            ->  Parallel Seq Scan on customer_address  (cost=0.00..5790.08 rows=4910 width=8) (actual time=189.756..203.455 rows=4029 loops=3)
                                                  Filter: ((ca_state)::text = 'GA'::text)
                                                  Rows Removed by Filter: 79304
                    ->  Materialize  (cost=233714432.21..233714954.42 rows=4444 width=72) (actual time=0.502..1.904 rows=33388 loops=1533)
                          ->  Subquery Scan on _t1  (cost=233714432.21..233714932.20 rows=4444 width=72) (actual time=770.156..866.474 rows=33391 loops=1)
                                Filter: (('1.2'::double precision * _t1.state_avg) < (COALESCE(_t1.sum_wr_return_amt, '0'::numeric))::double precision)
                                Rows Removed by Filter: 98396
                                ->  WindowAgg  (cost=233714432.21..233714698.87 rows=13333 width=80) (actual time=770.149..841.868 rows=131787 loops=1)
                                      ->  Sort  (cost=233714432.21..233714465.55 rows=13333 width=72) (actual time=769.734..784.743 rows=131787 loops=1)
                                            Sort Key: _t3.returning_state
                                            Sort Method: external merge  Disk: 4344kB
                                            ->  Subquery Scan on _t3  (cost=201755168.21..233713518.72 rows=13333 width=72) (actual time=617.221..724.552 rows=131787 loops=1)
                                                  ->  HashAggregate  (cost=201755168.21..233713385.39 rows=13333 width=80) (actual time=617.218..715.483 rows=131787 loops=1)
                                                        Group Key: COALESCE(_s3.ca_state, 'UNKNOWN'::character varying), _s0.wr_returning_customer_sk
                                                        Filter: (count(_s0.wr_return_amt) > 0)
                                                        Planned Partitions: 4  Batches: 21  Memory Usage: 8249kB  Disk Usage: 7160kB
                                                        Rows Removed by Filter: 1630
                                                        ->  Merge Right Join  (cost=289827.00..24837799.46 rows=1636230000 width=54) (actual time=489.086..570.420 rows=137371 loops=1)
                                                              Merge Cond: (_s3.ca_address_sk = _s0.wr_returning_addr_sk)
                                                              ->  Sort  (cost=32541.96..33166.96 rows=250000 width=20) (actual time=113.511..132.881 rows=249999 loops=1)
                                                                    Sort Key: _s3.ca_address_sk
                                                                    Sort Method: external merge  Disk: 6320kB
                                                                    ->  CTE Scan on _s3  (cost=0.00..5000.00 rows=250000 width=20) (actual time=0.030..79.001 rows=250000 loops=1)
                                                              ->  Materialize  (cost=257285.03..263829.95 rows=1308984 width=30) (actual time=375.526..401.546 rows=137371 loops=1)
                                                                    ->  Sort  (cost=257285.03..260557.49 rows=1308984 width=30) (actual time=375.523..389.112 rows=137371 loops=1)
                                                                          Sort Key: _s0.wr_returning_addr_sk
                                                                          Sort Method: external merge  Disk: 4512kB
                                                                          ->  Hash Join  (cost=11.83..61649.15 rows=1308984 width=30) (actual time=5.415..340.835 rows=137371 loops=1)
                                                                                Hash Cond: (_s0.wr_returned_date_sk = _t5.d_date_sk)
                                                                                ->  CTE Scan on _s0  (cost=0.00..14384.44 rows=719222 width=38) (actual time=0.012..270.084 rows=719222 loops=1)
                                                                                ->  Hash  (cost=7.28..7.28 rows=364 width=8) (actual time=5.381..5.382 rows=365 loops=1)
                                                                                      Buckets: 1024  Batches: 1  Memory Usage: 23kB
                                                                                      ->  CTE Scan on _t5  (cost=0.00..7.28 rows=364 width=8) (actual time=2.638..5.343 rows=365 loops=1)
              ->  Materialize  (cost=233714432.21..233714954.42 rows=4444 width=40) (actual time=4.712..6.931 rows=33349 loops=101)
                    ->  Subquery Scan on _t6  (cost=233714432.21..233714932.20 rows=4444 width=40) (actual time=475.928..572.371 rows=33391 loops=1)
                          Filter: (('1.2'::double precision * _t6.state_avg) < (COALESCE(_t6.sum_wr_return_amt, '0'::numeric))::double precision)
                          Rows Removed by Filter: 98396
                          ->  WindowAgg  (cost=233714432.21..233714698.87 rows=13333 width=80) (actual time=475.921..547.366 rows=131787 loops=1)
                                ->  Sort  (cost=233714432.21..233714465.55 rows=13333 width=72) (actual time=475.423..490.239 rows=131787 loops=1)
                                      Sort Key: _t8.returning_state
                                      Sort Method: external merge  Disk: 4344kB
                                      ->  Subquery Scan on _t8  (cost=201755168.21..233713518.72 rows=13333 width=72) (actual time=324.473..430.001 rows=131787 loops=1)
                                            ->  HashAggregate  (cost=201755168.21..233713385.39 rows=13333 width=80) (actual time=324.468..420.925 rows=131787 loops=1)
                                                  Group Key: COALESCE(_s7.ca_state, 'UNKNOWN'::character varying), _s4.wr_returning_customer_sk
                                                  Filter: (count(_s4.wr_return_amt) > 0)
                                                  Planned Partitions: 4  Batches: 21  Memory Usage: 8249kB  Disk Usage: 7160kB
                                                  Rows Removed by Filter: 1630
                                                  ->  Merge Right Join  (cost=289827.00..24837799.46 rows=1636230000 width=54) (actual time=196.893..278.007 rows=137371 loops=1)
                                                        Merge Cond: (_s7.ca_address_sk = _s4.wr_returning_addr_sk)
                                                        ->  Sort  (cost=32541.96..33166.96 rows=250000 width=20) (actual time=53.347..72.698 rows=249999 loops=1)
                                                              Sort Key: _s7.ca_address_sk
                                                              Sort Method: external merge  Disk: 6320kB
                                                              ->  CTE Scan on _s3 _s7  (cost=0.00..5000.00 rows=250000 width=20) (actual time=0.033..20.430 rows=250000 loops=1)
                                                        ->  Materialize  (cost=257285.03..263829.95 rows=1308984 width=30) (actual time=143.496..169.716 rows=137371 loops=1)
                                                              ->  Sort  (cost=257285.03..260557.49 rows=1308984 width=30) (actual time=143.494..157.056 rows=137371 loops=1)
                                                                    Sort Key: _s4.wr_returning_addr_sk
                                                                    Sort Method: external merge  Disk: 4512kB
                                                                    ->  Hash Join  (cost=11.83..61649.15 rows=1308984 width=30) (actual time=0.094..110.574 rows=137371 loops=1)
                                                                          Hash Cond: (_s4.wr_returned_date_sk = _t10.d_date_sk)
                                                                          ->  CTE Scan on _s0 _s4  (cost=0.00..14384.44 rows=719222 width=38) (actual time=0.013..51.062 rows=719222 loops=1)
                                                                          ->  Hash  (cost=7.28..7.28 rows=364 width=8) (actual time=0.065..0.066 rows=365 loops=1)
                                                                                Buckets: 1024  Batches: 1  Memory Usage: 23kB
                                                                                ->  CTE Scan on _t5 _t10  (cost=0.00..7.28 rows=364 width=8) (actual time=0.004..0.029 rows=365 loops=1)
Planning Time: 0.544 ms
JIT:
  Functions: 138
  Options: Inlining true, Optimization true, Expressions true, Deforming true
  Timing: Generation 7.287 ms, Inlining 144.618 ms, Optimization 684.179 ms, Emission 455.784 ms, Total 1291.868 ms
Execution Time: 6845.036 ms",SUCCESS
44,45,TPCDS,Q31,"WITH ss AS (
    SELECT
        ca.ca_county,
        d.d_qoy,
        d.d_year,
        SUM(ss.ss_ext_sales_price) AS store_sales
    FROM tpcds.store_sales ss
    JOIN tpcds.date_dim d
      ON ss.ss_sold_date_sk = d.d_date_sk
    JOIN tpcds.customer_address ca
      ON ss.ss_addr_sk = ca.ca_address_sk
    GROUP BY
        ca.ca_county,
        d.d_qoy,
        d.d_year
),
ws AS (
    SELECT
        ca.ca_county,
        d.d_qoy,
        d.d_year,
        SUM(ws.ws_ext_sales_price) AS web_sales
    FROM tpcds.web_sales ws
    JOIN tpcds.date_dim d
      ON ws.ws_sold_date_sk = d.d_date_sk
    JOIN tpcds.customer_address ca
      ON ws.ws_bill_addr_sk = ca.ca_address_sk
    GROUP BY
        ca.ca_county,
        d.d_qoy,
        d.d_year
)
SELECT
    ss1.ca_county,
    ss1.d_year,
    ws2.web_sales / ws1.web_sales     AS web_q1_q2_increase,
    ss2.store_sales / ss1.store_sales AS store_q1_q2_increase,
    ws3.web_sales / ws2.web_sales     AS web_q2_q3_increase,
    ss3.store_sales / ss2.store_sales AS store_q2_q3_increase
FROM ss ss1
JOIN ss ss2
  ON ss1.ca_county = ss2.ca_county
JOIN ss ss3
  ON ss2.ca_county = ss3.ca_county
JOIN ws ws1
  ON ss1.ca_county = ws1.ca_county
JOIN ws ws2
  ON ws1.ca_county = ws2.ca_county
JOIN ws ws3
  ON ws1.ca_county = ws3.ca_county
WHERE ss1.d_qoy = 1
  AND ss1.d_year = 2000
  AND ss2.d_qoy = 2
  AND ss2.d_year = 2000
  AND ss3.d_qoy = 3
  AND ss3.d_year = 2000
  AND ws1.d_qoy = 1
  AND ws1.d_year = 2000
  AND ws2.d_qoy = 2
  AND ws2.d_year = 2000
  AND ws3.d_qoy = 3
  AND ws3.d_year = 2000
  AND CASE
          WHEN ws1.web_sales > 0
          THEN ws2.web_sales / ws1.web_sales
          ELSE NULL
      END >
      CASE
          WHEN ss1.store_sales > 0
          THEN ss2.store_sales / ss1.store_sales
          ELSE NULL
      END
  AND CASE
          WHEN ws2.web_sales > 0
          THEN ws3.web_sales / ws2.web_sales
          ELSE NULL
      END >
      CASE
          WHEN ss2.store_sales > 0
          THEN ss3.store_sales / ss2.store_sales
          ELSE NULL
      END
ORDER BY
    web_q1_q2_increase
LIMIT 100;","selected_ss = addresses.store_sales.WHERE(
    PRESENT(customer_address.county)
    & (sold_date.year == 2000)
).CALCULATE(
    ext_sales_price,
    sold_quarter=sold_date.quarter_of_year
)

selected_ws = addresses.web_sales_bill_addr.WHERE(
    PRESENT(bill_address.county)
    & (sold_date.year == 2000)
).CALCULATE(
    ext_sales_price,
    sold_quarter=sold_date.quarter_of_year
)
result = addresses.PARTITION(name='county_groups', by=(county)).CALCULATE(
    ca_county=county,
    d_year=2000,
    store_sales_q1=SUM(selected_ss.WHERE(sold_quarter == 1).ext_sales_price),
    store_sales_q2=SUM(selected_ss.WHERE(sold_quarter == 2).ext_sales_price),
    store_sales_q3=SUM(selected_ss.WHERE(sold_quarter == 3).ext_sales_price),
    web_sales_q1=SUM(selected_ws.WHERE(sold_quarter == 1).ext_sales_price),
    web_sales_q2=SUM(selected_ws.WHERE(sold_quarter == 2).ext_sales_price),
    web_sales_q3=SUM(selected_ws.WHERE(sold_quarter == 3).ext_sales_price)
).CALCULATE(
    ca_county,
    d_year,
    web_q1_q2_increase=KEEP_IF(web_sales_q2 / web_sales_q1, web_sales_q1 != 0),
    store_q1_q2_increase=KEEP_IF(store_sales_q2 / store_sales_q1, store_sales_q1 != 0),
    web_q2_q3_increase=KEEP_IF(web_sales_q3 / web_sales_q2, web_sales_q2 != 0),
    store_q2_q3_increase=KEEP_IF(store_sales_q3 / store_sales_q2, store_sales_q2 != 0)
).WHERE(
    (web_q1_q2_increase > store_q1_q2_increase)
    & (web_q2_q3_increase > store_q2_q3_increase)
).TOP_K(100, web_q1_q2_increase)","WITH _s4 AS (
  SELECT
    ca_address_sk,
    ca_county
  FROM tpcds.customer_address
), _s0 AS (
  SELECT
    ss_addr_sk,
    ss_ext_sales_price,
    ss_sold_date_sk
  FROM tpcds.store_sales
), _t10 AS (
  SELECT
    d_date_sk,
    d_qoy,
    d_year
  FROM tpcds.date_dim
  WHERE
    d_qoy = 1 AND d_year = 2000
), _s5 AS (
  SELECT
    _s0.ss_addr_sk,
    _s0.ss_ext_sales_price
  FROM _s0 AS _s0
  LEFT JOIN _s4 AS _s1
    ON _s0.ss_addr_sk = _s1.ca_address_sk
  JOIN _t10 AS _t10
    ON _s0.ss_sold_date_sk = _t10.d_date_sk
  WHERE
    NOT _s1.ca_county IS NULL
), _s10 AS (
  SELECT
    _s4.ca_address_sk,
    MAX(_s4.ca_county) AS anything_ca_county,
    SUM(_s5.ss_ext_sales_price) AS sum_ss_ext_sales_price
  FROM _s4 AS _s4
  LEFT JOIN _s5 AS _s5
    ON _s4.ca_address_sk = _s5.ss_addr_sk
  GROUP BY
    1
), _t12 AS (
  SELECT
    d_date_sk,
    d_qoy,
    d_year
  FROM tpcds.date_dim
  WHERE
    d_qoy = 2 AND d_year = 2000
), _s11 AS (
  SELECT
    _s6.ss_addr_sk,
    _s6.ss_ext_sales_price
  FROM _s0 AS _s6
  LEFT JOIN _s4 AS _s7
    ON _s6.ss_addr_sk = _s7.ca_address_sk
  JOIN _t12 AS _t12
    ON _s6.ss_sold_date_sk = _t12.d_date_sk
  WHERE
    NOT _s7.ca_county IS NULL
), _s16 AS (
  SELECT
    _s10.ca_address_sk,
    MAX(_s10.anything_ca_county) AS anything_anything_ca_county,
    MAX(_s10.sum_ss_ext_sales_price) AS anything_sum_ss_ext_sales_price,
    SUM(_s11.ss_ext_sales_price) AS sum_ss_ext_sales_price
  FROM _s10 AS _s10
  LEFT JOIN _s11 AS _s11
    ON _s10.ca_address_sk = _s11.ss_addr_sk
  GROUP BY
    1
), _t14 AS (
  SELECT
    d_date_sk,
    d_qoy,
    d_year
  FROM tpcds.date_dim
  WHERE
    d_qoy = 3 AND d_year = 2000
), _s17 AS (
  SELECT
    _s12.ss_addr_sk,
    _s12.ss_ext_sales_price
  FROM _s0 AS _s12
  LEFT JOIN _s4 AS _s13
    ON _s12.ss_addr_sk = _s13.ca_address_sk
  JOIN _t14 AS _t14
    ON _s12.ss_sold_date_sk = _t14.d_date_sk
  WHERE
    NOT _s13.ca_county IS NULL
), _s22 AS (
  SELECT
    _s16.ca_address_sk,
    MAX(_s16.anything_anything_ca_county) AS anything_anything_anything_ca_county,
    MAX(_s16.anything_sum_ss_ext_sales_price) AS anything_anything_sum_ss_ext_sales_price,
    MAX(_s16.sum_ss_ext_sales_price) AS anything_sum_ss_ext_sales_price,
    SUM(_s17.ss_ext_sales_price) AS sum_ss_ext_sales_price
  FROM _s16 AS _s16
  LEFT JOIN _s17 AS _s17
    ON _s16.ca_address_sk = _s17.ss_addr_sk
  GROUP BY
    1
), _s18 AS (
  SELECT
    ws_bill_addr_sk,
    ws_ext_sales_price,
    ws_sold_date_sk
  FROM tpcds.web_sales
), _s23 AS (
  SELECT
    _s18.ws_bill_addr_sk,
    _s18.ws_ext_sales_price
  FROM _s18 AS _s18
  LEFT JOIN _s4 AS _s19
    ON _s18.ws_bill_addr_sk = _s19.ca_address_sk
  JOIN _t10 AS _t16
    ON _s18.ws_sold_date_sk = _t16.d_date_sk
  WHERE
    NOT _s19.ca_county IS NULL
), _s28 AS (
  SELECT
    _s22.ca_address_sk,
    MAX(_s22.anything_anything_anything_ca_county) AS anything_anything_anything_anything_ca_county,
    MAX(_s22.anything_anything_sum_ss_ext_sales_price) AS anything_anything_anything_sum_ss_ext_sales_price,
    MAX(_s22.anything_sum_ss_ext_sales_price) AS anything_anything_sum_ss_ext_sales_price,
    MAX(_s22.sum_ss_ext_sales_price) AS anything_sum_ss_ext_sales_price,
    SUM(_s23.ws_ext_sales_price) AS sum_ws_ext_sales_price
  FROM _s22 AS _s22
  LEFT JOIN _s23 AS _s23
    ON _s22.ca_address_sk = _s23.ws_bill_addr_sk
  GROUP BY
    1
), _s29 AS (
  SELECT
    _s24.ws_bill_addr_sk,
    _s24.ws_ext_sales_price
  FROM _s18 AS _s24
  LEFT JOIN _s4 AS _s25
    ON _s24.ws_bill_addr_sk = _s25.ca_address_sk
  JOIN _t12 AS _t18
    ON _s24.ws_sold_date_sk = _t18.d_date_sk
  WHERE
    NOT _s25.ca_county IS NULL
), _s34 AS (
  SELECT
    _s28.ca_address_sk,
    MAX(_s28.anything_anything_anything_anything_ca_county) AS anything_anything_anything_anything_anything_ca_county,
    MAX(_s28.anything_anything_anything_sum_ss_ext_sales_price) AS anything_anything_anything_anything_sum_ss_ext_sales_price,
    MAX(_s28.anything_anything_sum_ss_ext_sales_price) AS anything_anything_anything_sum_ss_ext_sales_price,
    MAX(_s28.anything_sum_ss_ext_sales_price) AS anything_anything_sum_ss_ext_sales_price,
    MAX(_s28.sum_ws_ext_sales_price) AS anything_sum_ws_ext_sales_price,
    SUM(_s29.ws_ext_sales_price) AS sum_ws_ext_sales_price
  FROM _s28 AS _s28
  LEFT JOIN _s29 AS _s29
    ON _s28.ca_address_sk = _s29.ws_bill_addr_sk
  GROUP BY
    1
), _s35 AS (
  SELECT
    _s30.ws_bill_addr_sk,
    _s30.ws_ext_sales_price
  FROM _s18 AS _s30
  LEFT JOIN _s4 AS _s31
    ON _s30.ws_bill_addr_sk = _s31.ca_address_sk
  JOIN _t14 AS _t20
    ON _s30.ws_sold_date_sk = _t20.d_date_sk
  WHERE
    NOT _s31.ca_county IS NULL
), _t2 AS (
  SELECT
    MAX(_s34.anything_anything_anything_anything_anything_ca_county) AS anything_anything_anything_anything_anything_anything_ca_county,
    MAX(_s34.anything_anything_anything_anything_sum_ss_ext_sales_price) AS anything_anything_anything_anything_anything_sum_ss_ext_sales_price,
    MAX(_s34.anything_anything_anything_sum_ss_ext_sales_price) AS anything_anything_anything_anything_sum_ss_ext_sales_price,
    MAX(_s34.anything_anything_sum_ss_ext_sales_price) AS anything_anything_anything_sum_ss_ext_sales_price,
    MAX(_s34.anything_sum_ws_ext_sales_price) AS anything_anything_sum_ws_ext_sales_price,
    MAX(_s34.sum_ws_ext_sales_price) AS anything_sum_ws_ext_sales_price,
    SUM(_s35.ws_ext_sales_price) AS sum_ws_ext_sales_price
  FROM _s34 AS _s34
  LEFT JOIN _s35 AS _s35
    ON _s34.ca_address_sk = _s35.ws_bill_addr_sk
  GROUP BY
    _s34.ca_address_sk
), _t1 AS (
  SELECT
    anything_anything_anything_anything_anything_anything_ca_county,
    SUM(anything_anything_anything_anything_anything_sum_ss_ext_sales_price) AS sum_anything_anything_anything_anything_anything_sum_ss_ext_sales_price,
    SUM(anything_anything_anything_anything_sum_ss_ext_sales_price) AS sum_anything_anything_anything_anything_sum_ss_ext_sales_price,
    SUM(anything_anything_anything_sum_ss_ext_sales_price) AS sum_anything_anything_anything_sum_ss_ext_sales_price,
    SUM(anything_anything_sum_ws_ext_sales_price) AS sum_anything_anything_sum_ws_ext_sales_price,
    SUM(anything_sum_ws_ext_sales_price) AS sum_anything_sum_ws_ext_sales_price,
    SUM(sum_ws_ext_sales_price) AS sum_sum_ws_ext_sales_price
  FROM _t2
  GROUP BY
    1
)
SELECT
  anything_anything_anything_anything_anything_anything_ca_county AS ca_county,
  2000 AS d_year,
  CASE
    WHEN sum_anything_anything_sum_ws_ext_sales_price <> 0
    THEN CAST(sum_anything_sum_ws_ext_sales_price AS DOUBLE PRECISION) / sum_anything_anything_sum_ws_ext_sales_price
    ELSE NULL
  END AS web_q1_q2_increase,
  CASE
    WHEN sum_anything_anything_anything_anything_anything_sum_ss_ext_sales_price <> 0
    THEN CAST(sum_anything_anything_anything_anything_sum_ss_ext_sales_price AS DOUBLE PRECISION) / sum_anything_anything_anything_anything_anything_sum_ss_ext_sales_price
    ELSE NULL
  END AS store_q1_q2_increase,
  CASE
    WHEN sum_anything_sum_ws_ext_sales_price <> 0
    THEN CAST(COALESCE(sum_sum_ws_ext_sales_price, 0) AS DOUBLE PRECISION) / sum_anything_sum_ws_ext_sales_price
    ELSE NULL
  END AS web_q2_q3_increase,
  CASE
    WHEN sum_anything_anything_anything_anything_sum_ss_ext_sales_price <> 0
    THEN CAST(COALESCE(sum_anything_anything_anything_sum_ss_ext_sales_price, 0) AS DOUBLE PRECISION) / sum_anything_anything_anything_anything_sum_ss_ext_sales_price
    ELSE NULL
  END AS store_q2_q3_increase
FROM _t1
WHERE
  CASE
    WHEN (
      NOT sum_anything_anything_anything_anything_anything_sum_ss_ext_sales_price IS NULL
      AND sum_anything_anything_anything_anything_anything_sum_ss_ext_sales_price <> 0
    )
    THEN CAST(COALESCE(sum_anything_anything_anything_anything_sum_ss_ext_sales_price, 0) AS DOUBLE PRECISION) / COALESCE(sum_anything_anything_anything_anything_anything_sum_ss_ext_sales_price, 0)
    ELSE NULL
  END < CASE
    WHEN (
      NOT sum_anything_anything_sum_ws_ext_sales_price IS NULL
      AND sum_anything_anything_sum_ws_ext_sales_price <> 0
    )
    THEN CAST(COALESCE(sum_anything_sum_ws_ext_sales_price, 0) AS DOUBLE PRECISION) / COALESCE(sum_anything_anything_sum_ws_ext_sales_price, 0)
    ELSE NULL
  END
  AND CASE
    WHEN (
      NOT sum_anything_anything_anything_anything_sum_ss_ext_sales_price IS NULL
      AND sum_anything_anything_anything_anything_sum_ss_ext_sales_price <> 0
    )
    THEN CAST(COALESCE(sum_anything_anything_anything_sum_ss_ext_sales_price, 0) AS DOUBLE PRECISION) / COALESCE(sum_anything_anything_anything_anything_sum_ss_ext_sales_price, 0)
    ELSE NULL
  END < CASE
    WHEN (
      NOT sum_anything_sum_ws_ext_sales_price IS NULL
      AND sum_anything_sum_ws_ext_sales_price <> 0
    )
    THEN CAST(COALESCE(sum_sum_ws_ext_sales_price, 0) AS DOUBLE PRECISION) / COALESCE(sum_anything_sum_ws_ext_sales_price, 0)
    ELSE NULL
  END
ORDER BY
  3 NULLS FIRST
LIMIT 100",36.7549775009993,28.976695943000777,"Limit  (cost=4382826.52..4382826.53 rows=1 width=214) (actual time=36957.398..36965.946 rows=100 loops=1)
  CTE ss
    ->  Finalize GroupAggregate  (cost=2472294.30..2872285.02 rows=1476800 width=62) (actual time=14337.882..14416.204 rows=38504 loops=1)
          Group Key: ca.ca_county, d.d_qoy, d.d_year
          ->  Gather Merge  (cost=2472294.30..2816905.02 rows=2953600 width=62) (actual time=14337.845..14371.222 rows=113558 loops=1)
                Workers Planned: 2
                Workers Launched: 2
                ->  Sort  (cost=2471294.27..2474986.27 rows=1476800 width=62) (actual time=14242.450..14249.304 rows=37853 loops=3)
                      Sort Key: ca.ca_county, d.d_qoy, d.d_year
                      Sort Method: external merge  Disk: 4112kB
                      Worker 0:  Sort Method: external merge  Disk: 4112kB
                      Worker 1:  Sort Method: external merge  Disk: 4120kB
                      ->  Partial HashAggregate  (cost=2019478.13..2208911.26 rows=1476800 width=62) (actual time=13470.257..14177.998 rows=37853 loops=3)
                            Group Key: ca.ca_county, d.d_qoy, d.d_year
                            Planned Partitions: 64  Batches: 65  Memory Usage: 8209kB  Disk Usage: 191688kB
                            Worker 0:  Batches: 65  Memory Usage: 8209kB  Disk Usage: 191552kB
                            Worker 1:  Batches: 65  Memory Usage: 8209kB  Disk Usage: 198672kB
                            ->  Parallel Hash Join  (cost=9830.58..1007317.23 rows=10942280 width=36) (actual time=300.619..10392.901 rows=8951984 loops=3)
                                  Hash Cond: (ss.ss_sold_date_sk = d.d_date_sk)
                                  ->  Parallel Hash Join  (cost=6831.75..897040.40 rows=11443107 width=28) (actual time=34.578..8421.940 rows=9168133 loops=3)
                                        Hash Cond: (ss.ss_addr_sk = ca.ca_address_sk)
                                        ->  Parallel Seq Scan on store_sales ss  (cost=0.00..797530.82 rows=11999482 width=22) (actual time=0.006..5832.110 rows=9600330 loops=3)
                                        ->  Parallel Hash  (cost=5529.67..5529.67 rows=104167 width=22) (actual time=34.263..34.264 rows=83333 loops=3)
                                              Buckets: 262144  Batches: 1  Memory Usage: 16032kB
                                              ->  Parallel Seq Scan on customer_address ca  (cost=0.00..5529.67 rows=104167 width=22) (actual time=0.027..13.068 rows=83333 loops=3)
                                  ->  Parallel Hash  (cost=2461.70..2461.70 rows=42970 width=24) (actual time=265.360..265.361 rows=24350 loops=3)
                                        Buckets: 131072  Batches: 1  Memory Usage: 5088kB
                                        ->  Parallel Seq Scan on date_dim d  (cost=0.00..2461.70 rows=42970 width=24) (actual time=169.504..173.819 rows=24350 loops=3)
  CTE ws
    ->  Finalize GroupAggregate  (cost=836761.90..1288983.28 rows=1476800 width=62) (actual time=4882.446..6510.391 rows=37641 loops=1)
          Group Key: ca_1.ca_county, d_1.d_qoy, d_1.d_year
          ->  Gather Merge  (cost=836761.90..1233603.28 rows=2953600 width=62) (actual time=4882.423..6457.424 rows=102769 loops=1)
                Workers Planned: 2
                Workers Launched: 2
                ->  Partial GroupAggregate  (cost=835761.88..891684.53 rows=1476800 width=62) (actual time=4845.534..6007.350 rows=34256 loops=3)
                      Group Key: ca_1.ca_county, d_1.d_qoy, d_1.d_year
                      ->  Sort  (cost=835761.88..843254.41 rows=2997012 width=36) (actual time=4845.479..5568.119 rows=2398318 loops=3)
                            Sort Key: ca_1.ca_county, d_1.d_qoy, d_1.d_year
                            Sort Method: external merge  Disk: 96680kB
                            Worker 0:  Sort Method: external merge  Disk: 96336kB
                            Worker 1:  Sort Method: external merge  Disk: 159040kB
                            ->  Parallel Hash Join  (cost=9830.58..349451.91 rows=2997012 width=36) (actual time=326.659..1795.669 rows=2398318 loops=3)
                                  Hash Cond: (ws.ws_sold_date_sk = d_1.d_date_sk)
                                  ->  Parallel Hash Join  (cost=6831.75..317582.94 rows=2997511 width=28) (actual time=34.926..1061.903 rows=2398621 loops=3)
                                        Hash Cond: (ws.ws_bill_addr_sk = ca_1.ca_address_sk)
                                        ->  Parallel Seq Scan on web_sales ws  (cost=0.00..287017.10 rows=2998510 width=22) (actual time=0.153..390.077 rows=2399189 loops=3)
                                        ->  Parallel Hash  (cost=5529.67..5529.67 rows=104167 width=22) (actual time=34.464..34.466 rows=83333 loops=3)
                                              Buckets: 262144  Batches: 1  Memory Usage: 16032kB
                                              ->  Parallel Seq Scan on customer_address ca_1  (cost=0.00..5529.67 rows=104167 width=22) (actual time=0.024..12.878 rows=83333 loops=3)
                                  ->  Parallel Hash  (cost=2461.70..2461.70 rows=42970 width=24) (actual time=291.151..291.152 rows=24350 loops=3)
                                        Buckets: 131072  Batches: 1  Memory Usage: 5088kB
                                        ->  Parallel Seq Scan on date_dim d_1  (cost=0.00..2461.70 rows=42970 width=24) (actual time=187.651..192.033 rows=24350 loops=3)
  ->  Sort  (cost=221558.22..221558.23 rows=1 width=214) (actual time=36237.673..36237.683 rows=100 loops=1)
        Sort Key: ((ws2.web_sales / ws1.web_sales))
        Sort Method: top-N heapsort  Memory: 46kB
        ->  Nested Loop  (cost=0.00..221558.21 rows=1 width=214) (actual time=21028.366..36237.034 rows=307 loops=1)
              Join Filter: (((ss1.ca_county)::text = (ws3.ca_county)::text) AND (CASE WHEN (ws2.web_sales > '0'::numeric) THEN (ws3.web_sales / ws2.web_sales) ELSE NULL::numeric END > CASE WHEN (ss2.store_sales > '0'::numeric) THEN (ss3.store_sales / ss2.store_sales) ELSE NULL::numeric END))
              Rows Removed by Join Filter: 1717403
              ->  Nested Loop  (cost=0.00..184637.28 rows=1 width=558) (actual time=20956.810..34498.938 rows=930 loops=1)
                    Join Filter: (((ss1.ca_county)::text = (ws2.ca_county)::text) AND (CASE WHEN (ws1.web_sales > '0'::numeric) THEN (ws2.web_sales / ws1.web_sales) ELSE NULL::numeric END > CASE WHEN (ss1.store_sales > '0'::numeric) THEN (ss2.store_sales / ss1.store_sales) ELSE NULL::numeric END))
                    Rows Removed by Join Filter: 3397560
                    ->  Nested Loop  (cost=0.00..147716.35 rows=1 width=448) (actual time=19220.409..29468.088 rows=1842 loops=1)
                          Join Filter: ((ss1.ca_county)::text = (ws1.ca_county)::text)
                          Rows Removed by Join Filter: 3400336
                          ->  Nested Loop  (cost=0.00..110795.89 rows=1 width=338) (actual time=14337.933..21333.114 rows=1846 loops=1)
                                Join Filter: ((ss1.ca_county)::text = (ss3.ca_county)::text)
                                Rows Removed by Join Filter: 3407716
                                ->  Nested Loop  (cost=0.00..73870.43 rows=7 width=228) (actual time=14337.915..17786.355 rows=1846 loops=1)
                                      Join Filter: ((ss1.ca_county)::text = (ss2.ca_county)::text)
                                      Rows Removed by Join Filter: 3409563
                                      ->  CTE Scan on ss ss1  (cost=0.00..36920.00 rows=37 width=118) (actual time=14337.894..14339.969 rows=1847 loops=1)
                                            Filter: ((d_qoy = 1) AND (d_year = 2000))
                                            Rows Removed by Filter: 36657
                                      ->  CTE Scan on ss ss2  (cost=0.00..36920.00 rows=37 width=110) (actual time=0.001..1.783 rows=1847 loops=1847)
                                            Filter: ((d_year = 2000) AND (d_qoy = 2))
                                            Rows Removed by Filter: 36657
                                ->  CTE Scan on ss ss3  (cost=0.00..36920.00 rows=37 width=110) (actual time=0.001..1.840 rows=1847 loops=1846)
                                      Filter: ((d_year = 2000) AND (d_qoy = 3))
                                      Rows Removed by Filter: 36657
                          ->  CTE Scan on ws ws1  (cost=0.00..36920.00 rows=37 width=110) (actual time=2.645..4.326 rows=1843 loops=1846)
                                Filter: ((d_qoy = 1) AND (d_year = 2000))
                                Rows Removed by Filter: 35798
                    ->  CTE Scan on ws ws2  (cost=0.00..36920.00 rows=37 width=110) (actual time=0.001..2.637 rows=1845 loops=1842)
                          Filter: ((d_year = 2000) AND (d_qoy = 2))
                          Rows Removed by Filter: 35796
              ->  CTE Scan on ws ws3  (cost=0.00..36920.00 rows=37 width=110) (actual time=0.001..1.775 rows=1847 loops=930)
                    Filter: ((d_year = 2000) AND (d_qoy = 3))
                    Rows Removed by Filter: 35794
Planning Time: 1.304 ms
JIT:
  Functions: 191
  Options: Inlining true, Optimization true, Expressions true, Deforming true
  Timing: Generation 11.326 ms, Inlining 276.192 ms, Optimization 974.110 ms, Emission 681.011 ms, Total 1942.640 ms
Execution Time: 37005.092 ms","Limit  (cost=465578450983.54..465578450983.59 rows=22 width=68) (actual time=35329.993..35330.039 rows=100 loops=1)
  CTE _s4
    ->  Seq Scan on customer_address  (cost=0.00..6988.00 rows=250000 width=22) (actual time=0.053..29.308 rows=250000 loops=1)
  CTE _s0
    ->  Seq Scan on store_sales  (cost=0.00..965523.58 rows=28798758 width=22) (actual time=0.025..6450.008 rows=28800991 loops=1)
  CTE _t10
    ->  Seq Scan on date_dim  (cost=0.00..3127.73 rows=92 width=24) (actual time=2.916..5.879 rows=91 loops=1)
          Filter: ((d_qoy = 1) AND (d_year = 2000))
          Rows Removed by Filter: 72958
  CTE _t12
    ->  Seq Scan on date_dim date_dim_1  (cost=0.00..3127.73 rows=90 width=24) (actual time=2.779..5.569 rows=91 loops=1)
          Filter: ((d_qoy = 2) AND (d_year = 2000))
          Rows Removed by Filter: 72958
  CTE _t14
    ->  Seq Scan on date_dim date_dim_2  (cost=0.00..3127.73 rows=91 width=24) (actual time=2.922..5.802 rows=92 loops=1)
          Filter: ((d_qoy = 3) AND (d_year = 2000))
          Rows Removed by Filter: 72957
  CTE _s18
    ->  Seq Scan on web_sales  (cost=0.00..328996.25 rows=7196425 width=22) (actual time=0.038..1181.800 rows=7197566 loops=1)
  ->  Sort  (cost=465577140092.50..465577140092.56 rows=22 width=68) (actual time=34049.378..34049.415 rows=100 loops=1)
        Sort Key: (CASE WHEN (_t1.sum_anything_anything_sum_ws_ext_sales_price <> '0'::numeric) THEN ((_t1.sum_anything_sum_ws_ext_sales_price)::double precision / (_t1.sum_anything_anything_sum_ws_ext_sales_price)::double precision) ELSE NULL::double precision END) NULLS FIRST
        Sort Method: top-N heapsort  Memory: 46kB
        ->  Subquery Scan on _t1  (cost=465577140072.91..465577140092.01 rows=22 width=68) (actual time=33979.219..34049.307 rows=307 loops=1)
              ->  GroupAggregate  (cost=465577140072.91..465577140090.91 rows=22 width=224) (actual time=33979.213..34048.968 rows=307 loops=1)
                    Group Key: _t2.anything_anything_anything_anything_anything_anything_ca_county
                    Filter: ((CASE WHEN ((sum(_t2.anything_anything_anything_anything_anything_sum_ss_ext_sales_p) IS NOT NULL) AND (sum(_t2.anything_anything_anything_anything_anything_sum_ss_ext_sales_p) <> '0'::numeric)) THEN ((COALESCE(sum(_t2.anything_anything_anything_anything_sum_ss_ext_sales_price), '0'::numeric))::double precision / (COALESCE(sum(_t2.anything_anything_anything_anything_anything_sum_ss_ext_sales_p), '0'::numeric))::double precision) ELSE NULL::double precision END < CASE WHEN ((sum(_t2.anything_anything_sum_ws_ext_sales_price) IS NOT NULL) AND (sum(_t2.anything_anything_sum_ws_ext_sales_price) <> '0'::numeric)) THEN ((COALESCE(sum(_t2.anything_sum_ws_ext_sales_price), '0'::numeric))::double precision / (COALESCE(sum(_t2.anything_anything_sum_ws_ext_sales_price), '0'::numeric))::double precision) ELSE NULL::double precision END) AND (CASE WHEN ((sum(_t2.anything_anything_anything_anything_sum_ss_ext_sales_price) IS NOT NULL) AND (sum(_t2.anything_anything_anything_anything_sum_ss_ext_sales_price) <> '0'::numeric)) THEN ((COALESCE(sum(_t2.anything_anything_anything_sum_ss_ext_sales_price), '0'::numeric))::double precision / (COALESCE(sum(_t2.anything_anything_anything_anything_sum_ss_ext_sales_price), '0'::numeric))::double precision) ELSE NULL::double precision END < CASE WHEN ((sum(_t2.anything_sum_ws_ext_sales_price) IS NOT NULL) AND (sum(_t2.anything_sum_ws_ext_sales_price) <> '0'::numeric)) THEN ((COALESCE(sum(_t2.sum_ws_ext_sales_price), '0'::numeric))::double precision / (COALESCE(sum(_t2.anything_sum_ws_ext_sales_price), '0'::numeric))::double precision) ELSE NULL::double precision END))
                    Rows Removed by Filter: 1540
                    ->  Sort  (cost=465577140072.91..465577140073.41 rows=200 width=224) (actual time=33978.561..34005.712 rows=250000 loops=1)
                          Sort Key: _t2.anything_anything_anything_anything_anything_anything_ca_county
                          Sort Method: external merge  Disk: 8440kB
                          ->  Subquery Scan on _t2  (cost=11004976.89..465577140065.27 rows=200 width=224) (actual time=28983.207..33783.331 rows=250000 loops=1)
                                ->  GroupAggregate  (cost=11004976.89..465577140063.27 rows=200 width=232) (actual time=28983.205..33757.072 rows=250000 loops=1)
                                      Group Key: _s4.ca_address_sk
                                      ->  Merge Left Join  (cost=11004976.89..465495690023.07 rows=4072501885 width=214) (actual time=28983.171..33539.375 rows=594015 loops=1)
                                            Merge Cond: (_s4.ca_address_sk = _s30.ws_bill_addr_sk)
                                            ->  GroupAggregate  (cost=10281984.92..465372782549.36 rows=200 width=200) (actual time=27879.641..32150.297 rows=250000 loops=1)
                                                  Group Key: _s4.ca_address_sk
                                                  ->  Merge Left Join  (cost=10281984.92..465302296937.31 rows=4027749117 width=182) (actual time=27879.590..31979.152 rows=436544 loops=1)
                                                        Merge Cond: (_s4.ca_address_sk = _s24.ws_bill_addr_sk)
                                                        ->  GroupAggregate  (cost=9564981.69..465180738125.00 rows=200 width=168) (actual time=26818.154..30739.001 rows=250000 loops=1)
                                                              Group Key: _s4.ca_address_sk
                                                              ->  Merge Left Join  (cost=9564981.69..465118979302.71 rows=4117254653 width=150) (actual time=26818.108..30575.184 rows=444366 loops=1)
                                                                    Merge Cond: (_s4.ca_address_sk = _s18.ws_bill_addr_sk)
                                                                    ->  GroupAggregate  (cost=8835998.01..464994723149.97 rows=200 width=136) (actual time=23479.454..27053.460 rows=250000 loops=1)
                                                                          Group Key: _s4.ca_address_sk
                                                                          ->  Merge Left Join  (cost=8835998.01..464791005683.17 rows=16297397144 width=118) (actual time=23479.415..26726.025 rows=1540400 loops=1)
                                                                                Merge Cond: (_s4.ca_address_sk = _s12.ss_addr_sk)
                                                                                ->  GroupAggregate  (cost=5903797.30..464299117563.25 rows=200 width=104) (actual time=19217.553..21608.517 rows=250000 loops=1)
                                                                                      Group Key: _s4.ca_address_sk
                                                                                      ->  Merge Left Join  (cost=5903797.30..464137934512.07 rows=16118304868 width=86) (actual time=19217.535..21401.324 rows=940049 loops=1)
                                                                                            Merge Cond: (_s4.ca_address_sk = _s6.ss_addr_sk)
                                                                                            ->  GroupAggregate  (cost=2996993.10..463651444920.83 rows=200 width=72) (actual time=15075.104..16764.962 rows=250000 loops=1)
                                                                                                  Group Key: _s4.ca_address_sk
                                                                                                  ->  Merge Left Join  (cost=2996993.10..309184356596.46 rows=20595611776250 width=100) (actual time=15075.073..16572.623 rows=982173 loops=1)
                                                                                                        Merge Cond: (_s4.ca_address_sk = _s0.ss_addr_sk)
                                                                                                        ->  Sort  (cost=39377.46..40002.46 rows=250000 width=86) (actual time=105.373..146.484 rows=250000 loops=1)
                                                                                                              Sort Key: _s4.ca_address_sk
                                                                                                              Sort Method: external merge  Disk: 7976kB
                                                                                                              ->  CTE Scan on _s4  (cost=0.00..5000.00 rows=250000 width=86) (actual time=0.056..79.351 rows=250000 loops=1)
                                                                                                        ->  Materialize  (cost=2957615.64..291330548.80 rows=16476489421 width=22) (actual time=14969.669..16308.798 rows=793573 loops=1)
                                                                                                              ->  Merge Join  (cost=2957615.64..250139325.25 rows=16476489421 width=22) (actual time=14969.667..16184.470 rows=793573 loops=1)
                                                                                                                    Merge Cond: (_s1.ca_address_sk = _s0.ss_addr_sk)
                                                                                                                    ->  Sort  (cost=30695.39..31317.27 rows=248750 width=8) (actual time=44.208..61.431 rows=242498 loops=1)
                                                                                                                          Sort Key: _s1.ca_address_sk
                                                                                                                          Sort Method: external merge  Disk: 2856kB
                                                                                                                          ->  CTE Scan on _s4 _s1  (cost=0.00..5000.00 rows=248750 width=8) (actual time=0.017..21.686 rows=242498 loops=1)
                                                                                                                                Filter: (ca_county IS NOT NULL)
                                                                                                                                Rows Removed by Filter: 7502
                                                                                                                    ->  Materialize  (cost=2926920.24..2993157.39 rows=13247429 width=22) (actual time=14925.400..16017.637 rows=819009 loops=1)
                                                                                                                          ->  Sort  (cost=2926920.24..2960038.82 rows=13247429 width=22) (actual time=14925.374..15943.128 rows=819009 loops=1)
                                                                                                                                Sort Key: _s0.ss_addr_sk
                                                                                                                                Sort Method: external merge  Disk: 21176kB
                                                                                                                                ->  Hash Join  (cost=2.99..816447.78 rows=13247429 width=22) (actual time=5.976..14754.289 rows=838762 loops=1)
                                                                                                                                      Hash Cond: (_s0.ss_sold_date_sk = _t10.d_date_sk)
                                                                                                                                      ->  CTE Scan on _s0  (cost=0.00..575975.16 rows=28798758 width=30) (actual time=0.027..12774.363 rows=28800991 loops=1)
                                                                                                                                      ->  Hash  (cost=1.84..1.84 rows=92 width=8) (actual time=5.916..5.917 rows=91 loops=1)
                                                                                                                                            Buckets: 1024  Batches: 1  Memory Usage: 12kB
                                                                                                                                            ->  CTE Scan on _t10  (cost=0.00..1.84 rows=92 width=8) (actual time=2.920..5.900 rows=91 loops=1)
                                                                                            ->  Materialize  (cost=2906804.20..285010779.89 rows=16118304868 width=22) (actual time=4142.422..4525.843 rows=748583 loops=1)
                                                                                                  ->  Merge Join  (cost=2906804.20..244715017.72 rows=16118304868 width=22) (actual time=4142.420..4410.499 rows=748583 loops=1)
                                                                                                        Merge Cond: (_s7.ca_address_sk = _s6.ss_addr_sk)
                                                                                                        ->  Sort  (cost=30695.39..31317.27 rows=248750 width=8) (actual time=45.589..61.616 rows=242495 loops=1)
                                                                                                              Sort Key: _s7.ca_address_sk
                                                                                                              Sort Method: external merge  Disk: 2856kB
                                                                                                              ->  CTE Scan on _s4 _s7  (cost=0.00..5000.00 rows=248750 width=8) (actual time=0.256..23.650 rows=242498 loops=1)
                                                                                                                    Filter: (ca_county IS NOT NULL)
                                                                                                                    Rows Removed by Filter: 7502
                                                                                                        ->  Materialize  (cost=2876108.81..2940906.01 rows=12959441 width=22) (actual time=4096.776..4246.687 rows=772346 loops=1)
                                                                                                              ->  Sort  (cost=2876108.81..2908507.41 rows=12959441 width=22) (actual time=4096.774..4176.211 rows=772346 loops=1)
                                                                                                                    Sort Key: _s6.ss_addr_sk
                                                                                                                    Sort Method: external merge  Disk: 19968kB
                                                                                                                    ->  Hash Join  (cost=2.92..813567.84 rows=12959441 width=22) (actual time=5.898..3957.796 rows=791057 loops=1)
                                                                                                                          Hash Cond: (_s6.ss_sold_date_sk = _t12.d_date_sk)
                                                                                                                          ->  CTE Scan on _s0 _s6  (cost=0.00..575975.16 rows=28798758 width=30) (actual time=0.265..2093.932 rows=28800991 loops=1)
                                                                                                                          ->  Hash  (cost=1.80..1.80 rows=90 width=8) (actual time=5.609..5.609 rows=91 loops=1)
                                                                                                                                Buckets: 1024  Batches: 1  Memory Usage: 12kB
                                                                                                                                ->  CTE Scan on _t12  (cost=0.00..1.80 rows=90 width=8) (actual time=2.784..5.591 rows=91 loops=1)
                                                                                ->  Materialize  (cost=2932200.71..288170655.13 rows=16297397144 width=22) (actual time=4261.854..4934.865 rows=1387452 loops=1)
                                                                                      ->  Merge Join  (cost=2932200.71..247427162.27 rows=16297397144 width=22) (actual time=4261.851..4719.905 rows=1387452 loops=1)
                                                                                            Merge Cond: (_s13.ca_address_sk = _s12.ss_addr_sk)
                                                                                            ->  Sort  (cost=30695.39..31317.27 rows=248750 width=8) (actual time=45.740..62.178 rows=242498 loops=1)
                                                                                                  Sort Key: _s13.ca_address_sk
                                                                                                  Sort Method: external merge  Disk: 2856kB
                                                                                                  ->  CTE Scan on _s4 _s13  (cost=0.00..5000.00 rows=248750 width=8) (actual time=0.010..22.948 rows=242498 loops=1)
                                                                                                        Filter: (ca_county IS NOT NULL)
                                                                                                        Rows Removed by Filter: 7502
                                                                                            ->  Materialize  (cost=2901505.32..2967022.49 rows=13103435 width=22) (actual time=4216.056..4480.051 rows=1431272 loops=1)
                                                                                                  ->  Sort  (cost=2901505.32..2934263.91 rows=13103435 width=22) (actual time=4216.053..4351.629 rows=1431272 loops=1)
                                                                                                        Sort Key: _s12.ss_addr_sk
                                                                                                        Sort Method: external merge  Disk: 36944kB
                                                                                                        ->  Hash Join  (cost=2.96..815007.81 rows=13103435 width=22) (actual time=5.861..3856.182 rows=1465854 loops=1)
                                                                                                              Hash Cond: (_s12.ss_sold_date_sk = _t14.d_date_sk)
                                                                                                              ->  CTE Scan on _s0 _s12  (cost=0.00..575975.16 rows=28798758 width=30) (actual time=0.004..1978.547 rows=28800991 loops=1)
                                                                                                              ->  Hash  (cost=1.82..1.82 rows=91 width=8) (actual time=5.840..5.841 rows=92 loops=1)
                                                                                                                    Buckets: 1024  Batches: 1  Memory Usage: 12kB
                                                                                                                    ->  CTE Scan on _t14  (cost=0.00..1.82 rows=91 width=8) (actual time=2.926..5.824 rows=92 loops=1)
                                                                    ->  Materialize  (cost=728983.67..72790469.07 rows=4117254653 width=22) (actual time=3338.646..3466.181 rows=211467 loops=1)
                                                                          ->  Merge Join  (cost=728983.67..62497332.44 rows=4117254653 width=22) (actual time=3338.644..3433.051 rows=211467 loops=1)
                                                                                Merge Cond: (_s19.ca_address_sk = _s18.ws_bill_addr_sk)
                                                                                ->  Sort  (cost=30695.39..31317.27 rows=248750 width=8) (actual time=44.065..59.013 rows=242494 loops=1)
                                                                                      Sort Key: _s19.ca_address_sk
                                                                                      Sort Method: external merge  Disk: 2856kB
                                                                                      ->  CTE Scan on _s4 _s19  (cost=0.00..5000.00 rows=248750 width=8) (actual time=0.009..21.447 rows=242498 loops=1)
                                                                                            Filter: (ca_county IS NOT NULL)
                                                                                            Rows Removed by Filter: 7502
                                                                                ->  Materialize  (cost=698288.28..714840.06 rows=3310356 width=22) (actual time=3294.530..3336.157 rows=218521 loops=1)
                                                                                      ->  Sort  (cost=698288.28..706564.17 rows=3310356 width=22) (actual time=3294.528..3316.206 rows=218521 loops=1)
                                                                                            Sort Key: _s18.ws_bill_addr_sk
                                                                                            Sort Method: external merge  Disk: 5632kB
                                                                                            ->  Hash Join  (cost=2.99..204021.64 rows=3310356 width=22) (actual time=0.171..3251.172 rows=218549 loops=1)
                                                                                                  Hash Cond: (_s18.ws_sold_date_sk = _t16.d_date_sk)
                                                                                                  ->  CTE Scan on _s18  (cost=0.00..143928.50 rows=7196425 width=30) (actual time=0.039..2750.283 rows=7197566 loops=1)
                                                                                                  ->  Hash  (cost=1.84..1.84 rows=92 width=8) (actual time=0.021..0.022 rows=91 loops=1)
                                                                                                        Buckets: 1024  Batches: 1  Memory Usage: 12kB
                                                                                                        ->  CTE Scan on _t10 _t16  (cost=0.00..1.84 rows=92 width=8) (actual time=0.003..0.010 rows=91 loops=1)
                                                        ->  Materialize  (cost=717003.24..71211947.85 rows=4027749117 width=22) (actual time=1061.428..1184.145 rows=202862 loops=1)
                                                              ->  Merge Join  (cost=717003.24..61142575.05 rows=4027749117 width=22) (actual time=1061.426..1152.729 rows=202862 loops=1)
                                                                    Merge Cond: (_s25.ca_address_sk = _s24.ws_bill_addr_sk)
                                                                    ->  Sort  (cost=30695.39..31317.27 rows=248750 width=8) (actual time=45.579..60.460 rows=242489 loops=1)
                                                                          Sort Key: _s25.ca_address_sk
                                                                          Sort Method: external merge  Disk: 2856kB
                                                                          ->  CTE Scan on _s4 _s25  (cost=0.00..5000.00 rows=248750 width=8) (actual time=0.009..21.580 rows=242498 loops=1)
                                                                                Filter: (ca_county IS NOT NULL)
                                                                                Rows Removed by Filter: 7502
                                                                    ->  Materialize  (cost=686307.84..702499.80 rows=3238391 width=22) (actual time=1015.792..1055.125 rows=208375 loops=1)
                                                                          ->  Sort  (cost=686307.84..694403.82 rows=3238391 width=22) (actual time=1015.789..1036.369 rows=208375 loops=1)
                                                                                Sort Key: _s24.ws_bill_addr_sk
                                                                                Sort Method: external merge  Disk: 5368kB
                                                                                ->  Hash Join  (cost=2.92..203301.93 rows=3238391 width=22) (actual time=0.111..976.509 rows=208401 loops=1)
                                                                                      Hash Cond: (_s24.ws_sold_date_sk = _t18.d_date_sk)
                                                                                      ->  CTE Scan on _s18 _s24  (cost=0.00..143928.50 rows=7196425 width=30) (actual time=0.015..510.712 rows=7197566 loops=1)
                                                                                      ->  Hash  (cost=1.80..1.80 rows=90 width=8) (actual time=0.024..0.025 rows=91 loops=1)
                                                                                            Buckets: 1024  Batches: 1  Memory Usage: 12kB
                                                                                            ->  CTE Scan on _t12 _t18  (cost=0.00..1.80 rows=90 width=8) (actual time=0.005..0.012 rows=91 loops=1)
                                            ->  Materialize  (cost=722991.97..72001197.65 rows=4072501885 width=22) (actual time=1103.522..1311.599 rows=373250 loops=1)
                                                  ->  Merge Join  (cost=722991.97..61819942.93 rows=4072501885 width=22) (actual time=1103.520..1253.802 rows=373250 loops=1)
                                                        Merge Cond: (_s31.ca_address_sk = _s30.ws_bill_addr_sk)
                                                        ->  Sort  (cost=30695.39..31317.27 rows=248750 width=8) (actual time=46.321..61.800 rows=242491 loops=1)
                                                              Sort Key: _s31.ca_address_sk
                                                              Sort Method: external merge  Disk: 2856kB
                                                              ->  CTE Scan on _s4 _s31  (cost=0.00..5000.00 rows=248750 width=8) (actual time=0.009..22.925 rows=242498 loops=1)
                                                                    Filter: (ca_county IS NOT NULL)
                                                                    Rows Removed by Filter: 7502
                                                        ->  Materialize  (cost=692296.57..708668.44 rows=3274373 width=22) (actual time=1057.144..1132.635 rows=384796 loops=1)
                                                              ->  Sort  (cost=692296.57..700482.50 rows=3274373 width=22) (actual time=1057.142..1097.034 rows=384796 loops=1)
                                                                    Sort Key: _s30.ws_bill_addr_sk
                                                                    Sort Method: external merge  Disk: 9912kB
                                                                    ->  Hash Join  (cost=2.96..203661.78 rows=3274373 width=22) (actual time=0.056..989.624 rows=384834 loops=1)
                                                                          Hash Cond: (_s30.ws_sold_date_sk = _t20.d_date_sk)
                                                                          ->  CTE Scan on _s18 _s30  (cost=0.00..143928.50 rows=7196425 width=30) (actual time=0.004..496.635 rows=7197566 loops=1)
                                                                          ->  Hash  (cost=1.82..1.82 rows=91 width=8) (actual time=0.035..0.036 rows=92 loops=1)
                                                                                Buckets: 1024  Batches: 1  Memory Usage: 12kB
                                                                                ->  CTE Scan on _t14 _t20  (cost=0.00..1.82 rows=91 width=8) (actual time=0.003..0.010 rows=92 loops=1)
Planning Time: 1.284 ms
JIT:
  Functions: 197
  Options: Inlining true, Optimization true, Expressions true, Deforming true
  Timing: Generation 6.650 ms, Inlining 15.520 ms, Optimization 722.897 ms, Emission 542.672 ms, Total 1287.738 ms
Execution Time: 35461.856 ms",SUCCESS
